Hydrophone 1,Hydrophone 2,Hydrophone 3,Hydrophone 4,Hydrophone 5
-60,-42,-42,-41,-42
-45,-42,-42,-41,-43
-48,-42,-42,-41,-43
-51,-42,-43,-42,-43
8,-42,-43,-42,-43
-29,-43,-42,-41,-43
-23,-43,-42,-41,-42
-53,-42,-43,-42,-43
-48,-42,-42,-41,-43
-65,-42,-42,-41,-43
-50,-42,-42,-41,-43
-34,-41,-43,-42,-43
-34,-42,-42,-41,-43
-32,-42,-42,-41,-42
-52,-42,-42,-41,-43
-56,-42,-42,-41,-43
-28,-42,-42,-42,-43
-72,-42,-42,-41,-44
-58,-42,-42,-41,-43
-46,-43,-43,-42,-43
5,-42,-43,-42,-43
-28,-44,-42,-41,-43
-41,-42,-42,-41,-43
-32,-42,-42,-42,-43
-53,-42,-42,-42,-42
-56,-42,-42,-41,-43
-57,-43,-43,-42,-43
-33,-42,-42,-41,-43
2,-42,-42,-41,-44
-43,-44,-43,-42,-43
-38,-43,-43,-42,-43
-43,-42,-42,-42,-43
-50,-41,-42,-41,-43
-55,-43,-43,-42,-43
-47,-42,-42,-42,-42
-31,-41,-42,-41,-43
-40,-43,-42,-42,-42
-38,-42,-42,-41,-43
-42,-41,-42,-41,-43
-68,-42,-42,-41,-43
-41,-42,-43,-42,-44
-69,-42,-42,-41,-43
-51,-42,-41,-41,-43
-33,-41,-42,-42,-42
-27,-42,-42,-41,-43
-38,-42,-42,-41,-43
-55,-42,-42,-41,-43
-43,-42,-42,-42,-43
-50,-42,-42,-41,-43
-50,-43,-42,-42,-43
-19,-42,-43,-42,-44
-36,-42,-42,-41,-43
-24,-42,-42,-42,-43
-53,-42,-42,-42,-43
-50,-42,-42,-41,-43
-70,-42,-42,-41,-43
-49,-42,-42,-42,-43
-35,-42,-42,-42,-42
-31,-42,-42,-41,-43
-28,-42,-42,-42,-43
-48,-42,-42,-41,-43
-38,-42,-42,-41,-43
-32,-42,-43,-42,-43
-72,-41,-43,-42,-44
-52,-42,-42,-42,-43
-51,-42,-42,-41,-43
6,-42,-42,-42,-43
-27,-43,-42,-41,-43
-55,-42,-41,-41,-43
-34,-43,-42,-41,-43
-55,-42,-42,-42,-43
-53,-41,-42,-40,-43
-49,-42,-43,-42,-43
-34,-42,-42,-42,-44
-3,-42,-42,-42,-43
-41,-42,-42,-42,-43
-48,-41,-42,-41,-43
-43,-41,-42,-42,-43
-52,-42,-42,-41,-43
-29,-43,-42,-42,-43
-36,-42,-42,-41,-43
-26,-42,-42,-41,-43
-41,-42,-42,-42,-42
-44,-42,-43,-42,-44
-42,-42,-42,-41,-43
-68,-42,-42,-41,-43
-39,-42,-42,-42,-43
-45,-42,-42,-42,-43
-46,-41,-42,-41,-42
-25,-42,-42,-41,-43
-49,-42,-42,-41,-43
-38,-41,-42,-42,-43
-58,-42,-42,-42,-43
-43,-42,-42,-42,-43
-35,-42,-42,-42,-43
-50,-43,-43,-42,-43
14,-42,-43,-42,-44
-25,-44,-41,-42,-43
-30,-42,-42,-41,-42
-50,-42,-42,-42,-42
-58,-42,-42,-42,-43
-45,-42,-42,-41,-43
-44,-42,-43,-41,-43
-19,-42,-42,-42,-43
-29,-42,-42,-42,-43
-34,-42,-43,-41,-43
-44,-42,-43,-42,-43
-79,-41,-42,-41,-43
-33,-42,-42,-41,-43
-56,-42,-43,-42,-42
-50,-42,-42,-41,-43
-27,-42,-41,-41,-43
-15,-42,-42,-42,-42
-34,-42,-42,-42,-43
-69,-42,-42,-41,-43
-39,-42,-43,-42,-43
-44,-42,-43,-42,-43
-51,-42,-42,-41,-44
-30,-42,-42,-41,-43
-27,-42,-42,-41,-43
-6,-42,-42,-42,-43
-39,-42,-42,-41,-43
-53,-41,-42,-41,-43
-45,-42,-43,-42,-43
-50,-41,-42,-41,-43
-23,-42,-42,-42,-42
-37,-42,-42,-42,-43
-23,-42,-42,-41,-44
-35,-42,-43,-42,-44
-41,-42,-43,-42,-43
-44,-42,-42,-41,-43
-68,-42,-42,-41,-43
-35,-42,-42,-42,-43
-52,-42,-42,-42,-44
-50,-42,-42,-41,-43
-29,-42,-42,-41,-43
-33,-42,-42,-41,-43
-35,-41,-42,-41,-43
-61,-42,-43,-42,-43
-44,-42,-42,-42,-43
-44,-42,-42,-41,-43
-45,-41,-42,-41,-43
18,-43,-42,-42,-43
-23,-44,-42,-42,-44
-23,-42,-42,-41,-43
-50,-42,-43,-42,-43
-47,-41,-42,-41,-43
-58,-43,-42,-42,-43
-44,-42,-42,-42,-43
-25,-42,-42,-42,-43
-28,-42,-42,-41,-43
-29,-42,-42,-42,-43
-39,-42,-42,-42,-43
-61,-41,-42,-41,-43
-26,-41,-42,-41,-43
-68,-42,-43,-41,-43
-49,-42,-43,-41,-43
-38,-41,-42,-41,-43
8,-42,-43,-42,-43
-26,-44,-42,-42,-43
-41,-42,-41,-41,-43
-29,-42,-42,-42,-43
-51,-42,-43,-42,-43
-49,-42,-42,-42,-44
-49,-42,-42,-41,-43
-31,-42,-43,-42,-43
0,-42,-42,-41,-43
-38,-43,-42,-41,-43
-32,-43,-43,-42,-42
-41,-43,-42,-42,-43
-51,-42,-42,-41,-43
-44,-42,-43,-42,-43
-40,-42,-42,-41,-43
-17,-42,-42,-41,-44
-39,-42,-42,-41,-43
-33,-42,-42,-41,-43
-33,-42,-42,-41,-43
-61,-42,-42,-41,-43
-29,-43,-42,-42,-42
-49,-42,-42,-42,-43
-46,-42,-42,-41,-43
-25,-42,-42,-41,-43
-27,-42,-42,-41,-43
-31,-41,-42,-41,-43
-54,-42,-42,-41,-43
-41,-42,-42,-41,-43
-46,-42,-42,-42,-43
-46,-42,-42,-41,-43
-9,-42,-42,-42,-42
-27,-43,-42,-41,-43
-14,-42,-42,-41,-43
-49,-42,-42,-42,-43
-38,-42,-42,-42,-43
-69,-42,-42,-42,-43
-46,-43,-43,-42,-43
-34,-42,-43,-42,-43
-30,-42,-42,-42,-43
-21,-42,-42,-41,-43
-38,-42,-42,-41,-43
-33,-42,-42,-41,-43
-27,-42,-42,-41,-43
-67,-42,-42,-41,-42
-45,-41,-42,-42,-43
-44,-42,-42,-41,-43
7,-43,-42,-42,-43
-30,-44,-43,-42,-44
-31,-42,-42,-41,-44
-28,-41,-42,-41,-43
-49,-42,-42,-42,-42
-49,-42,-42,-42,-42
-53,-42,-42,-41,-43
-26,-42,-42,-42,-42
1,-42,-42,-42,-43
-36,-43,-42,-41,-43
-34,-42,-43,-42,-43
-38,-42,-43,-41,-43
-48,-42,-42,-41,-43
-44,-42,-42,-41,-43
-40,-42,-42,-41,-43
-19,-42,-42,-42,-43
-41,-41,-42,-42,-43
-34,-42,-42,-42,-42
-31,-42,-43,-41,-43
-61,-42,-42,-42,-43
-32,-42,-43,-42,-43
-41,-42,-42,-42,-43
-47,-42,-41,-41,-43
-23,-42,-42,-42,-43
-37,-42,-42,-41,-42
-37,-42,-42,-41,-43
-54,-42,-42,-41,-43
-38,-42,-42,-41,-43
-39,-42,-42,-42,-43
-42,-42,-42,-41,-43
11,-42,-43,-41,-43
-22,-44,-42,-42,-43
-16,-42,-42,-41,-43
-44,-42,-43,-42,-43
-43,-42,-42,-41,-44
-57,-42,-42,-41,-43
-43,-41,-41,-41,-43
-22,-42,-42,-41,-43
-30,-42,-42,-41,-43
-23,-41,-42,-41,-43
-42,-42,-42,-42,-42
-53,-42,-42,-41,-43
-26,-42,-43,-41,-44
-68,-42,-42,-42,-43
-48,-42,-42,-42,-43
-38,-41,-42,-42,-44
12,-42,-42,-41,-43
-25,-44,-42,-42,-43
-41,-42,-42,-41,-43
-26,-42,-42,-42,-43
-50,-42,-42,-41,-42
-49,-42,-43,-42,-43
-35,-42,-42,-42,-43
-27,-42,-43,-42,-43
-2,-42,-42,-41,-43
-38,-42,-42,-41,-43
-33,-41,-41,-41,-43
-35,-42,-42,-41,-43
-42,-42,-42,-42,-43
-57,-42,-41,-41,-43
-44,-42,-42,-42,-43
-25,-42,-43,-42,-43
-38,-42,-42,-41,-43
-29,-42,-42,-42,-42
-29,-42,-43,-42,-43
-39,-41,-42,-41,-43
-35,-42,-42,-41,-43
-61,-42,-42,-42,-43
-45,-41,-42,-41,-43
-30,-42,-42,-42,-43
-17,-42,-42,-41,-43
-28,-42,-42,-41,-43
-46,-42,-42,-41,-43
-38,-43,-43,-42,-43
-45,-42,-43,-42,-43
-44,-42,-42,-41,-43
-10,-42,-42,-41,-43
-28,-42,-43,-41,-43
-19,-41,-42,-41,-43
-44,-41,-41,-42,-43
-37,-43,-42,-42,-43
-66,-42,-42,-41,-43
-45,-42,-42,-42,-43
-34,-42,-43,-42,-43
-31,-42,-42,-42,-43
-24,-42,-43,-42,-44
-39,-43,-42,-43,-43
-32,-42,-43,-41,-43
-24,-42,-42,-42,-43
-68,-41,-41,-41,-43
-50,-42,-42,-41,-42
-36,-42,-42,-42,-43
10,-42,-42,-41,-43
-24,-43,-42,-41,-42
-42,-42,-43,-41,-43
-30,-42,-42,-41,-43
-51,-42,-42,-42,-43
-50,-42,-43,-42,-43
-59,-42,-42,-42,-43
-28,-42,-42,-41,-43
7,-42,-42,-42,-42
-38,-44,-42,-41,-43
-36,-43,-42,-41,-43
-43,-42,-43,-42,-43
-47,-42,-42,-41,-43
-49,-42,-42,-41,-43
-38,-42,-42,-42,-43
-18,-42,-42,-42,-44
-36,-42,-42,-42,-43
-34,-41,-41,-41,-43
-34,-42,-42,-42,-42
-67,-42,-42,-41,-43
-35,-42,-42,-40,-43
-49,-42,-43,-42,-43
-45,-42,-43,-42,-43
-23,-42,-43,-41,-43
-27,-42,-42,-42,-43
-30,-42,-42,-42,-43
-53,-42,-42,-41,-43
-39,-41,-41,-42,-43
-44,-42,-42,-42,-43
-45,-42,-43,-41,-43
1,-41,-43,-41,-42
-23,-43,-43,-42,-42
-18,-42,-43,-42,-43
-50,-42,-42,-41,-43
-42,-42,-43,-42,-42
-74,-42,-42,-41,-43
-44,-41,-42,-41,-43
-37,-41,-42,-41,-43
-34,-43,-42,-42,-42
-23,-42,-42,-41,-43
-45,-41,-42,-41,-43
-36,-41,-41,-41,-42
-25,-42,-42,-41,-43
-70,-42,-43,-41,-43
-48,-42,-42,-42,-43
-46,-43,-43,-42,-43
10,-42,-41,-41,-43
-29,-45,-43,-42,-43
-37,-42,-42,-42,-42
-29,-42,-43,-41,-44
-51,-41,-42,-41,-43
-51,-42,-42,-41,-42
-51,-42,-43,-42,-44
-27,-41,-42,-40,-43
-1,-42,-42,-42,-43
-43,-42,-43,-42,-43
-41,-42,-42,-41,-43
-39,-43,-43,-42,-44
-47,-43,-42,-41,-44
-50,-43,-42,-41,-44
-41,-41,-42,-41,-43
-22,-42,-42,-42,-43
-41,-42,-42,-42,-43
-36,-41,-42,-41,-43
-35,-42,-42,-42,-42
-64,-42,-43,-41,-43
-34,-41,-41,-41,-43
-54,-42,-42,-42,-43
-47,-42,-42,-42,-44
-23,-42,-42,-42,-44
-33,-41,-41,-41,-43
-37,-42,-43,-42,-43
-59,-42,-42,-41,-43
-41,-41,-42,-41,-43
-45,-42,-43,-42,-43
-50,-41,-42,-41,-43
-4,-43,-42,-42,-43
-28,-42,-42,-42,-43
-19,-42,-42,-42,-43
-53,-42,-42,-41,-43
-41,-42,-42,-41,-42
-69,-42,-42,-42,-43
-48,-41,-42,-41,-43
-36,-42,-42,-41,-43
-35,-42,-42,-42,-43
-27,-42,-42,-42,-43
-46,-41,-41,-41,-43
-33,-41,-42,-41,-43
-29,-42,-42,-42,-43
-71,-41,-42,-41,-43
-54,-42,-43,-42,-43
-47,-43,-43,-42,-43
6,-42,-42,-41,-43
-30,-43,-42,-41,-42
-40,-42,-43,-42,-43
-33,-42,-42,-41,-43
-53,-42,-42,-41,-43
-55,-42,-43,-42,-43
-78,-42,-43,-42,-44
-35,-42,-42,-41,-44
-12,-42,-43,-42,-43
-47,-42,-42,-42,-43
-28,-41,-42,-41,-43
-43,-41,-41,-41,-43
-49,-42,-42,-42,-43
-61,-42,-42,-42,-43
-46,-42,-41,-41,-43
-27,-42,-42,-42,-43
-47,-43,-42,-41,-43
-33,-41,-42,-41,-43
-37,-42,-43,-42,-43
-54,-42,-42,-41,-44
-39,-42,-42,-41,-43
-70,-42,-42,-41,-43
-49,-42,-43,-41,-42
-44,-42,-42,-42,-44
-16,-42,-42,-41,-43
-35,-42,-42,-42,-43
-44,-41,-42,-42,-43
-46,-43,-42,-41,-44
-53,-42,-43,-42,-43
-48,-42,-42,-42,-43
-47,-42,-42,-43,-43
-35,-43,-43,-42,-43
-25,-42,-43,-42,-43
-50,-42,-42,-42,-43
-33,-41,-42,-41,-43
-73,-42,-42,-42,-42
-48,-41,-42,-41,-43
-54,-42,-42,-42,-43
-46,-42,-43,-42,-43
-31,-42,-42,-42,-44
-45,-42,-42,-41,-43
4,-42,-43,-42,-43
-27,-44,-43,-42,-43
-59,-42,-42,-41,-43
-55,-42,-42,-42,-43
-58,-42,-42,-42,-43
-7,-42,-42,-42,-42
-33,-42,-42,-42,-43
-28,-42,-42,-41,-43
-29,-42,-42,-42,-43
-49,-41,-41,-41,-44
-51,-42,-43,-41,-43
-85,-42,-42,-41,-43
-36,-42,-42,-41,-43
-13,-42,-42,-41,-43
-47,-42,-42,-42,-44
-31,-42,-42,-41,-43
-43,-42,-42,-41,-43
-47,-42,-43,-41,-43
-76,-42,-42,-42,-43
-44,-42,-42,-42,-43
-33,-42,-43,-42,-43
-49,-43,-43,-42,-43
-35,-43,-42,-42,-43
-36,-42,-42,-41,-43
-33,-42,-42,-41,-43
-43,-41,-42,-41,-44
-59,-42,-42,-41,-43
-47,-42,-42,-41,-43
-47,-42,-43,-42,-42
-20,-42,-42,-42,-43
-37,-42,-42,-42,-43
-32,-42,-42,-41,-43
-38,-42,-42,-41,-43
-43,-43,-42,-41,-42
-43,-42,-42,-42,-43
-68,-42,-42,-41,-43
-37,-42,-42,-41,-42
-42,-42,-43,-42,-43
-54,-42,-42,-41,-43
-24,-42,-43,-41,-43
-53,-42,-42,-41,-43
-42,-42,-42,-43,-43
-70,-42,-42,-41,-43
-47,-42,-43,-42,-43
-42,-42,-42,-42,-44
-53,-42,-43,-41,-43
16,-41,-42,-42,-43
-29,-44,-42,-42,-42
-38,-42,-42,-42,-43
-53,-42,-42,-41,-43
-59,-42,-42,-42,-43
-44,-42,-43,-42,-43
-47,-42,-42,-41,-43
-24,-42,-43,-42,-43
-34,-42,-42,-42,-43
-35,-42,-42,-42,-43
-47,-41,-42,-41,-43
-79,-42,-42,-41,-43
-34,-42,-42,-42,-43
-59,-42,-42,-41,-43
-50,-43,-42,-41,-42
-34,-42,-42,-42,-43
-5,-42,-41,-41,-43
-31,-42,-42,-42,-43
-63,-41,-42,-41,-44
-45,-42,-42,-41,-43
-54,-42,-42,-41,-43
-56,-42,-43,-41,-43
-49,-42,-42,-42,-43
-33,-42,-42,-41,-43
1,-42,-42,-41,-43
-43,-44,-42,-42,-43
-47,-42,-42,-41,-43
-47,-43,-42,-42,-43
-57,-42,-42,-42,-43
-49,-42,-42,-41,-43
-43,-42,-42,-41,-43
-23,-42,-42,-41,-43
-43,-42,-42,-42,-43
-41,-42,-42,-41,-43
-37,-42,-43,-41,-42
-69,-42,-42,-41,-43
-43,-41,-42,-41,-44
-61,-42,-43,-42,-43
-57,-42,-42,-41,-43
-33,-42,-42,-42,-43
-28,-42,-42,-41,-43
-37,-42,-42,-41,-44
-55,-42,-42,-41,-43
-42,-41,-42,-41,-43
-55,-42,-43,-42,-42
-51,-42,-42,-41,-43
-7,-42,-42,-42,-44
-31,-42,-42,-41,-42
-22,-42,-42,-41,-43
-50,-42,-42,-42,-44
-44,-42,-43,-42,-43
-74,-42,-43,-41,-43
-49,-42,-42,-42,-43
-44,-42,-42,-41,-43
-42,-42,-42,-42,-42
-30,-41,-42,-41,-43
-48,-42,-41,-41,-43
-41,-42,-42,-41,-42
-31,-42,-43,-42,-43
-70,-41,-42,-41,-43
-50,-42,-43,-42,-43
-50,-42,-42,-42,-44
5,-42,-42,-42,-43
-34,-43,-41,-41,-43
-41,-42,-42,-42,-43
-33,-42,-42,-42,-43
-54,-41,-41,-41,-43
-57,-42,-42,-42,-43
-81,-42,-42,-42,-43
-40,-42,-42,-41,-43
-12,-42,-43,-42,-43
-47,-42,-43,-42,-43
-31,-42,-42,-42,-43
-44,-43,-43,-42,-43
-47,-42,-43,-42,-44
-63,-42,-42,-42,-43
-46,-42,-42,-41,-43
-31,-43,-42,-41,-43
-48,-42,-42,-41,-43
-39,-41,-42,-41,-43
-37,-42,-42,-42,-42
-54,-41,-42,-42,-43
-38,-42,-42,-41,-43
-65,-42,-43,-41,-43
-50,-42,-43,-41,-44
-34,-42,-42,-42,-44
-17,-41,-42,-42,-42
-34,-42,-42,-42,-43
-46,-41,-42,-41,-44
-43,-41,-41,-41,-43
-52,-42,-42,-42,-43
-52,-42,-42,-42,-43
-19,-42,-43,-42,-43
-35,-42,-42,-42,-43
-21,-42,-43,-42,-43
-54,-42,-42,-41,-43
-50,-41,-42,-41,-43
-69,-42,-43,-42,-43
-51,-42,-42,-41,-43
-33,-42,-42,-42,-43
-34,-42,-42,-42,-43
-27,-42,-42,-41,-43
-49,-41,-43,-42,-43
-33,-42,-42,-41,-42
-33,-42,-43,-42,-43
-71,-42,-41,-41,-43
-56,-43,-43,-42,-43
-45,-42,-43,-42,-43
4,-42,-43,-42,-43
-36,-43,-42,-41,-43
-41,-43,-42,-41,-43
-31,-43,-42,-41,-43
-49,-41,-42,-41,-43
-55,-42,-42,-42,-43
-77,-42,-43,-42,-43
-35,-41,-42,-42,-43
-14,-43,-43,-43,-43
-45,-42,-43,-42,-43
-28,-42,-42,-42,-43
-43,-41,-42,-41,-43
-49,-42,-42,-41,-42
-61,-42,-42,-42,-43
-44,-42,-42,-41,-43
-30,-42,-42,-42,-42
-43,-42,-43,-42,-43
-35,-42,-42,-41,-43
-34,-42,-42,-42,-43
-52,-42,-42,-41,-43
-39,-42,-42,-41,-43
-67,-42,-42,-41,-43
-49,-42,-42,-41,-43
-40,-42,-42,-42,-43
-12,-42,-42,-41,-43
-35,-42,-42,-42,-43
-44,-42,-43,-42,-43
-43,-42,-42,-42,-43
-50,-42,-43,-42,-43
-47,-42,-42,-41,-43
-40,-43,-43,-42,-43
-31,-42,-42,-41,-43
-24,-42,-42,-42,-43
-50,-42,-42,-41,-43
-30,-41,-42,-42,-43
-71,-42,-42,-41,-44
-47,-42,-42,-42,-43
-53,-42,-42,-42,-43
-45,-43,-43,-42,-43
-28,-42,-43,-42,-43
-46,-42,-42,-41,-43
-6,-42,-43,-42,-43
-30,-42,-42,-42,-43
-55,-41,-42,-41,-43
-54,-42,-42,-41,-43
-58,-42,-43,-42,-42
-11,-42,-43,-42,-43
-39,-42,-43,-40,-43
-22,-42,-42,-41,-42
-27,-42,-42,-42,-43
-44,-42,-42,-41,-43
-52,-43,-43,-42,-43
-93,-42,-43,-42,-43
-31,-42,-42,-42,-43
-42,-42,-42,-41,-43
-51,-42,-42,-41,-43
-25,-42,-42,-41,-43
-33,-41,-42,-40,-43
-36,-42,-42,-41,-43
-74,-42,-42,-42,-43
-45,-41,-43,-41,-43
-41,-42,-42,-42,-43
-50,-42,-43,-42,-43
-34,-42,-42,-42,-44
-35,-42,-42,-41,-43
-27,-42,-42,-41,-42
-38,-42,-42,-41,-43
-66,-41,-41,-41,-43
-50,-42,-43,-41,-43
-49,-42,-42,-42,-43
-12,-42,-42,-42,-42
-35,-42,-42,-42,-43
-37,-42,-42,-41,-43
-39,-42,-41,-41,-43
-48,-42,-42,-42,-43
-46,-41,-42,-42,-43
-61,-42,-42,-41,-43
-35,-41,-42,-41,-43
-30,-42,-43,-42,-43
-49,-42,-43,-42,-43
-26,-41,-42,-41,-43
-65,-42,-42,-41,-43
-43,-42,-43,-42,-44
-61,-41,-42,-41,-43
-43,-42,-43,-42,-43
-34,-42,-42,-42,-44
-45,-41,-43,-41,-44
14,-41,-42,-41,-43
-20,-43,-42,-42,-43
-51,-42,-42,-41,-42
-49,-42,-42,-41,-43
-53,-42,-43,-42,-43
-24,-43,-42,-42,-43
-42,-42,-42,-42,-43
-16,-43,-42,-42,-43
-25,-42,-43,-42,-44
-41,-41,-42,-41,-44
-51,-42,-42,-41,-43
-95,-42,-42,-41,-42
-33,-42,-42,-41,-43
-49,-42,-42,-41,-43
-45,-42,-42,-42,-43
-24,-42,-42,-42,-43
-19,-41,-42,-41,-44
-32,-42,-43,-42,-43
-69,-42,-43,-42,-44
-41,-42,-42,-41,-44
-47,-42,-42,-41,-43
-55,-42,-42,-41,-43
-31,-42,-42,-41,-43
-30,-42,-42,-41,-43
-3,-42,-43,-42,-43
-37,-42,-43,-41,-43
-51,-42,-42,-41,-43
-44,-43,-43,-42,-42
-47,-42,-43,-41,-43
-32,-42,-42,-42,-43
-42,-43,-43,-42,-43
-22,-42,-43,-42,-44
-39,-41,-42,-41,-43
-44,-42,-42,-41,-43
-38,-42,-42,-41,-42
-67,-42,-42,-42,-42
-33,-41,-42,-42,-43
-38,-43,-43,-42,-43
-50,-42,-42,-42,-44
-22,-42,-42,-41,-43
-45,-42,-42,-41,-43
-38,-42,-43,-42,-44
-62,-42,-42,-42,-43
-43,-42,-42,-41,-43
-44,-42,-43,-42,-43
-47,-42,-42,-42,-43
15,-42,-42,-41,-43
-23,-44,-42,-42,-43
-26,-42,-42,-41,-43
-49,-42,-42,-41,-43
-47,-42,-42,-42,-42
-57,-42,-43,-41,-43
-42,-42,-42,-41,-43
-27,-41,-42,-41,-43
-29,-42,-43,-42,-42
-29,-42,-42,-41,-43
-46,-42,-42,-41,-43
-73,-41,-42,-42,-43
-28,-42,-42,-42,-43
-56,-43,-43,-42,-43
-46,-42,-42,-42,-43
-28,-42,-42,-42,-43
-10,-42,-41,-41,-43
-26,-42,-43,-42,-43
-60,-41,-42,-42,-43
-35,-42,-42,-41,-43
-53,-42,-42,-41,-43
-54,-42,-42,-42,-42
-34,-42,-43,-42,-43
-29,-42,-42,-42,-43
0,-42,-43,-41,-42
-40,-42,-42,-42,-43
-46,-42,-42,-41,-43
-46,-42,-43,-42,-43
-47,-42,-43,-42,-44
-26,-42,-42,-42,-43
-37,-42,-41,-41,-43
-25,-42,-43,-42,-43
-42,-42,-42,-41,-43
-42,-41,-42,-41,-43
-41,-42,-43,-41,-43
-68,-43,-42,-42,-43
-32,-41,-41,-41,-43
-37,-43,-43,-42,-43
-45,-42,-42,-42,-44
-22,-42,-42,-42,-44
-49,-41,-42,-41,-43
-37,-42,-42,-42,-43
-57,-42,-42,-41,-43
-44,-42,-42,-41,-43
-42,-42,-43,-42,-42
-45,-42,-42,-41,-44
10,-42,-42,-42,-43
-22,-44,-42,-42,-43
-23,-43,-42,-42,-44
-45,-42,-42,-41,-43
-46,-43,-42,-41,-43
-55,-42,-43,-42,-42
-48,-42,-42,-41,-42
-25,-41,-42,-42,-43
-30,-42,-42,-41,-43
-27,-42,-43,-42,-43
-46,-41,-42,-41,-44
-74,-42,-42,-42,-42
-25,-42,-42,-42,-43
-59,-42,-43,-42,-43
-50,-42,-42,-42,-43
-29,-41,-43,-42,-43
1,-42,-42,-42,-43
-25,-41,-42,-41,-44
-58,-41,-42,-42,-42
-34,-41,-43,-41,-43
-50,-42,-42,-41,-43
-48,-42,-42,-42,-42
-42,-42,-42,-42,-43
-29,-42,-41,-41,-43
3,-43,-43,-42,-43
-44,-43,-41,-40,-43
-34,-43,-43,-42,-42
-40,-42,-42,-41,-44
-47,-42,-42,-42,-43
-52,-42,-42,-41,-43
-40,-42,-42,-41,-43
-25,-42,-42,-42,-42
-44,-42,-42,-41,-43
-33,-42,-42,-41,-43
-34,-42,-43,-42,-42
-50,-41,-42,-42,-43
-36,-42,-42,-42,-43
-64,-41,-42,-41,-43
-44,-41,-42,-42,-43
-33,-42,-42,-41,-43
-10,-42,-42,-41,-43
-28,-42,-42,-42,-42
-45,-42,-42,-41,-43
-40,-41,-42,-41,-43
-48,-42,-42,-42,-42
-45,-42,-42,-41,-43
-34,-42,-43,-42,-43
-30,-42,-42,-42,-43
-13,-42,-42,-41,-43
-49,-42,-43,-42,-44
-36,-41,-41,-41,-43
-71,-42,-42,-42,-43
-46,-42,-43,-41,-44
-47,-42,-42,-41,-43
-37,-42,-43,-41,-43
-23,-42,-43,-42,-43
-42,-42,-42,-41,-43
-17,-42,-42,-42,-44
-26,-42,-43,-42,-43
-62,-41,-42,-41,-43
-50,-42,-42,-41,-43
-51,-42,-42,-42,-43
8,-42,-42,-41,-44
-25,-43,-42,-41,-43
-39,-43,-43,-42,-42
-29,-42,-42,-41,-43
-50,-41,-42,-41,-43
-51,-42,-42,-42,-42
-63,-42,-42,-42,-43
-34,-41,-42,-42,-43
-10,-42,-42,-42,-43
-42,-42,-42,-42,-42
-29,-41,-42,-41,-44
-37,-42,-42,-41,-43
-46,-42,-42,-41,-43
-59,-42,-42,-42,-43
-43,-42,-42,-42,-44
-21,-42,-42,-41,-43
-41,-42,-42,-42,-43
-34,-42,-42,-42,-43
-33,-42,-43,-42,-43
-63,-42,-42,-42,-42
-31,-42,-42,-42,-43
-47,-41,-42,-41,-43
-49,-42,-42,-42,-42
-31,-42,-42,-41,-43
-34,-41,-42,-41,-43
-33,-42,-43,-41,-43
-59,-42,-42,-42,-43
-46,-42,-42,-41,-44
-45,-42,-42,-42,-43
-47,-42,-43,-42,-44
19,-42,-42,-42,-44
-24,-43,-41,-41,-43
-22,-43,-43,-42,-43
-45,-42,-43,-41,-43
-42,-41,-42,-41,-43
-57,-43,-42,-42,-43
-48,-42,-42,-41,-43
-24,-42,-42,-41,-44
-29,-42,-43,-42,-43
-29,-42,-42,-42,-43
-43,-41,-42,-41,-44
-61,-41,-41,-40,-43
-26,-42,-43,-42,-43
-65,-42,-42,-41,-43
-49,-42,-42,-41,-43
-35,-42,-42,-42,-43
4,-42,-42,-41,-43
-24,-43,-42,-41,-43
-48,-42,-42,-42,-42
-32,-43,-42,-42,-44
-52,-41,-42,-41,-43
-50,-42,-42,-41,-43
-40,-42,-43,-42,-42
-28,-42,-43,-41,-43
3,-42,-42,-41,-43
-38,-44,-43,-42,-43
-36,-43,-42,-42,-43
-42,-42,-42,-41,-43
-49,-42,-42,-42,-43
-47,-42,-43,-42,-44
-39,-42,-41,-41,-43
-24,-43,-42,-43,-43
-36,-42,-43,-42,-42
-38,-42,-42,-41,-43
-35,-41,-42,-41,-43
-67,-42,-42,-41,-42
-34,-42,-42,-41,-43
-48,-41,-42,-42,-43
-48,-42,-42,-41,-43
-25,-43,-42,-42,-43
-40,-41,-42,-41,-44
-33,-42,-43,-42,-43
-58,-42,-43,-42,-43
-42,-42,-42,-41,-43
-40,-41,-42,-41,-43
-48,-42,-42,-42,-42
20,-42,-42,-41,-43
-23,-43,-42,-41,-43
-38,-43,-42,-42,-43
-47,-42,-43,-41,-43
-50,-41,-42,-41,-43
-43,-43,-43,-42,-43
-41,-42,-43,-42,-43
-18,-42,-42,-42,-43
-30,-41,-42,-41,-43
-32,-42,-42,-42,-43
-49,-42,-42,-41,-44
-85,-41,-42,-41,-43
-31,-42,-42,-41,-43
-49,-42,-43,-42,-44
-45,-42,-42,-41,-43
-24,-42,-42,-42,-42
-16,-42,-42,-42,-43
-30,-42,-42,-41,-44
-62,-42,-42,-41,-43
-39,-42,-42,-41,-43
-49,-42,-42,-41,-43
-54,-42,-42,-41,-43
-31,-42,-43,-42,-42
-31,-42,-42,-42,-43
4,-42,-42,-42,-43
-34,-44,-42,-42,-42
-46,-42,-42,-41,-43
-41,-43,-42,-42,-43
-54,-42,-42,-42,-43
-35,-43,-43,-42,-43
-39,-42,-43,-42,-43
-24,-41,-42,-41,-43
-38,-42,-42,-42,-43
-44,-42,-41,-42,-43
-38,-41,-42,-41,-43
-67,-42,-42,-42,-43
-34,-42,-43,-42,-44
-39,-42,-42,-42,-43
-44,-42,-42,-42,-43
-24,-42,-42,-41,-44
-58,-41,-42,-41,-43
-44,-41,-42,-41,-43
-58,-42,-42,-41,-43
-44,-42,-42,-41,-43
-33,-41,-42,-41,-43
-46,-42,-43,-41,-43
10,-42,-42,-41,-43
-23,-43,-42,-41,-43
-50,-43,-42,-42,-42
-50,-42,-42,-42,-43
-56,-42,-42,-41,-43
-10,-42,-42,-41,-43
-38,-42,-42,-41,-43
-25,-42,-42,-41,-43
-23,-42,-42,-41,-43
-43,-42,-43,-41,-43
-51,-42,-43,-42,-43
-92,-42,-43,-41,-43
-31,-43,-42,-41,-43
-25,-42,-43,-42,-44
-47,-42,-42,-41,-43
-22,-43,-42,-42,-43
-37,-42,-42,-41,-43
-39,-42,-42,-42,-43
-73,-42,-42,-41,-43
-45,-42,-42,-42,-42
-40,-42,-42,-42,-43
-48,-42,-42,-41,-43
-28,-42,-42,-42,-43
-30,-42,-42,-41,-43
-18,-41,-42,-41,-43
-42,-42,-43,-42,-43
-67,-42,-42,-42,-44
-48,-42,-42,-41,-43
-42,-41,-43,-41,-43
-15,-42,-42,-42,-43
-34,-42,-42,-41,-43
-31,-41,-42,-41,-43
-37,-42,-42,-41,-43
-42,-42,-42,-42,-43
-43,-42,-42,-41,-43
-59,-43,-43,-43,-43
-32,-43,-43,-42,-44
-36,-42,-42,-42,-43
-45,-41,-42,-42,-43
-26,-42,-42,-42,-42
-61,-41,-42,-41,-43
-44,-41,-42,-41,-42
-55,-43,-42,-42,-43
-45,-42,-42,-42,-44
-35,-42,-42,-41,-43
-45,-42,-42,-42,-43
19,-42,-43,-42,-44
-25,-43,-42,-41,-43
-39,-42,-42,-41,-43
-53,-42,-42,-42,-42
-57,-43,-42,-41,-43
-26,-42,-42,-41,-43
-39,-42,-42,-42,-43
-18,-42,-42,-42,-43
-27,-42,-42,-41,-43
-29,-42,-42,-42,-43
-44,-42,-43,-42,-43
-77,-42,-42,-41,-43
-32,-41,-41,-41,-43
-65,-42,-42,-42,-42
-50,-43,-43,-41,-43
-27,-42,-42,-41,-43
-4,-42,-43,-41,-42
-25,-42,-43,-41,-43
-59,-41,-42,-41,-43
-37,-42,-43,-41,-43
-51,-42,-43,-42,-44
-52,-42,-43,-42,-43
-40,-43,-43,-42,-43
-31,-42,-43,-42,-43
3,-42,-42,-42,-44
-38,-44,-42,-41,-43
-40,-43,-42,-42,-43
-39,-42,-42,-41,-43
-44,-42,-42,-41,-44
-51,-42,-42,-42,-43
-41,-42,-42,-41,-44
-20,-42,-42,-42,-44
-44,-42,-42,-42,-43
-33,-42,-43,-42,-43
-34,-43,-42,-42,-43
-62,-41,-41,-41,-44
-41,-42,-42,-42,-42
-55,-42,-42,-42,-42
-46,-42,-42,-42,-43
-28,-42,-42,-42,-43
-19,-42,-42,-42,-43
-31,-42,-42,-41,-43
-44,-42,-43,-41,-43
-37,-42,-42,-41,-43
-49,-42,-42,-41,-43
-44,-41,-42,-41,-43
-41,-42,-42,-42,-43
-27,-42,-42,-42,-43
-14,-42,-42,-42,-43
-48,-42,-43,-42,-42
-37,-42,-42,-42,-43
-74,-42,-41,-41,-43
-45,-42,-43,-42,-43
-43,-42,-43,-42,-44
-38,-42,-42,-41,-44
-21,-43,-42,-41,-43
-44,-42,-42,-42,-42
-13,-42,-42,-41,-43
-25,-41,-42,-41,-43
-61,-41,-42,-41,-43
-47,-42,-42,-42,-43
-52,-42,-42,-41,-43
5,-43,-42,-42,-43
-29,-43,-42,-42,-44
-35,-42,-42,-41,-43
-30,-43,-43,-42,-43
-50,-42,-42,-42,-43
-50,-42,-42,-41,-43
-69,-42,-42,-42,-43
-31,-42,-43,-42,-43
-3,-42,-42,-42,-43
-43,-42,-42,-41,-43
-28,-42,-42,-41,-42
-41,-42,-42,-41,-43
-47,-41,-42,-41,-43
-50,-43,-42,-42,-43
-44,-42,-43,-42,-43
-26,-42,-42,-41,-44
-41,-42,-42,-41,-43
-31,-42,-42,-42,-43
-32,-42,-42,-42,-43
-37,-42,-42,-40,-43
-39,-42,-43,-41,-43
-63,-43,-42,-42,-43
-51,-42,-42,-41,-43
-34,-43,-43,-42,-43
-19,-42,-42,-42,-43
-31,-42,-42,-42,-43
-54,-42,-41,-41,-42
-39,-42,-42,-41,-43
-48,-42,-42,-42,-43
-47,-42,-42,-41,-43
-12,-43,-43,-42,-43
-26,-41,-42,-41,-43
-16,-42,-42,-41,-43
-49,-43,-43,-42,-43
-42,-42,-42,-41,-43
-66,-42,-42,-42,-43
-45,-41,-42,-41,-43
-30,-43,-42,-42,-42
-30,-41,-42,-41,-43
-26,-42,-42,-41,-43
-47,-42,-42,-41,-42
-48,-42,-42,-41,-43
-31,-42,-42,-41,-43
-68,-42,-43,-41,-43
-56,-42,-43,-41,-43
-44,-42,-42,-42,-44
9,-43,-42,-41,-43
-28,-44,-42,-42,-42
-41,-42,-42,-41,-43
-29,-41,-41,-41,-43
-53,-42,-42,-42,-43
-52,-42,-42,-42,-43
-60,-42,-42,-41,-43
-32,-42,-42,-42,-43
-1,-43,-42,-42,-43
-42,-42,-42,-41,-43
-32,-42,-43,-41,-43
-39,-42,-43,-42,-44
-50,-42,-41,-41,-44
-47,-42,-41,-41,-43
-40,-42,-42,-41,-42
-23,-42,-42,-41,-43
-45,-42,-42,-41,-43
-33,-42,-42,-42,-43
-33,-42,-42,-41,-43
-46,-41,-41,-41,-43
-40,-42,-42,-42,-43
-59,-42,-42,-42,-43
-46,-42,-42,-42,-44
-32,-42,-42,-41,-43
-17,-42,-42,-41,-42
-32,-42,-42,-42,-44
-47,-41,-42,-41,-43
-40,-42,-42,-42,-42
-47,-42,-42,-42,-43
-48,-42,-42,-42,-44
-12,-42,-42,-43,-43
-28,-42,-43,-41,-43
-19,-41,-42,-41,-43
-49,-42,-42,-41,-43
-38,-42,-42,-41,-43
-69,-42,-42,-42,-44
-44,-41,-43,-41,-43
-41,-43,-43,-42,-42
-38,-42,-42,-41,-43
-30,-42,-42,-41,-44
-43,-42,-42,-42,-42
0,-42,-42,-41,-43
-25,-42,-42,-41,-44
-65,-41,-42,-40,-43
-47,-42,-42,-41,-43
-58,-42,-42,-41,-43
-12,-42,-43,-41,-43
-39,-42,-42,-42,-43
-23,-42,-42,-42,-43
-29,-42,-42,-41,-43
-34,-41,-42,-41,-43
-49,-42,-42,-42,-42
-90,-42,-43,-42,-43
-30,-42,-42,-42,-42
-25,-42,-43,-42,-43
-45,-41,-42,-42,-42
-23,-42,-42,-41,-43
-35,-41,-42,-41,-43
-36,-42,-42,-42,-43
-76,-41,-42,-40,-43
-44,-42,-42,-41,-42
-48,-42,-43,-42,-43
-54,-42,-42,-42,-43
-33,-43,-43,-42,-44
-32,-42,-43,-42,-43
-9,-42,-42,-41,-44
-40,-41,-42,-41,-43
-58,-42,-43,-41,-43
-43,-42,-43,-42,-42
-49,-42,-41,-41,-43
-23,-42,-43,-42,-42
-35,-42,-43,-42,-43
-22,-41,-42,-41,-44
-38,-43,-43,-42,-43
-43,-42,-43,-42,-44
-43,-42,-43,-41,-43
-74,-41,-41,-41,-43
-40,-42,-43,-42,-43
-45,-42,-42,-42,-43
-47,-41,-41,-41,-43
-25,-42,-42,-42,-43
-51,-41,-42,-41,-44
-41,-41,-42,-41,-43
-61,-42,-43,-42,-43
-42,-42,-42,-42,-44
-42,-42,-42,-41,-44
-49,-41,-42,-41,-43
18,-42,-43,-41,-42
-26,-43,-42,-41,-43
-34,-42,-42,-41,-43
-50,-42,-42,-42,-42
-50,-42,-42,-41,-43
-56,-42,-42,-41,-43
-48,-42,-42,-42,-42
-26,-42,-43,-42,-43
-29,-42,-42,-42,-43
-31,-41,-42,-41,-43
-48,-42,-42,-41,-42
-62,-42,-42,-41,-43
-30,-41,-42,-41,-43
-68,-41,-42,-42,-43
-51,-42,-42,-42,-43
-33,-42,-42,-41,-43
1,-42,-43,-42,-43
-23,-44,-43,-42,-43
-50,-42,-42,-41,-43
-34,-43,-42,-42,-43
-49,-42,-42,-42,-43
-52,-42,-42,-41,-43
-46,-42,-42,-41,-44
-32,-42,-42,-41,-43
-11,-42,-42,-42,-43
-44,-42,-42,-41,-43
-28,-42,-43,-42,-43
-37,-42,-42,-42,-42
-48,-42,-42,-42,-43
-57,-43,-43,-42,-43
-45,-42,-43,-42,-43
-26,-42,-42,-42,-43
-44,-42,-42,-42,-43
-34,-42,-41,-41,-42
-34,-42,-42,-41,-43
-67,-41,-42,-41,-43
-38,-42,-43,-42,-43
-56,-42,-42,-42,-43
-50,-42,-42,-41,-43
-26,-42,-43,-42,-43
-36,-42,-42,-41,-43
-36,-42,-42,-42,-44
-58,-41,-42,-40,-43
-46,-42,-42,-42,-42
-48,-42,-42,-42,-43
-51,-42,-42,-41,-43
14,-42,-43,-41,-42
-28,-43,-42,-42,-43
-23,-42,-42,-41,-43
-48,-43,-43,-42,-43
-49,-42,-42,-42,-43
-64,-42,-43,-41,-43
-51,-41,-42,-41,-43
-30,-42,-43,-42,-42
-34,-42,-42,-42,-43
-28,-42,-41,-42,-43
-47,-42,-42,-41,-43
-61,-41,-42,-41,-43
-30,-42,-42,-42,-43
-69,-41,-43,-41,-43
-51,-42,-43,-41,-43
-36,-41,-42,-41,-43
6,-42,-42,-41,-43
-33,-44,-43,-42,-42
-48,-42,-42,-41,-43
-34,-42,-42,-41,-43
-55,-42,-42,-41,-42
-51,-42,-42,-42,-43
-66,-42,-43,-42,-43
-35,-42,-43,-42,-43
-11,-42,-43,-42,-43
-45,-42,-42,-41,-43
-27,-43,-42,-41,-43
-39,-42,-42,-42,-42
-47,-42,-42,-41,-43
-62,-41,-42,-41,-43
-46,-41,-42,-42,-43
-27,-42,-42,-42,-43
-47,-42,-42,-41,-43
-38,-43,-42,-42,-42
-37,-41,-42,-42,-43
-50,-42,-41,-41,-43
-40,-42,-42,-43,-43
-68,-42,-43,-42,-43
-50,-42,-42,-42,-43
-34,-42,-42,-41,-43
-18,-42,-42,-41,-43
-37,-42,-42,-42,-43
-53,-41,-42,-41,-43
-43,-42,-43,-42,-42
-51,-42,-42,-42,-43
-48,-42,-42,-41,-43
-29,-43,-43,-42,-44
-31,-42,-43,-42,-44
-18,-42,-43,-42,-43
-54,-41,-42,-41,-43
-43,-42,-42,-41,-43
-71,-42,-42,-41,-43
-47,-42,-42,-41,-43
-43,-42,-42,-42,-43
-40,-42,-42,-42,-43
-29,-42,-42,-42,-43
-50,-42,-42,-42,-43
-22,-42,-42,-42,-44
-28,-41,-42,-41,-43
-68,-41,-42,-41,-44
-51,-42,-42,-42,-43
-53,-42,-42,-42,-42
5,-42,-42,-42,-43
-31,-44,-42,-42,-42
-39,-43,-42,-41,-43
-32,-43,-43,-41,-43
-53,-42,-43,-42,-43
-55,-42,-43,-41,-43
-69,-42,-42,-42,-43
-32,-42,-42,-41,-43
-10,-42,-42,-42,-43
-45,-42,-43,-42,-43
-31,-41,-42,-41,-43
-41,-42,-43,-42,-43
-49,-42,-42,-42,-43
-64,-42,-43,-41,-44
-44,-42,-43,-42,-43
-33,-42,-42,-42,-43
-46,-42,-43,-41,-43
-31,-42,-41,-41,-43
-33,-42,-42,-41,-43
-47,-42,-42,-41,-43
-39,-41,-42,-41,-43
-61,-42,-42,-42,-42
-50,-42,-43,-42,-43
-35,-41,-42,-41,-43
-22,-42,-42,-42,-42
-34,-42,-43,-42,-43
-52,-41,-42,-41,-44
-43,-41,-42,-41,-43
-52,-42,-43,-41,-43
-50,-42,-42,-41,-43
-25,-42,-42,-41,-43
-35,-42,-42,-42,-43
-19,-42,-42,-42,-43
-49,-42,-42,-42,-43
-42,-42,-42,-42,-42
-70,-42,-42,-42,-43
-49,-43,-42,-41,-43
-36,-42,-43,-42,-43
-36,-42,-43,-42,-42
-26,-42,-42,-41,-44
-46,-42,-42,-42,-43
-53,-42,-42,-41,-43
-30,-41,-42,-42,-42
-74,-41,-42,-41,-43
-53,-42,-42,-42,-43
-38,-42,-43,-42,-43
6,-41,-42,-42,-43
-29,-44,-42,-42,-43
-49,-43,-42,-41,-43
-32,-42,-42,-41,-43
-53,-42,-42,-41,-43
-52,-42,-42,-41,-43
-44,-42,-42,-41,-43
-30,-41,-42,-41,-43
0,-42,-43,-42,-43
-43,-42,-42,-42,-43
-47,-41,-42,-41,-44
-44,-42,-43,-42,-43
-52,-41,-42,-42,-43
-45,-42,-42,-42,-43
-39,-41,-42,-41,-43
-28,-42,-43,-42,-42
-46,-42,-42,-41,-43
-34,-42,-42,-41,-43
-36,-42,-42,-41,-43
-59,-41,-42,-41,-43
-39,-42,-42,-41,-43
-67,-42,-42,-42,-43
-50,-42,-42,-42,-43
-33,-42,-42,-41,-44
-15,-41,-42,-41,-43
-35,-42,-43,-42,-43
-53,-42,-42,-41,-43
-43,-41,-41,-41,-43
-52,-42,-42,-41,-43
-50,-42,-42,-42,-43
-19,-42,-43,-42,-43
-31,-42,-43,-42,-43
-18,-42,-43,-42,-43
-49,-42,-42,-41,-43
-45,-42,-42,-41,-43
-71,-42,-42,-42,-42
-52,-42,-42,-41,-43
-38,-42,-42,-42,-43
-36,-43,-42,-41,-43
-26,-41,-42,-42,-43
-50,-41,-42,-41,-43
-34,-41,-42,-41,-43
-32,-42,-42,-42,-42
-71,-41,-42,-42,-43
-52,-42,-42,-42,-43
-48,-43,-43,-42,-44
7,-42,-42,-42,-43
-28,-43,-42,-41,-43
-51,-43,-43,-42,-43
-33,-42,-42,-41,-43
-55,-41,-42,-41,-43
-57,-43,-42,-42,-43
-47,-42,-43,-42,-43
-30,-42,-42,-41,-43
-4,-43,-43,-41,-43
-44,-42,-43,-42,-43
-38,-42,-42,-41,-43
-42,-41,-42,-41,-43
-54,-42,-43,-41,-43
-57,-42,-43,-42,-43
-46,-41,-41,-41,-43
-27,-42,-43,-42,-42
-47,-42,-43,-42,-43
-36,-42,-42,-41,-43
-38,-42,-43,-41,-43
-48,-42,-43,-41,-44
-41,-42,-42,-41,-43
-68,-42,-42,-41,-43
-51,-42,-42,-41,-43
-41,-42,-42,-41,-44
-22,-42,-42,-41,-43
-35,-42,-43,-42,-43
-50,-42,-42,-41,-43
-43,-42,-42,-41,-43
-49,-42,-42,-42,-43
-46,-43,-43,-42,-43
-38,-43,-42,-42,-43
-31,-42,-42,-41,-43
-19,-42,-42,-41,-43
-50,-42,-42,-41,-43
-33,-42,-42,-41,-43
-75,-42,-42,-42,-43
-52,-42,-42,-41,-43
-46,-42,-42,-41,-43
-38,-43,-43,-42,-43
-31,-42,-42,-42,-43
-51,-42,-43,-41,-43
-36,-42,-43,-42,-43
-30,-42,-42,-42,-43
-72,-42,-42,-41,-43
-53,-42,-42,-42,-43
-50,-42,-43,-42,-43
3,-42,-42,-41,-43
-31,-43,-42,-41,-43
-34,-43,-42,-42,-42
-29,-42,-43,-41,-43
-48,-42,-42,-41,-43
-53,-43,-43,-42,-43
-82,-43,-43,-42,-44
-31,-42,-42,-42,-43
-23,-42,-41,-42,-43
-47,-42,-42,-42,-42
-29,-42,-42,-41,-43
-37,-41,-42,-42,-43
-44,-41,-42,-42,-43
-73,-42,-42,-41,-43
-42,-42,-42,-41,-43
-36,-42,-43,-42,-43
-45,-42,-43,-41,-43
-29,-42,-42,-41,-43
-37,-42,-42,-41,-43
-28,-42,-43,-41,-42
-42,-42,-42,-41,-44
-69,-42,-42,-41,-42
-50,-42,-42,-42,-42
-48,-42,-42,-42,-43
-19,-42,-42,-42,-44
-36,-41,-42,-42,-43
-35,-42,-43,-42,-43
-42,-42,-42,-41,-43
-52,-41,-42,-41,-44
-49,-42,-42,-42,-42
-57,-42,-42,-42,-43
-38,-42,-42,-41,-43
-25,-42,-43,-42,-43
-51,-42,-42,-42,-43
-34,-42,-42,-41,-43
-66,-42,-42,-41,-43
-44,-42,-42,-42,-43
-65,-42,-42,-42,-43
-46,-42,-43,-42,-43
-36,-43,-42,-41,-44
-51,-42,-42,-42,-43
13,-41,-42,-41,-43
-29,-43,-42,-41,-43
-52,-42,-41,-41,-43
-51,-42,-42,-42,-43
-60,-42,-43,-42,-43
-21,-43,-43,-42,-43
-39,-42,-43,-41,-43
-26,-43,-43,-42,-43
-31,-43,-43,-42,-43
-46,-42,-43,-42,-43
-55,-41,-42,-41,-43
-95,-42,-42,-42,-43
-36,-42,-42,-41,-43
-36,-42,-42,-41,-43
-50,-42,-42,-42,-43
-27,-42,-42,-42,-43
-48,-41,-42,-41,-43
-47,-42,-43,-41,-43
-71,-42,-43,-42,-44
-47,-42,-42,-42,-43
-38,-42,-42,-42,-43
-52,-42,-42,-42,-43
-35,-42,-43,-42,-43
-35,-42,-42,-41,-43
-41,-41,-42,-41,-43
-43,-42,-42,-42,-43
-68,-42,-42,-41,-43
-50,-42,-42,-42,-43
-43,-43,-42,-42,-44
-18,-42,-42,-41,-44
-36,-41,-42,-41,-43
-41,-42,-42,-41,-42
-45,-43,-42,-42,-43
-52,-42,-42,-41,-43
-49,-42,-42,-42,-43
-54,-42,-42,-42,-43
-35,-41,-42,-41,-43
-30,-42,-43,-42,-43
-54,-42,-42,-41,-44
-35,-42,-41,-41,-43
-69,-43,-43,-42,-43
-46,-42,-42,-42,-43
-55,-42,-42,-41,-43
-45,-42,-42,-41,-43
-31,-41,-43,-42,-43
-49,-43,-42,-42,-43
-2,-41,-42,-41,-43
-32,-42,-43,-42,-43
-60,-42,-42,-42,-43
-52,-41,-42,-42,-43
-61,-42,-43,-42,-44
-24,-42,-43,-42,-43
-41,-42,-42,-42,-43
-26,-42,-42,-41,-43
-28,-42,-42,-42,-42
-41,-41,-42,-41,-43
-51,-42,-42,-41,-43
-96,-42,-42,-41,-43
-38,-42,-43,-42,-43
-36,-42,-42,-41,-44
-49,-42,-42,-42,-43
-28,-42,-42,-42,-43
-42,-41,-42,-41,-44
-43,-41,-41,-41,-43
-76,-42,-42,-42,-43
-48,-42,-42,-41,-43
-37,-42,-42,-42,-43
-53,-42,-42,-42,-43
-33,-42,-42,-42,-43
-34,-42,-42,-41,-43
-11,-41,-42,-41,-42
-45,-42,-42,-42,-44
-65,-42,-42,-41,-43
-52,-42,-42,-41,-43
-51,-42,-43,-42,-42
-14,-42,-42,-42,-43
-37,-42,-42,-41,-43
-37,-42,-43,-42,-43
-45,-42,-42,-41,-43
-51,-41,-42,-41,-43
-48,-42,-43,-42,-43
-59,-42,-43,-42,-43
-36,-42,-42,-42,-44
-33,-42,-42,-42,-44
-50,-42,-43,-42,-43
-33,-42,-42,-41,-43
-72,-41,-42,-41,-43
-50,-42,-42,-41,-43
-58,-42,-42,-41,-43
-45,-42,-42,-41,-43
-36,-42,-43,-42,-43
-52,-42,-42,-42,-43
3,-41,-42,-42,-43
-28,-44,-42,-42,-43
-54,-43,-43,-41,-43
-50,-43,-43,-42,-44
-61,-41,-41,-41,-43
-39,-42,-42,-42,-43
-44,-42,-42,-42,-43
-24,-41,-42,-41,-43
-33,-42,-42,-42,-43
-43,-41,-42,-41,-43
-53,-42,-42,-41,-43
-94,-42,-42,-41,-42
-33,-43,-42,-42,-43
-47,-42,-42,-41,-43
-47,-42,-42,-41,-43
-27,-42,-43,-42,-42
-29,-41,-42,-41,-44
-38,-42,-41,-41,-43
-72,-42,-42,-42,-43
-42,-42,-42,-41,-43
-47,-42,-42,-42,-43
-51,-42,-43,-42,-44
-36,-42,-42,-42,-43
-33,-42,-43,-42,-43
-11,-42,-43,-42,-43
-40,-42,-43,-42,-43
-56,-42,-42,-41,-43
-45,-41,-42,-41,-43
-50,-42,-42,-42,-43
-29,-42,-42,-42,-43
-39,-42,-42,-41,-43
-30,-42,-42,-42,-43
-46,-42,-42,-41,-44
-44,-42,-42,-41,-43
-43,-42,-43,-42,-43
-74,-42,-42,-42,-43
-39,-43,-43,-42,-43
-47,-42,-42,-41,-43
-54,-42,-42,-42,-42
-27,-42,-42,-42,-43
-43,-41,-42,-41,-43
-40,-42,-42,-41,-43
-62,-41,-43,-41,-43
-45,-42,-42,-41,-43
-45,-42,-43,-42,-43
-53,-42,-43,-42,-43
1,-42,-43,-42,-43
-29,-43,-42,-41,-43
-26,-43,-42,-42,-42
-54,-42,-42,-42,-43
-50,-41,-42,-41,-43
-74,-42,-42,-42,-43
-52,-42,-43,-41,-43
-43,-42,-42,-42,-43
-41,-42,-43,-42,-43
-33,-42,-42,-42,-43
-49,-42,-43,-41,-43
-42,-42,-42,-42,-43
-33,-42,-42,-42,-43
-73,-42,-42,-41,-43
-55,-42,-42,-41,-43
-52,-42,-42,-42,-43
5,-42,-42,-41,-43
-33,-43,-42,-41,-43
-53,-42,-43,-41,-43
-39,-42,-43,-42,-43
-54,-41,-43,-41,-43
-59,-43,-42,-42,-44
-62,-42,-43,-42,-44
-37,-42,-42,-42,-43
-3,-41,-42,-42,-43
-47,-42,-42,-42,-42
-34,-42,-43,-41,-42
-45,-41,-42,-41,-43
-55,-42,-42,-41,-42
-63,-42,-42,-42,-43
-50,-42,-42,-42,-43
-28,-43,-42,-42,-43
-45,-42,-43,-42,-43
-38,-42,-42,-41,-43
-41,-41,-42,-41,-43
-62,-41,-42,-41,-43
-39,-42,-42,-42,-43
-65,-42,-42,-41,-43
-53,-42,-43,-42,-42
-36,-42,-43,-41,-43
-27,-41,-41,-41,-43
-41,-42,-42,-41,-42
-55,-42,-43,-41,-43
-50,-42,-42,-41,-43
-53,-42,-42,-40,-43
-54,-42,-42,-41,-43
-13,-43,-42,-42,-44
-35,-42,-42,-41,-43
-23,-42,-43,-42,-42
-58,-42,-42,-41,-43
-42,-42,-42,-41,-44
-78,-42,-43,-42,-43
-52,-42,-43,-41,-43
-47,-42,-41,-41,-43
-42,-43,-43,-43,-43
-33,-42,-43,-42,-43
-53,-42,-42,-42,-44
-27,-41,-42,-41,-43
-33,-42,-42,-42,-43
-71,-42,-42,-41,-43
-57,-42,-42,-42,-43
-57,-42,-43,-42,-43
-5,-42,-42,-42,-43
-42,-42,-41,-41,-43
-31,-42,-42,-42,-43
-34,-42,-43,-42,-43
-57,-42,-42,-42,-43
-54,-41,-41,-41,-43
-89,-42,-43,-42,-43
-39,-41,-42,-42,-43
-41,-42,-42,-41,-43
-55,-42,-42,-42,-42
-33,-42,-43,-42,-44
-46,-42,-42,-41,-43
-42,-42,-42,-42,-42
-79,-42,-43,-41,-44
-48,-42,-42,-41,-43
-47,-43,-42,-41,-43
-57,-43,-42,-41,-43
-39,-42,-42,-41,-43
-39,-42,-42,-41,-43
-23,-41,-42,-41,-43
-44,-42,-42,-41,-43
-68,-42,-42,-41,-43
-54,-42,-43,-41,-43
-57,-42,-42,-42,-44
-28,-42,-43,-42,-43
-44,-42,-43,-42,-43
-34,-42,-42,-42,-44
-43,-42,-43,-41,-44
-52,-41,-42,-41,-43
-49,-42,-43,-41,-43
-74,-42,-42,-42,-43
-43,-41,-42,-42,-43
-47,-42,-42,-42,-43
-57,-41,-42,-42,-43
-29,-42,-42,-41,-43
-53,-42,-43,-41,-43
-45,-41,-42,-42,-43
-68,-42,-42,-41,-43
-53,-41,-42,-41,-43
-48,-42,-42,-42,-42
-57,-42,-42,-41,-44
-1,-42,-42,-41,-43
-36,-43,-42,-42,-42
-31,-42,-42,-42,-43
-57,-42,-42,-41,-43
-58,-42,-42,-41,-43
-79,-42,-42,-42,-43
-60,-42,-42,-41,-43
-41,-42,-43,-43,-43
-39,-42,-43,-42,-43
-35,-42,-42,-41,-43
-52,-42,-42,-41,-43
-47,-41,-42,-41,-43
-37,-42,-42,-41,-43
-77,-42,-42,-41,-43
-57,-42,-42,-42,-43
-54,-42,-43,-42,-43
-1,-41,-42,-42,-43
-38,-42,-42,-42,-44
-49,-42,-42,-42,-43
-39,-42,-42,-41,-43
-61,-42,-42,-41,-43
-58,-42,-43,-42,-43
-74,-42,-42,-42,-43
-38,-42,-42,-41,-43
-8,-42,-42,-42,-43
-52,-41,-42,-42,-43
-42,-42,-42,-41,-43
-49,-42,-43,-42,-43
-55,-42,-42,-41,-43
-70,-42,-42,-41,-43
-51,-42,-42,-41,-43
-33,-42,-42,-42,-42
-51,-42,-42,-41,-43
-43,-42,-42,-41,-43
-38,-42,-42,-42,-43
-46,-42,-42,-41,-43
-41,-42,-42,-42,-43
-75,-42,-42,-42,-43
-52,-42,-43,-42,-44
-47,-42,-43,-42,-44
-20,-42,-42,-41,-43
-38,-42,-42,-41,-43
-50,-42,-42,-41,-44
-47,-42,-42,-41,-43
-55,-42,-42,-42,-43
-54,-42,-42,-42,-43
-44,-42,-42,-42,-43
-37,-42,-42,-42,-42
-33,-42,-42,-42,-44
-55,-42,-43,-41,-43
-33,-42,-42,-41,-43
-69,-41,-42,-41,-42
-51,-42,-42,-42,-44
-65,-41,-42,-41,-43
-51,-42,-43,-42,-43
-29,-42,-42,-42,-43
-51,-42,-41,-41,-43
12,-43,-42,-42,-43
-31,-44,-42,-41,-43
-54,-42,-42,-41,-43
-57,-43,-43,-42,-42
-64,-42,-42,-42,-42
-31,-42,-43,-42,-43
-43,-42,-42,-41,-43
-25,-42,-43,-41,-43
-33,-42,-42,-42,-43
-50,-41,-41,-41,-43
-59,-43,-42,-42,-43
-98,-42,-42,-42,-43
-38,-42,-42,-41,-43
-41,-42,-43,-43,-43
-51,-43,-43,-41,-43
-28,-42,-42,-41,-44
-38,-41,-41,-40,-43
-43,-42,-42,-42,-42
-75,-42,-42,-41,-43
-48,-42,-42,-41,-43
-52,-42,-43,-42,-43
-57,-42,-43,-42,-43
-35,-42,-42,-41,-43
-37,-42,-43,-42,-43
-16,-42,-42,-41,-44
-46,-41,-42,-42,-43
-63,-41,-42,-41,-43
-51,-42,-42,-42,-43
-57,-42,-42,-42,-43
-35,-42,-42,-42,-43
-41,-42,-42,-42,-42
-30,-42,-42,-42,-43
-46,-42,-42,-42,-43
-47,-43,-43,-42,-43
-45,-42,-43,-42,-43
-76,-42,-42,-41,-44
-41,-42,-42,-41,-43
-53,-42,-42,-43,-42
-56,-42,-42,-41,-43
-29,-41,-42,-42,-43
-54,-42,-42,-42,-43
-43,-43,-42,-41,-43
-66,-42,-42,-41,-44
-51,-42,-42,-42,-43
-49,-42,-42,-42,-43
-52,-42,-42,-41,-43
3,-42,-42,-41,-43
-31,-44,-42,-41,-43
-30,-43,-42,-41,-43
-51,-42,-42,-41,-43
-52,-42,-42,-41,-42
-73,-42,-42,-42,-43
-54,-42,-42,-41,-43
-36,-43,-42,-42,-43
-39,-42,-42,-41,-44
-35,-42,-41,-41,-43
-53,-42,-43,-42,-43
-60,-41,-42,-41,-43
-32,-41,-43,-41,-43
-74,-41,-42,-41,-43
-59,-42,-42,-41,-43
-40,-42,-43,-41,-43
-2,-41,-42,-41,-43
-34,-43,-43,-42,-43
-61,-42,-42,-42,-43
-43,-42,-42,-41,-43
-58,-43,-42,-42,-43
-58,-42,-42,-42,-44
-55,-43,-43,-42,-43
-39,-42,-42,-41,-43
-7,-41,-42,-42,-42
-45,-42,-42,-42,-43
-43,-42,-41,-41,-43
-48,-42,-42,-41,-43
-58,-42,-42,-41,-43
-60,-42,-42,-41,-43
-51,-42,-43,-42,-43
-29,-43,-43,-41,-43
-49,-42,-43,-42,-44
-43,-41,-42,-41,-43
-43,-42,-42,-41,-43
-56,-41,-42,-41,-43
-42,-42,-41,-41,-43
-71,-42,-43,-41,-43
-54,-42,-42,-41,-43
-39,-42,-43,-41,-43
-24,-42,-43,-41,-43
-38,-42,-42,-41,-43
-54,-42,-42,-41,-44
-46,-41,-41,-41,-43
-58,-42,-43,-42,-43
-53,-42,-41,-42,-43
-25,-42,-42,-41,-43
-36,-43,-42,-42,-43
-22,-42,-42,-41,-43
-58,-42,-42,-41,-43
-38,-42,-42,-41,-43
-76,-42,-42,-42,-43
-56,-42,-42,-41,-43
-54,-42,-42,-41,-43
-44,-42,-42,-42,-43
-34,-42,-42,-41,-43
-51,-42,-41,-41,-43
-17,-42,-42,-41,-43
-30,-41,-42,-41,-43
-72,-42,-42,-41,-43
-55,-42,-43,-42,-43
-59,-42,-42,-41,-43
-4,-42,-43,-42,-43
-36,-42,-43,-42,-43
-33,-42,-42,-42,-43
-32,-42,-42,-42,-44
-50,-42,-42,-41,-43
-53,-42,-42,-41,-43
-96,-42,-42,-41,-43
-38,-42,-42,-41,-43
-44,-43,-43,-42,-43
-50,-42,-43,-42,-43
-27,-41,-42,-41,-43
-29,-42,-42,-42,-43
-41,-42,-42,-41,-43
-74,-42,-42,-42,-43
-46,-42,-42,-41,-43
-47,-42,-42,-42,-43
-58,-43,-43,-42,-42
-38,-42,-42,-41,-42
-36,-42,-42,-41,-42
-5,-41,-42,-42,-44
-49,-42,-42,-41,-43
-54,-42,-43,-41,-43
-49,-42,-42,-42,-43
-57,-42,-42,-41,-43
-41,-41,-43,-41,-43
-42,-42,-43,-42,-42
-26,-41,-42,-42,-43
-43,-42,-42,-41,-43
-46,-42,-42,-41,-43
-45,-42,-42,-41,-43
-74,-41,-42,-41,-43
-40,-42,-43,-42,-43
-55,-43,-43,-42,-43
-54,-42,-42,-41,-43
-28,-41,-42,-41,-43
-39,-42,-42,-41,-43
-42,-42,-42,-41,-44
-64,-41,-42,-41,-43
-49,-42,-42,-42,-43
-51,-41,-42,-41,-44
-53,-42,-42,-42,-43
-9,-43,-43,-42,-43
-34,-42,-43,-42,-43
-23,-42,-43,-41,-43
-53,-43,-42,-41,-43
-50,-42,-42,-42,-43
-71,-42,-42,-41,-43
-53,-42,-42,-41,-43
-34,-42,-43,-42,-43
-36,-42,-42,-42,-43
-33,-42,-42,-41,-43
-50,-42,-42,-42,-43
-61,-42,-42,-41,-43
-31,-42,-43,-42,-43
-72,-42,-43,-42,-43
-51,-42,-43,-42,-44
-42,-42,-42,-42,-43
4,-42,-42,-41,-42
-30,-44,-42,-42,-42
-57,-43,-43,-41,-43
-43,-42,-42,-41,-43
-57,-42,-43,-41,-43
-55,-42,-42,-42,-44
-49,-42,-42,-42,-43
-34,-42,-43,-42,-44
-5,-42,-43,-42,-44
-42,-42,-42,-42,-43
-42,-42,-42,-41,-43
-45,-42,-42,-42,-43
-52,-42,-42,-41,-43
-49,-42,-42,-42,-43
-44,-42,-42,-42,-43
-23,-42,-43,-42,-43
-43,-42,-42,-41,-43
-38,-42,-42,-42,-42
-37,-42,-43,-42,-44
-62,-41,-42,-41,-43
-38,-41,-42,-42,-43
-58,-42,-42,-42,-42
-49,-42,-42,-42,-43
-30,-42,-42,-42,-43
-20,-42,-43,-41,-43
-33,-43,-43,-41,-43
-52,-41,-42,-41,-43
-43,-42,-42,-41,-43
-53,-42,-43,-42,-43
-49,-42,-42,-41,-43
-20,-41,-42,-42,-43
-30,-42,-43,-42,-43
-20,-42,-42,-42,-43
-52,-42,-42,-41,-42
-30,-41,-42,-42,-42
-75,-42,-43,-42,-43
-48,-42,-42,-41,-43
-51,-43,-43,-42,-43
-44,-42,-43,-42,-43
-28,-42,-42,-41,-43
-45,-42,-42,-41,-43
1,-41,-42,-41,-43
-25,-43,-42,-41,-43
-59,-42,-42,-41,-44
-53,-42,-43,-42,-43
-57,-43,-42,-42,-43
-14,-42,-43,-42,-44
-37,-42,-43,-42,-43
-25,-42,-43,-42,-43
-26,-42,-42,-41,-43
-37,-42,-43,-42,-43
-47,-42,-43,-42,-43
-89,-41,-42,-41,-43
-33,-42,-41,-41,-42
-42,-42,-42,-41,-43
-48,-42,-42,-42,-43
-27,-42,-42,-41,-43
-15,-42,-42,-42,-43
-31,-43,-42,-42,-43
-71,-42,-42,-42,-43
-40,-42,-43,-42,-44
-41,-43,-43,-42,-44
-49,-42,-42,-42,-43
-32,-41,-42,-41,-43
-31,-42,-42,-42,-43
-5,-42,-42,-41,-43
-40,-42,-42,-40,-43
-59,-42,-43,-42,-43
-44,-42,-42,-42,-43
-49,-42,-42,-41,-43
-22,-42,-43,-42,-43
-34,-43,-42,-42,-43
-26,-42,-42,-42,-43
-38,-42,-42,-41,-43
-42,-41,-42,-41,-42
-38,-42,-42,-42,-43
-69,-41,-42,-41,-42
-35,-42,-42,-41,-43
-46,-42,-42,-42,-43
-44,-42,-42,-42,-43
-26,-43,-42,-41,-42
-37,-42,-42,-41,-43
-36,-41,-42,-42,-43
-62,-42,-42,-41,-43
-42,-41,-42,-41,-43
-39,-42,-42,-42,-43
-45,-42,-42,-42,-43
17,-42,-43,-42,-43
-24,-44,-42,-42,-43
-34,-42,-42,-41,-43
-49,-42,-42,-42,-42
-49,-42,-42,-41,-43
-58,-42,-43,-42,-43
-47,-42,-43,-42,-43
-25,-43,-43,-42,-43
-28,-42,-42,-41,-43
-30,-41,-42,-41,-43
-44,-42,-42,-41,-42
-62,-41,-42,-41,-43
-29,-41,-42,-41,-43
-66,-42,-43,-42,-43
-51,-42,-42,-42,-43
-35,-42,-42,-41,-43
-2,-42,-42,-41,-43
-30,-42,-43,-41,-43
-63,-42,-42,-41,-43
-34,-42,-42,-41,-43
-52,-42,-43,-42,-42
-49,-42,-42,-42,-43
-37,-42,-42,-42,-43
-31,-42,-42,-42,-43
-1,-42,-43,-42,-44
-42,-42,-41,-41,-43
-45,-42,-42,-41,-43
-43,-42,-42,-42,-43
-50,-41,-42,-41,-43
-39,-42,-42,-41,-43
-39,-43,-42,-41,-43
-21,-42,-42,-42,-43
-39,-42,-42,-41,-43
-37,-42,-43,-41,-43
-36,-42,-42,-41,-43
-67,-41,-42,-41,-43
-33,-43,-42,-42,-42
-39,-42,-42,-42,-44
-53,-42,-42,-41,-43
-22,-42,-42,-41,-43
-47,-42,-42,-41,-43
-35,-42,-42,-41,-43
-59,-42,-42,-40,-43
-45,-42,-42,-42,-43
-40,-41,-42,-42,-43
-48,-42,-42,-42,-43
19,-42,-43,-42,-43
-25,-44,-42,-42,-43
-32,-42,-42,-42,-43
-49,-43,-41,-41,-43
-53,-42,-42,-41,-42
-35,-43,-42,-42,-43
-43,-42,-42,-42,-43
-24,-42,-42,-42,-43
-30,-42,-42,-42,-43
-37,-41,-42,-41,-43
-51,-42,-43,-42,-43
-95,-42,-42,-42,-43
-31,-42,-42,-42,-43
-43,-43,-43,-42,-43
-50,-42,-42,-42,-43
-26,-42,-42,-41,-43
-16,-42,-42,-41,-43
-33,-42,-42,-41,-43
-67,-41,-42,-41,-42
-41,-42,-42,-42,-43
-53,-42,-42,-42,-43
-50,-42,-42,-41,-43
-34,-42,-42,-41,-43
-32,-42,-42,-42,-43
-6,-43,-43,-41,-44
-44,-43,-42,-42,-43
-51,-41,-41,-41,-43
-43,-42,-42,-42,-43
-50,-42,-43,-41,-43
-28,-42,-42,-41,-43
-36,-42,-42,-41,-43
-25,-42,-42,-42,-43
-38,-42,-42,-41,-42
-38,-42,-43,-42,-42
-42,-42,-43,-41,-43
-71,-42,-42,-41,-43
-34,-41,-41,-42,-43
-48,-42,-42,-42,-42
-50,-41,-42,-41,-43
-30,-42,-42,-41,-43
-30,-42,-42,-41,-43
-36,-42,-43,-42,-43
-58,-42,-42,-42,-43
-45,-42,-42,-42,-43
-51,-42,-43,-42,-44
-51,-42,-42,-42,-44
3,-42,-42,-41,-42
-26,-44,-42,-41,-42
-21,-43,-42,-41,-43
-53,-42,-42,-41,-43
-53,-42,-41,-42,-42
-63,-42,-42,-42,-43
-49,-41,-42,-41,-43
-30,-42,-42,-41,-43
-35,-42,-43,-42,-43
-30,-42,-42,-42,-44
-45,-42,-42,-42,-43
-44,-41,-42,-41,-43
-29,-42,-42,-41,-43
-73,-41,-42,-41,-43
-52,-41,-43,-41,-42
-48,-42,-42,-41,-43
7,-42,-42,-41,-43
-30,-44,-43,-41,-42
-49,-42,-41,-41,-43
-33,-42,-42,-41,-43
-54,-42,-43,-41,-44
-50,-43,-42,-42,-44
-50,-42,-43,-42,-43
-33,-41,-42,-41,-43
0,-42,-42,-42,-43
-43,-42,-42,-41,-43
-38,-41,-42,-41,-43
-42,-42,-42,-42,-42
-52,-42,-42,-41,-43
-54,-42,-42,-41,-43
-41,-42,-42,-42,-43
-32,-41,-43,-42,-43
-46,-42,-42,-42,-43
-34,-42,-41,-41,-43
-42,-42,-43,-41,-43
-58,-42,-42,-41,-43
-41,-41,-42,-41,-43
-68,-42,-42,-41,-42
-48,-42,-42,-41,-43
-38,-42,-42,-41,-43
-21,-42,-42,-42,-43
-38,-42,-43,-41,-43
-51,-41,-42,-41,-43
-42,-41,-42,-41,-43
-56,-42,-42,-42,-43
-50,-42,-42,-41,-43
-17,-42,-42,-42,-43
-33,-42,-43,-41,-42
-20,-42,-42,-42,-43
-49,-42,-42,-41,-43
-37,-42,-43,-42,-43
-75,-42,-42,-42,-44
-50,-42,-42,-42,-43
-51,-43,-42,-42,-43
-45,-42,-42,-41,-42
-29,-42,-42,-42,-43
-46,-42,-41,-41,-43
-8,-42,-42,-41,-42
-33,-42,-43,-41,-43
-62,-42,-42,-41,-43
-57,-42,-42,-42,-43
-59,-42,-43,-42,-43
-4,-42,-42,-42,-44
-33,-42,-43,-42,-43
-33,-42,-42,-42,-43
-32,-42,-42,-42,-43
-53,-42,-42,-41,-43
-56,-43,-42,-42,-43
-91,-42,-42,-41,-43
-37,-41,-42,-41,-44
-26,-42,-43,-42,-43
-48,-42,-42,-41,-43
-30,-42,-42,-41,-43
-43,-42,-42,-42,-43
-47,-42,-42,-41,-44
-73,-42,-42,-41,-44
-51,-41,-42,-42,-43
-33,-42,-42,-41,-43
-48,-42,-42,-42,-43
-35,-42,-41,-41,-43
-41,-42,-43,-42,-43
-44,-42,-42,-41,-44
-41,-42,-42,-41,-43
-71,-42,-43,-42,-42
-55,-43,-43,-41,-43
-47,-42,-42,-42,-43
-17,-42,-42,-41,-43
-34,-42,-43,-41,-43
-47,-42,-42,-42,-44
-44,-42,-42,-42,-43
-52,-42,-43,-41,-43
-49,-42,-42,-41,-43
-28,-42,-43,-42,-43
-33,-42,-42,-42,-43
-23,-42,-43,-42,-43
-51,-42,-42,-42,-43
-37,-42,-42,-42,-43
-77,-42,-42,-42,-43
-51,-42,-42,-42,-44
-45,-42,-42,-42,-43
-41,-42,-42,-41,-43
-29,-42,-42,-41,-43
-51,-42,-42,-42,-43
-43,-41,-42,-41,-43
-31,-42,-43,-41,-43
-74,-42,-42,-41,-43
-55,-42,-43,-42,-43
-43,-42,-43,-42,-43
2,-42,-42,-41,-43
-33,-43,-42,-41,-43
-55,-42,-42,-42,-43
-37,-42,-42,-41,-43
-56,-41,-42,-42,-43
-54,-42,-42,-42,-43
-58,-42,-43,-42,-43
-36,-42,-43,-41,-42
-2,-42,-43,-42,-43
-48,-42,-42,-42,-43
-35,-41,-42,-41,-43
-43,-42,-42,-41,-43
-51,-41,-42,-41,-42
-60,-42,-43,-42,-43
-45,-42,-42,-41,-43
-30,-42,-42,-41,-43
-47,-42,-42,-41,-43
-36,-41,-42,-41,-43
-40,-42,-42,-42,-43
-51,-41,-42,-41,-43
-40,-42,-42,-41,-43
-71,-43,-42,-42,-43
-53,-42,-42,-42,-44
-39,-42,-42,-41,-44
-18,-42,-42,-41,-43
-36,-42,-42,-42,-43
-42,-41,-42,-41,-43
-44,-42,-42,-41,-43
-54,-42,-42,-42,-43
-50,-42,-42,-42,-43
-45,-42,-42,-42,-43
-35,-42,-42,-41,-42
-24,-42,-42,-42,-43
-56,-42,-42,-42,-43
-35,-41,-42,-40,-43
-75,-42,-42,-42,-43
-49,-42,-42,-41,-43
-53,-41,-42,-41,-43
-44,-42,-42,-41,-42
-30,-42,-42,-41,-43
-50,-42,-42,-41,-43
-13,-41,-42,-42,-43
-29,-42,-42,-41,-43
-64,-42,-41,-41,-43
-54,-43,-43,-42,-43
-56,-43,-42,-42,-42
-12,-42,-42,-42,-43
-42,-42,-42,-42,-43
-27,-42,-42,-41,-42
-29,-41,-42,-41,-43
-54,-42,-42,-42,-43
-56,-41,-43,-42,-43
-90,-42,-42,-42,-43
-36,-42,-42,-41,-43
-30,-42,-43,-42,-43
-51,-42,-42,-42,-44
-29,-42,-42,-41,-44
-45,-41,-42,-41,-42
-47,-42,-42,-42,-42
-73,-42,-42,-42,-44
-46,-41,-42,-42,-43
-43,-42,-43,-42,-43
-53,-42,-42,-42,-43
-37,-42,-42,-42,-43
-36,-42,-43,-42,-43
-27,-42,-42,-42,-43
-45,-42,-43,-42,-43
-67,-41,-42,-41,-43
-52,-42,-42,-42,-43
-51,-42,-42,-41,-43
-21,-42,-42,-42,-43
-40,-43,-42,-42,-43
-32,-42,-42,-42,-43
-44,-42,-42,-41,-43
-54,-42,-42,-42,-43
-49,-42,-42,-42,-43
-51,-42,-42,-42,-43
-35,-41,-42,-41,-43
-21,-42,-42,-41,-43
-53,-42,-42,-42,-43
-35,-41,-42,-41,-43
-79,-42,-43,-42,-43
-48,-42,-42,-41,-43
-54,-42,-42,-41,-42
-46,-42,-42,-42,-43
-30,-42,-43,-41,-43
-51,-42,-42,-41,-44
2,-42,-42,-41,-43
-29,-43,-42,-41,-43
-57,-42,-42,-41,-42
-55,-42,-42,-41,-43
-58,-42,-42,-42,-43
-10,-42,-42,-42,-43
-41,-41,-42,-42,-44
-24,-42,-42,-41,-43
-35,-43,-43,-42,-42
-50,-42,-42,-42,-43
-54,-42,-43,-41,-43
-98,-42,-43,-42,-43
-31,-42,-42,-42,-43
-34,-42,-42,-41,-43
-50,-42,-42,-41,-43
-30,-42,-42,-42,-43
-42,-41,-41,-41,-43
-45,-42,-42,-42,-43
-73,-42,-42,-42,-44
-47,-42,-42,-41,-43
-40,-42,-43,-42,-43
-51,-42,-42,-42,-44
-35,-43,-42,-42,-43
-38,-41,-42,-42,-43
-28,-42,-42,-41,-42
-42,-42,-42,-41,-43
-65,-41,-42,-41,-43
-51,-42,-43,-42,-43
-50,-43,-42,-42,-43
-23,-42,-43,-41,-43
-39,-42,-42,-42,-43
-34,-42,-42,-42,-43
-41,-42,-42,-41,-43
-49,-41,-42,-41,-43
-43,-42,-42,-42,-42
-67,-42,-42,-42,-43
-40,-42,-42,-41,-43
-42,-43,-43,-41,-43
-54,-42,-43,-42,-43
-32,-42,-42,-41,-43
-69,-42,-42,-41,-43
-46,-42,-42,-42,-44
-61,-42,-42,-42,-43
-46,-41,-41,-41,-43
-35,-42,-42,-42,-43
-50,-41,-42,-41,-43
5,-42,-42,-41,-43
-28,-44,-43,-41,-43
-46,-42,-42,-42,-43
-56,-43,-42,-42,-43
-62,-42,-43,-42,-43
-35,-43,-43,-42,-43
-49,-42,-43,-41,-44
-21,-42,-43,-42,-43
-30,-42,-42,-42,-43
-38,-42,-43,-41,-43
-51,-42,-42,-41,-43
-89,-42,-42,-41,-43
-34,-42,-42,-41,-43
-45,-42,-43,-42,-43
-53,-42,-42,-42,-43
-28,-42,-43,-42,-43
-34,-41,-42,-41,-43
-41,-42,-42,-41,-43
-73,-42,-43,-42,-43
-45,-42,-42,-41,-43
-47,-41,-42,-41,-43
-54,-41,-42,-41,-43
-34,-41,-42,-41,-43
-33,-42,-42,-41,-43
-25,-42,-43,-42,-43
-45,-42,-42,-41,-44
-67,-42,-42,-42,-43
-49,-42,-42,-42,-43
-52,-42,-42,-42,-44
-17,-43,-42,-42,-43
-36,-42,-42,-41,-43
-39,-42,-42,-42,-43
-41,-42,-42,-41,-43
-51,-41,-42,-41,-43
-46,-42,-42,-42,-42
-70,-42,-42,-41,-43
-40,-42,-42,-41,-45
-43,-42,-43,-42,-43
-54,-42,-43,-41,-43
-30,-42,-42,-41,-43
-49,-41,-42,-41,-43
-42,-42,-42,-41,-43
-65,-41,-42,-41,-43
-49,-41,-42,-41,-43
-38,-42,-42,-41,-42
-51,-42,-43,-42,-43
15,-42,-42,-42,-43
802,-44,-43,-41,-43
-3572,-45,-42,-41,-43
-7740,-44,-42,-41,-43
-7430,-43,-43,-42,-43
1047,-42,-42,-42,-42
5313,-43,-42,-41,-43
5223,-43,-42,-41,-43
5203,-44,-42,-42,-43
5197,-43,-42,-41,-43
324,-44,-42,-41,-43
-7679,-45,-43,-41,-42
-7701,-44,-42,-41,-43
-7713,-44,-42,-42,-44
-7686,-44,-43,-42,-43
-2566,-43,-43,-42,-44
5220,-41,-41,-41,-43
5153,-42,-42,-41,-43
5143,-43,-41,-41,-42
5157,-44,-42,-41,-43
5138,-43,-42,-41,-43
5146,-44,-43,-41,-43
4938,-44,-43,-42,-43
-1638,-45,-42,-41,-43
-7816,-45,-43,-42,-43
-7700,-44,-42,-42,-43
-7675,-43,-43,-42,-43
-7668,-42,-42,-41,-43
-7664,-42,-42,-42,-43
-7479,-43,-42,-41,-43
1674,-41,-41,-41,-43
5160,-43,-42,-42,-43
5114,-44,-42,-42,-43
5107,-44,-42,-41,-43
5138,-44,-42,-42,-42
5159,-44,-42,-42,-43
-691,-45,-42,-41,-43
-7750,-45,-43,-42,-43
-7669,-44,-42,-41,-43
-7668,-43,-42,-41,-43
-7686,-42,-42,-41,-43
-7652,-43,-42,-42,-43
-7655,-43,-42,-42,-43
-7644,-42,-42,-42,-43
-1754,-42,-43,-42,-43
5159,-41,-41,-42,-43
5096,-43,-41,-41,-43
5121,-44,-43,-42,-42
5153,-44,-43,-42,-43
5166,-44,-42,-41,-43
5156,-43,-42,-41,-43
5147,-44,-42,-42,-42
-456,-45,-42,-42,-43
-7697,-44,-42,-41,-43
-7670,-44,-42,-42,-43
-7700,-43,-42,-42,-43
-7640,-43,-42,-42,-43
-7623,-43,-43,-41,-42
-7626,-44,-42,-41,-44
-2869,-42,-42,-42,-44
5067,-40,-41,-41,-44
5135,-43,-42,-41,-43
5121,-43,-42,-41,-43
5145,-43,-42,-42,-43
5133,-43,-42,-42,-42
5143,-44,-42,-41,-43
5097,-44,-41,-41,-43
-539,-45,-43,-42,-42
-7697,-45,-43,-42,-43
-7649,-43,-42,-41,-42
-7621,-43,-42,-41,-43
-7608,-43,-42,-41,-42
-7607,-42,-42,-41,-43
-7625,-42,-42,-41,-42
-2271,-42,-42,-41,-43
5139,-41,-42,-42,-43
5128,-43,-42,-41,-43
5105,-44,-43,-42,-43
5160,-44,-43,-41,-43
5177,-44,-43,-41,-43
5174,-45,-42,-41,-43
5007,-45,-42,-41,-43
-2645,-45,-42,-41,-43
-7713,-44,-42,-41,-43
-7636,-43,-42,-41,-42
-7609,-43,-42,-41,-43
-7621,-43,-42,-41,-43
-7602,-43,-42,-42,-43
-7304,-44,-43,-42,-43
1897,-42,-42,-41,-43
5245,-43,-43,-42,-43
5193,-44,-43,-42,-43
5231,-43,-42,-42,-43
5237,-43,-42,-41,-43
5234,-43,-42,-41,-42
5223,-44,-41,-41,-43
4844,-43,-41,-41,-43
-6368,-46,-43,-42,-42
-7649,-44,-42,-42,-44
-7649,-43,-43,-42,-43
-7602,-44,-42,-42,-43
-7585,-44,-43,-42,-44
-7586,-43,-42,-41,-44
-3414,-42,-42,-42,-43
5059,-41,-41,-41,-43
5239,-42,-41,-42,-43
5219,-43,-42,-41,-43
5256,-43,-42,-42,-42
5253,-44,-43,-41,-43
5265,-43,-42,-41,-43
5219,-44,-42,-42,-42
-879,-46,-42,-42,-43
-7680,-45,-43,-42,-43
-7608,-43,-42,-42,-43
-7579,-43,-42,-41,-43
-7566,-43,-42,-41,-43
-7563,-43,-41,-41,-42
-7425,-43,-42,-41,-43
124,-42,-42,-41,-44
5364,-43,-42,-41,-43
5255,-45,-42,-42,-43
5234,-44,-43,-42,-44
5287,-44,-42,-41,-43
5305,-45,-43,-41,-42
5299,-44,-42,-41,-43
5136,-45,-43,-41,-43
-3226,-45,-42,-41,-43
-7662,-44,-42,-42,-43
-7610,-42,-42,-42,-44
-7581,-43,-42,-41,-42
-7587,-43,-42,-42,-43
-7571,-43,-43,-42,-43
-6216,-43,-42,-42,-43
3068,-42,-42,-41,-43
5324,-43,-42,-42,-44
5290,-44,-42,-41,-43
5322,-43,-42,-41,-43
5342,-44,-42,-42,-42
5330,-43,-42,-41,-43
5324,-43,-41,-41,-43
5113,-44,-42,-41,-42
-5452,-46,-43,-42,-43
-7628,-44,-42,-41,-43
-7636,-43,-43,-42,-43
-7573,-43,-43,-42,-43
-7568,-44,-43,-42,-43
-7558,-42,-42,-41,-43
-4405,-42,-42,-41,-43
4230,-41,-41,-42,-44
5305,-43,-42,-41,-43
5289,-44,-42,-41,-42
5311,-43,-42,-41,-43
5302,-43,-41,-41,-43
5314,-44,-43,-42,-42
5274,-44,-42,-42,-43
4915,-44,-42,-41,-43
-6582,-46,-42,-41,-42
-7612,-44,-43,-42,-42
-7566,-43,-42,-42,-43
-7546,-43,-42,-41,-43
-7548,-43,-42,-42,-43
-7563,-43,-42,-42,-43
-4452,-42,-42,-41,-43
4161,-41,-42,-41,-42
5288,-43,-41,-42,-43
5277,-44,-43,-42,-43
5308,-45,-42,-41,-43
5346,-44,-43,-42,-43
5323,-44,-42,-42,-43
5353,-44,-42,-40,-43
5123,-44,-42,-41,-42
-5850,-46,-43,-42,-43
-7625,-44,-41,-41,-43
-7569,-44,-43,-42,-43
-7572,-44,-42,-42,-43
-7555,-43,-43,-42,-43
-7534,-43,-42,-42,-43
-6276,-42,-42,-41,-43
3002,-42,-42,-41,-43
5309,-43,-42,-41,-43
5323,-43,-42,-41,-43
5310,-43,-42,-41,-43
5323,-44,-41,-41,-42
5300,-44,-42,-42,-43
5333,-44,-42,-42,-43
3855,-44,-42,-41,-43
-7069,-46,-43,-42,-43
-7585,-44,-43,-42,-43
-7557,-43,-42,-42,-43
-7514,-43,-42,-42,-43
-7534,-44,-43,-42,-42
-7513,-43,-43,-41,-43
-7295,-43,-42,-41,-43
-519,-42,-42,-41,-43
5361,-41,-41,-41,-43
5288,-42,-41,-41,-43
5295,-43,-43,-41,-42
5310,-44,-43,-42,-43
5302,-44,-42,-41,-43
5338,-43,-42,-41,-43
5156,-44,-42,-42,-43
-4873,-45,-42,-42,-43
-7572,-44,-42,-41,-42
-7539,-43,-42,-42,-43
-7529,-43,-42,-42,-43
-7544,-43,-41,-41,-43
-7507,-43,-42,-41,-43
-7514,-43,-42,-42,-44
-3612,-44,-42,-42,-43
5051,-43,-42,-41,-43
5314,-43,-42,-41,-43
5342,-44,-42,-42,-43
5330,-44,-42,-41,-43
5362,-44,-42,-42,-43
5385,-44,-42,-41,-43
5178,-44,-42,-41,-43
-3003,-45,-42,-41,-43
-7646,-44,-43,-42,-43
-7533,-43,-42,-42,-43
-7516,-43,-43,-41,-43
-7534,-44,-43,-42,-43
-7486,-43,-42,-41,-43
-7475,-43,-42,-42,-43
-4452,-43,-42,-41,-42
5062,-41,-42,-41,-43
5354,-42,-42,-41,-43
5346,-43,-42,-41,-42
5340,-44,-42,-41,-43
5366,-44,-42,-41,-43
5352,-44,-42,-42,-43
5366,-44,-42,-41,-43
-258,-45,-43,-42,-43
-7590,-44,-42,-41,-43
-7498,-44,-42,-42,-43
-7499,-43,-42,-42,-42
-7471,-42,-42,-41,-43
-7478,-43,-42,-42,-43
-7468,-43,-43,-41,-43
-7330,-43,-42,-41,-43
1309,-42,-42,-42,-43
5387,-43,-42,-41,-43
5339,-44,-43,-42,-44
5354,-43,-42,-42,-44
5375,-44,-42,-41,-42
5417,-43,-42,-42,-43
5388,-43,-42,-40,-43
5198,-44,-42,-41,-42
-6114,-45,-43,-42,-43
-7521,-43,-43,-41,-43
-7514,-44,-42,-42,-43
-7482,-44,-42,-42,-43
-7464,-44,-42,-41,-44
-7455,-44,-41,-41,-44
-7438,-43,-42,-41,-42
-4894,-42,-42,-42,-43
4749,-41,-41,-40,-43
5379,-44,-42,-42,-43
5372,-44,-42,-41,-43
5387,-44,-42,-41,-43
5390,-45,-42,-41,-43
5387,-44,-42,-42,-43
5217,-44,-42,-42,-43
-3478,-46,-43,-42,-43
-7554,-44,-43,-42,-43
-7460,-43,-42,-41,-44
-7455,-43,-42,-42,-44
-7417,-42,-42,-41,-43
-7437,-43,-43,-42,-43
-7429,-43,-42,-41,-44
-7425,-44,-42,-42,-43
-7241,-43,-42,-42,-43
1888,-42,-42,-41,-43
5447,-43,-42,-42,-43
5411,-44,-42,-41,-43
5414,-44,-42,-41,-43
5438,-43,-42,-41,-43
5441,-44,-42,-41,-42
5265,-44,-43,-42,-43
-6241,-45,-42,-41,-43
-7457,-44,-42,-42,-42
-7438,-44,-42,-42,-43
-7436,-43,-42,-41,-43
-7441,-43,-42,-42,-42
-7410,-43,-43,-42,-43
-7397,-43,-43,-41,-43
-7393,-42,-42,-41,-43
-6819,-43,-43,-41,-43
2593,-41,-42,-42,-43
5513,-43,-42,-41,-43
5446,-44,-42,-41,-42
5472,-44,-42,-42,-44
5461,-44,-42,-41,-43
5473,-44,-42,-42,-42
5223,-44,-43,-42,-43
-6647,-45,-42,-42,-44
-7435,-44,-42,-41,-43
-7411,-43,-42,-42,-42
-7391,-43,-42,-42,-43
-7382,-43,-42,-41,-43
-7342,-43,-42,-42,-43
-7363,-43,-43,-42,-43
-7353,-44,-42,-41,-43
-1917,-42,-42,-42,-43
5491,-41,-42,-42,-43
5438,-43,-43,-42,-43
5469,-44,-42,-41,-43
5477,-44,-43,-42,-43
5486,-44,-42,-42,-43
5298,-44,-42,-41,-43
-2955,-46,-42,-41,-42
-7421,-44,-43,-42,-43
-7377,-43,-42,-41,-43
-7351,-43,-42,-42,-43
-7357,-43,-43,-42,-43
-7345,-43,-41,-41,-43
-7370,-43,-42,-42,-42
-7331,-43,-42,-42,-43
-7119,-43,-42,-41,-44
177,-41,-41,-41,-42
5589,-43,-42,-42,-43
5501,-44,-42,-41,-43
5538,-44,-42,-42,-43
5521,-44,-42,-42,-42
5556,-44,-42,-41,-43
1772,-44,-42,-41,-43
-7298,-46,-43,-42,-42
-7372,-44,-42,-41,-43
-7336,-43,-42,-41,-43
-7348,-43,-42,-40,-43
-7330,-43,-42,-42,-42
-7329,-43,-42,-42,-43
-7303,-43,-42,-41,-43
-7274,-43,-42,-42,-43
-3663,-43,-42,-41,-43
4935,-41,-41,-41,-43
5558,-43,-42,-41,-43
5553,-43,-43,-42,-43
5541,-44,-41,-41,-43
5570,-44,-43,-42,-43
5558,-44,-42,-42,-42
5336,-44,-42,-42,-43
-5547,-45,-42,-41,-42
-7342,-44,-42,-42,-42
-7312,-44,-43,-42,-43
-7309,-43,-42,-41,-43
-7283,-43,-42,-41,-43
-7282,-43,-42,-41,-43
-7273,-43,-41,-42,-43
-7300,-43,-42,-42,-43
-1175,-43,-42,-41,-43
5606,-41,-42,-41,-44
5533,-42,-42,-41,-43
5546,-44,-43,-42,-43
5581,-44,-43,-41,-42
5618,-43,-42,-41,-43
5591,-44,-42,-41,-43
253,-45,-42,-41,-43
-7290,-45,-42,-41,-43
-7297,-44,-43,-42,-43
-7316,-43,-43,-42,-43
-7281,-43,-42,-42,-43
-7276,-42,-42,-41,-43
-7269,-43,-42,-41,-42
-7245,-43,-42,-42,-43
-7058,-42,-42,-41,-43
2443,-41,-42,-41,-43
5661,-43,-42,-42,-43
5600,-43,-42,-41,-43
5594,-44,-42,-41,-43
5602,-44,-43,-41,-43
5585,-43,-42,-41,-43
5396,-43,-42,-41,-43
-5943,-46,-43,-42,-43
-7302,-43,-43,-41,-43
-7283,-43,-42,-42,-43
-7261,-43,-43,-41,-43
-7226,-43,-43,-42,-43
-7242,-43,-42,-42,-43
-7218,-43,-42,-42,-43
-7229,-44,-42,-42,-44
-1024,-42,-42,-41,-43
5663,-42,-42,-42,-43
5599,-43,-42,-42,-43
5597,-44,-43,-41,-43
5613,-43,-42,-41,-43
5588,-44,-43,-42,-42
5637,-43,-42,-41,-43
5655,-44,-43,-41,-43
1209,-45,-43,-42,-43
-7235,-46,-43,-42,-43
-7242,-44,-42,-41,-43
-7245,-43,-43,-42,-43
-7261,-43,-42,-42,-43
-7230,-42,-42,-41,-43
-7236,-43,-41,-41,-43
-7016,-43,-42,-41,-43
219,-42,-42,-41,-43
5734,-43,-41,-41,-43
5657,-43,-42,-42,-42
5625,-44,-42,-41,-43
5661,-43,-42,-41,-43
5642,-44,-42,-42,-42
5649,-43,-42,-42,-43
5626,-44,-42,-41,-43
2525,-44,-42,-41,-43
-7165,-46,-43,-42,-42
-7266,-44,-42,-41,-44
-7255,-43,-42,-41,-43
-7236,-43,-42,-42,-43
-7194,-43,-42,-42,-43
-7219,-43,-43,-41,-43
-7199,-43,-43,-42,-43
-7202,-43,-42,-42,-43
-7000,-42,-42,-41,-43
1233,-42,-42,-42,-43
5748,-43,-42,-41,-44
5626,-44,-42,-41,-44
5634,-43,-42,-41,-43
5646,-45,-43,-42,-43
5652,-44,-43,-41,-42
229,-45,-42,-42,-43
-7308,-46,-43,-42,-43
-7201,-45,-43,-42,-43
-7208,-43,-42,-41,-43
-7195,-43,-43,-41,-43
-7215,-43,-43,-42,-44
-6967,-42,-41,-41,-43
347,-41,-42,-41,-43
5754,-43,-42,-41,-43
5641,-44,-43,-41,-43
5659,-43,-42,-41,-43
5701,-44,-42,-42,-43
427,-45,-43,-41,-44
-7180,-46,-42,-41,-43
-7202,-44,-43,-41,-43
-7185,-43,-42,-42,-43
-7205,-43,-42,-42,-43
-6994,-43,-41,-41,-43
1510,-42,-42,-42,-43
5751,-43,-42,-41,-43
5651,-43,-42,-41,-43
5678,-44,-42,-41,-42
5714,-44,-42,-42,-43
5652,-44,-42,-41,-42
-903,-46,-43,-41,-42
-7285,-44,-43,-42,-44
-7190,-44,-42,-41,-43
-7206,-44,-41,-41,-43
-7173,-43,-42,-41,-43
-7181,-43,-42,-42,-44
-7165,-43,-42,-42,-42
-7157,-43,-42,-42,-42
-3641,-42,-42,-41,-43
5543,-41,-42,-41,-43
5686,-43,-42,-42,-43
5709,-44,-42,-42,-43
5705,-43,-42,-41,-43
5712,-44,-42,-41,-43
5486,-44,-42,-41,-44
-5290,-45,-43,-42,-43
-7205,-43,-42,-41,-43
-7173,-43,-43,-42,-42
-7175,-43,-43,-43,-42
-7144,-43,-41,-42,-43
-7124,-43,-43,-42,-43
-7129,-43,-42,-42,-43
-7105,-43,-42,-42,-43
-3443,-42,-42,-41,-43
5623,-42,-42,-42,-43
5686,-42,-42,-41,-43
5711,-43,-41,-41,-43
5703,-44,-42,-42,-43
5718,-44,-42,-42,-43
5691,-44,-42,-42,-43
5546,-44,-43,-42,-42
-3156,-46,-43,-42,-43
-7199,-44,-42,-42,-43
-7141,-43,-43,-42,-42
-7107,-43,-42,-41,-43
-7120,-43,-42,-41,-43
-7138,-42,-42,-41,-43
-7110,-43,-42,-41,-43
-7118,-43,-42,-41,-43
-3224,-42,-41,-41,-43
5628,-41,-42,-42,-43
5729,-43,-42,-41,-43
5747,-44,-42,-42,-43
5737,-44,-42,-41,-42
5769,-44,-42,-42,-43
5777,-44,-42,-41,-43
5578,-45,-43,-41,-43
-3081,-45,-43,-41,-43
-7182,-43,-42,-42,-43
-7143,-43,-42,-41,-42
-7130,-43,-42,-42,-42
-7142,-43,-42,-42,-43
-7103,-42,-42,-41,-43
-7076,-44,-43,-42,-43
-7090,-43,-42,-42,-43
-1124,-42,-43,-41,-43
5829,-41,-42,-42,-43
5743,-43,-43,-41,-44
5726,-43,-42,-41,-43
5759,-43,-42,-41,-43
5749,-44,-42,-41,-42
5761,-44,-42,-41,-43
268,-45,-42,-41,-43
-7181,-45,-43,-42,-43
-7130,-45,-42,-42,-43
-7110,-43,-42,-41,-43
-7086,-44,-42,-42,-43
-7072,-43,-42,-41,-43
-7076,-43,-42,-42,-44
-7086,-43,-42,-41,-43
-6860,-43,-42,-41,-43
1782,-42,-41,-41,-43
5826,-43,-41,-41,-43
5718,-44,-42,-41,-43
5774,-44,-42,-42,-43
5779,-44,-42,-42,-43
5787,-44,-43,-42,-43
5621,-44,-43,-42,-43
-4157,-45,-42,-41,-43
-7112,-43,-42,-42,-43
-7094,-43,-42,-41,-43
-7071,-43,-42,-41,-43
-7087,-42,-42,-41,-42
-7070,-43,-42,-42,-43
-7103,-43,-42,-42,-43
-6804,-43,-42,-41,-43
1105,-42,-43,-42,-43
5892,-43,-42,-41,-43
5796,-43,-42,-41,-43
5818,-43,-41,-41,-43
5811,-43,-42,-41,-42
5803,-43,-42,-41,-43
5822,-43,-41,-40,-43
854,-45,-42,-42,-43
-7127,-46,-43,-42,-43
-7136,-44,-42,-41,-43
-7073,-43,-42,-42,-43
-7069,-43,-42,-42,-44
-7058,-43,-42,-41,-43
-7035,-43,-43,-42,-43
-7013,-43,-43,-42,-43
-7023,-43,-42,-41,-44
-7029,-42,-41,-40,-43
-4423,-43,-42,-41,-42
5359,-41,-41,-41,-43
5812,-42,-41,-41,-43
5761,-44,-42,-41,-43
5829,-44,-42,-41,-43
5821,-43,-41,-41,-43
5807,-44,-43,-42,-43
-616,-45,-43,-42,-44
-7117,-44,-42,-42,-44
-7039,-43,-42,-41,-43
-7039,-43,-42,-42,-43
-7020,-43,-42,-41,-43
-7033,-42,-41,-41,-43
-7020,-43,-42,-42,-43
-7053,-43,-42,-41,-43
-7000,-43,-42,-42,-43
-1489,-43,-42,-41,-43
5862,-42,-42,-42,-44
5851,-43,-42,-41,-43
5890,-43,-42,-41,-43
5865,-44,-42,-42,-42
5877,-43,-42,-41,-43
5879,-43,-42,-41,-43
5625,-43,-42,-41,-43
-5503,-45,-43,-41,-43
-7096,-43,-43,-41,-43
-7021,-43,-42,-42,-42
-7026,-44,-43,-43,-43
-7008,-44,-42,-41,-43
-6980,-44,-42,-42,-43
-6965,-43,-43,-41,-43
-6726,-43,-42,-41,-43
919,-41,-42,-41,-43
5974,-43,-42,-41,-43
5836,-44,-42,-41,-43
5853,-43,-42,-41,-43
5818,-44,-42,-42,-43
5880,-43,-42,-41,-43
5695,-44,-42,-42,-43
-2180,-45,-43,-42,-43
-7099,-45,-43,-42,-43
-6980,-43,-42,-41,-44
-6988,-43,-42,-41,-43
-7006,-43,-42,-41,-42
-6977,-43,-42,-41,-43
-6989,-43,-42,-42,-43
-6972,-43,-42,-42,-43
-6813,-44,-43,-42,-43
1857,-41,-42,-41,-43
5996,-44,-43,-43,-43
5877,-44,-43,-41,-43
5913,-44,-42,-41,-43
5915,-43,-42,-41,-43
5903,-44,-42,-42,-43
118,-45,-42,-41,-43
-7049,-46,-42,-41,-43
-7005,-44,-43,-41,-43
-6986,-43,-42,-42,-43
-6994,-43,-43,-42,-43
-6959,-43,-43,-42,-43
-6934,-44,-42,-41,-43
-6943,-43,-42,-41,-43
-6908,-42,-42,-40,-43
601,-41,-42,-41,-42
6000,-42,-41,-42,-44
5876,-43,-42,-41,-43
5908,-44,-42,-42,-43
5899,-43,-42,-41,-43
5912,-43,-42,-41,-42
2262,-45,-43,-42,-43
-6929,-46,-43,-42,-44
-6976,-44,-42,-42,-43
-6959,-43,-42,-42,-43
-6935,-43,-42,-42,-43
-6919,-43,-42,-41,-44
-6923,-42,-42,-41,-43
-6941,-43,-42,-42,-43
-6910,-43,-42,-41,-43
-6657,-43,-42,-41,-43
2519,-41,-42,-41,-43
5958,-43,-42,-41,-43
5935,-43,-42,-41,-44
5939,-44,-43,-42,-43
5944,-44,-42,-41,-43
5964,-44,-43,-42,-44
5802,-43,-42,-41,-43
-2311,-45,-43,-42,-43
-6986,-44,-42,-41,-43
-6931,-43,-42,-41,-43
-6942,-43,-43,-41,-42
-6925,-43,-42,-42,-43
-6956,-42,-42,-42,-43
-6902,-43,-43,-42,-43
-6902,-43,-43,-42,-44
-3531,-41,-41,-41,-43
5443,-41,-41,-41,-43
5991,-43,-42,-42,-43
5965,-44,-42,-41,-43
5955,-43,-41,-41,-43
5976,-44,-42,-42,-42
5769,-44,-42,-41,-43
-3025,-45,-42,-42,-43
-7012,-45,-42,-42,-43
-6915,-44,-42,-42,-44
-6903,-43,-42,-42,-43
-6903,-43,-42,-41,-43
-6877,-43,-42,-41,-42
-6874,-43,-42,-42,-42
-6870,-43,-42,-41,-43
-6732,-42,-42,-41,-42
403,-43,-42,-41,-43
6058,-42,-41,-41,-43
5950,-44,-42,-41,-42
5931,-44,-42,-42,-43
5983,-44,-42,-41,-44
5998,-44,-42,-42,-43
1466,-45,-43,-42,-43
-6864,-46,-43,-42,-44
-6873,-43,-41,-41,-43
-6880,-43,-42,-42,-42
-6893,-43,-42,-41,-43
-6868,-42,-42,-41,-43
-6881,-43,-42,-42,-43
-6863,-43,-42,-41,-43
-6880,-43,-43,-42,-43
-2459,-42,-43,-42,-43
5876,-41,-42,-41,-43
6000,-43,-42,-41,-43
6021,-43,-41,-41,-43
6036,-43,-42,-42,-42
6029,-44,-42,-41,-43
6017,-43,-42,-40,-43
5830,-44,-43,-42,-42
-3704,-46,-42,-41,-43
-6911,-45,-42,-41,-43
-6912,-44,-43,-42,-42
-6866,-43,-43,-42,-43
-6850,-44,-42,-42,-43
-6851,-44,-42,-41,-42
-6824,-43,-42,-41,-43
-6626,-43,-42,-41,-43
1672,-41,-42,-40,-42
6116,-43,-42,-41,-43
6007,-43,-42,-41,-43
5998,-43,-42,-42,-43
6012,-44,-42,-41,-43
5978,-44,-43,-42,-43
6014,-44,-42,-41,-43
-25,-46,-43,-42,-43
-6926,-45,-42,-43,-43
-6858,-43,-42,-42,-43
-6835,-42,-42,-41,-43
-6841,-43,-42,-41,-43
-6862,-42,-42,-42,-43
-6832,-42,-42,-41,-43
-6839,-43,-42,-42,-44
-6605,-43,-43,-41,-44
2979,-41,-41,-41,-43
6069,-43,-43,-42,-43
6047,-45,-42,-41,-43
6027,-44,-42,-41,-43
6059,-43,-42,-41,-43
6059,-43,-42,-41,-43
5863,-43,-42,-42,-43
-4441,-45,-42,-42,-43
-6874,-44,-43,-42,-43
-6867,-43,-42,-42,-43
-6849,-43,-42,-41,-42
-6869,-44,-43,-42,-43
-6826,-43,-43,-42,-43
-6794,-43,-43,-42,-43
-6810,-43,-42,-41,-44
-2635,-42,-42,-41,-43
5988,-40,-41,-41,-44
6041,-42,-41,-41,-43
6010,-44,-42,-41,-43
6044,-44,-43,-41,-43
6038,-43,-41,-41,-43
6047,-44,-42,-41,-43
4195,-45,-43,-41,-43
-6294,-46,-43,-41,-44
-6843,-45,-43,-42,-44
-6834,-44,-42,-42,-42
-6810,-43,-42,-42,-43
-6815,-42,-42,-41,-43
-6806,-43,-42,-41,-43
-6830,-42,-42,-42,-43
-6797,-43,-42,-41,-43
171,-42,-42,-41,-43
6139,-43,-42,-42,-43
6009,-44,-43,-42,-43
6047,-44,-43,-42,-42
6070,-44,-43,-42,-43
6057,-43,-42,-42,-43
6073,-44,-42,-41,-43
38,-44,-42,-42,-43
-6918,-45,-43,-41,-43
-6839,-43,-41,-40,-43
-6811,-43,-42,-42,-43
-6822,-43,-42,-41,-43
-6809,-43,-42,-41,-43
-6799,-43,-43,-42,-43
-6780,-43,-43,-42,-44
-5436,-42,-42,-42,-43
4698,-41,-41,-41,-43
6100,-43,-42,-41,-42
6073,-43,-42,-41,-43
6081,-43,-42,-41,-44
6061,-43,-42,-42,-42
6089,-44,-42,-41,-44
5865,-43,-43,-41,-43
-4977,-46,-43,-42,-43
-6865,-44,-43,-42,-43
-6805,-43,-41,-42,-43
-6779,-43,-42,-42,-43
-6789,-43,-42,-41,-42
-6766,-43,-42,-42,-43
-6770,-42,-42,-41,-43
-6765,-43,-42,-42,-43
-1904,-42,-41,-41,-43
6106,-41,-42,-41,-44
6055,-43,-43,-42,-43
6068,-44,-43,-42,-43
6039,-44,-42,-41,-43
6095,-45,-42,-42,-43
6088,-44,-42,-41,-42
5892,-44,-43,-41,-43
-4773,-45,-42,-41,-43
-6792,-44,-43,-41,-42
-6787,-43,-42,-41,-43
-6801,-43,-42,-41,-43
-6773,-43,-42,-41,-43
-6784,-43,-43,-42,-44
-6771,-43,-42,-42,-43
-6780,-44,-43,-43,-43
-6747,-43,-42,-42,-44
-319,-42,-42,-41,-43
6179,-40,-41,-40,-43
6102,-44,-42,-42,-42
6122,-44,-42,-41,-43
6110,-43,-42,-41,-43
6101,-43,-43,-41,-43
5945,-44,-42,-41,-43
-1387,-45,-41,-41,-43
-6895,-45,-43,-42,-43
-6826,-44,-43,-42,-43
-6765,-43,-43,-41,-43
-6760,-42,-43,-41,-43
-6752,-43,-42,-42,-42
-6725,-43,-42,-42,-43
-6727,-42,-41,-41,-43
-6526,-44,-42,-42,-43
2315,-42,-42,-41,-43
6175,-42,-41,-41,-43
6088,-44,-42,-41,-43
6104,-44,-42,-42,-43
6065,-44,-42,-42,-43
6131,-43,-42,-41,-43
1894,-45,-42,-42,-43
-6751,-46,-43,-42,-43
-6755,-43,-42,-41,-43
-6724,-43,-42,-42,-43
-6735,-43,-42,-41,-43
-6745,-43,-42,-41,-43
-6723,-43,-43,-42,-43
-6735,-43,-43,-41,-44
-6720,-43,-41,-41,-43
-2860,-43,-43,-42,-43
6071,-41,-42,-42,-43
6130,-43,-42,-42,-43
6129,-44,-41,-41,-43
6155,-43,-42,-42,-42
6192,-44,-43,-42,-43
6163,-43,-42,-41,-43
783,-45,-42,-42,-43
-6756,-46,-43,-41,-43
-6749,-44,-42,-41,-43
-6739,-44,-43,-42,-43
-6777,-44,-43,-42,-43
-6717,-43,-42,-41,-43
-6724,-43,-42,-42,-43
-6704,-43,-42,-42,-43
-6690,-43,-42,-42,-42
335,-41,-42,-41,-43
6260,-43,-42,-41,-43
6147,-43,-42,-41,-43
6157,-44,-42,-41,-43
6149,-44,-42,-41,-42
6153,-44,-42,-42,-44
5919,-44,-42,-41,-43
-2130,-44,-42,-41,-43
-6793,-44,-43,-42,-43
-6729,-43,-43,-42,-42
-6707,-43,-42,-41,-43
-6680,-43,-42,-41,-42
-6691,-43,-42,-41,-42
-6699,-42,-42,-41,-43
-6679,-43,-42,-42,-42
-6430,-43,-42,-42,-44
3858,-41,-42,-41,-44
6135,-43,-42,-41,-43
6163,-44,-42,-41,-43
6161,-44,-42,-42,-42
6174,-43,-42,-41,-43
6195,-44,-43,-41,-42
1229,-45,-42,-41,-44
-6730,-46,-42,-42,-43
-6705,-44,-42,-42,-43
-6691,-44,-42,-42,-43
-6702,-44,-42,-41,-43
-6692,-43,-42,-41,-43
-6728,-43,-42,-42,-42
-6667,-43,-42,-41,-43
-6481,-42,-42,-41,-43
1286,-41,-42,-42,-43
6293,-43,-42,-42,-43
6215,-43,-42,-41,-43
6191,-44,-42,-41,-43
6203,-44,-42,-42,-43
6209,-44,-42,-42,-44
5957,-45,-42,-41,-43
-6125,-46,-43,-42,-44
-6754,-43,-42,-41,-43
-6690,-43,-42,-41,-43
-6698,-43,-42,-41,-43
-6676,-43,-42,-42,-43
-6654,-43,-42,-42,-43
-6628,-43,-42,-42,-42
-6641,-44,-42,-42,-43
-3317,-42,-41,-41,-43
6010,-41,-42,-42,-43
6197,-43,-43,-41,-44
6194,-43,-41,-41,-43
6155,-43,-41,-41,-43
6219,-44,-42,-41,-42
6224,-44,-42,-41,-43
6005,-43,-42,-41,-44
-5107,-46,-43,-42,-43
-6667,-43,-42,-41,-43
-6668,-43,-41,-42,-42
-6683,-43,-42,-41,-43
-6657,-44,-43,-42,-43
-6665,-42,-42,-42,-43
-6652,-43,-41,-42,-43
-6655,-43,-43,-42,-42
-3992,-42,-42,-41,-43
5086,-41,-42,-41,-44
6229,-43,-42,-41,-43
6244,-43,-42,-42,-43
6239,-43,-42,-41,-43
6238,-44,-42,-42,-43
6145,-44,-43,-41,-43
-358,-45,-43,-41,-43
-6774,-44,-43,-43,-43
-6670,-43,-43,-42,-43
-6679,-43,-43,-41,-43
-6643,-43,-42,-41,-43
-6627,-44,-42,-42,-43
-6631,-43,-42,-41,-43
-6607,-43,-42,-41,-43
-6620,-43,-42,-42,-42
330,-42,-42,-41,-43
6309,-42,-42,-41,-43
6215,-43,-42,-42,-43
6221,-45,-42,-42,-43
6229,-44,-42,-42,-43
6220,-44,-42,-42,-43
6062,-43,-42,-42,-42
-3515,-45,-43,-42,-43
-6672,-44,-42,-41,-43
-6629,-43,-42,-42,-43
-6622,-43,-42,-41,-43
-6619,-43,-42,-41,-43
-6646,-43,-43,-41,-43
-6613,-43,-43,-42,-43
-6614,-43,-42,-42,-43
-6607,-43,-42,-41,-43
-838,-43,-42,-41,-43
6308,-41,-42,-41,-43
6276,-43,-42,-41,-43
6249,-44,-42,-41,-42
6283,-44,-42,-41,-43
6279,-43,-42,-41,-43
4004,-44,-42,-42,-43
-6424,-46,-43,-41,-43
-6631,-43,-42,-42,-43
-6636,-43,-42,-41,-43
-6618,-43,-43,-41,-42
-6629,-44,-43,-42,-44
-6594,-43,-42,-41,-43
-6563,-43,-43,-41,-42
-6578,-43,-42,-41,-43
-2345,-42,-42,-41,-43
6201,-41,-41,-41,-43
6280,-43,-42,-42,-43
6257,-43,-42,-41,-43
6283,-44,-42,-41,-43
6269,-44,-42,-41,-43
6114,-44,-42,-41,-43
-827,-45,-42,-41,-43
-6663,-44,-42,-41,-42
-6633,-43,-42,-41,-43
-6602,-43,-43,-41,-43
-6580,-43,-43,-42,-43
-6555,-43,-43,-42,-43
-6567,-42,-42,-41,-44
-6576,-43,-43,-41,-42
-6554,-43,-42,-42,-43
-3695,-42,-42,-41,-43
5882,-40,-41,-41,-43
6246,-43,-42,-42,-42
6294,-43,-42,-42,-43
6289,-43,-41,-41,-43
6300,-44,-43,-41,-42
6113,-44,-42,-42,-43
-4339,-45,-43,-42,-43
-6594,-44,-43,-42,-43
-6577,-43,-42,-41,-43
-6565,-43,-42,-41,-43
-6576,-43,-42,-41,-43
-6567,-43,-42,-42,-43
-6604,-43,-42,-41,-43
-6543,-43,-41,-41,-43
-6556,-43,-42,-42,-43
-2424,-42,-42,-42,-43
6285,-40,-42,-41,-43
6352,-43,-42,-42,-43
6324,-43,-42,-41,-43
6327,-44,-42,-41,-43
6337,-43,-42,-41,-43
6135,-43,-42,-41,-42
-1265,-44,-42,-41,-43
-6662,-44,-42,-42,-43
-6565,-43,-42,-42,-43
-6579,-43,-42,-41,-43
-6553,-43,-42,-41,-43
-6531,-43,-43,-42,-43
-6505,-43,-42,-41,-43
-6520,-43,-42,-41,-43
-6530,-43,-42,-41,-43
683,-42,-42,-41,-43
6421,-43,-42,-41,-43
6307,-44,-42,-41,-43
6278,-43,-42,-42,-42
6337,-44,-42,-42,-43
6319,-44,-42,-41,-43
6173,-44,-42,-42,-42
-698,-45,-43,-42,-43
-6594,-44,-43,-42,-44
-6546,-44,-43,-42,-43
-6547,-43,-42,-41,-43
-6530,-43,-43,-42,-43
-6545,-43,-42,-41,-43
-6531,-43,-42,-41,-43
-6561,-43,-43,-41,-43
-6508,-43,-42,-41,-43
1067,-42,-43,-42,-43
6434,-43,-42,-41,-43
6350,-43,-42,-42,-43
6371,-43,-43,-42,-43
6358,-44,-42,-41,-44
6352,-43,-42,-41,-43
3852,-44,-42,-41,-43
-6431,-46,-43,-42,-42
-6554,-44,-42,-41,-43
-6586,-43,-42,-42,-43
-6526,-43,-42,-42,-43
-6530,-44,-43,-42,-43
-6513,-42,-42,-41,-43
-6490,-44,-43,-41,-43
-6465,-43,-42,-42,-43
-3087,-42,-42,-41,-43
6177,-40,-42,-41,-43
6378,-43,-42,-41,-42
6349,-43,-42,-41,-43
6358,-44,-41,-41,-42
6316,-44,-42,-42,-42
6378,-44,-42,-42,-43
5363,-44,-42,-42,-44
-6227,-46,-43,-42,-43
-6534,-45,-42,-42,-43
-6488,-42,-41,-41,-43
-6505,-44,-43,-42,-43
-6511,-43,-43,-42,-43
-6493,-42,-42,-42,-43
-6506,-43,-42,-41,-42
-6490,-42,-43,-42,-43
-2759,-42,-43,-42,-43
6190,-41,-42,-41,-43
6392,-44,-42,-42,-43
6370,-44,-42,-41,-43
6399,-43,-42,-42,-43
6410,-44,-43,-41,-43
6398,-44,-42,-42,-43
5980,-43,-42,-41,-44
-5921,-45,-42,-41,-43
-6544,-44,-42,-42,-43
-6520,-43,-43,-41,-43
-6529,-43,-43,-41,-43
-6494,-43,-43,-42,-43
-6462,-43,-42,-42,-43
-6477,-43,-42,-41,-43
-5737,-43,-42,-42,-43
4685,-41,-42,-41,-43
6402,-42,-42,-41,-43
6352,-43,-41,-41,-43
6385,-44,-42,-41,-43
6373,-44,-42,-42,-43
6381,-43,-42,-41,-43
6214,-45,-42,-42,-42
-656,-45,-43,-42,-43
-6562,-44,-43,-42,-43
-6510,-44,-42,-42,-42
-6487,-43,-43,-42,-43
-6495,-43,-42,-42,-43
-6492,-43,-41,-41,-43
-6509,-42,-42,-42,-43
-6475,-42,-43,-41,-43
-5873,-43,-41,-42,-43
4559,-41,-42,-41,-42
6405,-43,-42,-42,-43
6382,-43,-42,-41,-42
6434,-44,-43,-42,-43
6390,-44,-42,-42,-43
6417,-44,-42,-41,-43
6206,-44,-42,-41,-43
-2422,-45,-43,-42,-42
-6563,-44,-42,-41,-43
-6500,-43,-41,-41,-43
-6507,-43,-43,-42,-43
-6491,-43,-43,-42,-43
-6492,-44,-42,-42,-43
-6471,-43,-42,-42,-43
-6444,-43,-43,-42,-43
-4917,-42,-42,-41,-43
5276,-42,-43,-41,-43
6410,-43,-42,-41,-43
6395,-43,-42,-41,-43
6379,-43,-42,-41,-43
6403,-44,-42,-41,-42
6390,-44,-42,-42,-43
6170,-43,-42,-41,-43
-5617,-46,-43,-42,-42
-6507,-44,-43,-41,-43
-6485,-43,-43,-42,-43
-6482,-43,-43,-42,-43
-6461,-43,-43,-42,-44
-6453,-43,-42,-41,-43
-6453,-43,-42,-41,-43
-6473,-43,-42,-42,-43
-2634,-42,-42,-41,-43
6152,-41,-42,-41,-43
6393,-43,-42,-41,-43
6367,-43,-42,-42,-43
6408,-43,-41,-41,-43
6428,-45,-42,-41,-43
6414,-44,-42,-42,-44
3753,-45,-42,-42,-43
-6120,-45,-42,-41,-43
-6489,-44,-42,-41,-43
-6506,-43,-42,-42,-43
-6472,-43,-41,-41,-43
-6474,-43,-43,-42,-43
-6462,-43,-42,-42,-44
-6444,-44,-42,-42,-43
-6251,-43,-42,-42,-43
2970,-42,-43,-41,-43
6495,-43,-42,-41,-44
6421,-44,-42,-41,-43
6411,-43,-42,-41,-43
6422,-44,-42,-42,-42
6400,-43,-42,-42,-43
6239,-44,-42,-42,-43
-3192,-46,-43,-42,-43
-6522,-44,-42,-41,-43
-6510,-44,-43,-42,-43
-6466,-43,-43,-41,-44
-6437,-43,-43,-42,-43
-6452,-43,-42,-42,-43
-6425,-43,-43,-42,-43
-6437,-43,-42,-41,-43
-726,-41,-42,-41,-43
6439,-41,-42,-41,-42
6404,-43,-42,-41,-43
6397,-43,-42,-42,-43
6410,-43,-42,-42,-43
6404,-44,-43,-41,-43
6305,-44,-42,-42,-43
-473,-46,-43,-42,-42
-6569,-45,-43,-42,-43
-6453,-43,-42,-41,-43
-6443,-43,-41,-41,-43
-6442,-43,-42,-42,-43
-6461,-42,-42,-42,-43
-6431,-43,-42,-41,-43
-6443,-43,-42,-42,-42
-1735,-42,-42,-42,-43
6402,-41,-42,-41,-43
6418,-42,-42,-41,-42
6422,-44,-43,-42,-43
6425,-44,-42,-41,-43
6449,-44,-42,-41,-43
6294,-44,-42,-42,-42
-3475,-45,-43,-42,-43
-6481,-43,-42,-41,-43
-6446,-43,-42,-42,-43
-6460,-43,-42,-41,-43
-6446,-43,-42,-41,-43
-6476,-43,-43,-42,-43
-6424,-43,-42,-42,-44
-6427,-43,-42,-42,-43
-6201,-43,-42,-41,-43
3613,-42,-42,-41,-44
6510,-43,-42,-40,-43
6447,-43,-42,-41,-43
6454,-44,-42,-42,-43
6462,-44,-42,-41,-43
6444,-43,-42,-41,-43
6257,-45,-42,-41,-43
-1909,-45,-42,-42,-43
-6486,-44,-42,-41,-43
-6466,-43,-43,-42,-43
-6440,-43,-43,-42,-43
-6423,-43,-42,-41,-43
-6392,-42,-41,-41,-43
-6406,-43,-42,-41,-42
-6412,-43,-42,-41,-43
-2038,-41,-42,-41,-43
6414,-42,-43,-41,-43
6430,-43,-42,-41,-43
6389,-44,-42,-42,-43
6454,-44,-42,-41,-42
6446,-45,-43,-41,-43
6460,-43,-42,-41,-44
4725,-44,-42,-41,-43
-6194,-46,-43,-42,-43
-6444,-44,-42,-42,-43
-6429,-43,-41,-41,-43
-6418,-43,-42,-41,-42
-6429,-43,-42,-42,-43
-6418,-42,-42,-42,-43
-6452,-43,-43,-42,-43
-6399,-43,-42,-42,-43
236,-42,-42,-41,-43
6540,-44,-42,-42,-42
6450,-43,-42,-42,-43
6493,-44,-42,-41,-43
6468,-44,-42,-41,-42
6484,-43,-43,-42,-43
6294,-43,-42,-41,-43
-1737,-45,-42,-41,-43
-6477,-44,-43,-42,-43
-6473,-43,-42,-41,-44
-6419,-43,-42,-41,-43
-6444,-43,-43,-42,-42
-6410,-43,-43,-42,-43
-6403,-43,-42,-41,-44
-6355,-42,-42,-42,-43
-5458,-43,-42,-41,-42
4885,-42,-42,-41,-43
6493,-43,-42,-41,-43
6457,-43,-42,-41,-43
6467,-43,-42,-42,-43
6437,-43,-42,-41,-43
6484,-44,-42,-41,-44
6261,-44,-42,-42,-43
-3704,-45,-42,-42,-43
-6451,-43,-42,-41,-43
-6385,-43,-43,-41,-43
-6406,-43,-42,-41,-43
-6397,-43,-42,-41,-43
-6388,-43,-43,-42,-43
-6399,-43,-42,-41,-44
-6385,-43,-42,-41,-43
-6219,-43,-43,-42,-43
3171,-41,-42,-41,-43
6501,-43,-42,-41,-43
6464,-43,-42,-41,-43
6477,-44,-42,-41,-43
6525,-43,-42,-42,-43
6495,-43,-42,-41,-43
6514,-44,-42,-41,-42
1639,-45,-42,-42,-43
-6445,-45,-43,-42,-43
-6423,-44,-43,-42,-43
-6452,-43,-42,-42,-44
-6398,-43,-42,-41,-44
-6420,-43,-42,-41,-43
-6387,-43,-42,-42,-43
-6375,-43,-42,-42,-43
-5748,-43,-42,-41,-43
4599,-42,-42,-42,-43
6509,-42,-42,-42,-43
6336,-43,-42,-41,-43
6516,-44,-42,-42,-43
6492,-44,-42,-42,-43
6443,-44,-42,-41,-43
6504,-44,-41,-41,-43
6456,-44,-42,-41,-42
618,-45,-43,-41,-42
-6498,-46,-42,-42,-43
-6384,-44,-43,-42,-43
-6401,-43,-42,-41,-43
-6399,-42,-42,-41,-44
-6204,-43,-42,-42,-42
2958,-41,-42,-41,-43
6522,-43,-41,-41,-43
6417,-43,-42,-41,-42
6473,-44,-42,-41,-42
6281,-44,-42,-41,-43
6547,-43,-41,-41,-43
6499,-44,-43,-42,-42
6310,-44,-43,-41,-43
6621,-43,-42,-41,-43
6469,-44,-42,-41,-43
6279,-44,-43,-42,-43
-4543,-45,-42,-41,-43
-6338,-43,-42,-41,-43
1860,-42,-42,-41,-43
-553,-44,-43,-42,-43
-6266,-43,-42,-41,-42
3082,-42,-43,-42,-43
6508,-43,-42,-41,-43
454,-45,-42,-41,-43
-151,-45,-42,-41,-43
6555,-42,-42,-41,-43
6453,-43,-42,-42,-43
6462,-43,-43,-42,-43
6606,-44,-42,-42,-43
6473,-43,-42,-41,-43
6469,-43,-42,-41,-43
2295,-44,-42,-42,-43
6427,-43,-42,-41,-43
6430,-43,-42,-40,-43
6229,-44,-43,-41,-42
-2834,-45,-42,-42,-43
-6575,-44,-43,-42,-43
-6515,-43,-43,-42,-43
-6492,-43,-43,-42,-43
-6494,-42,-42,-42,-43
-6483,-43,-41,-41,-43
-2560,-42,-42,-41,-43
6307,-41,-41,-41,-43
6357,-42,-42,-41,-43
6342,-43,-42,-41,-42
6368,-44,-42,-41,-43
6373,-43,-42,-41,-43
6217,-44,-43,-42,-43
-3495,-46,-43,-42,-43
-6561,-44,-42,-42,-43
-6511,-43,-42,-41,-43
-6498,-44,-43,-42,-43
-6491,-43,-43,-42,-43
-6500,-42,-42,-41,-44
-3247,-42,-42,-41,-43
5589,-41,-42,-41,-43
6346,-42,-41,-41,-43
6347,-44,-42,-42,-43
6384,-44,-42,-42,-43
6372,-43,-41,-42,-43
6396,-43,-41,-41,-43
6382,-44,-42,-41,-42
2031,-44,-42,-42,-44
-6513,-46,-42,-41,-43
-6523,-44,-42,-41,-43
-6513,-43,-42,-42,-43
-6527,-43,-42,-41,-43
-6499,-43,-42,-41,-43
-6262,-43,-42,-41,-43
564,-42,-42,-41,-43
6412,-43,-43,-42,-42
6343,-44,-42,-42,-43
6336,-44,-42,-42,-43
6356,-43,-42,-41,-43
6357,-44,-42,-41,-42
6368,-43,-42,-41,-43
6362,-43,-42,-41,-42
6132,-44,-43,-41,-42
-5623,-45,-43,-42,-43
-6573,-44,-43,-41,-43
-6512,-44,-43,-42,-43
-6517,-43,-42,-42,-43
-6499,-43,-42,-42,-43
-6502,-43,-42,-41,-43
-1174,-42,-43,-41,-43
6325,-41,-42,-41,-42
6272,-42,-42,-41,-43
6320,-44,-42,-42,-43
6303,-44,-43,-41,-43
6330,-44,-43,-41,-43
6335,-44,-43,-42,-43
6369,-44,-43,-42,-43
-199,-45,-43,-42,-43
-6613,-43,-42,-41,-43
-6537,-44,-43,-42,-43
-6531,-43,-42,-42,-43
-6521,-43,-42,-42,-43
-6547,-43,-42,-42,-42
-6321,-43,-43,-42,-43
712,-42,-42,-41,-43
6406,-43,-42,-42,-43
6302,-44,-42,-42,-43
6350,-44,-42,-42,-43
6335,-43,-42,-41,-43
6351,-43,-42,-41,-43
6345,-43,-42,-41,-44
6148,-43,-42,-41,-43
-3503,-45,-42,-41,-43
-6622,-43,-42,-42,-43
-6542,-43,-42,-41,-43
-6555,-44,-42,-42,-43
-6528,-43,-43,-42,-43
-6521,-43,-43,-42,-43
-3709,-43,-43,-41,-43
4982,-41,-42,-42,-43
6329,-43,-42,-41,-44
6318,-43,-42,-42,-43
6323,-43,-41,-41,-43
6334,-43,-42,-41,-43
6311,-43,-42,-41,-43
6343,-44,-43,-42,-42
-49,-45,-43,-42,-43
-6618,-43,-43,-42,-43
-6554,-43,-42,-42,-43
-6514,-43,-42,-42,-43
-6524,-43,-42,-42,-44
-6507,-43,-42,-41,-43
-6509,-43,-42,-41,-43
-6330,-43,-42,-41,-43
2337,-41,-42,-41,-43
6313,-43,-42,-41,-43
6322,-44,-42,-42,-43
6311,-44,-42,-41,-44
6338,-44,-43,-42,-43
6345,-44,-43,-42,-43
6169,-44,-42,-42,-43
-3931,-45,-43,-41,-43
-6569,-43,-43,-41,-42
-6539,-43,-42,-42,-43
-6530,-43,-41,-40,-43
-6522,-43,-42,-41,-42
-6546,-43,-42,-41,-43
-3662,-42,-42,-41,-43
5025,-42,-42,-42,-43
6323,-43,-42,-41,-44
6335,-44,-42,-41,-43
6378,-44,-41,-41,-43
6358,-44,-42,-42,-43
6371,-43,-42,-41,-43
6366,-43,-42,-40,-43
2270,-45,-42,-42,-42
-6254,-45,-43,-42,-43
-6596,-43,-42,-41,-43
-6541,-44,-43,-41,-43
-6551,-43,-43,-42,-43
-6529,-43,-42,-42,-43
-6116,-43,-43,-42,-44
3201,-42,-42,-42,-43
6354,-42,-42,-42,-43
6344,-43,-41,-41,-43
6343,-44,-42,-41,-42
6345,-43,-42,-41,-43
6354,-43,-41,-41,-43
6325,-44,-42,-41,-43
6236,-43,-42,-41,-43
-966,-44,-42,-42,-43
-6678,-44,-43,-43,-43
-6555,-44,-42,-41,-44
-6520,-42,-42,-42,-43
-6531,-42,-42,-42,-43
-6526,-42,-42,-41,-42
-6029,-43,-42,-41,-43
3641,-41,-41,-41,-43
6324,-43,-42,-42,-43
6283,-43,-42,-41,-43
6336,-43,-42,-40,-43
6326,-44,-42,-42,-42
6340,-44,-42,-41,-43
6356,-44,-42,-41,-44
6203,-44,-42,-41,-42
-2976,-45,-42,-42,-42
-6633,-44,-43,-42,-43
-6566,-42,-42,-41,-43
-6566,-42,-42,-41,-43
-6551,-43,-42,-41,-43
-6581,-43,-42,-42,-44
-2962,-43,-42,-42,-43
6064,-41,-42,-42,-44
6295,-43,-42,-41,-43
6321,-44,-43,-42,-43
6334,-44,-42,-41,-43
6335,-44,-42,-42,-43
6329,-43,-42,-41,-43
6146,-44,-42,-42,-43
-2042,-45,-43,-42,-42
-6710,-43,-42,-41,-43
-6609,-44,-42,-42,-43
-6557,-43,-42,-41,-43
-6538,-43,-42,-41,-43
-6546,-43,-42,-42,-43
-6259,-43,-43,-42,-44
3514,-42,-41,-41,-43
6324,-42,-41,-41,-43
6286,-43,-41,-41,-43
6311,-44,-42,-41,-43
6310,-43,-42,-41,-42
6319,-44,-42,-42,-43
6311,-44,-43,-42,-43
2205,-44,-42,-41,-43
-6285,-46,-43,-42,-42
-6599,-45,-43,-42,-43
-6562,-43,-42,-41,-43
-6563,-43,-42,-41,-43
-6549,-43,-43,-42,-42
-6562,-43,-42,-41,-44
-3742,-42,-42,-41,-43
5495,-41,-42,-42,-43
6281,-43,-42,-41,-43
6283,-44,-42,-42,-43
6312,-44,-42,-42,-43
6319,-45,-43,-42,-43
6311,-43,-41,-41,-43
6303,-44,-43,-42,-43
-475,-45,-43,-42,-44
-6667,-44,-42,-41,-43
-6585,-43,-42,-41,-42
-6564,-43,-41,-41,-43
-6570,-42,-42,-41,-43
-6556,-43,-42,-41,-43
-6580,-43,-43,-42,-43
-6353,-43,-42,-42,-43
2658,-42,-42,-41,-43
6298,-43,-42,-41,-43
6299,-44,-42,-41,-44
6323,-43,-42,-41,-43
6319,-43,-41,-41,-43
6312,-44,-42,-42,-42
3739,-44,-42,-42,-43
-5993,-45,-42,-41,-43
-6596,-44,-43,-41,-43
-6599,-44,-43,-42,-43
-6554,-43,-42,-41,-43
-6543,-43,-42,-42,-42
-6546,-43,-42,-42,-44
-3782,-42,-42,-41,-43
5118,-40,-41,-41,-43
6297,-43,-42,-41,-41
6278,-44,-42,-40,-43
6305,-43,-41,-41,-43
6303,-44,-43,-41,-42
6310,-43,-42,-42,-43
6125,-43,-42,-41,-43
-3231,-46,-43,-42,-43
-6635,-44,-43,-42,-43
-6572,-43,-42,-41,-43
-6546,-42,-42,-41,-43
-6561,-43,-42,-41,-43
-6541,-43,-42,-41,-43
-1077,-42,-42,-41,-43
6300,-41,-42,-42,-43
6275,-43,-43,-41,-43
6279,-43,-43,-41,-43
6310,-44,-42,-42,-42
6315,-44,-42,-41,-43
6339,-44,-41,-41,-43
6319,-44,-43,-42,-43
1242,-45,-43,-42,-42
-6525,-45,-42,-41,-43
-6584,-43,-42,-41,-43
-6587,-43,-42,-41,-43
-6566,-43,-42,-41,-43
-6565,-43,-42,-41,-43
-6557,-43,-43,-41,-43
-3077,-43,-43,-42,-43
5676,-41,-41,-42,-43
6311,-43,-42,-42,-43
6283,-44,-42,-42,-43
6314,-44,-42,-41,-43
6315,-43,-41,-41,-43
6319,-44,-42,-41,-42
6117,-44,-42,-41,-43
-2603,-45,-42,-41,-43
-6666,-44,-43,-42,-42
-6586,-43,-43,-41,-43
-6568,-43,-42,-42,-43
-6553,-43,-42,-42,-43
-6530,-44,-42,-42,-43
-5612,-42,-42,-41,-43
3852,-41,-41,-41,-43
6271,-43,-42,-41,-43
6290,-43,-42,-41,-43
6283,-44,-42,-41,-43
6307,-44,-42,-41,-43
6311,-44,-42,-42,-43
6315,-43,-42,-41,-43
2838,-46,-43,-42,-42
-6145,-45,-43,-42,-43
-6587,-43,-42,-42,-43
-6587,-43,-42,-41,-43
-6564,-43,-42,-41,-43
-6587,-43,-42,-42,-43
-6397,-42,-42,-40,-43
-1070,-42,-42,-42,-43
6334,-41,-42,-41,-44
6270,-43,-42,-41,-43
6275,-44,-43,-42,-43
6330,-44,-42,-42,-43
6311,-44,-42,-42,-43
6340,-44,-43,-42,-43
6126,-44,-43,-42,-43
-2994,-46,-42,-42,-43
-6672,-43,-42,-41,-43
-6589,-44,-42,-42,-42
-6600,-43,-43,-41,-43
-6571,-43,-42,-41,-43
-6563,-43,-43,-41,-42
-6396,-43,-43,-42,-43
2059,-42,-42,-41,-43
6324,-43,-42,-42,-43
6313,-44,-43,-42,-43
6288,-43,-42,-41,-43
6300,-44,-41,-41,-42
6267,-44,-42,-41,-43
6310,-44,-42,-41,-43
1727,-44,-42,-41,-43
-6430,-46,-43,-42,-42
-6606,-44,-42,-42,-43
-6591,-43,-42,-41,-43
-6542,-43,-43,-43,-43
-6556,-43,-42,-41,-44
-6541,-42,-42,-42,-43
-1934,-41,-42,-42,-43
6273,-41,-42,-41,-42
6223,-43,-42,-41,-43
6271,-43,-42,-41,-43
6275,-44,-42,-42,-42
6297,-43,-43,-41,-43
6306,-43,-42,-41,-43
6165,-45,-43,-42,-42
-977,-46,-43,-41,-43
-6701,-44,-43,-42,-43
-6570,-43,-42,-41,-43
-6585,-43,-43,-42,-43
-6571,-43,-42,-42,-43
-6596,-42,-41,-41,-42
-6362,-43,-42,-42,-42
-70,-42,-42,-41,-44
6363,-41,-41,-41,-43
6269,-43,-43,-42,-43
6273,-43,-43,-42,-43
6339,-44,-42,-41,-43
6308,-44,-43,-42,-43
6340,-44,-42,-41,-42
6030,-44,-42,-41,-43
-5227,-45,-42,-41,-42
-6655,-44,-42,-42,-42
-6598,-43,-42,-42,-43
-6604,-43,-42,-42,-43
-6576,-43,-43,-42,-42
-6565,-43,-42,-42,-43
-6389,-43,-42,-42,-43
2478,-42,-43,-42,-43
6309,-43,-41,-42,-43
6304,-43,-42,-41,-43
6283,-43,-43,-41,-43
6294,-44,-42,-41,-43
6259,-44,-42,-41,-43
6255,-44,-42,-41,-43
-1115,-45,-43,-42,-43
-6701,-44,-43,-42,-44
-6587,-43,-42,-41,-43
-6587,-43,-42,-42,-44
-6526,-43,-42,-42,-44
-6556,-42,-43,-41,-43
-6556,-42,-41,-41,-43
-3261,-42,-42,-42,-43
6002,-40,-42,-41,-43
6232,-43,-41,-41,-43
6265,-44,-42,-41,-43
6284,-44,-42,-42,-43
6297,-44,-42,-41,-43
6314,-44,-43,-42,-42
3349,-45,-42,-42,-43
-6113,-46,-43,-42,-43
-6601,-43,-42,-41,-43
-6572,-43,-42,-41,-42
-6579,-43,-42,-42,-43
-6574,-42,-42,-41,-42
-6589,-43,-43,-41,-43
-5683,-43,-42,-42,-43
3961,-41,-42,-42,-43
6290,-43,-42,-41,-43
6294,-44,-42,-42,-43
6291,-44,-42,-41,-43
6367,-45,-42,-41,-43
6317,-43,-42,-41,-43
6144,-44,-42,-41,-43
-2129,-44,-42,-41,-43
-6707,-44,-43,-41,-43
-6621,-43,-42,-42,-43
-6577,-43,-42,-42,-43
-6583,-43,-43,-41,-42
-6559,-43,-42,-42,-43
-6377,-43,-42,-41,-43
2156,-41,-42,-42,-44
6384,-43,-42,-41,-43
6290,-43,-42,-41,-43
6313,-43,-41,-41,-43
6298,-44,-43,-41,-42
6306,-44,-42,-41,-42
6274,-43,-42,-41,-43
2225,-45,-42,-41,-43
-6308,-47,-43,-42,-43
-6608,-43,-42,-42,-42
-6579,-44,-42,-42,-43
-6582,-44,-43,-41,-44
-6516,-43,-42,-41,-43
-6424,-42,-41,-41,-43
-920,-42,-42,-41,-43
6332,-41,-42,-41,-44
6257,-42,-42,-41,-43
6245,-44,-42,-41,-43
6284,-43,-42,-41,-43
6303,-44,-42,-42,-43
6309,-45,-42,-41,-43
6111,-45,-42,-42,-43
-4232,-45,-42,-42,-43
-6585,-43,-42,-41,-43
-6588,-43,-42,-41,-43
-6582,-43,-42,-41,-43
-6577,-42,-42,-41,-43
-6578,-43,-42,-42,-43
-6427,-43,-42,-41,-43
1925,-41,-41,-41,-43
6327,-43,-42,-41,-43
6282,-44,-42,-42,-44
6305,-44,-42,-41,-44
6295,-45,-42,-42,-42
6365,-43,-42,-41,-43
6138,-44,-42,-41,-43
-1327,-45,-42,-41,-43
-6715,-43,-42,-42,-42
-6604,-43,-42,-41,-43
-6585,-43,-42,-42,-43
-6573,-44,-43,-41,-43
-6544,-43,-43,-42,-43
-6548,-43,-42,-41,-43
-1964,-43,-42,-42,-43
6274,-41,-42,-42,-44
6304,-43,-42,-41,-44
6289,-43,-41,-41,-43
6279,-43,-42,-41,-43
6297,-44,-42,-41,-42
6294,-44,-42,-41,-43
5686,-44,-42,-41,-42
-5405,-46,-43,-42,-43
-6609,-44,-42,-42,-42
-6583,-44,-43,-43,-43
-6569,-43,-43,-42,-43
-6571,-43,-42,-41,-43
-6555,-42,-41,-40,-43
-5883,-43,-42,-41,-43
3935,-41,-42,-41,-42
6289,-43,-42,-41,-43
6270,-43,-42,-41,-43
6292,-44,-43,-42,-43
6302,-44,-42,-41,-43
6095,-44,-43,-43,-42
-5273,-46,-43,-42,-43
-6595,-43,-42,-42,-44
-6581,-43,-42,-41,-43
-6530,-43,-42,-41,-43
-6553,-43,-42,-41,-43
-6571,-42,-42,-41,-44
-6547,-44,-42,-42,-42
-6552,-43,-42,-41,-43
-4316,-43,-42,-42,-43
5605,-41,-42,-41,-43
6317,-43,-42,-41,-43
6307,-44,-42,-42,-43
6327,-45,-42,-42,-43
6261,-44,-42,-41,-42
-820,-45,-43,-42,-43
-6658,-43,-42,-42,-43
-6548,-42,-42,-41,-43
-6548,-43,-42,-41,-43
-6544,-42,-42,-41,-43
-6563,-43,-42,-42,-43
-6529,-43,-42,-42,-43
-6517,-43,-42,-41,-43
-6505,-43,-43,-42,-43
-4006,-43,-42,-41,-43
5670,-41,-42,-41,-43
6394,-43,-42,-41,-42
6340,-43,-42,-42,-42
6372,-44,-42,-41,-43
6163,-43,-42,-41,-43
-3810,-45,-42,-41,-42
-6589,-44,-42,-41,-43
-6527,-43,-43,-41,-43
-6533,-43,-43,-42,-43
-6507,-42,-43,-42,-43
-6502,-43,-42,-42,-44
-6497,-42,-42,-41,-43
-6446,-43,-43,-42,-42
-6471,-42,-43,-42,-43
-6448,-42,-42,-41,-43
-5228,-44,-42,-42,-43
5038,-41,-42,-41,-44
6341,-43,-41,-41,-43
578,-44,-43,-42,-42
-5317,-46,-43,-42,-43
917,-43,-42,-41,-43
-5452,-44,-42,-41,-43
-6480,-44,-42,-42,-42
-6441,-43,-43,-42,-43
-6445,-42,-42,-41,-43
-6421,-43,-42,-42,-43
-6438,-43,-42,-42,-43
-6421,-43,-42,-41,-43
-6446,-43,-42,-42,-42
-6416,-43,-42,-42,-43
-6228,-43,-42,-41,-43
1117,-42,-42,-41,-43
-6417,-45,-42,-42,-42
-6405,-43,-43,-41,-43
-6143,-43,-42,-42,-43
2066,-42,-42,-41,-43
5550,-43,-42,-41,-43
3430,-43,-42,-41,-43
-5531,-46,-43,-41,-43
-6397,-43,-41,-42,-43
-6386,-43,-42,-41,-43
-868,-42,-42,-42,-43
-3698,-43,-43,-42,-44
-6396,-43,-43,-41,-44
-6377,-42,-42,-42,-43
-6378,-43,-43,-42,-42
-6353,-42,-42,-41,-43
-6335,-42,-42,-42,-43
-6350,-43,-43,-42,-43
-6327,-43,-42,-42,-43
-6202,-42,-42,-41,-44
2303,-41,-43,-42,-43
6623,-44,-42,-42,-43
6368,-43,-42,-42,-43
5868,-43,-41,-41,-43
6580,-44,-43,-42,-43
6551,-45,-43,-42,-43
1105,-44,-43,-41,-43
-6399,-46,-43,-42,-43
-6361,-44,-42,-42,-43
-6338,-43,-42,-42,-43
-6369,-43,-42,-42,-42
-6340,-43,-43,-42,-43
-6350,-43,-43,-42,-44
-6326,-42,-42,-41,-43
-6319,-43,-42,-42,-42
1781,-41,-41,-41,-43
6748,-43,-42,-41,-43
6569,-43,-42,-42,-42
6599,-43,-42,-42,-43
6564,-44,-42,-41,-43
6577,-44,-42,-41,-43
6352,-44,-42,-41,-43
-1754,-45,-42,-41,-43
-6393,-44,-43,-43,-44
-6354,-43,-42,-42,-43
-6340,-43,-42,-42,-43
-6343,-42,-41,-41,-42
-6284,-44,-42,-42,-42
-6312,-43,-43,-41,-43
-6306,-42,-42,-41,-43
-18,-42,-42,-42,-43
6654,-41,-42,-42,-44
6516,-43,-42,-41,-43
6555,-43,-42,-41,-43
6559,-44,-42,-41,-44
6571,-44,-43,-41,-43
6515,-43,-42,-42,-43
670,-45,-43,-42,-42
-6375,-46,-43,-41,-43
-6343,-43,-42,-41,-43
-6331,-43,-42,-42,-42
-6338,-43,-43,-42,-43
-6338,-43,-42,-41,-43
-6346,-43,-43,-42,-43
-6318,-43,-42,-42,-43
-5342,-43,-42,-42,-44
4997,-41,-41,-41,-43
6610,-43,-42,-42,-43
6564,-43,-42,-42,-43
6633,-43,-42,-41,-43
6579,-44,-42,-42,-42
6406,-44,-42,-41,-44
-1297,-45,-43,-41,-43
-6372,-43,-43,-42,-42
-6370,-43,-43,-42,-43
-6338,-43,-42,-41,-44
-6322,-44,-42,-41,-43
-6314,-43,-42,-42,-43
-6301,-43,-42,-41,-43
-6305,-43,-42,-41,-42
-6253,-43,-42,-42,-43
1516,-41,-42,-41,-43
6671,-42,-41,-41,-43
6551,-44,-43,-41,-43
6554,-43,-42,-41,-43
6534,-44,-42,-42,-43
6344,-44,-43,-42,-43
-5315,-46,-43,-42,-43
-6333,-44,-43,-42,-43
-6315,-42,-42,-41,-43
-6315,-43,-43,-41,-42
-6254,-43,-42,-41,-43
-6290,-43,-42,-41,-43
-6275,-42,-42,-42,-43
-6285,-42,-42,-41,-43
-6050,-42,-42,-41,-43
2279,-42,-42,-41,-43
6681,-43,-42,-41,-43
6574,-44,-42,-41,-44
6582,-43,-42,-41,-43
6599,-44,-42,-42,-42
6343,-44,-42,-42,-43
-5789,-45,-43,-42,-43
-6300,-44,-42,-41,-42
-6292,-43,-43,-42,-43
-6293,-43,-42,-41,-43
-6289,-43,-42,-42,-43
-6301,-43,-43,-42,-44
-6278,-43,-42,-42,-43
-6254,-43,-42,-42,-43
-6038,-42,-42,-42,-43
3218,-41,-41,-41,-43
6717,-43,-42,-41,-43
6660,-44,-42,-41,-42
6610,-43,-42,-42,-43
6628,-44,-42,-41,-43
5547,-44,-42,-41,-42
-6015,-46,-43,-42,-44
-6323,-43,-42,-42,-43
-6284,-43,-42,-42,-43
-6269,-44,-43,-42,-44
-6258,-42,-42,-41,-43
-6244,-43,-42,-41,-43
-6252,-43,-42,-41,-42
-6196,-42,-42,-41,-43
-5999,-42,-41,-41,-43
2883,-42,-42,-41,-42
6747,-43,-42,-41,-44
6605,-43,-42,-41,-43
6580,-45,-42,-42,-43
6616,-44,-42,-41,-44
4715,-44,-42,-41,-43
-6095,-45,-42,-41,-43
-6262,-44,-42,-41,-42
-6263,-43,-42,-41,-44
-6203,-42,-42,-42,-43
-6235,-43,-43,-42,-42
-6233,-42,-42,-42,-43
-6233,-43,-42,-41,-43
-6231,-43,-42,-41,-43
-2359,-42,-42,-42,-43
6557,-41,-42,-41,-43
6653,-42,-42,-42,-43
6640,-44,-42,-41,-42
6654,-44,-42,-41,-43
6457,-43,-41,-41,-43
-106,-45,-42,-42,-42
-6275,-44,-42,-41,-43
-6242,-42,-42,-42,-42
-6242,-43,-43,-42,-43
-6246,-43,-43,-42,-43
-6230,-43,-43,-42,-43
-6221,-44,-43,-42,-43
-6193,-43,-43,-42,-43
-5963,-42,-42,-41,-43
2948,-41,-42,-41,-43
6764,-43,-42,-41,-42
6693,-43,-41,-42,-42
6668,-43,-42,-41,-43
6221,-43,-43,-41,-43
-867,-45,-42,-41,-44
-6265,-43,-42,-41,-43
-6259,-44,-43,-42,-43
-6228,-43,-42,-42,-43
-6209,-43,-42,-41,-43
-6199,-43,-42,-41,-43
-6186,-43,-42,-42,-43
-6191,-43,-43,-42,-43
-6147,-42,-42,-41,-43
1769,-41,-42,-41,-43
6802,-42,-42,-41,-43
6666,-43,-42,-42,-43
6663,-44,-42,-42,-42
6443,-44,-42,-42,-43
1827,-44,-42,-41,-44
2171,-45,-42,-41,-43
-6235,-46,-42,-42,-43
-6201,-44,-42,-42,-43
-6205,-43,-42,-41,-43
-6154,-43,-43,-41,-43
-6180,-43,-42,-41,-43
-6192,-42,-42,-41,-43
-6179,-43,-43,-42,-43
-5958,-43,-42,-42,-43
3419,-42,-42,-41,-44
6793,-43,-42,-41,-43
6717,-43,-42,-41,-42
6524,-44,-42,-42,-43
-2313,-45,-42,-41,-44
-2650,-43,-42,-42,-43
-6157,-43,-42,-42,-43
-6171,-43,-42,-41,-43
-6176,-43,-42,-42,-42
-6169,-43,-43,-41,-43
-6172,-43,-42,-41,-43
-6166,-44,-43,-42,-43
-6151,-43,-43,-42,-44
-840,-42,-42,-41,-43
6790,-41,-42,-40,-43
6746,-43,-42,-42,-43
6726,-43,-42,-42,-43
6796,-43,-41,-41,-43
6519,-44,-42,-41,-43
-3462,-45,-43,-41,-43
-6239,-44,-42,-42,-43
-6170,-43,-42,-42,-43
-6201,-43,-43,-42,-44
-6163,-43,-42,-42,-44
-6142,-43,-41,-42,-43
-6137,-43,-43,-42,-43
-6124,-43,-42,-41,-44
-5879,-42,-42,-42,-43
3907,-41,-42,-42,-42
6842,-43,-42,-41,-44
6753,-43,-42,-41,-44
6744,-44,-42,-42,-43
6557,-44,-43,-42,-43
-1378,-46,-43,-41,-43
-2614,-43,-43,-42,-43
-6168,-43,-43,-42,-42
-6142,-43,-42,-42,-43
-6128,-43,-41,-41,-43
-6133,-43,-42,-42,-42
-6083,-42,-42,-41,-43
-6110,-43,-42,-41,-43
-6118,-43,-42,-41,-43
510,-42,-42,-42,-44
6850,-42,-41,-41,-43
6739,-44,-43,-42,-43
6755,-44,-42,-42,-43
6780,-44,-42,-42,-43
6543,-43,-42,-41,-43
-4511,-46,-43,-42,-42
-5606,-43,-43,-41,-43
-6104,-43,-42,-41,-43
-6127,-43,-43,-41,-42
-6139,-42,-42,-41,-43
-6119,-43,-42,-41,-43
-6126,-43,-43,-42,-43
-6100,-44,-43,-42,-43
-3986,-42,-42,-42,-44
2522,-41,-41,-41,-43
6946,-43,-42,-42,-43
6803,-43,-42,-41,-43
6787,-43,-42,-40,-44
6638,-43,-42,-42,-42
-2672,-45,-42,-41,-43
-658,-43,-42,-41,-43
-6177,-43,-43,-42,-43
-6127,-43,-42,-42,-43
-6111,-43,-42,-41,-43
-6104,-43,-42,-41,-42
-6075,-42,-42,-42,-43
-6078,-43,-42,-42,-43
-5760,-42,-42,-41,-43
-140,-42,-42,-41,-43
6825,-40,-41,-41,-43
6827,-43,-42,-41,-43
6784,-44,-42,-41,-43
6625,-43,-42,-42,-42
-1362,-45,-42,-41,-43
1768,-43,-42,-42,-43
3431,-44,-42,-42,-44
-5940,-46,-43,-42,-43
-6098,-43,-42,-41,-43
-6093,-42,-43,-42,-43
-6094,-43,-42,-42,-43
-6123,-42,-41,-40,-43
-6077,-42,-42,-41,-43
-6103,-43,-42,-42,-43
-1843,-41,-42,-41,-43
6781,-41,-42,-41,-43
6859,-43,-43,-43,-44
6805,-44,-42,-42,-43
3932,-43,-42,-41,-43
-4500,-45,-42,-42,-43
3549,-42,-42,-41,-43
-314,-44,-42,-41,-43
-6150,-44,-42,-41,-42
-6087,-44,-42,-42,-43
-6111,-43,-42,-42,-43
-6082,-43,-42,-42,-43
-6073,-43,-43,-42,-44
-6026,-43,-42,-42,-43
-6050,-43,-42,-41,-43
-518,-42,-41,-41,-43
6899,-41,-42,-42,-43
6820,-43,-42,-41,-43
6674,-43,-42,-41,-43
929,-44,-42,-42,-43
1648,-43,-41,-41,-43
1735,-45,-42,-42,-43
-6111,-46,-43,-42,-43
-6081,-44,-42,-42,-43
-6028,-43,-43,-42,-43
-6051,-44,-43,-42,-44
-6038,-43,-42,-41,-43
-6036,-42,-42,-41,-43
-6044,-43,-43,-41,-43
-6035,-43,-43,-42,-43
2386,-41,-41,-40,-44
6980,-42,-42,-42,-43
6640,-44,-42,-42,-43
1005,-44,-42,-41,-43
2017,-45,-43,-42,-43
6962,-44,-42,-41,-44
2714,-44,-42,-42,-44
-6016,-45,-42,-42,-43
-6045,-43,-42,-42,-42
-4963,-43,-43,-41,-43
-6048,-42,-42,-41,-43
-6082,-43,-42,-41,-43
-6025,-43,-42,-42,-44
-6033,-43,-42,-42,-43
-5601,-43,-42,-42,-43
1676,-42,-43,-42,-43
7046,-42,-42,-40,-44
6713,-43,-42,-41,-43
1757,-44,-42,-42,-42
6934,-43,-42,-42,-43
6876,-43,-42,-41,-43
6644,-44,-43,-42,-42
-4534,-46,-42,-42,-43
-6054,-44,-42,-41,-43
-6036,-43,-43,-42,-43
-6044,-43,-42,-42,-43
-6018,-43,-42,-41,-43
-6026,-42,-42,-42,-43
-6016,-44,-43,-42,-44
-3172,-41,-42,-41,-44
4149,-41,-41,-41,-43
6969,-43,-42,-41,-43
6676,-43,-42,-41,-43
1014,-45,-43,-42,-43
6996,-44,-42,-41,-42
6745,-44,-42,-42,-44
-349,-45,-42,-41,-43
-6042,-44,-43,-42,-43
-4642,-43,-42,-42,-43
-6037,-42,-42,-42,-44
-6054,-43,-42,-42,-43
-6020,-43,-42,-42,-43
-6012,-43,-42,-41,-43
-5950,-42,-42,-41,-43
529,-42,-42,-42,-43
6916,-43,-42,-41,-44
6868,-43,-42,-41,-44
3210,-44,-42,-42,-43
535,-45,-43,-42,-43
6747,-44,-42,-41,-43
2630,-44,-42,-41,-43
-6026,-46,-42,-42,-42
-6030,-44,-42,-41,-44
-5382,-43,-42,-42,-43
-6028,-43,-43,-42,-43
-6006,-44,-43,-41,-43
-6002,-43,-42,-42,-44
-4797,-43,-43,-42,-43
-2243,-43,-42,-42,-43
959,-42,-41,-41,-43
4853,-44,-42,-42,-43
4438,-44,-42,-42,-43
2443,-44,-43,-42,-43
1382,-44,-42,-41,-44
1439,-45,-43,-42,-43
-109,-45,-42,-42,-43
-4045,-43,-42,-41,-43
-1183,-43,-42,-42,-42
-5514,-43,-43,-42,-44
-5994,-43,-42,-41,-43
-6004,-43,-42,-42,-43
-3709,-42,-42,-42,-43
-6019,-43,-42,-42,-43
-5965,-43,-42,-42,-43
140,-42,-43,-42,-43
2747,-43,-42,-42,-43
-3310,-45,-42,-41,-43
1329,-42,-42,-42,-42
5033,-44,-42,-42,-43
-1271,-44,-42,-42,-43
-5382,-44,-43,-42,-43
2135,-42,-42,-42,-43
6891,-43,-42,-42,-42
-1909,-44,-42,-41,-42
-5954,-44,-43,-42,-43
-4355,-43,-42,-41,-43
-3452,-42,-42,-41,-43
-5961,-43,-42,-41,-42
-5964,-43,-42,-42,-43
-5671,-42,-42,-41,-43
-491,-43,-43,-42,-43
-5653,-44,-43,-42,-43
2557,-41,-42,-42,-44
6915,-42,-41,-41,-43
500,-45,-43,-42,-42
-2069,-44,-42,-42,-42
5184,-41,-41,-41,-43
5269,-44,-42,-42,-43
-4795,-45,-42,-42,-43
-4104,-43,-42,-41,-43
-1286,-43,-42,-42,-43
-5972,-43,-42,-42,-43
-5944,-43,-42,-41,-43
-5930,-43,-43,-42,-43
-1597,-42,-42,-42,-43
-4565,-43,-42,-41,-44
-228,-42,-42,-41,-43
6938,-41,-42,-41,-43
2050,-43,-42,-42,-43
-2810,-44,-42,-41,-43
4121,-42,-42,-42,-43
6964,-43,-42,-42,-43
823,-45,-42,-42,-43
-5907,-46,-43,-42,-43
-1305,-43,-43,-41,-43
-4193,-43,-42,-41,-43
-5939,-42,-41,-41,-43
-5969,-43,-42,-42,-43
-5620,-43,-42,-41,-43
661,-42,-42,-41,-43
-5914,-45,-43,-42,-42
-2394,-43,-42,-42,-43
5180,-41,-42,-41,-43
1274,-44,-43,-41,-43
592,-45,-42,-42,-44
7075,-42,-42,-41,-43
6869,-43,-41,-41,-43
-2281,-45,-42,-41,-42
-5967,-44,-42,-41,-43
-5824,-42,-42,-41,-42
-5925,-43,-43,-42,-42
-5907,-43,-43,-41,-43
-5863,-43,-42,-42,-43
589,-42,-42,-42,-42
635,-43,-41,-41,-43
1618,-44,-42,-41,-42
2890,-44,-43,-41,-43
-366,-45,-43,-42,-43
-2771,-43,-42,-41,-43
2760,-42,-42,-41,-43
3279,-44,-42,-42,-42
-3940,-45,-43,-41,-43
-3722,-43,-42,-41,-43
-649,-42,-42,-42,-43
-5367,-43,-43,-42,-43
-5917,-42,-42,-41,-43
-5892,-43,-42,-42,-43
-582,-42,-42,-42,-44
-1228,-42,-42,-42,-43
205,-42,-41,-41,-43
6331,-43,-42,-41,-43
6938,-43,-42,-41,-43
-2928,-44,-42,-41,-43
-3611,-43,-42,-41,-42
4064,-42,-42,-41,-43
-99,-43,-42,-41,-43
-5945,-44,-42,-42,-42
-5892,-43,-42,-42,-43
-2566,-43,-42,-42,-43
-4726,-42,-42,-41,-43
-5852,-43,-43,-42,-43
-2567,-41,-43,-41,-43
1557,-41,-42,-41,-43
1159,-43,-42,-41,-43
5042,-43,-42,-42,-43
5127,-44,-42,-41,-43
-1549,-45,-43,-42,-42
-2918,-43,-42,-42,-43
3201,-42,-42,-41,-43
3065,-44,-43,-42,-43
-4377,-45,-43,-42,-42
-5866,-43,-42,-42,-43
-5867,-43,-41,-41,-43
-5887,-43,-42,-42,-43
-5881,-43,-43,-42,-43
-5866,-43,-42,-41,-43
1498,-42,-42,-41,-43
5857,-43,-42,-41,-43
5926,-43,-42,-41,-43
7072,-43,-43,-42,-43
3634,-44,-42,-41,-44
-3998,-45,-43,-42,-43
396,-42,-42,-41,-43
7067,-43,-42,-42,-42
1564,-44,-43,-41,-43
-5851,-46,-42,-42,-43
-5877,-44,-43,-41,-43
-5862,-43,-43,-42,-43
-5863,-43,-42,-41,-43
-5863,-43,-43,-41,-43
-5855,-42,-43,-42,-43
-438,-41,-42,-41,-44
7059,-41,-42,-41,-43
7087,-43,-42,-42,-43
7059,-44,-42,-41,-43
6915,-43,-42,-41,-43
975,-45,-42,-42,-42
2978,-45,-42,-41,-43
97,-45,-42,-41,-43
-5868,-46,-43,-41,-43
-5883,-44,-42,-42,-42
-5916,-43,-43,-42,-43
-5908,-42,-42,-41,-43
-5858,-43,-42,-41,-43
-5861,-43,-43,-42,-43
-5853,-42,-42,-41,-43
-2166,-43,-42,-42,-43
6949,-41,-42,-41,-43
7090,-43,-42,-41,-43
6980,-43,-42,-41,-43
5937,-44,-42,-41,-43
6504,-43,-42,-41,-43
6979,-44,-43,-42,-43
-1028,-45,-42,-42,-43
-5878,-44,-42,-42,-43
-5826,-43,-42,-42,-43
-5880,-43,-42,-42,-42
-5850,-43,-42,-42,-43
-5847,-42,-42,-41,-43
-5843,-43,-42,-42,-43
-5311,-43,-42,-41,-43
4619,-41,-42,-42,-43
6993,-43,-43,-42,-43
7009,-44,-42,-42,-43
6464,-44,-42,-41,-43
6990,-43,-42,-41,-43
7072,-44,-42,-42,-42
6361,-43,-42,-41,-43
-2353,-45,-42,-41,-43
-1360,-43,-42,-42,-42
-3623,-43,-43,-41,-43
-5882,-42,-42,-41,-43
-5871,-43,-42,-42,-43
-5873,-43,-42,-42,-44
-5863,-43,-42,-42,-43
-5100,-43,-42,-41,-43
4956,-41,-42,-41,-42
7016,-43,-42,-42,-43
5271,-43,-42,-41,-43
4519,-44,-42,-42,-43
7170,-44,-42,-41,-43
7000,-43,-42,-41,-43
3232,-44,-43,-42,-43
-5005,-46,-43,-42,-43
-1348,-44,-42,-41,-43
-2566,-43,-42,-42,-43
-5917,-43,-43,-42,-42
-5875,-43,-42,-41,-43
-5857,-42,-42,-41,-43
-5870,-43,-42,-42,-42
-2652,-42,-42,-41,-43
1049,-41,-41,-41,-43
-2000,-44,-42,-42,-43
4274,-42,-41,-42,-43
7135,-42,-42,-42,-43
6988,-44,-42,-42,-43
6974,-44,-42,-42,-43
4200,-45,-43,-42,-43
1932,-45,-42,-42,-43
-1298,-45,-42,-42,-43
-5633,-44,-43,-41,-43
-5876,-43,-42,-42,-43
-5911,-43,-42,-42,-42
-5875,-43,-42,-42,-43
-5873,-43,-42,-41,-43
-253,-43,-42,-42,-43
-1063,-43,-43,-42,-43
-5257,-42,-42,-42,-43
2585,-41,-42,-41,-43
7222,-43,-42,-41,-42
6951,-43,-42,-41,-43
6904,-43,-42,-41,-43
4226,-44,-42,-41,-43
765,-45,-42,-42,-44
-4233,-45,-42,-41,-43
-5381,-44,-43,-42,-42
-5862,-44,-43,-42,-44
-5854,-42,-42,-42,-43
-5861,-42,-42,-41,-43
-4917,-42,-42,-42,-43
-992,-43,-42,-41,-43
-5867,-42,-42,-42,-43
-2557,-42,-42,-41,-43
6772,-41,-42,-41,-44
7125,-43,-42,-42,-43
6899,-44,-42,-43,-43
1692,-45,-42,-42,-43
1058,-45,-42,-41,-43
-1433,-46,-43,-42,-43
-5843,-44,-43,-42,-43
-5803,-43,-42,-41,-43
-5874,-43,-42,-42,-43
-5874,-42,-42,-41,-43
-5843,-42,-42,-42,-43
-174,-42,-42,-41,-43
-2588,-43,-43,-42,-43
-5831,-43,-42,-42,-44
-1482,-42,-42,-41,-44
7075,-41,-42,-41,-43
7115,-43,-42,-41,-43
6916,-43,-42,-41,-43
1820,-43,-41,-41,-43
1189,-44,-43,-42,-43
-2637,-45,-42,-42,-43
-5850,-43,-42,-41,-43
-5836,-43,-43,-42,-43
-5794,-43,-43,-42,-44
-5819,-43,-42,-42,-43
-79,-41,-42,-41,-43
3675,-42,-42,-42,-43
791,-44,-43,-41,-44
-2509,-44,-42,-41,-43
1967,-43,-42,-42,-43
7162,-43,-42,-41,-43
7072,-44,-42,-41,-43
7010,-43,-43,-41,-43
3227,-44,-43,-41,-42
1842,-43,-42,-41,-43
-2071,-45,-43,-42,-43
-5875,-44,-43,-41,-43
-5841,-43,-42,-42,-44
-5852,-42,-42,-41,-43
-5842,-43,-42,-41,-42
-4057,-43,-42,-42,-43
1809,-41,-42,-41,-43
3738,-43,-42,-42,-43
6074,-43,-42,-41,-43
7170,-44,-42,-41,-43
7043,-43,-42,-42,-43
6962,-43,-42,-42,-43
2617,-44,-42,-42,-43
2702,-45,-43,-42,-43
-134,-45,-42,-42,-43
-4897,-44,-42,-41,-44
-5855,-43,-42,-41,-44
-5848,-44,-42,-41,-43
-5831,-42,-42,-41,-43
-5836,-42,-42,-42,-43
-5847,-42,-42,-42,-43
-1461,-43,-42,-41,-43
3111,-42,-42,-41,-43
7097,-43,-43,-42,-44
7155,-44,-43,-42,-43
7097,-44,-42,-41,-43
6969,-44,-42,-41,-43
4461,-44,-42,-41,-43
2931,-44,-43,-41,-43
-1496,-44,-42,-41,-42
-5874,-44,-42,-42,-43
-5880,-43,-42,-41,-43
-5859,-43,-42,-41,-43
-5858,-43,-42,-42,-43
-5825,-43,-43,-42,-44
-5833,-42,-42,-42,-43
-1669,-43,-42,-41,-43
1194,-42,-42,-41,-43
5999,-42,-42,-41,-43
7204,-43,-42,-41,-43
7064,-44,-43,-41,-43
7001,-44,-42,-41,-43
6957,-44,-42,-41,-43
2968,-44,-43,-42,-43
-3036,-46,-43,-42,-44
-5860,-44,-42,-42,-43
-5855,-43,-42,-41,-43
-5839,-43,-42,-42,-43
-5842,-43,-42,-41,-43
-5839,-42,-42,-41,-43
-5837,-43,-42,-41,-42
-1144,-42,-41,-41,-43
1998,-42,-42,-41,-43
7075,-43,-42,-42,-43
7093,-43,-43,-42,-43
7066,-43,-42,-41,-43
6955,-44,-42,-42,-43
4042,-45,-42,-42,-43
4434,-44,-42,-41,-43
-894,-44,-42,-41,-43
-5873,-44,-43,-42,-42
-5860,-43,-43,-41,-43
-5878,-42,-42,-41,-43
-5847,-43,-42,-42,-43
-5861,-43,-42,-42,-44
-5841,-43,-42,-41,-43
-5328,-43,-43,-42,-43
4940,-42,-42,-41,-43
7147,-43,-42,-41,-43
7078,-43,-41,-41,-43
7057,-44,-42,-41,-43
6960,-43,-42,-41,-43
6938,-43,-42,-41,-43
3185,-44,-42,-41,-42
-1542,-45,-42,-41,-44
-5934,-44,-43,-42,-43
-5869,-43,-42,-42,-42
-5860,-43,-43,-41,-44
-5823,-43,-42,-41,-44
-5838,-42,-41,-42,-43
-5833,-43,-42,-41,-42
-3541,-42,-42,-41,-43
5969,-41,-41,-41,-43
7106,-43,-43,-42,-42
7005,-44,-42,-42,-43
7064,-43,-42,-41,-43
7003,-44,-43,-42,-43
6948,-44,-43,-42,-43
2654,-44,-42,-42,-43
-4163,-45,-42,-42,-43
-5886,-44,-42,-42,-43
-5862,-43,-43,-42,-43
-5857,-43,-42,-41,-44
-5859,-43,-42,-42,-43
-5850,-44,-42,-41,-42
-5870,-42,-42,-41,-44
-2660,-43,-42,-42,-43
3848,-41,-42,-41,-43
7130,-42,-41,-42,-44
7073,-43,-42,-42,-43
7076,-44,-43,-42,-43
7044,-44,-42,-41,-43
6907,-43,-41,-41,-43
-1260,-45,-42,-42,-42
-5901,-44,-42,-42,-43
-5869,-43,-42,-41,-43
-5892,-43,-42,-42,-43
-5846,-43,-43,-42,-43
-5839,-43,-42,-41,-43
-5848,-43,-42,-42,-43
-3121,-42,-42,-42,-43
-2898,-42,-41,-41,-44
624,-41,-41,-41,-43
7139,-43,-42,-40,-43
7069,-44,-42,-41,-43
6943,-43,-42,-41,-43
7044,-44,-42,-41,-43
6900,-44,-42,-42,-43
-2895,-45,-42,-41,-43
-5867,-44,-43,-42,-43
-5862,-43,-42,-41,-43
-5841,-43,-42,-42,-43
-5847,-43,-42,-42,-43
-5835,-43,-43,-41,-44
-4940,-43,-42,-42,-43
2758,-42,-42,-41,-43
-401,-44,-42,-42,-43
3174,-42,-42,-41,-43
7145,-43,-42,-42,-43
7006,-44,-42,-41,-42
7049,-44,-42,-41,-43
7065,-43,-41,-41,-43
3993,-44,-42,-42,-43
-4203,-46,-43,-42,-43
-5871,-43,-42,-41,-43
-5878,-42,-42,-41,-43
-5853,-43,-42,-42,-43
-5849,-42,-42,-41,-43
-5636,-42,-42,-41,-42
3305,-42,-42,-42,-43
5161,-43,-42,-41,-43
3319,-43,-42,-42,-43
5007,-44,-43,-42,-43
5953,-44,-42,-42,-43
5608,-44,-42,-41,-43
6341,-43,-42,-41,-43
4930,-44,-42,-42,-42
1355,-44,-42,-42,-43
-4975,-45,-42,-42,-43
-5882,-44,-42,-41,-42
-5824,-44,-43,-42,-43
-5852,-43,-42,-41,-43
-5835,-43,-42,-42,-42
-4455,-43,-41,-42,-43
5297,-41,-42,-41,-43
7035,-43,-42,-42,-43
7046,-44,-42,-42,-44
6989,-43,-42,-41,-43
4401,-44,-42,-42,-43
3628,-45,-42,-42,-42
3070,-45,-42,-42,-43
-1812,-45,-42,-41,-43
-5089,-43,-43,-42,-43
-5908,-44,-42,-41,-43
-5874,-43,-42,-41,-43
-5869,-43,-43,-42,-43
-5889,-43,-43,-42,-43
-5862,-43,-43,-42,-43
557,-41,-42,-41,-43
7048,-43,-42,-42,-42
7126,-44,-42,-42,-43
7063,-43,-42,-41,-43
7017,-43,-42,-42,-43
6903,-44,-43,-41,-43
2107,-44,-42,-41,-42
-1246,-45,-43,-42,-43
-5907,-44,-42,-42,-43
-5916,-44,-42,-41,-43
-5881,-43,-42,-41,-43
-5871,-43,-42,-42,-43
-5858,-43,-42,-42,-43
-5843,-42,-42,-41,-43
-2789,-42,-42,-41,-43
5670,-41,-42,-41,-43
4962,-43,-42,-41,-43
7120,-43,-42,-41,-43
7079,-43,-43,-41,-44
7056,-43,-42,-41,-43
6818,-44,-42,-42,-43
1317,-44,-42,-42,-43
-3063,-45,-43,-41,-43
-5889,-43,-42,-41,-43
-5864,-43,-43,-42,-42
-5872,-43,-42,-42,-43
-5818,-42,-42,-41,-44
-5849,-43,-42,-42,-42
-5855,-43,-43,-42,-43
2594,-41,-42,-41,-43
6063,-43,-43,-41,-43
5082,-43,-43,-42,-43
7136,-43,-42,-42,-43
7076,-43,-42,-41,-42
6930,-44,-42,-41,-42
6182,-44,-42,-41,-43
4581,-43,-41,-41,-43
-2750,-45,-42,-42,-43
-5889,-44,-42,-42,-43
-5893,-43,-42,-41,-43
-5882,-43,-43,-42,-42
-5886,-43,-42,-42,-43
-5861,-43,-42,-42,-43
-4122,-42,-41,-42,-42
5829,-41,-41,-42,-42
5558,-43,-42,-41,-43
7124,-43,-42,-41,-43
7076,-44,-42,-42,-42
6991,-43,-42,-41,-43
6978,-43,-41,-41,-43
7010,-44,-42,-41,-43
2291,-45,-43,-41,-43
-5889,-46,-42,-42,-43
-5908,-45,-43,-43,-43
-5896,-43,-43,-42,-43
-5869,-43,-42,-41,-43
-5871,-43,-41,-42,-43
-5862,-42,-42,-41,-43
-381,-42,-42,-41,-43
5020,-41,-41,-41,-43
7068,-43,-43,-42,-42
7052,-43,-42,-41,-43
7022,-43,-42,-41,-43
6882,-44,-43,-42,-43
6997,-45,-43,-42,-43
6254,-44,-42,-41,-43
-2620,-45,-43,-42,-43
-5916,-44,-43,-42,-42
-5898,-42,-42,-41,-43
-5905,-42,-42,-42,-43
-5871,-42,-42,-41,-43
-5881,-43,-42,-42,-43
-5662,-42,-42,-41,-43
273,-42,-42,-42,-43
4158,-44,-42,-41,-44
7138,-43,-42,-42,-43
7010,-43,-42,-41,-43
7028,-44,-43,-42,-42
6945,-44,-42,-41,-43
6956,-43,-41,-41,-43
499,-45,-43,-42,-43
-5906,-45,-42,-41,-43
-5906,-44,-42,-41,-43
-5922,-44,-42,-41,-43
-5903,-44,-43,-41,-43
-5908,-43,-41,-41,-43
-5891,-44,-43,-43,-43
-2425,-42,-43,-42,-43
779,-42,-42,-42,-44
6950,-42,-42,-41,-43
7058,-43,-42,-41,-43
7010,-43,-42,-42,-43
6940,-43,-41,-41,-43
5521,-44,-42,-41,-42
3548,-44,-42,-41,-44
-3894,-46,-42,-42,-43
-5946,-44,-43,-42,-42
-5860,-44,-43,-42,-44
-5947,-43,-42,-41,-43
-5882,-43,-42,-42,-43
-5880,-43,-42,-42,-43
-5622,-43,-42,-42,-43
1209,-41,-42,-41,-43
5609,-42,-42,-41,-43
7114,-43,-42,-41,-43
6939,-43,-42,-41,-43
5113,-44,-43,-41,-42
3410,-44,-42,-42,-43
4109,-44,-42,-41,-43
-642,-45,-43,-41,-43
-5875,-44,-43,-42,-43
-5846,-43,-42,-42,-43
-5593,-42,-41,-41,-43
-5910,-43,-42,-42,-43
-5907,-42,-42,-41,-43
-5678,-43,-42,-42,-43
967,-42,-42,-41,-43
1083,-43,-42,-41,-43
6941,-43,-42,-41,-43
7085,-44,-42,-41,-43
6846,-44,-42,-42,-42
-85,-45,-42,-41,-43
2884,-42,-42,-42,-43
2560,-44,-42,-41,-43
-4177,-45,-43,-42,-43
-5936,-43,-42,-41,-43
-5846,-43,-43,-42,-42
-5961,-43,-42,-41,-43
-5889,-43,-42,-41,-43
-5884,-43,-43,-42,-43
1326,-42,-43,-42,-43
3581,-43,-42,-42,-43
1038,-44,-42,-41,-42
7087,-43,-41,-41,-43
6978,-43,-42,-42,-43
4021,-44,-42,-41,-43
-1106,-44,-43,-41,-42
3042,-43,-43,-42,-43
84,-44,-42,-41,-43
-5898,-45,-43,-42,-43
-5890,-44,-42,-42,-43
-5734,-43,-42,-41,-43
-5916,-43,-41,-41,-42
-5890,-42,-42,-42,-43
-3569,-41,-42,-41,-43
5636,-40,-41,-40,-43
4874,-43,-43,-41,-43
6392,-43,-43,-41,-43
7129,-43,-42,-41,-43
6921,-44,-43,-42,-42
529,-45,-43,-42,-43
-1829,-44,-42,-41,-43
-2548,-43,-42,-41,-42
-5902,-43,-43,-42,-42
-5917,-42,-42,-42,-43
-5881,-42,-42,-41,-43
-5856,-43,-42,-42,-43
-5880,-43,-42,-42,-43
-5252,-43,-42,-41,-43
2334,-42,-42,-42,-43
3919,-44,-42,-42,-43
6053,-43,-42,-41,-44
7150,-44,-43,-42,-42
7059,-43,-43,-42,-43
6826,-44,-43,-41,-43
-3669,-44,-42,-41,-43
-4001,-44,-42,-41,-43
-5712,-43,-43,-41,-43
-5895,-42,-42,-42,-43
-5868,-43,-42,-42,-44
-5745,-43,-42,-41,-43
-5676,-43,-42,-40,-43
-5863,-43,-43,-42,-43
-4259,-42,-43,-42,-43
2847,-42,-42,-42,-44
6398,-42,-41,-40,-43
7165,-43,-42,-41,-43
7064,-44,-42,-41,-43
6897,-44,-42,-42,-43
2203,-44,-42,-42,-42
-3490,-46,-43,-41,-43
-5238,-43,-42,-41,-43
-5866,-43,-43,-41,-42
-5870,-43,-42,-42,-43
-5852,-43,-41,-41,-43
-5858,-43,-42,-41,-43
-5855,-42,-43,-42,-42
-4252,-43,-42,-42,-43
1726,-41,-41,-41,-43
3809,-43,-43,-42,-42
7051,-43,-42,-41,-43
7134,-44,-42,-41,-43
7055,-44,-42,-41,-42
6993,-43,-42,-42,-43
3883,-44,-42,-41,-44
2326,-44,-43,-42,-43
-3835,-46,-43,-42,-43
-5886,-44,-43,-41,-43
-5891,-43,-42,-41,-43
-5865,-43,-42,-41,-42
-5846,-43,-43,-42,-43
-5851,-43,-42,-41,-42
1003,-42,-42,-42,-42
6713,-43,-42,-41,-43
6012,-43,-41,-41,-43
7070,-43,-42,-42,-44
7025,-44,-42,-41,-43
6993,-44,-42,-41,-44
5811,-43,-42,-41,-43
5711,-45,-42,-42,-42
3343,-44,-42,-42,-42
-2254,-45,-42,-41,-43
-5922,-44,-43,-42,-42
-5882,-43,-42,-42,-43
-5877,-42,-42,-41,-43
-5904,-43,-42,-42,-42
-5609,-43,-43,-42,-43
3379,-41,-42,-41,-43
5221,-42,-42,-41,-43
6156,-44,-42,-42,-42
7094,-44,-42,-42,-43
6957,-43,-41,-41,-43
3819,-44,-42,-42,-42
4104,-44,-42,-41,-43
6373,-43,-41,-41,-43
4904,-44,-42,-42,-43
-2415,-45,-43,-42,-43
-5922,-44,-43,-41,-44
-5934,-44,-43,-42,-43
-5902,-43,-43,-42,-43
-5877,-43,-42,-41,-43
-5698,-41,-42,-41,-43
2204,-41,-42,-41,-43
1030,-43,-41,-42,-43
5540,-43,-42,-41,-43
7064,-44,-42,-42,-43
6914,-44,-42,-41,-43
3611,-44,-42,-41,-43
2995,-44,-43,-41,-43
4827,-44,-42,-42,-43
3049,-44,-42,-42,-43
-4070,-45,-42,-41,-43
-5839,-43,-42,-42,-42
-4126,-43,-42,-41,-42
-5942,-43,-42,-41,-43
-5901,-43,-42,-41,-43
-2415,-43,-42,-42,-43
-2990,-42,-42,-41,-43
-1053,-43,-43,-42,-43
6532,-41,-43,-41,-44
6990,-44,-42,-42,-43
2341,-44,-41,-41,-43
3144,-44,-42,-41,-42
5295,-44,-42,-41,-43
3138,-44,-42,-41,-42
-379,-45,-43,-41,-43
-1378,-43,-42,-42,-44
568,-42,-42,-41,-43
-2383,-45,-42,-42,-43
-5890,-43,-43,-42,-44
-2273,-42,-42,-41,-43
-855,-42,-41,-41,-43
-5389,-43,-42,-42,-42
-2486,-42,-42,-42,-43
2662,-41,-41,-41,-43
216,-44,-42,-42,-42
-1386,-45,-42,-41,-43
2168,-42,-42,-41,-43
3133,-44,-43,-42,-43
1934,-44,-42,-41,-43
3271,-44,-42,-42,-43
4843,-45,-42,-41,-43
4223,-44,-42,-41,-43
648,-45,-42,-41,-43
-254,-43,-42,-41,-43
-30,-43,-43,-42,-43
-4611,-43,-43,-42,-43
-5884,-42,-42,-41,-43
-5679,-44,-43,-41,-43
-5536,-43,-43,-42,-43
-5677,-42,-42,-41,-43
625,-42,-43,-41,-43
4099,-43,-42,-42,-43
2365,-44,-42,-41,-43
3557,-44,-42,-41,-43
7094,-43,-42,-42,-42
7058,-43,-42,-42,-43
2893,-44,-42,-41,-43
2046,-45,-42,-41,-43
4609,-44,-42,-41,-43
1012,-44,-42,-41,-44
-5526,-46,-43,-42,-43
-5933,-44,-43,-42,-44
-5934,-43,-43,-42,-43
-5883,-42,-42,-42,-44
-5898,-43,-42,-41,-42
-3303,-42,-42,-42,-43
1145,-42,-41,-41,-43
4723,-43,-42,-42,-43
7043,-44,-42,-41,-43
7073,-43,-42,-42,-43
6990,-44,-43,-42,-43
6178,-44,-42,-42,-44
4095,-44,-42,-41,-43
3597,-44,-41,-41,-43
-289,-45,-42,-42,-42
-3520,-44,-42,-42,-43
-5974,-43,-42,-41,-43
-5924,-43,-42,-41,-42
-5927,-43,-42,-42,-43
-5914,-42,-42,-41,-43
-4079,-43,-42,-42,-43
-842,-42,-42,-42,-43
5380,-41,-42,-41,-43
7116,-43,-41,-41,-43
7015,-43,-42,-42,-42
6973,-42,-42,-41,-43
6997,-43,-42,-41,-43
4930,-44,-42,-41,-43
518,-45,-42,-41,-44
-2912,-45,-42,-41,-43
-4019,-44,-42,-42,-43
-5972,-43,-43,-42,-43
-5916,-43,-43,-41,-44
-5920,-44,-43,-42,-43
-5712,-42,-43,-42,-42
-3378,-42,-42,-42,-43
782,-41,-41,-40,-43
6966,-42,-42,-41,-43
7050,-43,-42,-41,-43
6922,-44,-42,-41,-43
6933,-44,-43,-42,-43
6293,-43,-42,-42,-43
3258,-44,-42,-42,-43
-2581,-46,-43,-42,-43
-2102,-43,-42,-42,-43
-2742,-43,-42,-41,-44
-5990,-43,-42,-41,-43
-5969,-43,-42,-41,-43
-5874,-42,-41,-41,-43
-3926,-43,-42,-42,-44
-3705,-43,-42,-42,-43
599,-42,-42,-42,-43
7091,-42,-42,-41,-43
6996,-44,-43,-42,-43
6905,-43,-42,-41,-43
5382,-44,-42,-41,-43
6993,-43,-41,-41,-43
2274,-45,-43,-42,-43
-2750,-45,-42,-41,-43
-324,-43,-42,-42,-43
-3001,-43,-43,-41,-43
-5966,-42,-43,-41,-43
-5932,-42,-42,-41,-43
-5843,-43,-43,-42,-42
-4008,-42,-43,-41,-43
-1154,-42,-42,-41,-44
3582,-41,-42,-41,-43
7013,-43,-41,-41,-43
6960,-43,-42,-41,-43
5727,-44,-42,-41,-43
6908,-44,-42,-42,-43
4890,-44,-43,-42,-43
41,-45,-42,-41,-42
1193,-45,-42,-41,-43
1099,-45,-42,-41,-43
-5732,-45,-42,-42,-43
-5961,-43,-42,-41,-42
-5940,-42,-42,-41,-42
-5944,-43,-42,-41,-43
-3485,-42,-42,-41,-43
3785,-42,-42,-42,-43
6991,-42,-42,-42,-43
6979,-44,-42,-41,-43
6934,-44,-42,-41,-42
6335,-43,-42,-41,-43
5441,-43,-42,-42,-43
1053,-44,-43,-42,-43
-236,-45,-42,-42,-43
2206,-43,-42,-41,-43
-1391,-44,-43,-41,-43
-6013,-43,-42,-42,-42
-5925,-43,-43,-42,-43
-5944,-43,-42,-41,-43
-5930,-43,-42,-42,-43
609,-42,-42,-42,-43
6515,-42,-41,-41,-43
6900,-44,-42,-42,-43
6929,-44,-42,-41,-43
6973,-43,-43,-42,-43
6950,-43,-42,-41,-43
4575,-44,-42,-42,-42
-1998,-45,-42,-42,-42
129,-42,-42,-41,-43
292,-45,-42,-42,-43
-5962,-46,-42,-41,-44
-5974,-43,-42,-42,-43
-5887,-43,-43,-41,-43
-5434,-43,-43,-43,-43
-3769,-43,-42,-42,-43
1964,-41,-42,-41,-43
5696,-44,-42,-41,-42
6997,-43,-42,-41,-43
6985,-43,-42,-41,-43
7003,-43,-42,-41,-42
6878,-44,-42,-41,-44
1084,-44,-42,-41,-43
-2312,-45,-43,-42,-42
201,-43,-42,-42,-43
-3952,-45,-43,-42,-44
-5990,-43,-42,-41,-43
-5959,-43,-42,-42,-43
-5890,-42,-42,-42,-44
-5947,-42,-42,-41,-43
-2446,-42,-43,-42,-42
5037,-40,-41,-41,-43
6984,-42,-41,-41,-43
6944,-44,-43,-42,-42
6954,-44,-42,-41,-44
6901,-44,-42,-42,-44
6383,-44,-42,-41,-42
-2407,-45,-42,-42,-43
-1294,-42,-42,-42,-43
-658,-42,-42,-41,-43
-6027,-43,-43,-41,-42
-5986,-43,-42,-41,-43
-6018,-42,-42,-42,-43
-5948,-43,-43,-42,-43
-5225,-43,-42,-42,-43
2473,-42,-42,-42,-43
6955,-43,-42,-42,-43
6996,-44,-42,-42,-43
6941,-43,-42,-41,-43
6922,-43,-42,-41,-42
6871,-44,-42,-42,-43
2153,-45,-42,-42,-43
-1424,-45,-41,-41,-42
-914,-43,-43,-42,-42
-5395,-43,-42,-42,-43
-6022,-43,-42,-41,-43
-5986,-43,-43,-42,-43
-5982,-43,-43,-42,-43
-5875,-43,-42,-42,-43
-524,-42,-42,-41,-43
6815,-41,-42,-41,-42
6932,-43,-42,-41,-43
6923,-43,-42,-41,-43
6910,-44,-42,-42,-42
6829,-43,-42,-42,-43
6816,-43,-42,-41,-43
790,-45,-43,-42,-43
-1153,-45,-42,-42,-43
-2859,-44,-42,-42,-43
-5992,-43,-41,-42,-43
-5990,-43,-42,-42,-43
-6009,-42,-42,-41,-43
-5983,-42,-42,-41,-43
-3889,-43,-42,-42,-43
3460,-41,-42,-41,-43
6921,-42,-42,-41,-43
6908,-44,-42,-42,-43
6925,-44,-43,-42,-43
6889,-44,-42,-41,-43
6848,-43,-42,-41,-43
2718,-44,-43,-41,-43
-1743,-45,-42,-41,-43
-1886,-43,-41,-41,-43
-5825,-43,-43,-42,-42
-6025,-43,-42,-41,-43
-6007,-43,-42,-42,-43
-6012,-44,-42,-42,-43
-5836,-43,-42,-42,-44
1201,-42,-42,-41,-43
6927,-43,-41,-41,-43
6943,-44,-42,-42,-43
6900,-43,-41,-41,-43
6869,-43,-42,-41,-42
6802,-43,-42,-41,-43
3500,-44,-43,-42,-43
385,-45,-42,-41,-43
-202,-45,-42,-42,-42
-4587,-44,-43,-43,-43
-6028,-43,-43,-41,-43
-5986,-43,-43,-42,-44
-6010,-43,-42,-42,-43
-5993,-43,-42,-42,-43
-2583,-41,-42,-41,-43
5820,-41,-42,-41,-43
6899,-43,-42,-42,-44
6844,-43,-42,-41,-43
6870,-44,-42,-42,-43
6857,-44,-42,-42,-43
6783,-43,-42,-41,-43
33,-45,-43,-42,-43
-2206,-45,-42,-42,-43
-1782,-43,-41,-42,-43
-5984,-43,-42,-41,-43
-6027,-43,-42,-41,-43
-6025,-43,-42,-41,-43
-5831,-42,-42,-42,-43
-3191,-42,-42,-42,-43
1781,-42,-42,-42,-43
6739,-43,-41,-41,-43
6931,-43,-42,-41,-42
6871,-44,-42,-42,-43
6875,-43,-42,-41,-43
5157,-43,-42,-41,-43
3108,-44,-42,-41,-42
51,-44,-43,-42,-43
-1955,-44,-42,-41,-43
-5094,-44,-42,-42,-42
-6078,-43,-42,-41,-43
-6018,-43,-42,-41,-43
-5992,-43,-43,-42,-42
-5931,-43,-43,-42,-44
-1409,-42,-42,-42,-43
4526,-41,-41,-41,-43
6373,-43,-42,-42,-43
5898,-43,-42,-41,-43
6921,-44,-42,-41,-44
6892,-44,-42,-41,-42
6800,-44,-43,-41,-43
957,-45,-43,-41,-43
671,-45,-43,-41,-43
-2079,-46,-42,-42,-43
-6108,-43,-43,-41,-43
-6043,-44,-43,-42,-43
-5987,-43,-42,-42,-43
-5074,-43,-42,-41,-43
-3269,-42,-42,-41,-43
2067,-42,-42,-41,-42
6209,-43,-42,-41,-43
5556,-43,-42,-41,-43
4927,-44,-43,-42,-42
6615,-43,-42,-41,-43
6891,-43,-42,-41,-43
4117,-44,-42,-42,-43
1758,-44,-43,-42,-43
779,-45,-42,-42,-43
-5349,-45,-43,-41,-43
-6054,-44,-42,-42,-43
-6051,-43,-42,-41,-43
-5917,-43,-42,-41,-43
-2841,-42,-42,-41,-42
1702,-42,-42,-41,-43
3728,-43,-42,-41,-43
2759,-44,-43,-42,-43
3610,-45,-43,-42,-43
6688,-43,-42,-41,-43
6912,-43,-42,-41,-43
6851,-44,-42,-42,-42
4489,-44,-43,-42,-42
4585,-44,-42,-41,-43
-521,-45,-42,-42,-43
-6127,-44,-43,-41,-43
-6074,-43,-42,-42,-44
-5895,-43,-42,-42,-43
-4278,-43,-42,-42,-43
-3542,-42,-42,-41,-44
1984,-41,-42,-41,-43
6149,-43,-41,-41,-43
5527,-43,-42,-42,-43
4897,-43,-42,-41,-43
6523,-44,-42,-42,-42
6877,-43,-42,-41,-42
6776,-44,-42,-41,-43
2869,-45,-42,-42,-43
1421,-45,-43,-42,-43
-3541,-45,-42,-42,-43
-6092,-43,-42,-41,-43
-6084,-43,-42,-41,-43
-6005,-43,-42,-41,-43
-4581,-42,-42,-41,-43
-1253,-42,-42,-41,-43
3011,-41,-42,-41,-43
5783,-42,-41,-41,-43
6849,-44,-43,-42,-42
6878,-44,-43,-42,-44
6899,-44,-41,-41,-43
6827,-45,-43,-42,-42
3621,-44,-43,-41,-43
2299,-44,-42,-42,-42
-1213,-45,-42,-41,-43
-6090,-43,-43,-42,-43
-6113,-43,-42,-42,-43
-6036,-43,-42,-41,-42
-4913,-43,-42,-41,-42
-2436,-42,-43,-42,-43
582,-42,-42,-42,-43
3230,-43,-43,-42,-43
6761,-43,-42,-42,-43
6859,-44,-41,-41,-43
5458,-43,-42,-42,-43
6080,-43,-42,-41,-42
5035,-44,-42,-41,-42
3278,-44,-41,-40,-42
2095,-44,-42,-42,-43
-2335,-45,-43,-41,-44
-6046,-43,-42,-42,-43
-6062,-43,-43,-41,-43
-5375,-43,-42,-42,-43
-4848,-43,-42,-42,-43
-2668,-42,-41,-41,-43
405,-42,-43,-42,-43
3842,-43,-42,-41,-43
6875,-43,-41,-41,-43
6827,-44,-42,-42,-42
5021,-44,-43,-41,-43
5458,-43,-42,-42,-43
4666,-44,-42,-42,-43
3490,-45,-42,-42,-43
738,-44,-42,-41,-44
-2926,-44,-42,-41,-43
-3744,-43,-42,-41,-43
-3231,-43,-42,-42,-43
-4525,-43,-43,-42,-43
-5656,-43,-42,-42,-43
-3536,-43,-42,-41,-43
-193,-42,-42,-41,-44
2641,-41,-42,-42,-43
4686,-43,-42,-42,-43
5847,-43,-41,-41,-43
6691,-44,-43,-42,-43
6107,-44,-43,-42,-43
5616,-44,-42,-42,-43
4095,-44,-42,-41,-43
-869,-45,-42,-42,-42
-3599,-44,-42,-42,-44
-2132,-42,-41,-40,-43
-2652,-43,-42,-42,-42
-5727,-43,-42,-42,-43
-6061,-43,-42,-41,-43
-1750,-42,-42,-41,-43
1311,-42,-42,-42,-44
1150,-43,-42,-41,-43
2559,-43,-41,-41,-43
6333,-43,-42,-41,-43
6856,-44,-42,-41,-43
6838,-43,-42,-41,-43
6807,-44,-42,-41,-43
3715,-44,-42,-41,-42
-2332,-45,-42,-42,-43
-3975,-44,-43,-42,-42
-2705,-43,-42,-42,-43
-4221,-43,-42,-41,-43
-5974,-42,-42,-41,-43
-3817,-42,-42,-42,-43
554,-42,-42,-41,-43
1687,-43,-41,-42,-43
1006,-44,-42,-42,-43
2832,-45,-43,-42,-43
5389,-43,-42,-42,-43
6041,-44,-43,-42,-43
6832,-44,-42,-41,-44
6812,-43,-42,-41,-43
2045,-43,-41,-41,-43
-1421,-45,-42,-42,-43
-710,-43,-42,-41,-43
-2252,-42,-42,-41,-43
-5904,-43,-43,-42,-43
-6068,-42,-42,-42,-43
-1681,-42,-42,-42,-44
-179,-42,-43,-42,-42
-1133,-42,-42,-41,-43
1008,-42,-41,-41,-44
4716,-44,-42,-41,-43
4945,-44,-42,-42,-42
4402,-44,-43,-41,-43
6842,-43,-42,-41,-42
6774,-44,-42,-41,-42
1437,-44,-42,-42,-43
-1043,-45,-42,-41,-43
936,-43,-42,-42,-43
-1625,-45,-42,-42,-43
-5643,-43,-42,-41,-43
-5150,-43,-42,-42,-43
-2530,-42,-42,-42,-44
-1145,-43,-42,-42,-44
-1012,-41,-42,-42,-43
-56,-41,-42,-41,-43
2032,-41,-42,-41,-43
4986,-42,-42,-40,-43
6863,-44,-42,-42,-43
6744,-44,-42,-41,-43
4762,-44,-42,-41,-43
1517,-45,-43,-42,-43
1380,-45,-42,-42,-44
-1785,-45,-42,-42,-43
-5445,-44,-42,-41,-43
-3140,-43,-42,-42,-42
-1450,-42,-42,-41,-44
-3192,-41,-42,-41,-43
-2547,-42,-42,-42,-42
-191,-42,-42,-41,-43
569,-42,-41,-42,-43
1542,-44,-42,-42,-43
5179,-44,-42,-42,-43
6863,-43,-42,-41,-43
6736,-43,-42,-41,-43
2003,-45,-43,-42,-42
1067,-44,-42,-41,-43
1337,-44,-42,-41,-43
-2636,-45,-43,-42,-43
-3885,-43,-42,-41,-43
-1535,-42,-42,-41,-43
-1914,-43,-42,-42,-42
-3377,-43,-42,-42,-43
-2043,-42,-42,-41,-43
269,-42,-42,-41,-43
970,-43,-42,-41,-43
3283,-44,-42,-41,-43
6829,-43,-41,-41,-43
6787,-44,-42,-42,-43
3301,-44,-42,-42,-43
-12,-45,-42,-41,-43
467,-42,-42,-42,-43
-714,-44,-42,-41,-43
-2148,-44,-41,-41,-43
-861,-43,-42,-42,-42
-1271,-42,-43,-42,-43
-3000,-43,-42,-42,-44
-1914,-42,-42,-41,-43
207,-42,-42,-41,-43
847,-44,-42,-41,-43
1286,-44,-42,-41,-43
4245,-44,-42,-42,-42
6799,-43,-42,-42,-43
6087,-44,-42,-42,-43
-169,-45,-43,-42,-43
64,-42,-42,-42,-43
1692,-44,-42,-41,-43
-427,-43,-41,-41,-43
-1535,-43,-42,-42,-42
-708,-43,-42,-42,-43
-1387,-42,-42,-42,-43
-1985,-42,-42,-42,-43
-865,-42,-42,-42,-44
33,-43,-42,-42,-43
695,-43,-42,-42,-43
2696,-43,-43,-41,-43
5319,-43,-42,-41,-43
5196,-43,-42,-41,-43
1823,-44,-42,-42,-43
736,-45,-42,-41,-43
2390,-44,-42,-42,-43
1068,-45,-43,-42,-43
-1530,-45,-42,-42,-43
-1645,-42,-42,-41,-43
-1693,-43,-42,-42,-43
-1636,-43,-43,-42,-43
-83,-42,-42,-41,-43
588,-42,-42,-42,-43
-66,-44,-42,-41,-42
773,-43,-42,-42,-43
3632,-42,-42,-41,-43
5765,-44,-42,-41,-42
4342,-44,-42,-41,-43
1713,-45,-42,-41,-43
1479,-45,-42,-42,-43
871,-45,-42,-42,-43
-1561,-45,-43,-41,-43
-1966,-43,-42,-41,-42
-1148,-42,-42,-42,-42
-1500,-42,-43,-42,-43
-916,-41,-42,-41,-43
593,-42,-42,-42,-43
637,-44,-42,-42,-44
802,-44,-41,-41,-43
3184,-44,-42,-41,-42
5370,-44,-43,-41,-43
5021,-44,-42,-41,-43
2908,-45,-43,-41,-43
861,-45,-42,-42,-43
-430,-44,-42,-42,-43
-1813,-42,-42,-41,-43
-1625,-43,-42,-42,-42
-212,-43,-42,-41,-43
-647,-42,-42,-41,-43
-993,-42,-43,-41,-43
505,-42,-42,-42,-43
934,-43,-42,-41,-43
528,-45,-42,-42,-43
1962,-45,-43,-42,-43
4727,-44,-42,-41,-43
5640,-43,-42,-41,-42
3051,-45,-42,-42,-43
-350,-45,-42,-41,-43
-1199,-43,-42,-41,-43
-121,-43,-43,-41,-42
92,-42,-42,-42,-43
-68,-44,-42,-41,-43
-249,-43,-43,-43,-43
-512,-42,-42,-42,-43
846,-42,-42,-41,-43
1139,-43,-41,-41,-43
-563,-44,-42,-42,-42
-255,-42,-42,-41,-43
2810,-42,-42,-41,-43
5515,-43,-42,-41,-42
4569,-44,-42,-42,-43
612,-44,-42,-41,-43
-1642,-45,-42,-42,-43
-430,-43,-42,-42,-43
1071,-42,-41,-41,-43
1365,-45,-43,-42,-43
931,-44,-42,-42,-43
-67,-44,-42,-42,-43
196,-42,-42,-41,-43
995,-43,-42,-41,-43
-486,-45,-42,-42,-43
-1712,-42,-42,-40,-43
692,-42,-43,-42,-43
4314,-44,-42,-41,-43
4659,-44,-42,-41,-44
1871,-44,-43,-42,-43
-260,-44,-42,-42,-43
174,-43,-42,-41,-43
1136,-44,-41,-41,-43
828,-44,-42,-41,-42
935,-45,-42,-42,-43
1777,-44,-41,-41,-43
1442,-44,-43,-42,-43
196,-44,-42,-41,-43
-999,-44,-42,-41,-43
-2066,-44,-43,-42,-42
-1862,-42,-42,-41,-43
1101,-42,-42,-41,-43
5268,-43,-41,-41,-43
5174,-43,-43,-41,-43
1582,-44,-42,-42,-43
-70,-44,-42,-42,-43
1133,-43,-43,-41,-43
1823,-43,-42,-41,-43
196,-45,-42,-41,-42
-682,-46,-43,-41,-43
1742,-43,-42,-42,-43
3283,-44,-42,-41,-43
429,-45,-42,-41,-43
-2839,-45,-42,-42,-43
-2719,-43,-42,-41,-43
-920,-42,-42,-41,-43
1583,-42,-42,-41,-43
4085,-44,-42,-42,-42
3677,-44,-42,-41,-43
1962,-44,-42,-42,-43
1890,-45,-41,-42,-43
2566,-44,-42,-41,-43
2158,-45,-42,-41,-43
274,-45,-43,-42,-43
-265,-45,-41,-41,-43
2013,-43,-42,-42,-43
2238,-44,-42,-41,-42
-1531,-45,-42,-42,-43
-3841,-43,-42,-41,-43
-2564,-42,-42,-42,-43
-118,-42,-42,-41,-43
2417,-41,-42,-41,-44
3717,-44,-42,-42,-43
3072,-44,-42,-42,-44
2570,-45,-42,-42,-43
2483,-44,-41,-41,-42
2339,-44,-42,-41,-42
1785,-44,-42,-41,-43
629,-44,-41,-41,-43
1856,-45,-42,-42,-42
3420,-44,-43,-41,-43
-154,-45,-42,-42,-43
-4232,-44,-43,-42,-43
-3105,-43,-42,-42,-44
-1211,-42,-41,-41,-43
-610,-43,-43,-42,-43
1542,-42,-42,-42,-42
3749,-43,-42,-41,-43
3695,-43,-42,-41,-43
2532,-45,-42,-42,-43
2155,-45,-42,-42,-43
3426,-44,-41,-41,-43
3082,-45,-42,-42,-42
787,-45,-42,-42,-43
1549,-44,-42,-41,-43
2154,-45,-42,-42,-43
-1561,-45,-42,-42,-43
-3866,-43,-42,-42,-43
-2367,-43,-42,-41,-42
-1003,-42,-42,-41,-43
209,-42,-42,-41,-43
1834,-44,-42,-41,-43
1807,-44,-43,-41,-42
1569,-45,-42,-41,-43
3198,-44,-42,-41,-42
4702,-44,-42,-41,-43
4705,-44,-42,-42,-43
3360,-44,-42,-41,-44
2254,-44,-42,-41,-43
1722,-44,-42,-41,-43
-939,-45,-43,-42,-43
-4290,-43,-42,-41,-43
-4239,-43,-43,-41,-42
-1988,-42,-42,-41,-44
-30,-42,-42,-41,-43
1931,-41,-42,-42,-43
2991,-43,-42,-41,-43
1612,-43,-42,-41,-43
903,-45,-43,-42,-43
3084,-44,-42,-42,-43
5072,-44,-42,-42,-43
4330,-43,-42,-41,-43
2739,-44,-42,-41,-43
2640,-44,-42,-41,-43
1889,-44,-42,-41,-43
-1285,-45,-43,-42,-43
-4444,-44,-43,-42,-43
-4624,-43,-42,-41,-43
-2225,-43,-42,-43,-43
154,-42,-42,-41,-43
1929,-43,-42,-41,-43
2528,-43,-41,-40,-43
2162,-44,-42,-41,-42
2937,-45,-42,-41,-43
4750,-43,-42,-42,-43
4993,-45,-42,-41,-43
3106,-45,-43,-42,-43
1276,-44,-42,-41,-43
1218,-45,-42,-42,-43
613,-44,-42,-41,-43
-2193,-44,-42,-41,-43
-4274,-43,-42,-41,-43
-3017,-43,-42,-41,-43
-101,-42,-42,-42,-44
1617,-41,-42,-42,-43
2165,-43,-43,-41,-42
2626,-44,-42,-41,-44
2284,-44,-42,-41,-43
2513,-45,-41,-42,-42
3867,-44,-42,-42,-43
3796,-44,-42,-42,-43
1907,-44,-42,-41,-42
633,-45,-42,-42,-43
779,-45,-42,-41,-43
176,-44,-42,-41,-43
-2374,-45,-42,-41,-42
-3377,-43,-42,-41,-43
-298,-42,-42,-41,-43
2772,-42,-42,-41,-42
1932,-44,-43,-42,-43
668,-44,-42,-42,-43
1551,-45,-43,-42,-43
2162,-44,-42,-42,-43
2054,-44,-42,-41,-43
1961,-44,-42,-41,-43
2018,-45,-42,-41,-43
2447,-44,-42,-42,-43
2092,-44,-41,-42,-43
1198,-45,-43,-42,-43
503,-45,-42,-42,-43
-1297,-45,-42,-41,-43
-2689,-43,-43,-41,-43
-369,-42,-43,-42,-43
2535,-41,-42,-41,-43
1767,-43,-42,-42,-43
76,-45,-42,-42,-42
664,-44,-42,-41,-43
2607,-43,-41,-41,-43
3186,-45,-42,-41,-43
1019,-44,-42,-41,-43
63,-44,-42,-41,-43
1995,-45,-42,-42,-42
2731,-44,-42,-42,-43
2127,-44,-42,-41,-43
2130,-44,-41,-41,-42
714,-45,-42,-41,-43
-1439,-45,-42,-41,-43
-1173,-42,-42,-42,-43
-420,-43,-43,-41,-42
-1105,-42,-42,-42,-43
-559,-42,-42,-41,-43
1671,-42,-42,-41,-43
3923,-43,-43,-41,-43
4263,-44,-42,-41,-44
2230,-45,-42,-41,-42
1056,-44,-42,-41,-42
1198,-45,-43,-42,-43
1180,-44,-42,-41,-43
2179,-44,-42,-42,-43
2315,-44,-42,-42,-43
26,-45,-42,-41,-43
-1153,-45,-43,-42,-43
-527,-42,-42,-42,-43
-1233,-43,-43,-41,-43
-2149,-43,-43,-42,-43
-339,-42,-42,-42,-44
2748,-42,-42,-41,-44
4432,-43,-42,-41,-43
3901,-44,-42,-41,-43
3067,-44,-42,-41,-43
2799,-44,-42,-41,-43
1170,-45,-43,-42,-42
260,-45,-42,-41,-42
1331,-44,-42,-41,-43
460,-45,-43,-41,-43
-1503,-45,-42,-42,-43
-730,-43,-42,-41,-43
346,-42,-42,-41,-43
-844,-44,-43,-41,-43
-1449,-42,-42,-41,-43
352,-42,-43,-41,-43
3051,-43,-42,-42,-43
4316,-44,-42,-41,-43
3944,-44,-42,-41,-43
4088,-44,-42,-42,-43
3314,-44,-42,-41,-43
794,-44,-42,-42,-43
-250,-44,-42,-41,-43
-267,-43,-43,-42,-42
-1398,-43,-42,-42,-43
-1152,-42,-42,-41,-43
488,-41,-42,-41,-43
564,-43,-42,-42,-43
-640,-44,-42,-41,-43
-1244,-43,-43,-42,-42
64,-43,-43,-42,-44
3199,-44,-41,-41,-43
5156,-44,-42,-42,-43
4902,-44,-41,-42,-42
3832,-43,-42,-41,-43
2249,-45,-42,-41,-43
1000,-45,-42,-42,-42
201,-45,-42,-42,-43
-1788,-45,-42,-41,-43
-2562,-43,-42,-42,-43
-142,-43,-42,-41,-43
1394,-42,-42,-41,-43
595,-44,-42,-42,-43
227,-45,-42,-42,-43
-15,-45,-42,-41,-44
-171,-43,-41,-41,-42
1332,-42,-42,-42,-43
3285,-43,-42,-42,-43
4133,-43,-42,-41,-44
4230,-44,-42,-42,-43
4083,-44,-42,-41,-44
3259,-44,-42,-41,-43
415,-45,-42,-41,-43
-3116,-45,-43,-42,-43
-3095,-43,-43,-41,-43
-421,-42,-42,-41,-43
507,-42,-43,-42,-42
187,-43,-42,-41,-43
564,-44,-41,-41,-43
858,-44,-42,-42,-42
1218,-44,-42,-41,-43
2243,-45,-42,-41,-43
2866,-44,-42,-41,-42
2958,-45,-42,-42,-43
3342,-44,-42,-41,-44
3483,-43,-42,-41,-43
2383,-45,-42,-41,-42
329,-44,-42,-41,-43
-1103,-45,-42,-41,-43
-1043,-43,-42,-42,-42
-978,-42,-42,-42,-43
-984,-42,-42,-42,-43
-678,-42,-43,-41,-42
-705,-42,-42,-42,-43
461,-42,-42,-41,-43
3593,-44,-42,-41,-43
5111,-44,-42,-41,-43
3483,-44,-42,-41,-43
1764,-43,-42,-41,-43
1891,-44,-42,-42,-42
1974,-44,-42,-41,-43
1002,-44,-42,-41,-43
273,-44,-42,-42,-42
848,-45,-42,-42,-44
840,-45,-42,-41,-43
-1197,-46,-43,-41,-43
-2325,-43,-42,-42,-43
-1950,-43,-42,-41,-43
-1468,-42,-42,-41,-43
1435,-42,-41,-41,-43
5402,-43,-42,-41,-43
5357,-44,-41,-41,-43
2823,-45,-42,-41,-42
2143,-45,-42,-42,-43
2422,-44,-42,-41,-43
1788,-45,-42,-42,-43
805,-44,-42,-41,-44
587,-45,-42,-41,-43
620,-44,-42,-41,-43
-877,-45,-42,-41,-42
-2576,-44,-42,-42,-43
-2104,-42,-42,-41,-43
-1056,-42,-43,-41,-43
-359,-42,-42,-41,-43
2040,-41,-42,-41,-43
4580,-44,-42,-41,-42
4283,-44,-41,-41,-43
3317,-44,-42,-41,-43
4124,-43,-41,-41,-44
4522,-44,-42,-42,-42
1925,-45,-42,-41,-43
-984,-44,-42,-41,-43
-909,-43,-42,-42,-42
-286,-42,-42,-41,-43
-1671,-43,-42,-41,-43
-2729,-43,-43,-42,-43
-2229,-42,-43,-42,-43
-947,-42,-42,-41,-43
857,-42,-42,-42,-43
2743,-43,-42,-42,-44
4313,-43,-42,-41,-43
5077,-43,-42,-41,-42
5101,-45,-42,-41,-42
4686,-45,-42,-41,-43
3188,-44,-42,-41,-42
506,-45,-42,-41,-43
-1302,-46,-42,-42,-43
-1250,-43,-43,-41,-43
-1145,-42,-43,-42,-43
-1294,-43,-42,-41,-43
-1789,-42,-42,-41,-43
-3113,-43,-42,-41,-43
-1939,-42,-42,-41,-42
1967,-42,-42,-41,-42
4196,-42,-41,-41,-43
4224,-44,-43,-41,-43
4738,-44,-42,-42,-43
5843,-44,-41,-41,-43
5336,-44,-43,-42,-43
2618,-45,-43,-42,-44
-242,-44,-43,-42,-44
-1089,-43,-42,-41,-43
-1656,-42,-42,-42,-43
-2778,-42,-41,-41,-43
-2124,-42,-41,-41,-43
-1430,-43,-42,-42,-43
-2082,-42,-42,-42,-43
-626,-42,-42,-42,-43
2708,-42,-42,-41,-43
4149,-43,-42,-41,-44
3967,-44,-42,-42,-43
4949,-45,-41,-42,-42
6304,-44,-42,-41,-43
5225,-43,-42,-41,-43
1790,-44,-42,-41,-43
-780,-45,-42,-42,-43
-1437,-43,-42,-42,-43
-2653,-43,-42,-41,-43
-3761,-43,-43,-42,-43
-2863,-42,-42,-42,-43
-1452,-42,-42,-41,-43
-395,-42,-43,-42,-43
1639,-42,-42,-42,-43
4109,-43,-42,-41,-43
4979,-44,-42,-41,-43
4647,-44,-42,-41,-42
4835,-44,-42,-42,-42
5093,-43,-42,-41,-43
3065,-44,-42,-42,-42
-686,-44,-42,-42,-43
-2195,-43,-42,-41,-43
-1638,-43,-42,-42,-43
-1917,-42,-43,-42,-44
-2710,-42,-42,-42,-43
-2268,-42,-42,-41,-43
-428,-42,-43,-42,-43
1765,-42,-42,-41,-43
3268,-43,-41,-41,-43
3907,-44,-43,-42,-43
4581,-44,-42,-41,-43
4647,-44,-42,-41,-43
3628,-44,-43,-42,-43
2513,-45,-43,-42,-44
1013,-45,-42,-41,-44
-900,-44,-41,-41,-43
-1269,-43,-43,-42,-43
-490,-42,-42,-41,-43
-923,-42,-42,-41,-43
-2578,-42,-43,-42,-43
-2769,-43,-42,-42,-43
-336,-42,-43,-41,-43
2920,-41,-42,-42,-43
4644,-43,-43,-42,-44
4718,-44,-41,-41,-43
4226,-44,-43,-42,-43
