:0C800000F8B500BFF8BC08BC9E467047F5
:1080400008B5042027F0B8FE024B034A0349036039
:1080500027F0E2FFEC720400C1FA0200C8720400CB
:1080600008B5042027F0A8FE024B034A0349036029
:1080700027F0D2FF28730400F9FA02000873040005
:1080800010B50446082027F097FE2146044629F043
:108090001DFB054A0549204627F0BEFF204627F074
:1080A000A3FE00F087FB00BF5510030074760400A8
:1080B00010B50446082027F07FFE2146044629F02B
:1080C00045FB054A0549204627F0A6FF204627F034
:1080D0008BFE00F06FFB00BFDD1003008076040014
:1080E00010B50446082027F067FE2146044629F013
:1080F00041FB054A0549204627F08EFF204627F020
:1081000073FE00F057FB00BF1510030098760400C3
:1081100008B5042027F050FE024B034A03490360D0
:1081200027F07AFF28730400F9FA020008730400AC
:1081300008B5042027F040FE024B034A03490360C0
:1081400027F06AFFCC7E0400591D03009C7E0400CA
:108150002DE9F04F85B0024627F056FE38B152E9BE
:108160000674D2E90C85D2F828A0002605E0044662
:1081700007460126054680468246104627F072FED5
:108180000EB100F041FF384600F03AFF27F06AFEDA
:108190000EB100F02BFF00F0EBFB0768DFF888B0B2
:1081A00097F82730012B0CBF3B6807F17803029347
:1081B00028F00303019320374FF00009CA4520DD62
:1081C000D5F80080B8F1000F00D0A84402AB00221F
:1081D0004146384600F0F4FA08B127F037FFD8F8E6
:1081E0000030039003AA40465946D3F8108001237B
:1081F000C047019B002818BF064609F101091D442C
:10820000DCE746B1042027F0D7FD084B084A0649B1
:10821000036027F001FF204600F0D4FE27F060FE47
:1082200027F05EFE00F0C6FA58430400DC43040069
:108230004D89000030B5054683B0182027F0BCFDFD
:10824000044629F0E5FA0123CDE9003002AB13E939
:10825000060020462B4629F0A9FB0D4B2360204643
:1082600028F0D6FE014604F1100029F0EBFD094A82
:108270000949204627F0D0FE084B2360204629F00C
:10828000FBFCFFE7204627F0AFFD00F093FA00BFAC
:10829000547C04000D190300407C0400207D040080
:1082A00008B529F047FE08B5FFF7FAFF00B54FF013
:1082B000804085B04FF07E5C074A084B69460190CC
:1082C0000748CDF800C00292039300F02BFA00207B
:1082D00005B05DF804FB00BF0000404051776F40DF
:1082E00018D7050010B5054C204601F04BF9204683
:1082F000034A0449BDE8104000F054BA6CD40500AC
:10830000A0C90500A595000010B5054C204601F058
:1083100039F92046034A0449BDE8104000F042BA4A
:1083200070D40500A0C90500A5950000184B1A6877
:10833000D1075CBF01221A60164B1A68D2075CBFD6
:1083400001221A60144B1A68D0075CBF01221A6020
:10835000124B1A68D1075CBF01221A60104B1A68D1
:10836000D2075CBF01221A600E4B1A68D0075CBFAF
:1083700001221A600C4B1A68D1075CBF01221A60F7
:108380000A4B1A68D2075CBF01221A60704700BF0F
:1083900088E9050084E9050080E905007CE905001D
:1083A00078E9050074E9050070E905006CE905004D
:1083B000184B1A68D1075CBF01221A60164B1A6865
:1083C000D2075CBF01221A60144B1A68D0075CBF49
:1083D00001221A60124B1A68D1075CBF01221A6091
:1083E000104B1A68D2075CBF01221A600E4B1A6844
:1083F000D0075CBF01221A600C4B1A68D1075CBF22
:1084000001221A600A4B1A68D2075CBF01221A6067
:10841000704700BFC8E90500C4E90500C0E90500D0
:10842000BCE90500B8E90500B4E90500B0E90500BC
:10843000ACE90500244B1A68D0075CBF01221A6022
:10844000224B1A68D1075CBF01221A60204B1A68C0
:10845000D2075CBF01221A601E4B1A68D0075CBFAE
:1084600001221A601C4B1A68D1075CBF01221A60F6
:108470001A4B1A68D2075CBF01221A60184B1A689F
:10848000D0075CBF01221A60164B1A68D1075CBF87
:1084900001221A60144B1A68D2075CBF01221A60CD
:1084A000124B1A68D0075CBF01221A60104B1A6881
:1084B000D1075CBF01221A600E4B1A68D2075CBF5D
:1084C00001221A60704700BF1CEA050018EA050087
:1084D00014EA050010EA05000CEA050008EA0500A8
:1084E00004EA050000EA0500FCE90500F8E90500DA
:1084F000F4E90500F0E90500244B1A68D0075CBFD9
:1085000001221A60224B1A68D1075CBF01221A604F
:10851000204B1A68D2075CBF01221A601E4B1A68F2
:10852000D0075CBF01221A601C4B1A68D1075CBFE0
:1085300001221A601A4B1A68D2075CBF01221A6026
:10854000184B1A68D0075CBF01221A60164B1A68D4
:10855000D1075CBF01221A60144B1A68D2075CBFB6
:1085600001221A60124B1A68D0075CBF01221A6000
:10857000104B1A68D1075CBF01221A600E4B1A68B3
:10858000D2075CBF01221A60704700BF7CEA050079
:1085900078EA050074EA050070EA05006CEA050057
:1085A00068EA050064EA050060EA05005CEA050087
:1085B00058EA050054EA050050EA050038B5084CB1
:1085C0004FF41E652846E5602AF0D4FDA06020B176
:1085D0000023C0E90053606038BDE060606038BDD2
:1085E000B0EA050010B5064C06490748224600F0DF
:1085F000D9F8224605490648BDE8104000F0D2B837
:10860000A0C905005D1C030034CA0500591C030005
:1086100030CA0500024B13B1024829F093BC7047E1
:1086200000000000612403000348044B834202D091
:10863000034B03B11847704750D4050050D40500D0
:1086400000000000054806490B1AD90F01EBA301F1
:10865000491002D0034B03B11847704750D40500AE
:1086600050D405000000000010B5064C237843B933
:10867000FFF7DAFF044B13B10448AFF30080012386
:10868000237010BD50D405000000000070C9040024
:1086900008B5044B1BB104490448AFF30080BDE8A2
:1086A0000840CFE70000000054D4050070C9040062
:1086B000A3F5803A704700BF154B002B08BF114B44
:1086C0009D46FFF7F5FF00218B460F461148124AE1
:1086D000121A2BF00FFA0C4B002B00D098470B4BC3
:1086E000002B00D098470020002104000D000B480B
:1086F00029F028FC2AF094FB20002900FFF7D6FD82
:1087000029F05AFC000008000000000000000000F2
:108710000000000050D4050034EB05006124030084
:108720000846704770B50C460546032219491CF0EF
:1087300025FC20683AF03CF80B46024628461CF01F
:1087400053FD0522064614491CF018FC60683AF0F7
:108750002FF80B46024630461CF046FD0522064621
:108760000E491CF00BFCA0683AF022F80B460246BA
:1087700030461CF039FD0C22064609491CF0FEFB70
:10878000E0683AF015F802460B4630461CF02CFD26
:10879000284670BD00430400044304000C43040059
:1087A0001443040003460846194629F0F9BB00BFEC
:1087B00027F038BA1EB400F08FF81EBC3BF056FB11
:1087C000F0B50278472A83B00C461D4619D0002325
:1087D000264E0193336830469B68984778B1019BD9
:1087E0001B68019302272368314620461E6901AAAF
:1087F0000123B04718BB0746384603B0F0BD012738
:10880000F1E743784E2BE2D18378552BDFD1C37843
:10881000432BDCD10379462B1BD00379432BD6D1D4
:1088200043792B2BD3D183792B2BD0D1C379012B37
:10883000CDD809D050F8206C58300190CAE7019B80
:108840002B60384603B0F0BD50F8200C50F8786C1F
:10885000F3E743794F2BE0D18379522BDDD1C379F4
:10886000002BDAD1024E0193B4E700BF504304005D
:108870004843040010B5044600F07EF8224612F882
:108880002039472B04D0836823BB8260012010BDB0
:1088900063784E2BF7D1A378552BF4D1E378432B93
:1088A000F1D12379432BEED163792B2BEBD1A37933
:1088B0002B2BE8D1E379012BE5D854F8043C0133A4
:1088C000012B44F8043CE1D1836844F8083C826001
:1088D000012010BD00F08AFB08B500F04DF8836858
:1088E00083B393F82020472A04D00022826003F14A
:1088F000200008BD93F821204E2AF6D193F82220BB
:10890000552AF2D193F82320432AEED193F824205C
:10891000432AEAD193F825202B2AE6D193F8262082
:108920002B2AE2D193F82720012ADED8DA69013A0E
:10893000DA61002ADBD19969816000229A6103F132
:10894000200008BD00F052FB704700BF704700BF19
:108950000048704724430400004870473443040033
:1089600010B504210446FFF723FF204610BD00BFC9
:108970000048704774D405000048704774D405005F
:10898000502870B51DD0844600F00F000C2855D833
:10899000DFE800F0074426071E545454542A2207E7
:1089A0001E00104650F8046B4EB10CF07004102CF1
:1089B00008BF11460E441CF0800F18BF36681E60B9
:1089C00070BD033222F0030050F8046B1E6070BDCE
:1089D000104650F8086BE7E7104630F9026BE3E702
:1089E000104630F8026BDFE700261046344610F8D8
:1089F000015B05F07F0E0EFA04FE15F0800F46EACB
:108A00000E0604F10704F2D11F2CCDD86D06CBD58C
:108A10004FF0FF3505FA04F42643C6E7002610465A
:108A2000344610F8015B05F07F0E0EFA04FE2D06A9
:108A300046EA0E0604F10704F3D4B5E729F07AFA02
:108A4000FF2808B5034619D003F07002302A084603
:108A500016D005D8202A09D1BDE80840FFF723BC6D
:108A6000402A09D1BDE808403BF0E0BB02D813F032
:108A7000600F03D029F05EFA502AFBD1002008BD18
:108A8000BDE80840FFF70CBCF8B50C461546064695
:108A900008B13BF0CBFB286014F8017BFF2F29D1F4
:108AA0006860204610F8013B2B75FF2B33D0102354
:108AB00000242B75224610F8011B01F07F03934020
:108AC000090644EA030402F10702F4D40444EC600A
:108AD00010F8013B6B750024224610F8011B01F0D1
:108AE0007F0393401C430B0602F10702F5D40444B4
:108AF0002C61F8BD31463846FFF7A2FF22460146F9
:108B00002B1D3846FFF73CFF0446204610F8013B7A
:108B10002B75FF2BCBD10023EB60D9E72DE9F04F6C
:108B200000F0030493B00023012C089388461746F5
:108B300013D0022C08D1394640463BF061FB40B9C6
:108B4000082013B0BDE8F08F002C00F0948029F0CD
:108B5000F1F9092013B0BDE8F08F0DF1300A10F0E3
:108B60000804CDF800A000F09D8044F002020292BB
:108B70000C910C22194638463AF0E8FD38463BF095
:108B80005BFB83460028D6D0524601463846FFF7A5
:108B90007BFF394605469DF84400FFF751FF0DF174
:108BA0002C0900230E901946CDF800900F2238466C
:108BB0003AF0A6FD0B9B23F001035E1E109B9D4225
:108BC00037D29DF8454000212046FFF739FF2A465D
:108BD000014609AB2046FFF7D3FE9DF845500446F9
:108BE00000212846FFF72CFF224601460AAB284603
:108BF000FFF7C6FE9DF84550044600212846FFF7C2
:108C00001FFF224601464B462846FFF7B9FE0024C7
:108C10000546224615F8011B01F07F0393401C43D3
:108C20000B0602F10702F5D40C9B099A1344B342D8
:108C300019D9029BD80730D5002403940023194684
:108C4000CDF8009038460D22089D3AF059FD039B5F
:108C5000C8F830300B9BC8F82CB0C8E9095406207E
:108C6000C8F820306DE70A9A1344B3426ED8109BBF
:108C7000AB42A6D8DDE702073FF55DAF01230293C3
:108C80000DF1300A0023CDF800A00C221946384619
:108C9000CDF830803AF05AFD70E7029B1A0752D5A2
:108CA00000F0A4F90D6A23460D22214638463AF019
:108CB00027FD0C9B9D4202D002230293E2E723464C
:108CC000CDF800A021460C223846CDF830803AF08D
:108CD0003DFDD8F830300393ABB3D8E90A4B0DF122
:108CE0002C09002C4EDB032500231A461946CDF82B
:108CF00000903846CDF82C803AF028FD0023194624
:108D00000122CDF8009038460B943AF01FFD002365
:108D100019460F22CDF8009038463AF0F1FC0B9A34
:108D20000399CDF8009002F001020A4300230B9250
:108D300038460F2219463AF009FD022D1DD00720B2
:108D400013B0BDE8F08F404627F07CF80B9B002B5A
:108D50003FF4F1AE0D9A13440393002C38D1002B4D
:108D60003FF4E9AE029BDD073FF5E5AE029B1B0732
:108D700040F1238100240225B6E74046FFF77AFD43
:108D80000720DEE66FF040431B1B1E465246594645
:108D90003846FFF779FE9DF844003946FFF750FE4C
:108DA0000E9005460F9850F8263000EB860033B140
:108DB0000246002352F8041F01330029FAD1C8E902
:108DC0000A350423C8F83400C8F8303003258BE78F
:108DD000109E039B013C2644002B3FF4ACAE029B4B
:108DE000002E00F0E28013F00803049300F0C98025
:108DF000472388F800304E2388F80130552388F83F
:108E00000230432388F80330462388F804304F2388
:108E100088F80530522388F80630002388F8073098
:108E20000023CDF818B005979B46CDF81CA0002470
:108E3000224616F8011B01F07F039340080644EA1E
:108E4000030402F10702F4D41F2A05D84B0603D508
:108E5000012393405B421C43002530462A4610F80C
:108E6000011B01F07F0393400F0645EA030502F161
:108E70000702F4D41F2A05D8490603D501239340DD
:108E80005B421D43002C37D039DCB8F1000F02D013
:108E9000049B002B50D06FF0404A0F9BAAEB040AB2
:108EA00053F82A30BBB1002D75D02E44BFE7A30084
:108EB0005B420F9A0E991A444B46FFF761FD0B99DE
:108EC00049B1B8F1000FEED008AB00224046FFF7E1
:108ED00077FC0028E7D0029BDDF81CA0D907DDE96C
:108EE000057B3FF5ABAE049B002B3FF4FAAE002CA4
:108EF000BFF6F9AE00F088F84FF0010BD3E79DF80C
:108F00004400FF2831D000F00703042B3FF61FAECA
:108F100001A252F823F000BFAF8E00004F8B00007B
:108F2000338F0000AF8E00002D8F0000E3005B4206
:108F3000BFE763005B42BCE76FF0404A0F9F089BAE
:108F40000B93AAEB040A57F82A1007EB8A0719B902
:108F50000DE057F8041F51B139444B4600224046FA
:108F6000FFF72EFC0028F4D09DE70023A1E7029B29
:108F7000DA075646DDE9057BDDF81CA03FF55EAE5D
:108F800004E798F80730012B0CBF58F8203C08F193
:108F90005803089344E75B46059F002B3FF4CBAD95
:108FA000029BDB073FF5C7ADE4E6DE073FF5C3AD47
:108FB000029B13F008047FF4DDAE022594E626F050
:108FC00051FF6DE608B5804728F0B4FF26F04AFF50
:108FD00028F0B0FF0C46054626F082FF013402D18E
:108FE0002846FFF7B5F8FFF7E5FB00BF08B5034BD0
:108FF0001868BFF35B8FFFF7E5FF00BFACC9050042
:1090000008B58047FFF7F2FF08B5034B1868BFF3B8
:109010005B8FFFF7F5FF00BFA4C90500024B18687E
:10902000BFF35B8F704700BFACC90500024B1868E7
:10903000BFF35B8F704700BFA4C90500012838BF8C
:10904000012010B5044620462AF094F800B110BD66
:1090500027F072F808B18047F5E7042026F0ACFE4F
:10906000024B034A0349036026F0D6FFEC7204006A
:10907000C1FA0200C872040008B5FFF7B7FF00BFCD
:1090800010B5034B0360044626F06EFD204610BD6C
:109090002444040010B5054B0360044626F064FD2B
:1090A00020460C21FFF784FB204610BD2444040019
:1090B00070B582B00446069E96420D4609D0A0685F
:1090C00004680696246A2946A44602B0BDE87040AA
:1090D000604719460192009300F064F8DDE9003220
:1090E0000028ECD0062002B070BD00BF2DE9F04F83
:1090F0000D4681B01946DDE90A7ADDE90C981C4677
:109100000646934600F04EF880B94F4527D0B06828
:1091100023460468CDE90C98CDE90A7AE4695A46F9
:109120002946A44601B0BDE8F04F6047002DC8F8BD
:10913000007088F804B00CDB3D44A9450CBF4FF02B
:1091400006094FF0010988F80690002001B0BDE83B
:10915000F08F0235F9D1012388F80630F5E7514642
:10916000304600F01FF80028D1D088F805B0ECE7B1
:109170002DE9F04106460F4614461D4626F02EFD09
:1091800048B9B068016822468C692B463946A44626
:10919000BDE8F0416047BDE8F08100BF704700BF07
:1091A00000207047814211D008B5406803782A2B0F
:1091B0000AD049680B782A2B08BF01312BF034F80C
:1091C000B0FA80F0400908BD002008BD01207047BA
:1091D0002DE9F04FD04FD14D3968DFF84493D14B92
:1091E0008E68DFF84483DFF844B3002483B00122A3
:1091F000C5E90094C5E90244C5E90444AC6105F140
:109200001C001A7001F092F83B682E624FF0FF3A92
:109210005B68C8F80090C8E90144C8E90344C8E99C
:109220000544C5F824A008F11C00C5F800B001935E
:1092300001F07CF8019BBE4EC8F820303B68C6F8B0
:109240000090C6E90144DB68C8F824A0C6E90344DD
:10925000C6E9054406F11C00C8F800B0DFF8D49256
:10926000019301F063F8019BDFF8CC82C6F800B0EF
:10927000C6E9083AA9F10406484608F1140A12F0B2
:10928000C5F8C6E91F44C6E9214429467467A6F813
:10929000784049F8048C4846C6F804A012F040F81B
:1092A000A64C204612F0B2F8A54B44F8083C143303
:1092B00023600023C4E91E33C4E920332367A4F8E4
:1092C000743044F8043C20469749083C12F028F8D2
:1092D0009C4DA5F10409284612F098F80023C9E92D
:1092E0001F33C9E92133924945F8048C2846C9F84F
:1092F00004A0C9F87430A9F8783012F011F8DFF83A
:1093000048B2ABF10405584612F080F80023C5E9D5
:109310001F33C5E9213386494BF8048CC5F804A0F6
:1093200058466B67A5F8783011F0FAFFD9F810307D
:10933000864DDFF81CB2A66743F40053C9F810301D
:109340003B68C9F8746000249E68AC61C5E900B44C
:10935000C5E90244C5E9044405F11C0000F0E6FF3C
:10936000DFF8F0813B682E624FF0FF39DFF8E8A1AB
:109370005B68C5F800A0C5F82490C8F800B0C8E93B
:109380000144C8E90344C8E9054408F11C000193FD
:1093900000F0CCFF019B714EC8F820303B68C6F846
:1093A00000B06F4FD3F80CB0C8F82490C8F800A0F4
:1093B000C6E90144C6E90344C6E9054406F11C00B8
:1093C00000F0B4FFDFF89C81C6F800A0C6E908B938
:1093D000384612F01BF8294608F114093D1FC5E96B
:1093E0001D44C5E92044C5E9224447F8048C3846A9
:1093F00085F87C40C5F8049011F0F2FF5A4C2046E5
:1094000012F004F8594B44F8083CA4F10806143350
:10941000B3600023C6E91E33C6E92133C6E923330E
:109420004C4986F880302046736011F0D9FF504FC8
:109430003C1F384611F0EAFF0023C4E91D33C4E99C
:109440002033C4E92233454947F8048C3846C4F830
:10945000049084F87C3011F0C3FFDFF818A1AAF162
:109460000407504611F0D2FF0023C7E91D33C7E9B6
:109470002033C7E9223339494AF8048CC7F80490ED
:10948000504687F87C3011F0ABFF3B4922690B68EE
:10949000B56742F400520133226165670B6003B087
:1094A000BDE8F08F354B7360224811F0EBFFFFF7FA
:1094B00081F9334B7B602F4811F0E4FFFFF77AF915
:1094C0002F4B63602A4811F0DDFFFFF773F92C4B37
:1094D000B360254811F0D6FFFFF76CF9284B6B609D
:1094E0001F4811F0CFFFFFF765F9244B6B6016485A
:1094F00011F0C8FFFFF75EF9204BC9F8043011489E
:1095000011F0C0FFFFF756F91C4BA3600B4811F098
:10951000B9FFFFF74FF900BF38CA0500D0D40500E6
:10952000906B0400A8C9050080D405004C620400BB
:10953000A8D405001CD70500686A040078D505008A
:109540001864040004D6050090D6050048D505002F
:10955000D06B0400F8D405008C62040020D505000F
:109560005CD90500986A0400ACD705004864040083
:109570003CD80500CCD80500ECE905006863040080
:1095800078630400064A1368591C10B5044611603C
:109590000BB1204610BDFFF71BFE204610BD00BFDB
:1095A000ECE90500114A1368591E022B10B5044658
:1095B000116001D0204610BD0D481BF05FFC0D4826
:1095C0001BF05CFC0C481BF059FC0C481BF0B6FE71
:1095D0000B481BF0B3FE0B481BF0B0FE204610BD3D
:1095E00026F040FC26F07CFCE4E700BFECE9050037
:1095F00018D7050000D605008CD6050058D90500FF
:1096000038D80500C8D80500704700BF10B504461B
:1096100026F008FB204610BD044A0B681268036060
:10962000934202D01A6801321A607047ECD90500E3
:109630000160704710B5054C206800B110BD0246AE
:109640000349204627F084F9206810BDF4D90500AD
:10965000604404000048704760440400426870B5EC
:109660000546EAB18368C3B1304E002403E0AB681D
:109670000134A34210D952F824000028F8D04368DE
:10968000591E012B4160F2D103685B68B34238D1A7
:1096900026F0C8FA6A68EAE712B1104626F0C4FA62
:1096A000EA68EAB1AB68C3B1204E002403E0AB68BE
:1096B0000134A34210D952F824000028F8D043689E
:1096C000591E012B4160F2D103685B68B3421AD185
:1096D00026F0A8FAEA68EAE712B1104626F0A4FAE2
:1096E0002B6963B10024185910B126F09DFA2B693B
:1096F0000434182CF7D113B1184626F095FA2846F1
:1097000070BD9847C6E79847E4E726F0ABFB26F024
:10971000E7FBBFE726F0A6FB26F0E2FBDAE7013124
:1097200002D1FEF715FDFAE7FFF744F80D960000A9
:1097300038B50A4B05681B689D42044604D02B6867
:109740005A1E012B2A6001D0204638BD2846FFF75B
:1097500085FF284626F066FA204638BDECD905007C
:109760000F4B1A680B68934270B50D46044602D041
:109770001968013119602668B24204D03268511E5E
:10978000012A316002D02360204670BD3046FFF7C9
:1097900065FF304626F046FA2B682360204670BDF0
:1097A000ECD90500002A00F0E5802DE9F04F0C68A7
:1097B00083B00546164624B9A94B1C6801341C60C9
:1097C0000C60AB68671E013BBB425CD204F103082E
:1097D0006FF06043984534BF4FEA880A4FF0FF3A74
:1097E0005046D5F804B026F0AFFC8146A86868B1B1
:1097F0006B6803EB800CA9F10402043BACF1040C90
:1098000053F8041F42F8041F9C45F9D1804507D93D
:10981000A8EB0002920009EB800000212AF06AF90F
:109820005046D5F80CA026F08FFCD5F808C00346AA
:10983000BCF1000F0CD0EA6802EB8C0E011F043A59
:10984000AEF1040E52F8040F41F8040F7245F9D13D
:10985000C44509D2A8EB0C0203EB8C009200002156
:1098600001932AF047F9019BEB60C5E90198BBF130
:10987000000F02D0584626F0D7F9BAF1000F02D0F7
:10988000504626F0D1F9D5F80480736858F827C0FF
:1098900001337360BCF1000F43D0724A1168002994
:1098A00038D06F480EE0D2F804E0DEF8003023B97B
:1098B000036801330360CEF800309C4269D052F84F
:1098C000081F39B30B681BB90368013303600B60D1
:1098D0009C42E8D151680B6823B9614A136801338F
:1098E00013600B605C1E58F824309BB130460DF0BD
:1098F0000BF8814658F82400D9F804300133C9F830
:10990000043043685A1E012B426068D048F8249006
:1099100058F827C0DCF804305A1E012BCCF804207C
:109920002DD0AA6848F827600AB30024EB68DFF856
:109930003881274604E0AA680F600134A24216D994
:1099400053F82400A60003EB84010028F5D04268F8
:1099500002F1FF3C012AC0F804C0ECD103685B6847
:10996000434508D126F05EF9EB689919E3E703B0A7
:10997000BDE8F08F70479847EB689919DBE7DCF892
:109980000030394A5B689342604626D126F04AF996
:10999000C7E70B6823B9324A1368013313600B60C1
:1099A0005C1E58F82430002BB4D0304604F04EFC36
:1099B000814658F82400D9F804300133C9F804303E
:1099C00043685A1E012B4260A0D10368264A5B6897
:1099D00093420BD126F026F998E79847A1E7036850
:1099E000214A5B689342F5D098478FE798478DE707
:1099F00026F038FA26F074FABEE726F033FA26F09D
:109A00006FFA8EE726F02EFA484626F00DF926F07A
:109A10001DFB26F027FA26F063FA77E726F022FAF4
:109A200026F05EFA72E7013115D1FEF791FB0131A4
:109A300005D1FEF78DFB013103D1FEF789FBFEF75F
:109A4000B9FEFEF7B7FE26F04BFAFEF7B3FE013182
:109A500003D1FEF77DFBFEF7ADFEFEF7ABFE00BFC8
:109A6000F0D90500804404000D9600002DE9F04176
:109A7000374C2378BFF35B8FDB0707460E4615464E
:109A80004AD5344B1C68002C3AD033489C460BE036
:109A900023B90168013101600B461160013B9D4211
:109AA00043D05CF8084F5CB3236823B902680132E5
:109AB000026013462260013BDCF804209D421368DB
:109AC000E6D1002B3BD0013BFA6852F8251051B18A
:109AD000A6B13368214A5B689342304635D1BDE870
:109AE000F04126F09FB87168481C7060581C42F81D
:109AF000256003D00231716042F82360BDE8F08137
:109B0000FB6853F82520002AE2D1726801327260A6
:109B100043F82560BDE8F081204626F0CFFA002802
:109B2000AFD0204626F0E6FAABE7226822B90A4B0E
:109B30001A6801321A6022602B46551EC4E7064996
:109B40000B6801330B601360BDE7BDE8F0411847B7
:109B5000E8D9050080440400F0D905000D96000006
:109B600003682BB903490A6801320A601346026090
:109B7000581E7047F0D905002DE9F04FC54C016023
:109B8000302389B006468360C0220021204629F098
:109B9000B1FFC14B746000211846C02229F0AAFF12
:109BA000BE4DBF4A0024C6E90302C2E90054C2E91F
:109BB0000244C2E90444FFF74DFD02882A80B948F7
:109BC00001232246214605F0F9FDB64AB649304642
:109BD000FFF7E8FDB548012126F066FFB34AB44916
:109BE0003046FFF7DFFDB34CB348B44A846001232D
:109BF0000021C4E900234360B14B2174C4E9021180
:109C0000C4E90511C4E90711A18484F86410036054
:109C100001F07EF8A84AAB493046FFF7C3FDAA4AD7
:109C2000AA4B1360012151603046A949FFF7BAFDE4
:109C3000A84AA94B1360012151603046A749FFF79C
:109C4000B1FDA74CA74B0122C4E90032FFF7F2FC9B
:109C5000A060A54922463046FFF7A4FDDFF88CA29C
:109C6000A34AA4480123CAE90023C0E9013A00221B
:109C7000A14BAAF81020CAE90222CAE90522CAE9C2
:109C80000722CAE90922CAE90B228AF81220CAF877
:109C900034208AF843200360114600F0CDFB954A3A
:109CA00096493046FFF77EFDDFF854929548012330
:109CB000C0E90139C9F80430934BC9F800300022DB
:109CC000924BA9F81020C9E90222C9E90522C9E985
:109CD0000722C9E90922C9E90B2289F81220C9F82B
:109CE000342089F843200360114600F059FB854A6F
:109CF00087493046FFF756FD864A874B136001239C
:109D0000864953603046FFF74DFD854A854B136009
:109D10000123854953603046FFF744FD834D844954
:109D2000296000230122C5E90123C5E90333C5E900
:109D30000533C5E90733C5E90933C5E90B33C5E97F
:109D40000D33C5E90F33C5E91133C5E91333C5E94F
:109D50001533C5E91733C5E91933C5E91B33C5E91F
:109D60001D33EB677348C5E920332946C5E9223323
:109D7000C5E92433C5E92633C5E92833C5E92A33C3
:109D8000C5E92C33C5E92E33C5F8C03085F8C43099
:109D900012F0ECF8674A68493046FFF703FD674A5E
:109DA000674B13600123674953603046FFF7FAFCA5
:109DB000654A664B13600123654953603046FFF7DF
:109DC000F1FC644801210AF0BFFB624A6249304657
:109DD000FFF7E8FC6148012105F0C0FC5F4A6049DB
:109DE0003046FFF7DFFC5F48012126F075FE5D4A33
:109DF0005D493046FFF7D6FCDFF870B15C480123BF
:109E0000CBF8043043605B4BCBF800305A4BC0F8C2
:109E100008B000210360CBE90211CBE90511CBE9C1
:109E20000711CBE909118BF810108BF8241100F001
:109E3000FDFF4F4A51493046FFF7B4FC504A514BA1
:109E400013600123504953603046FFF7ABFC4F4A83
:109E50004F4B136001234F4953603046FFF7A2FC7C
:109E60004D4C4E4B236001236360FFF7E3FBA06082
:109E70004B4922463046FFF795FCDFF828814A48D7
:109E80000123C8F804304360484BC8F80030002272
:109E90008EE000BFA4E70500B4E605008CDF0500F6
:109EA0009CE6050098DF050064E9050074E70500FD
:109EB000C4EA050004DB050020DA05008C45040037
:109EC0003054040098E9050064E8050008650400C2
:109ED00038EA050074E805004465040034EA05002A
:109EE0008CE70500145404008CE9050024DE05000D
:109EF00020450400C4DA050088540400A8E90500E0
:109F000068DE0500D0DA0500104504005454040052
:109F1000A4E9050068DA0500D8540400A0E90500AA
:109F200078DA0500F05404009CE9050094DC050093
:109F30007465040088DA050030EA050038DA0500A7
:109F40000855040094E9050048DA05007466040029
:109F50002CEA050000DA050090E90500B8E10500EB
:109F600068E9050080E70500C8EA05006CDB05002C
:109F70002CDA05009C450400305F0400D8E9050098
:109F80006CE805002C6D040098EA05007CE80500EB
:109F9000686D040094EA050098E70500145F04006A
:109FA000CCE90500ACDE0500DCDA05004045040024
:109FB000AC4BC0F8088003601146C8E90222C8E92A
:109FC0000522C8E90722C8E90922C8E90B22C8E925
:109FD0000D2288F81020C8F83C2088F86C2000F08A
:109FE00027FBA14AA1493046FFF7DCFBA04FA1485F
:109FF00001237B604360A04B3B6000229F4B876046
:10A0000003601146C7E90222C7E90522C7E9072212
:10A01000C7E90922C7E90B22C7E90D223A74FA639E
:10A0200087F86C2000F0B8FA924A95493046FFF75D
:10A03000B9FB944A944B1360012394495360304612
:10A04000FFF7B0FB924A934B136001239249536090
:10A050003046FFF7A7FB914C914921600023012274
:10A06000C4E90123C4E90333C4E90533C4E9073370
:10A07000C4E90933C4E90B33C4E90D33C4E90F3330
:10A08000C4E91133C4E91333C4E91533C4E9173300
:10A09000C4E91933C4E91B33C4E91D33E3678148BC
:10A0A000C4E920332146C4E92233C4E92433C4E996
:10A0B0002633C4E92833C4E92A33C4E92C33C4E97C
:10A0C0002E33C4F8C03084F8C4301CF073FC754AD9
:10A0D00075493046FFF766FB744A754B13600123E0
:10A0E000744953603046FFF75DFB734A734B13604E
:10A0F0000123734953603046FFF754FB7148012137
:10A1000010F098FE6F4A70493046FFF74BFB6F4ADC
:10A110006F4B136001236F4953603046FFF742FBDA
:10A120006D4A6E4B136001236D4953603046FFF753
:10A1300039FB6C4A6C4B136001236C495360304609
:10A14000FFF730FB6A4A6B4B136001236A49536087
:10A150003046FFF727FB694A02A93046CDE9022ABB
:10A16000CDE9049BCDE9068701F058FDF36864480A
:10A170000193FFF7F5FC019B604A43F82020F36848
:10A1800060480193FFF7ECFC019B43F820A05E4878
:10A19000D6F80CA0FFF7E4FC4AF820905B48D6F80C
:10A1A0000C90FFF7DDFC49F820505948F568FFF79F
:10A1B000D7FC45F820B02D48F568FFF7D1FC45F8ED
:10A1C00020802F48F568FFF7CBFC45F82070364813
:10A1D000F568FFF7C5FC45F82040304609B0BDE8FA
:10A1E000F08F04460B4601333AD12046FDF7B0FF0D
:10A1F0000D4604461F48FFF707FA2B46F3E70D46C6
:10A2000004464448FFF700FA2B46ECE70D460446A7
:10A210004148FFF7F9F92B46E5E70D4604463F486C
:10A22000FFF7F2F92B46DEE70D4604463C48FFF700
:10A23000EBF92B46D7E70D4604463A48FFF7E4F919
:10A240002B46D0E70D4604463748FFF7DDF92B468D
:10A25000C9E70D4604460448FFF7D6F92B46C2E786
:10A26000FEF7A8FA885F0400DCDA0500E8E90500DB
:10A270001CDF0500E8DA050030450400545F0400E7
:10A28000E4E9050070DA0500D85F0400E0E90500A4
:10A2900080DA0500F05F0400DCE905005CDD050004
:10A2A000986D04009CDA050090EA050040DA05008C
:10A2B00008600400D4E9050050DA0500986E040037
:10A2C0008CEA050010DA0500D0E9050058DA05002F
:10A2D000E448040090E8050060DA05008C480400BA
:10A2E00088E80500F4DA0500B84804008CE80500A9
:10A2F000FCDA05006048040084E8050004DB050082
:10A3000098E90500A8E90500A4E9050030EA050080
:10A31000D8E90500D0DA0500C4DA05008CE70500AD
:10A3200020DA050098E705002CDA0500F8B5174E8D
:10A330003368002204460260D3B1154D2A682260BA
:10A340009A420AD0134E3378BFF35B8FDB0706D5F2
:10A350002B6823601A6801321A602046F8BD304627
:10A3600025F0ACFE0028F3D0304625F0C3FEEFE721
:10A37000094F074D02213846FFF7FEFB07483760BB
:10A3800039462F60FFF754F93368D7E7ECD9050059
:10A39000F8D90500FCD90500B0DA050098E60500FB
:10A3A00010B50446806830B32E234374A3681E4959
:10A3B0002C229A741D4AA368106818630022C3E90E
:10A3C0000212C3E90512C3E90712C3E90912DA62EE
:10A3D000174AA3681268586302F10A0C531EC2F1AF
:10A3E0000100A268C1180A4413F8011F82F838104E
:10A3F0006345F6D110BD4420FEF720FE0D4AA06053
:10A400000023C0E90023C0E90233C0E90533C0E9F5
:10A410000733C0E90933C0E90B3303828374436314
:10A4200080F84330C0E700BF786B0400707604000A
:10A43000B8C905001045040010B50446806830B363
:10A440002E234374A3681E492C229A741D4AA368C4
:10A45000106818630022C3E90212C3E90512C3E9B8
:10A460000712C3E90912DA62174AA368126858632F
:10A4700002F10A0C531EC2F10100A268C1180A447D
:10A4800013F8011F82F838106345F6D110BD44203F
:10A49000FEF7D4FD0D4AA0600023C0E90023C0E907
:10A4A0000233C0E90533C0E90733C0E90933C0E925
:10A4B0000B3303828374436380F84330C0E700BFEB
:10A4C000786B040070760400B8C9050020450400CC
:10A4D00010B504468068084B236010B103685B68C0
:10A4E00098472046FFF790F8204610BD2046FFF71A
:10A4F0008BF8FEF75FF900BF5454040010B5044612
:10A5000080680B4B236010B103685B689847204656
:10A51000FFF77AF8204625F085FB204610BD20463F
:10A52000FFF772F8204625F07DFBFEF743F9F9E7C7
:10A530005454040010B504468068084B236010B1E1
:10A5400003685B6898472046FFF75EF8204610BD19
:10A550002046FFF759F8FEF72DF900BF8854040094
:10A5600010B5044680680B4B236010B103685B682C
:10A5700098472046FFF748F8204625F053FB204631
:10A5800010BD2046FFF740F8204625F04BFBFEF7B4
:10A5900011F9F9E78854040038B58368044613B309
:10A5A0001E491F4D08681F4998630022C3E907121E
:10A5B000C3E90912C3E90B129D60DA605A632E25C4
:10A5C000A2685D6118492C259D61D0630968A26865
:10A5D0004B1E3C3201F10A0013F8011F42F8041F20
:10A5E0008342F9D138BD7020FEF728FD0F49A060E5
:10A5F0000022C0E90012C0E90222C0E90522C0E938
:10A600000722C0E90922C0E90B22C0E90D22034656
:10A610000274C26380F86C20C2E700BF7076040049
:10A62000786B040030900400B8C905003045040080
:10A6300038B58368044613B31E491F4D08681F4987
:10A6400098630022C3E90712C3E90912C3E90B1298
:10A650009D60DA605A632E25A2685D6118492C2539
:10A660009D61D0630968A2684B1E3C3201F10A006B
:10A6700013F8011F42F8041F8342F9D138BD70203E
:10A68000FEF7DCFC0F49A0600022C0E90012C0E91F
:10A690000222C0E90522C0E90722C0E90922C0E977
:10A6A0000B22C0E90D2203460274C26380F86C20BD
:10A6B000C2E700BF70760400786B0400309004009D
:10A6C000B8C905004045040010B504468068084B31
:10A6D000236010B103685B6898472046FEF794FF3B
:10A6E000204610BD2046FEF78FFFFEF763F800BF3F
:10A6F000545F040010B5044680680B4B236010B112
:10A7000003685B6898472046FEF77EFF204625F0E9
:10A7100089FA204610BD2046FEF776FF204625F038
:10A7200081FAFEF747F8F9E7545F040010B50446D4
:10A730008068084B236010B103685B689847204627
:10A74000FEF762FF204610BD2046FEF75DFFFEF7D4
:10A7500031F800BF885F040010B5044680680B4BD9
:10A76000236010B103685B6898472046FEF74CFFF2
:10A77000204625F057FA204610BD2046FEF744FF3C
:10A78000204625F04FFAFEF715F8F9E7885F040038
:10A7900090F843300C4A10B5044602607BB18068E3
:10A7A00008B125F041FA606908B125F03DFAE06989
:10A7B00008B125F039FA606A08B125F035FA20466B
:10A7C000FEF722FF204610BD1045040010B50446D8
:10A7D000FFF7DEFF204625F025FA204610BD204673
:10A7E00025F020FAFDF7E6FF90F843300C4A10B54B
:10A7F000044602607BB1806808B125F015FA6069F3
:10A8000008B125F011FAE06908B125F00DFA606A87
:10A8100008B125F009FA2046FEF7F6FE204610BDE5
:10A820002045040010B50446FFF7DEFF204625F062
:10A83000F9F9204610BD204625F0F4F9FDF7BAFFDE
:10A8400090F86C300C4A10B5044602607BB1806809
:10A8500008B125F0E9F9E06908B125F0E5F9606A89
:10A8600008B125F0E1F9E06A08B125F0DDF92046EC
:10A87000FEF7CAFE204610BD3045040010B5044660
:10A88000FFF7DEFF204625F0CDF9204610BD20461B
:10A8900025F0C8F9FDF78EFF90F86C300C4A10B522
:10A8A000044602607BB1806808B125F0BDF9E0691B
:10A8B00008B125F0B9F9606A08B125F0B5F9E06A88
:10A8C00008B125F0B1F92046FEF79EFE204610BDE6
:10A8D0004045040010B50446FFF7DEFF204625F092
:10A8E000A1F9204610BD204625F09CF9FDF762FF36
:10A8F00010B50446806830B32E234374A3681E4904
:10A900002C229A741D4AA368106818630022C3E9B8
:10A910000212C3E90512C3E90712C3E90912DA6298
:10A92000174AA3681268586302F10A0C531EC2F159
:10A930000100A268C1180A4413F8011F82F83810F8
:10A940006345F6D110BD4420FEF778FB0D4AA060A8
:10A950000023C0E90023C0E90233C0E90533C0E9A0
:10A960000733C0E90933C0E90B33038283744363BF
:10A9700080F84330C0E700BF786B040070760400B5
:10A98000B8C905001045040010B50446806830B30E
:10A990002E234374A3681E492C229A741D4AA3686F
:10A9A000106818630022C3E90212C3E90512C3E963
:10A9B0000712C3E90912DA62174AA36812685863DA
:10A9C00002F10A0C531EC2F10100A268C1180A4428
:10A9D00013F8011F82F838106345F6D110BD4420EA
:10A9E000FEF72CFB0D4AA0600023C0E90023C0E95C
:10A9F0000233C0E90533C0E90733C0E90933C0E9D0
:10AA00000B3303828374436380F84330C0E700BF95
:10AA1000786B040070760400B8C905002045040076
:10AA200038B58568114B0360044655B12B68104A50
:10AA30005B689342284609D1FFF7AAFE284625F015
:10AA4000F1F82046FEF7E0FD204638BD9847204645
:10AA5000FEF7DAFD204638BD02E0284625F0E2F890
:10AA60002046FEF7D1FDFDF7A5FE00BF946504006A
:10AA7000CDA7000010B50446FFF7D2FF204625F011
:10AA8000D1F8204610BD204625F0CCF8FDF792FE07
:10AA900038B58568114B0360044655B12B68104AE0
:10AAA0005B689342284609D1FFF79EFE284625F0B1
:10AAB000B9F82046FEF7A8FD204638BD9847204645
:10AAC000FEF7A2FD204638BD02E0284625F0AAF890
:10AAD0002046FEF799FDFDF76DFE00BFC865040036
:10AAE00025A8000010B50446FFF7D2FF204625F048
:10AAF00099F8204610BD204625F094F8FDF75AFE3F
:10AB000038B58368044613B31E491F4D08681F49B2
:10AB100098630022C3E90712C3E90912C3E90B12C3
:10AB20009D60DA605A632E25A2685D6118492C2564
:10AB30009D61D0630968A2684B1E3C3201F10A0096
:10AB400013F8011F42F8041F8342F9D138BD702069
:10AB5000FEF774FA0F49A0600022C0E90012C0E9B4
:10AB60000222C0E90522C0E90722C0E90922C0E9A2
:10AB70000B22C0E90D2203460274C26380F86C20E8
:10AB8000C2E700BF70760400786B040030900400C8
:10AB9000B8C905003045040038B58368044613B3CE
:10ABA0001E491F4D08681F4998630022C3E9071218
:10ABB000C3E90912C3E90B129D60DA605A632E25BE
:10ABC000A2685D6118492C259D61D0630968A2685F
:10ABD0004B1E3C3201F10A0013F8011F42F8041F1A
:10ABE0008342F9D138BD7020FEF728FA0F49A060E2
:10ABF0000022C0E90012C0E90222C0E90522C0E932
:10AC00000722C0E90922C0E90B22C0E90D22034650
:10AC10000274C26380F86C20C2E700BF7076040043
:10AC2000786B040030900400B8C90500404504006A
:10AC300038B58568114B0360044655B12B68104A3E
:10AC40005B689342284609D1FFF7FAFD284624F0B5
:10AC5000E9FF2046FEF7D8FC204638BD984720463D
:10AC6000FEF7D2FC204638BD02E0284624F0DAFF89
:10AC70002046FEF7C9FCFDF79DFD00BFB86D04003E
:10AC80007DA8000010B50446FFF7D2FF204624F04F
:10AC9000C9FF204610BD204624F0C4FFFDF78AFD01
:10ACA00038B58568114B0360044655B12B68104ACE
:10ACB0005B689342284609D1FFF7EEFD284624F051
:10ACC000B1FF2046FEF7A0FC204638BD984720463D
:10ACD000FEF79AFC204638BD02E0284624F0A2FF89
:10ACE0002046FEF791FCFDF765FD00BFEC6D04000A
:10ACF000D5A8000010B50446FFF7D2FF204624F087
:10AD000091FF204610BD204624F08CFFFDF752FD38
:10AD100038B583680446002B35D0254A254D106888
:10AD20002E2183F82410A1680022C3E902521A746C
:10AD30002C2381F8253000F1230C431EC0F10100C3
:10AD4000A268C1180A4413F8011F82F8261063454F
:10AD5000F6D1194B1868431E00F1190CC0F101001F
:10AD6000A268C1180A4413F8011F82F84A1063450B
:10AD7000F6D1A3681149124C04200522C3E905400D
:10AD8000C3E9071238BD6820FEF758F90D49A060E5
:10AD90000022C0E90012C0E90222C0E90522C0E990
:10ADA000072203460274828480F86420B5E700BF5E
:10ADB000B4C90500786B0400B0C905005045040013
:10ADC000484504008C45040010B504468068084BD3
:10ADD000236010B103685B6898472046FEF714FCB7
:10ADE000204610BD2046FEF70FFCFDF7E3FC00BF38
:10ADF0003054040010B5044680680B4B236010B13A
:10AE000003685B6898472046FEF7FEFB204624F067
:10AE100009FF204610BD2046FEF7F6FB204624F031
:10AE200001FFFDF7C7FCF9E73054040010B50446F4
:10AE3000806858B3204B214C196884600023024677
:10AE4000C36003742E242C23446201F1230C42F8C6
:10AE5000283F4B1E13F8011F42F8041F6345F9D128
:10AE6000174B196800F1B8024B1E01F1190C13F8C9
:10AE7000011F42F8041F6345F9D1124C124A042104
:10AE80000523C0E90541C0E9072310BD4FF49470C4
:10AE9000FEF7D4F80D4AA0600023C0E90023C0E902
:10AEA0000233C0E90533C0E90733C0E9093303744D
:10AEB00080F82431BEE700BFB4C90500786B0400F8
:10AEC000B0C90500584504006C4504009C450400C9
:10AED00010B504468068084B236010B103685B68B6
:10AEE00098472046FEF790FB204610BD2046FEF70F
:10AEF0008BFBFDF75FFC00BF305F040010B504461C
:10AF000080680B4B236010B103685B68984720464C
:10AF1000FEF77AFB204624F085FE204610BD204631
:10AF2000FEF772FB204624F07DFEFDF743FCF9E7B7
:10AF3000305F040090F864300A4A10B5044602609D
:10AF40005BB1806808B124F06FFE606908B124F03D
:10AF50006BFEE06908B124F067FE2046FEF754FB63
:10AF6000204610BD8C45040010B50446FFF7E2FFF3
:10AF7000204624F057FE204610BD204624F052FE05
:10AF8000FDF718FC90F824310A4A10B50446026017
:10AF90005BB1806808B124F047FE606908B124F015
:10AFA00043FEE06908B124F03FFE2046FEF72CFB8B
:10AFB000204610BD9C45040010B50446FFF7E2FF93
:10AFC000204624F02FFE204610BD204624F02AFE05
:10AFD000FDF7F0FB38B583680446002B35D0254AD1
:10AFE000254D10682E2183F82410A1680022C3E9A2
:10AFF00002521A742C2381F8253000F1230C431ED1
:10B00000C0F10100A268C1180A4413F8011F82F8B8
:10B0100026106345F6D1194B1868431E00F1190C30
:10B02000C0F10100A268C1180A4413F8011F82F898
:10B030004A106345F6D1A3681149124C0420052239
:10B04000C3E90540C3E9071238BD6820FDF7F6FFE4
:10B050000D49A0600022C0E90012C0E90222C0E947
:10B060000522C0E9072203460274828480F8642026
:10B07000B5E700BFB4C90500786B0400B0C905008E
:10B0800050450400484504008C45040038B58568E7
:10B09000114B0360044655B12B68104A5B6893421C
:10B0A000284609D1FFF746FF284624F0BBFD20467D
:10B0B000FEF7AAFA204638BD98472046FEF7A4FAC4
:10B0C000204638BD02E0284624F0ACFD2046FEF7BD
:10B0D0009BFAFDF76FFB00BFE464040069AF00005A
:10B0E00010B50446FFF7D2FF204624F09BFD204612
:10B0F00010BD204624F096FDFDF75CFB10B504461C
:10B10000806858B3204B214C1968846000230246A4
:10B11000C36003742E242C23446201F1230C42F8F3
:10B12000283F4B1E13F8011F42F8041F6345F9D155
:10B13000174B196800F1B8024B1E01F1190C13F8F6
:10B14000011F42F8041F6345F9D1124C124A042131
:10B150000523C0E90541C0E9072310BD4FF49470F1
:10B16000FDF76CFF0D4AA0600023C0E90023C0E991
:10B170000233C0E90533C0E90733C0E9093303747A
:10B1800080F82431BEE700BFB4C90500786B040025
:10B19000B0C90500584504006C4504009C450400F6
:10B1A00038B58568114B0360044655B12B68104AC9
:10B1B0005B689342284609D1FFF7E4FE284624F055
:10B1C00031FD2046FEF720FA204638BD984720463C
:10B1D000FEF71AFA204638BD02E0284624F022FD88
:10B1E0002046FEF711FAFDF7E5FA00BF086D0400EE
:10B1F000B9AF000010B50446FFF7D2FF204624F097
:10B2000011FD204610BD204624F00CFDFDF7D2FABA
:10B21000009B03201A607047002070470020704791
:10B2200004207047009B03201A607047009B032096
:10B230001A607047009B03201A607047D0E9003203
:10B24000B2EB030C2FD030B593F900E01A78BEF1C1
:10B25000000F044615DAC12A22D9DF2A15D8BCF11D
:10B26000010F50D0587800F0C00CBCF1800F17D1FE
:10B2700000EB8210A0F54250814201D302332360DB
:10B2800030BD01330360104630BDEF2A0ED8BCF14B
:10B29000020F38D9587800F0C00CBCF1800F35D0BF
:10B2A0004FF0FF3030BD6FF001007047F42AF7D83F
:10B2B000BCF1030F27D9587800F0C00CBCF1800F07
:10B2C000EED1F02A3AD0F42A01D18F28E8D893F8A9
:10B2D00002C00CF0C00EBEF1800FE1D193F803E084
:10B2E0000EF0C005802DDBD1000300EB824202EBA3
:10B2F0008C127244A2F17270A0F502508842BFD83D
:10B300000433236030BD6FF0010030BDE02A12D05D
:10B3100093F802C00CF0C00EBEF1800FC0D18001C6
:10B3200000EB02326244A2F5622080388142A7D34A
:10B330000333236030BD9F28EAD8B1E78F28C6D8F1
:10B34000AEE700BFD0E90032B2EB030C2FD030B52E
:10B3500093F900E01A78BEF1000F044615DAC12A0D
:10B3600022D9DF2A15D8BCF1010F50D0587800F04F
:10B37000C00CBCF1800F17D100EB8210A0F5425039
:10B38000814201D30233236030BD01330360104694
:10B3900030BDEF2A0ED8BCF1020F38D9587800F032
:10B3A000C00CBCF1800F35D04FF0FF3030BD6FF0D6
:10B3B00001007047F42AF7D8BCF1030F27D9587859
:10B3C00000F0C00CBCF1800FEED1F02A3AD0F42A84
:10B3D00001D18F28E8D893F802C00CF0C00EBEF15E
:10B3E000800FE1D193F803E00EF0C005802DDBD192
:10B3F000000300EB824202EB8C127244A2F17270E5
:10B40000A0F502508842BFD80433236030BD6FF0EE
:10B41000010030BDE02A12D093F802C00CF0C00E3B
:10B42000BEF1800FC0D1800100EB02326244A2F570
:10B43000622080388142A7D30333236030BD9F2828
:10B44000EAD8B1E78F28C6D8AEE700BF10B5034BE6
:10B4500003600446FEF7D8F8204610BDC845040036
:10B4600010B5034B03600446FEF7CEF8204610BD2E
:10B47000F445040010B5034B03600446FEF7C4F81E
:10B48000204610BD2046040010B5034B036004465F
:10B49000FEF7BAF8204610BD4C46040010B5054B27
:10B4A00003600446FEF7B0F8204624F0BBFB2046BC
:10B4B00010BD00BFC845040010B5054B036004462D
:10B4C000FEF7A2F8204624F0ADFB204610BD00BFD9
:10B4D000F445040010B5054B03600446FEF794F8EC
:10B4E000204624F09FFB204610BD00BF20460400EC
:10B4F00010B5054B03600446FEF786F8204624F09D
:10B5000091FB204610BD00BF4C4604007F2908D89F
:10B51000D0E900329A4242D05A1C026001201970D0
:10B520007047B1F5006F10B413D2D0E900239B1A15
:10B53000012B36D98B09541C403B046013700368FF
:10B5400001F03F015A1C803902601970012010BCC3
:10B550007047B1F5803F19D3B1F5881F21D2D0E9EA
:10B5600000239B1A032B1CD98B0C541C103B04602A
:10B5700013700268C1F30533541C803B04601370E0
:10B580000268C1F38513541C803BD6E7D0E9002341
:10B590009B1A022B05D90B0B541C203BEEE7002015
:10B5A0007047002010BC7047B1F5006F12D2D0E98F
:10B5B00000239B1A012B47D913464FEA911CACF18B
:10B5C000400C03F802CB01F03F01803903600120F9
:10B5D00051707047B1F5803F16D2D0E90032D21ACF
:10B5E000022A31D9C1F385124FEA113C803A01F0A9
:10B5F0003F015A70ACF1200C8039DA1C83F800C08E
:10B600000260012099707047B1F5881F1CD2D0E903
:10B610000032D21A032A17D9C1F30532803A10B486
:10B620004FEA914C5A70C1F3851201F03F011C1D85
:10B63000ACF1100C803A803983F800C09A70046035
:10B64000012010BCD9707047002070472DE9F843E5
:10B65000054640682C6884421646A0EB040237D0A9
:10B660000F4698461FE0B8F1010F2ED04A452FD95A
:10B670006488A4F55C43B3F5806FA4F15774A4F516
:10B68000773422D204EB8121B14238461DD8FFF72E
:10B690003DFF00B3D5E9004304EB4904A3422C600D
:10B6A000A3EB040214D02188A1F55843B3F5806FB1
:10B6B0004FF00209A1F55C40D5D3B0F5806F04D3FB
:10B6C000B1424FF001093846E1D90220BDE8F883C4
:10B6D0000020BDE8F8830120BDE8F88300B585B0FF
:10B6E0001846079902910899009201900391074A20
:10B6F00002A900236846FFF7A9FF0699009A0A608D
:10B70000029B099A136005B05DF804FBFFFF10006F
:10B7100030B583B0CDE90023069868B107491546D6
:10B72000441E02E0B0F5881F04D26846FFF70AFE07
:10B73000013CF7D20098401B03B030BDFFFF100062
:10B7400070B59A4282B0CDE90023DDE907451AD0F1
:10B750000F4E0CE0FFF7F6FD831C0CD0B0F5881FF0
:10B76000009B12D2019A44F8040B9A420BD0A542D6
:10B7700031466846EED1009B0120069A1360099B72
:10B780001C6002B070BD0020F7E70220F5E700BFA3
:10B79000FFFF1000F0B583B0CDE90023089E012E15
:10B7A00017464FF0010414D90F49002507E0B0F502
:10B7B000803F38BF2C46651C0234A64209D9684632
:10B7C000FFF7C0FDB0F5881FF1D30098C01B03B090
:10B7D000F0BDA642F9D14FF6FF716846FFF7B2FD02
:10B7E0000098C01B03B0F0BDFFFF100070B582B021
:10B7F000DDE9075114469C42CDE90051A3EB02025A
:10B8000046D01E4618E0022A32D96288A2F55C436F
:10B81000B3F5806F36D2A2F15772A2F5773202EB00
:10B82000812102256846FFF7BFFE70B36A00144409
:10B83000A642A6EB04021BD02188A1F55843B3F51C
:10B84000806FE0D3A1F55C43B3F5806F1AD37F29F5
:10B8500088BF0125E6D8DDE90053AB420BD00222B8
:10B8600014446B1CA6420093A6EB04022970E3D19A
:10B87000009D002000E00120069B1C60099B1D60CC
:10B8800002B070BD009D0220F6E7009D0120F3E7A5
:10B890000020F1E770B582B0DDE907109A42CDE9EA
:10B8A000001014462BD01E460AE0DDE900138B423F
:10B8B00001F1010016D000900A70A64225461BD067
:10B8C0002268B2F5881F25461146684604F1040433
:10B8D0000FD27F2AE9D9FFF767FE0028EDD1009942
:10B8E000012000E00120069B1D60099B196002B049
:10B8F00070BD00990220F6E700990020F3E7154695
:10B900000020F0E7F0B59A4283B0CDE90023DDE9ED
:10B910000964174631D01E4D06E023F8020B1E467F
:10B92000DDE90073BB4228D0B4422946684626D0E0
:10B93000FFF708FD811C3346A4EB060222D0B0F5C8
:10B94000881F22D2B0F5803FE7D3022A06D8012013
:10B95000089B1F600B9B1E6003B0F0BD820AA2F51E
:10B96000215223F8042BC0F30900A0F51050708079
:10B970001E46DDE90073BB42D6D10020E8E7009FF8
:10B980000020E5E7009F0120E2E7009F0220DFE7BB
:10B99000FFFF100070B582B0DDE907109A42CDE9D3
:10B9A000001014461DD01E4605E0FFF7AFFD90B114
:10B9B000A642254612D02168B1F5881F2546684663
:10B9C00004F10404F1D300990220069B1D60099B39
:10B9D000196002B070BD00990120F6E700990020BF
:10B9E000F3E715460020F0E730B583B0CDE900233A
:10B9F000069868B107491546441E02E0B0F5881F55
:10BA000004D26846FFF71AFC013CF7D20098401BAD
:10BA100003B030BDFFFF100070B59A4282B0CDE98F
:10BA20000023DDE907451AD00F4E0CE0FFF706FCB6
:10BA3000831C0CD0B0F5881F009B12D2019A44F8E9
:10BA4000040B9A420BD0A54231466846EED1009BCA
:10BA50000120069A1360099B1C6002B070BD002093
:10BA6000F7E70220F5E700BFFFFF100070B582B0D6
:10BA7000CDE900019DF818500C4619466B07164693
:10BA800024D4012E12D90025012407E0B0F5803F0F
:10BA900038BF2C46651C0234B44208D26846FFF712
:10BAA000CDFB8142F2D2009802B070BD0124A642C3
:10BAB000F9D14FF6FE724FF6FF73914288BF1946D7
:10BAC0006846FFF7BBFB009802B070BD241A022C39
:10BAD000D7D90378EF2BD4D14378BB2BD1D183783E
:10BAE000BF2B04BF03300090CBE700BF10B582B07E
:10BAF0001446002019460090034B049A2046FFF795
:10BB0000B5FF001B02B010BDFFFF10002DE9F04192
:10BB10000D4611465A07064649D4D0E900784745F4
:10BB200042D06A6803F001040EE0D5E900329A427F
:10BB30001DD080B20CB940BA80B29F1C2F60D6E9EC
:10BB40000078B84518802FD02B689A422CD0304608
:10BB5000FFF774FB831C3CD081423FD3B0F5803F9C
:10BB6000E3D3D5E900C2A2EB0C03022B04D8C6E94B
:10BB700000780120BDE8F081C0F30903870AA7F52A
:10BB80002150A3F5105380B29BB21CB940BA5BBAE6
:10BB900080B29BB2674627F8040B2F60D6E9007885
:10BBA000B845ACF80230CFD10020BDE8F081D0E933
:10BBB0000078A8EB0702022AB1D93A78EF2AAED171
:10BBC0007A78BB2AABD1BA78BF2A04BF03370760A3
:10BBD000A5E7069B581CC0B2BDE8F0810220BDE875
:10BBE000F08100BF10B586B0184609990491002471
:10BBF0000A99029203900591074A009404A901232F
:10BC000002A8FFF783FF0899029A0A60049B0B9A27
:10BC1000136006B010BD00BFFFFF10002DE9F04F0C
:10BC2000D1E900BAAE4DAF4B2B600123D1F808909B
:10BC30006B600E46044685B0C5F808B00021284662
:10BC4000FFF7C8F96B686768A74801336B60FDF7B9
:10BC500087FF47F82050A54DA54B2B6001236B6053
:10BC6000FDF7E8FC6B68D4F80480A86001336B60D2
:10BC7000A048A14FFDF774FFA04B48F820500022C8
:10BC80003B600123C7F808A07B6011463846FEF7E9
:10BC90007BFE7B68D4F8048099489A4D01337B6021
:10BCA000FDF75EFF984B48F8207000222B600123BF
:10BCB000C5F808906B6011462846FEF719FE6B68C0
:10BCC0006768924801336B60FDF74AFF47F82050E0
:10BCD0008F4D904B67682B604FF00208C5F80480C9
:10BCE0008D48FDF73DFF47F820508C4D8C4B676821
:10BCF0002B60C5F804808B48FDF732FF47F82050D1
:10BD0000894F8A4B3B608A486368C7F80480019377
:10BD1000FDF726FF874D019B012143F8207028463F
:10BD200010F03EF96B686768834801336B60FDF77C
:10BD300017FF47F82050814D814B2B600123D6F827
:10BD40000C806B6033690193C5F8088073690293B6
:10BD500000212846FFF7D2F96B68666879480133FD
:10BD60006B60FDF7FDFE46F82050774D774B2B605A
:10BD700001236B60FDF75EFC6B686768A8600133A8
:10BD80006B607348734EFDF7EBFE019B47F8205044
:10BD9000B360714B3360002201237360114630465B
:10BDA000FEF7FAFE736867686C486D4D0133736087
:10BDB000FDF7D6FE029B47F82060AB60694B2B6015
:10BDC000002201236B6011462846FEF799FE6B683E
:10BDD0006668654801336B60FDF7C2FE46F8205087
:10BDE000624D634A66682A6002276F606148FDF70A
:10BDF000B7FE46F82050604D604A66682A606F6062
:10BE00005F48FDF7ADFE46F820505E4E5E4A326058
:10BE10005E48626877600392FDF7A2FE5C4D039A6C
:10BE2000012142F8206028461AF0DEFD6B68666842
:10BE3000584801336B60FDF793FE46F820502A48BE
:10BE4000E568FDF78DFE45F820B02D48E568FDF763
:10BE500087FE45F820A02D48E568FDF781FE45F8EE
:10BE600020903848E568FDF77BFE45F820803B4888
:10BE7000E568FDF775FE019BE46845F820303A4817
:10BE8000FDF76EFE029B44F8203005B0BDE8F08F50
:10BE90001348FDF7B9FBFCF78DFC3148FDF7B4FB07
:10BEA000FCF788FC2B48FDF7AFFBFCF783FC26482A
:10BEB000FDF7AAFBFCF77EFC2048FDF7A5FBFCF78D
:10BEC00079FC1048FDF7A0FBFCF774FC0A48FDF76D
:10BED0009BFBFCF76FFC0548FDF796FBFCF76AFC43
:10BEE000B4E80500E46404003CEA05002CE9050020
:10BEF000C864040020EA0500FCE80500C8650400E9
:10BF00004CEA050008E905009465040048EA0500CC
:10BF1000DCE805004466040044EA0500ECE805009E
:10BF20005C66040040EA0500CCE805008866040071
:10BF300028EA050094E8050024EA0500C0E80500A9
:10BF4000086D04009CEA050038E90500AC6C0400AB
:10BF500080EA050014E90500EC6D0400ACEA050078
:10BF600020E90500B86D0400A8EA0500E4E8050032
:10BF7000686E0400A4EA0500F4E80500806E040081
:10BF8000A0EA0500D4E80500AC6E040088EA0500CC
:10BF9000A4E8050084EA050000B583B08C46C168BA
:10BFA0000498CDE9003013464FF00000624609F0D6
:10BFB00095FC03B05DF804FB30B58BB00AAC04E926
:10BFC0000C00109B8A6803930EAB044693E80300B1
:10BFD000129D119B0493059501AB7925069583E885
:10BFE0000300DDE90831204600914FF000010AF01E
:10BFF00043F920460BB030BD30B58BB00AAC04E934
:10C000000C00109B8A6803930EAB044693E8030070
:10C01000129D119B0493059501AB6D25069583E850
:10C020000300DDE90831204600914FF000010AF0DD
:10C0300023F920460BB030BD30B58BB00AAC04E913
:10C040000C00109B8A6803930EAB044693E8030030
:10C05000129D119B0493059501AB7725069583E806
:10C060000300DDE90831204600914FF000010AF09D
:10C0700003F920460BB030BD30B58BB00AAC04E9F3
:10C080000C00109B8A6803930EAB044693E80300F0
:10C09000129D119B0493059501AB6425069583E8D9
:10C0A0000300DDE90831204600914FF000010AF05D
:10C0B000E3F820460BB030BD30B58BB00AAC04E9D4
:10C0C0000C00109B8A6803930EAB044693E80300B0
:10C0D000129D119B0493059501AB7425069583E889
:10C0E0000300DDE90831204600914FF000010AF01D
:10C0F000C3F820460BB030BD03464FF000009968EE
:10C100000AF0B2B870B590B00AAC84E80C009DF8A3
:10C1100058308A680393179B0493002307930D9369
:10C120000EAB06930DAB059314A9054603C90DF19B
:10C13000040C0A9B8CE8030008AE0B990091304672
:10C140004FF000010AF0DCF996E803000D9B84E84B
:10C1500003005BB9DDE90E231999C1E9002394E8D6
:10C16000030085E80300284610B070BD94E8030082
:10C17000189A85E803002846136010B070BD00BF10
:10C1800030B58BB00AAC04E90C009DF838308A68F1
:10C1900001930F9B02939DF8403003930023DDE948
:10C1A00012450693DDE90831CDE9044500914FF0D1
:10C1B000000104460AF0F6FA20460BB030BD00BF7D
:10C1C0000A4601694FF000000AF042B810B50C6849
:10C1D000016954F80C3C82B04FF0000000922246F6
:10C1E00009F018FF02B010BD00B583B08C46C168DD
:10C1F0000498CDE9003013464FF00000624609F084
:10C200007BFB03B05DF804FB30B58BB00AAC04E9EE
:10C210000C00109B8A6803930EAB044693E803005E
:10C22000129D119B0493059501AB7925069583E832
:10C230000300DDE90831204600914FF000010AF0CB
:10C24000BDF820460BB030BD30B58BB00AAC04E968
:10C250000C00109B8A6803930EAB044693E803001E
:10C26000129D119B0493059501AB6D25069583E8FE
:10C270000300DDE90831204600914FF000010AF08B
:10C280009DF820460BB030BD30B58BB00AAC04E948
:10C290000C00109B8A6803930EAB044693E80300DE
:10C2A000129D119B0493059501AB7725069583E8B4
:10C2B0000300DDE90831204600914FF000010AF04B
:10C2C0007DF820460BB030BD30B58BB00AAC04E928
:10C2D0000C00109B8A6803930EAB044693E803009E
:10C2E000129D119B0493059501AB6425069583E887
:10C2F0000300DDE90831204600914FF000010AF00B
:10C300005DF820460BB030BD30B58BB00AAC04E907
:10C310000C00109B8A6803930EAB044693E803005D
:10C32000129D119B0493059501AB7425069583E836
:10C330000300DDE90831204600914FF000010AF0CA
:10C340003DF820460BB030BD03464FF00000996821
:10C3500009F08EBF70B590B00AAC84E80C009DF86F
:10C3600058308A680393179B0493002307930D9317
:10C370000EAB06930DAB059314A9054603C90DF149
:10C38000040C0A9B8CE8030008AE0B990091304620
:10C390004FF000010AF05AF996E803000D9B84E87B
:10C3A00003005BB9DDE90E231999C1E9002394E884
:10C3B000030085E80300284610B070BD94E8030030
:10C3C000189A85E803002846136010B070BD00BFBE
:10C3D00030B58BB00AAC04E90C009DF838308A689F
:10C3E00001930F9B0293109B03930023DDE91245F9
:10C3F0000693DDE90831CDE9044500914FF00001D5
:10C4000004460AF027FA20460BB030BD0A460169FF
:10C410004FF0000009F022BF10B50C68016954F814
:10C420000C3C82B04FF000000092224609F014FE4E
:10C4300002B010BD2DE9F04192B008AE1B9F9DF8EF
:10C44000608086E80C000BAE04460D46002339469A
:10C450003046119303F086F83B681A9953F80C3C68
:10C46000AA680391199902910F490C930020099B26
:10C4700011910021CDE9040100930696089BCDF8A7
:10C4800004804FF0000120460AF0E4F9119B0BB143
:10C4900030469847204612B0BDE8F081119B0BB1A1
:10C4A00030469847FCF786F901CA00002DE9F043B1
:10C4B00093B008AE1D9F9DF868809DF8709086E847
:10C4C0000C000BAE04460D4600233946304611934E
:10C4D00002F09AFC3B681B9953F80C3CAA68029145
:10C4E00010490C930020099B11910021CDE9040112
:10C4F0000093CDF80C90089B0696CDF804804FF081
:10C50000000120460AF04EF9119B0BB130469847C6
:10C51000204613B0BDE8F083119B0BB1304698471D
:10C52000FCF748F949CD000030B58BB0C9680093DD
:10C5300000251346044603AA4FF00000099509F0B0
:10C54000E9F9099B63B1DDE9031202AB204602F071
:10C55000ABFC099B0BB103A8984720460BB030BD3C
:10C560000448FBF78DFD099B0BB103A89847FCF726
:10C5700021F900BF0849040030B58BB0C9680093A9
:10C5800000251346044603AA4FF00000099509F060
:10C590000BFA099B63B1DDE9031202AB204603F0FD
:10C5A00035F8099B0BB103A8984720460BB030BD66
:10C5B0000448FBF765FD099B0BB103A89847FCF7FE
:10C5C000F9F800BF0849040030B58DB01D46134688
:10C5D000119A09691268044652F80C0CCDE9022040
:10C5E000109A0020CDE9005205AA0B9009F0C0FD79
:10C5F0000B9B63B1DDE9051204AB204603F006F89E
:10C600000B9B0BB105A8984720460DB030BD0448E0
:10C61000FBF736FD0B9B0BB105A89847FCF7CAF852
:10C620000849040030B58DB01D461346119A0969BA
:10C630001268044652F80C0CCDE90220109A002032
:10C64000CDE9005205AA0B9009F028FD0B9B63B1C0
:10C65000DDE9051204AB204602F026FC0B9B0BB172
:10C6600005A8984720460DB030BD0448FBF708FDEB
:10C670000B9B0BB105A89847FCF79CF808490400F0
:10C6800010B504460069074B236043685A1E012B0E
:10C69000426002D103685B68984720460FF0FAF8C1
:10C6A000204610BD404F040010B504460069074BFA
:10C6B000236043685A1E012B426002D103685B6805
:10C6C0009847204619F0D0FD204610BD5C4F04006D
:10C6D00010B504468068084B236043685A1E012B3E
:10C6E000426002D103685B689847044B2360204690
:10C6F000FCF78AFF204610BD405004005C66040031
:10C7000010B504468068084B236043685A1E012B0D
:10C71000426002D103685B689847044B236020465F
:10C72000FCF772FF204610BDC04F0400886604006D
:10C7300010B504468068084B236043685A1E012BDD
:10C74000426002D103685B689847044B236020462F
:10C75000FCF75AFF204610BDE84F0400AC6E040001
:10C7600010B504468068084B236043685A1E012BAD
:10C77000426002D103685B689847044B23602046FF
:10C78000FCF742FF204610BD105004004466040030
:10C7900010B504460069094B236043685A1E012BFB
:10C7A000426002D103685B68984720460FF072F838
:10C7B000204623F037FA204610BD00BF404F04004A
:10C7C00010B504468068084B236043685A1E012B4D
:10C7D000426002D103685B689847044B236020469F
:10C7E000FCF712FF204610BD28500400686E0400BC
:10C7F00010B504460069094B236043685A1E012B9B
:10C80000426002D103685B689847204619F02CFD0E
:10C81000204623F007FA204610BD00BF5C4F0400FD
:10C8200010B504468068084B236043685A1E012BEC
:10C83000426002D103685B689847044B236020463E
:10C84000FCF7E2FE204610BD58500400806E040044
:10C8500010B5044680680A4B236043685A1E012BBA
:10C86000426002D103685B689847064B236020460C
:10C87000FCF7CAFE204623F0D5F9204610BD00BFC4
:10C88000105004004466040010B5044680680A4B4A
:10C89000236043685A1E012B426002D103685B6823
:10C8A0009847064B23602046FCF7AEFE204623F057
:10C8B000B9F9204610BD00BF28500400686E04007E
:10C8C00010B50446D0E90303002208492160DA606C
:10C8D00043685A1E012B426002D103685B68984787
:10C8E0002046FEF75DFC204610BD00BF9C4F0400B3
:10C8F00010B5044680680A4B236043685A1E012B1A
:10C90000426002D103685B689847064B236020466B
:10C91000FCF77AFE204623F085F9204610BD00BFC3
:10C92000C04F04008866040010B5044680680A4BB6
:10C93000236043685A1E012B426002D103685B6882
:10C940009847064B23602046FCF75EFE204623F006
:10C9500069F9204610BD00BF405004005C66040029
:10C9600010B5044680680A4B236043685A1E012BA9
:10C97000426002D103685B689847064B23602046FB
:10C98000FCF742FE204623F04DF9204610BD00BFC3
:10C99000E84F0400AC6E040010B5044680680A4BF2
:10C9A000236043685A1E012B426002D103685B6812
:10C9B0009847064B23602046FCF726FE204623F0CE
:10C9C00031F9204610BD00BF58500400806E0400AD
:10C9D00010B50446D0E90303002208492160DA605B
:10C9E00043685A1E012B426002D103685B68984776
:10C9F0002046FEF74BFB204610BD00BF784F0400D9
:10CA000003680A4AA3F10C00904200D1704753F822
:10CA1000042C511E002A43F8041CF7DC00B583B037
:10CA200001A902F0EFFA03B05DF804FB54E9050038
:10CA300010B50446C0680A4B236043685A1E012B98
:10CA4000426002D103685B6898472046054B40F876
:10CA5000083B23F08DFF2046FCF7D6FD204610BD95
:10CA6000084F0400C864040010B50446D0E903036D
:10CA7000002209492160DA6043685A1E012B426096
:10CA800002D103685B6898472046FEF7FFFA20460C
:10CA900023F0C8F8204610BD784F040010B50446B6
:10CAA000D0E90303002209492160DA6043685A1E75
:10CAB000012B426002D103685B6898472046FEF76D
:10CAC0006FFB204623F0AEF8204610BD9C4F0400BB
:10CAD00010B50446C0680A4B236043685A1E012BF8
:10CAE000426002D103685B6898472046054B40F8D6
:10CAF000083B23F03DFF2046FCF786FD204610BD95
:10CB0000244F0400AC6C040010B50446C0680C4B04
:10CB1000236043685A1E012B426002D103685B68A0
:10CB200098472046074B40F8083B23F021FF20465A
:10CB3000FCF76AFD204623F075F8204610BD00BFC3
:10CB4000084F0400C864040010B50446C0680C4BCC
:10CB5000236043685A1E012B426002D103685B6860
:10CB600098472046074B40F8083B23F001FF20463A
:10CB7000FCF74AFD204623F055F8204610BD00BFC3
:10CB8000244F0400AC6C040010B50446D0E9030344
:10CB9000002209492160DA609A611A629A62436848
:10CBA0005A1E012B426002D103685B6898472046F9
:10CBB000FDF736FF204610BDA450040010B5044612
:10CBC000D0E90303002209492160DA609A611A6200
:10CBD0009A6243685A1E012B426002D103685B6867
:10CBE00098472046FDF754FF204610BD70500400C2
:10CBF00010B50446D0E90303002209492160DA6038
:10CC00001A629A621A6343685A1E012B426002D16B
:10CC100003685B6898472046FEF742F8204610BD3F
:10CC2000D850040010B50446D0E903030022094996
:10CC30002160DA601A629A621A6343685A1E012BF5
:10CC4000426002D103685B6898472046FDF7F0FF19
:10CC5000204610BD0C51040010B50446D0E9030372
:10CC600000220B492160DA609A611A629A62436875
:10CC70005A1E012B426002D103685B689847204628
:10CC8000FDF706FF204622F0CDFF204610BD00BF75
:10CC90007050040010B50446D0E9030300220B498C
:10CCA0002160DA609A611A629A6243685A1E012B07
:10CCB000426002D103685B6898472046FDF7B0FEEA
:10CCC000204622F0AFFF204610BD00BFA450040054
:10CCD00010B50446D0E9030300220B492160DA6055
:10CCE0001A629A621A6343685A1E012B426002D18B
:10CCF00003685B6898472046FDF79AFF204622F0BC
:10CD000091FF204610BD00BF0C51040010B5044631
:10CD1000D0E9030300220B492160DA601A629A62AB
:10CD20001A6343685A1E012B426002D103685B6894
:10CD300098472046FDF7B4FF204622F073FF2046B7
:10CD400010BD00BFD850040003680A4AA3F10C00CC
:10CD5000904200D1704753F8042C511E002A43F82A
:10CD6000041CF7DC00B583B001A901F0ABFD03B0F2
:10CD70005DF804FB44E90500F0B597B00AAC84E81F
:10CD80000C009DF878308A6803931F9B049300235E
:10CD9000069315930D930FAF0DAB059307971CA941
:10CDA000054603C90DF1040C0A9B8CE8030008AE8C
:10CDB0000B99009130464FF0000109F047FC96E8CE
:10CDC00003000D9B84E8030063B1209A136094E88C
:10CDD0000300159B85E803000BB1384698472846A9
:10CDE00017B0F0BD159BD3B1DDE90F120CAB0EA847
:10CDF00002F00CFC21980EA902F08AF80E9B0C4A56
:10CE0000A3F10C009042E2D053F8042C511E002AEA
:10CE100043F8041CDBDC0CA902F0F4F8D7E7054862
:10CE2000FBF72EF9159B0BB138469847FBF7C2FC70
:10CE300054E9050008490400F0B597B00AAC84E84D
:10CE40000C009DF878308A6803931F9B049300239D
:10CE5000069315930D930FAF0DAB059307971CA980
:10CE6000054603C90DF1040C0A9B8CE8030008AECB
:10CE70000B99009130464FF0000109F041FB96E814
:10CE800003000D9B84E8030063B1209A136094E8CB
:10CE90000300159B85E803000BB1384698472846E8
:10CEA00017B0F0BD159BD3B1DDE90F120CAB0EA886
:10CEB00001F0FAFF21980EA901F062FC0E9B0C4ACA
:10CEC000A3F10C009042E2D053F8042C511E002A2A
:10CED00043F8041CDBDC0CA901F0F4FCD7E705489F
:10CEE000FBF7CEF8159B0BB138469847FBF762FC71
:10CEF00044E90500084904004268511E012A4160C6
:10CF000000D0704703685B68184700BF2DE9F04107
:10CF10000B6882B008469B6814460D46984784F813
:10CF200024002B682846DB68984784F825002A6887
:10CF3000002301211269A3606361E36184F8641036
:10CF400001A829469047019B53F80C8C08F1010079
:10CF500023F0FAF8064601460023424601A801F0F4
:10CF6000EBFB019B364FA3F10C000022B842C4E951
:10CF7000026806F808203AD12B6801A85B692946A7
:10CF80009847019B53F80C8C08F1010023F0DCF862
:10CF9000064601460023424601A801F0CDFB019B55
:10CFA000A3F10C000022B842C4E9056806F8082085
:10CFB00028D12B6801A89B6929469847019B53F803
:10CFC0000C6C701C23F0C0F8054601460023324665
:10CFD00001A801F0B1FB0023AB55019BA3F10C00AC
:10CFE000B842C4E9075618D102B0BDE8F08153F841
:10CFF000042C511E002A43F8041CBDDC694601F0D4
:10D0000061FCB9E753F8042C511E002A43F8041CB4
:10D01000CFDC694601F056FCCBE753F8042C511ED7
:10D02000002A43F8041CDFDC694601F04BFCDBE717
:10D0300001A801F06FFDFBF7BDFBF9E7F8E700BFC2
:10D0400044E905002DE9F0410B680D4682B0084621
:10D050009B68144698472B686062DB6828469847AF
:10D060002A68002301211269A062A3606361E36161
:10D0700084F8241101A829469047019B53F80C7CA1
:10D08000781C23F061F80646014600233A4601A8C1
:10D0900001F052FB019B434AA3F10C000021904296
:10D0A000C4E90267F1554CD12B6829465B6901A898
:10D0B0009847019B53F80C8C6FF0604308F1010610
:10D0C0009E426CD2B600304623F03EF80746014639
:10D0D0000023424601A801F0F5FE019B67613E4432
:10D0E000314FC4F81880A3F10C000022B84246F872
:10D0F000042C31D12B6829469B6901A89847019BD4
:10D1000053F80C8C6FF0604308F101059D4239D251
:10D11000AE00304623F018F805460146002342468B
:10D1200001A801F0CFFE019BC4E90758A3F10C0050
:10D1300035440022B84245F8042C18D102B0BDE8AD
:10D14000F08153F8042C511E002A43F8041CABDC78
:10D15000694601F0B7FBA7E753F8042C511E002ADB
:10D1600043F8041CC6DC694601F04CFFC2E753F8E3
:10D17000042C511E002A43F8041CDFDC694601F030
:10D1800041FFDBE7FAF7D4FF01A801F0C3FCFBF78E
:10D1900011FB01A802F06CF8FBF70CFBF9E7FAF7BA
:10D1A000C7FF00BF44E9050054E9050010B4084674
:10D1B000DDE90141019111461A4623460468A4683D
:10D1C000A44610BC604700BF10B40846DDE9014129
:10D1D000019111461A4623460468A468A44610BC6F
:10D1E000604700BF30B5086883B01446C5681A466A
:10D1F00001A8069BA847A3690BB12046984701A93F
:10D20000204601F001FE019B0D4A184650F80C1D06
:10D21000616090420B49A16101D103B030BD53F868
:10D22000042C511E002A43F8041CF6DC694601F068
:10D2300049FBF2E701A801F06DFCFBF7BBFA00BF68
:10D2400044E9050049CD000030B5086883B01446B4
:10D25000C5681A4601A8069BA847A3690BB12046DA
:10D26000984701A9204602F07DF9019B0D4A184616
:10D2700050F80C1D616090420B49A16101D103B0CF
:10D2800030BD53F8042C511E002A43F8041CF6DC70
:10D29000694601F0B7FEF2E701A801F0E9FFFBF7EC
:10D2A00089FA00BF54E9050001CA00002DE9F041E8
:10D2B0000B6884B008469B6814460D469847607416
:10D2C0002B682846DB689847A0742B6828461B6AA1
:10D2D00098472A68002301211269E062A360636114
:10D2E000E361636284F8431003A829469047039BD7
:10D2F00053F80C8C08F1010022F026FF0646014687
:10D300000023424603A801F017FA039B514FA3F1F3
:10D310000C000022B842C4E9026806F8082065D172
:10D320002B6803A85B6929469847039B53F80C8C2C
:10D3300008F1010022F008FF06460146002342469C
:10D3400003A801F0F9F9039BA3F10C000022B842F5
:10D35000C4E9056806F8082053D12B6803A89B6927
:10D3600029469847039B53F80C8C08F1010022F0E2
:10D37000EBFE064601460023424603A801F0DCF915
:10D38000039BA3F10C000022B842C4E9076806F829
:10D39000082041D12B6803A8DB6929469847039BE5
:10D3A00053F80C8C08F1010022F0CEFE064601462F
:10D3B0000023424603A801F0BFF9039BA3F10C0030
:10D3C0000022B842C4E9096806F808202FD12B686A
:10D3D00028465B6A98472063CDE902002B682846FF
:10D3E0009B6A9847606304B0BDE8F08153F8042C51
:10D3F000511E002A43F8041C92DC02A901F062FAD3
:10D400008EE753F8042C511E002A43F8041CA4DCB8
:10D4100002A901F057FAA0E753F8042C511E002A84
:10D4200043F8041CB6DC02A901F04CFAB2E753F849
:10D43000042C511E002A43F8041CC8DC02A901F088
:10D4400041FAC4E703A801F065FBFBF7B3F9F9E77C
:10D45000F8E7F7E744E905002DE9F0410B6884B0EF
:10D4600008469B6814460D46984760742B6828460A
:10D47000DB689847A0742B6828461B6A98472A687F
:10D48000002301211269E062A3606361E3616362CA
:10D4900084F8431003A829469047039B53F80C8C4B
:10D4A00008F1010022F050FE0646014600234246E4
:10D4B00003A801F041F9039B514FA3F10C00002296
:10D4C000B842C4E9026806F8082065D12B6803A8B1
:10D4D0005B6929469847039B53F80C8C08F10100BF
:10D4E00022F032FE064601460023424603A801F020
:10D4F00023F9039BA3F10C000022B842C4E905689C
:10D5000006F8082053D12B6803A89B692946984741
:10D51000039B53F80C8C08F1010022F015FE06461F
:10D5200001460023424603A801F006F9039BA3F13C
:10D530000C000022B842C4E9076806F8082041D16F
:10D540002B6803A8DB6929469847039B53F80C8C8A
:10D5500008F1010022F0F8FD06460146002342468C
:10D5600003A801F0E9F8039BA3F10C000022B842E4
:10D57000C4E9096806F808202FD12B6828465B6AA1
:10D5800098472063CDE902002B6828469B6A98479C
:10D59000606304B0BDE8F08153F8042C511E002AEA
:10D5A00043F8041C92DC02A901F08CF98EE753F8D1
:10D5B000042C511E002A43F8041CA4DC02A901F02B
:10D5C00081F9A0E753F8042C511E002A43F8041CEB
:10D5D000B6DC02A901F076F9B2E753F8042C511E2B
:10D5E000002A43F8041CC8DC02A901F06BF9C4E767
:10D5F00003A801F08FFAFBF7DDF8F9E7F8E7F7E7A2
:10D6000044E905002DE9F0430B680D4685B0084656
:10D610009B68144698472B686061DB6828469847EA
:10D620002B68A0611B6A284698472A6800230121BD
:10D6300012696063A360E3616362E36284F86C1063
:10D6400003A829469047039B53F80C7C781C22F0D2
:10D650007BFD0646014600233A4603A801F06CF81C
:10D66000039B664AA3F10C0000219042C4E90267C3
:10D67000F15540F083802B6829465B6903A89847E1
:10D68000039B53F80C8C6FF0604308F101069E4237
:10D6900080F0A680B600304622F056FD07460146CF
:10D6A0000023424603A801F00DFC039BE7613E44C2
:10D6B000534FC4F82080A3F10C000022B84246F872
:10D6C000042C67D12B6829469B6903A89847039BC4
:10D6D00053F80C9C6FF0604309F101069E4280F004
:10D6E0008A80B600304622F02FFD80460146002396
:10D6F0004A4603A801F0E6FB039BC4F82890464481
:10D70000A3F10C000022B842C4F8248046F8042C8F
:10D710004BD12B682946DB6903A89847039B53F834
:10D720000C9C6FF0604309F101069E4261D2B60085
:10D73000304622F009FD8046014600234A4603A8F0
:10D7400001F0C0FB039BC4F830904644A3F10C00E9
:10D750000022B842C4F82C8046F8042C30D12B6843
:10D7600028465B6A9847A063CDE902002B682846EB
:10D770009B6A9847E06305B0BDE8F08353F8042C3A
:10D78000511E002A43F8041C3FF775AF02A901F0AF
:10D7900099F870E753F8042C511E002A43F8041C32
:10D7A00090DC02A901F02EFC8CE753F8042C511EEA
:10D7B000002A43F8041CACDC02A901F023FCA8E712
:10D7C00053F8042C511E002A43F8041CC7DC02A99C
:10D7D00001F018FCC3E703A801F04AFDFAF7EAFFDD
:10D7E000FAF7A6FC03A801F095F9FAF7E3FFF2E7D0
:10D7F000F1E7FAF79DFCFAF79BFC00BF44E905004E
:10D8000054E905002DE9F0430B680D4685B0084644
:10D810009B68144698472B686061DB6828469847E8
:10D820002B68A0611B6A284698472A6800230121BB
:10D8300012696063A360E3616362E36284F86C1061
:10D8400003A829469047039B53F80C7C781C22F0D0
:10D850007BFC0646014600233A4603A800F06CFF15
:10D86000039B664AA3F10C0000219042C4E90267C1
:10D87000F15540F083802B6829465B6903A89847DF
:10D88000039B53F80C8C6FF0604308F101069E4235
:10D8900080F0A680B600304622F056FC07460146CE
:10D8A0000023424603A801F00DFB039BE7613E44C1
:10D8B000534FC4F82080A3F10C000022B84246F870
:10D8C000042C67D12B6829469B6903A89847039BC2
:10D8D00053F80C9C6FF0604309F101069E4280F002
:10D8E0008A80B600304622F02FFC80460146002395
:10D8F0004A4603A801F0E6FA039BC4F82890464480
:10D90000A3F10C000022B842C4F8248046F8042C8D
:10D910004BD12B682946DB6903A89847039B53F832
:10D920000C9C6FF0604309F101069E4261D2B60083
:10D93000304622F009FC8046014600234A4603A8EF
:10D9400001F0C0FA039BC4F830904644A3F10C00E8
:10D950000022B842C4F82C8046F8042C30D12B6841
:10D9600028465B6A9847A063CDE902002B682846E9
:10D970009B6A9847E06305B0BDE8F08353F8042C38
:10D98000511E002A43F8041C3FF775AF02A900F0AE
:10D9900099FF70E753F8042C511E002A43F8041C29
:10D9A00090DC02A901F02EFB8CE753F8042C511EE9
:10D9B000002A43F8041CACDC02A901F023FBA8E711
:10D9C00053F8042C511E002A43F8041CC7DC02A99A
:10D9D00001F018FBC3E703A801F04AFCFAF7EAFEDE
:10D9E000FAF7A6FB03A801F095F8FAF7E3FEF2E7D1
:10D9F000F1E7FAF79DFBFAF79BFB00BF44E905004E
:10DA000054E9050010B50C4682B0114601A81A462B
:10DA10006B4601F049FA2368049A9B68204601A9E5
:10DA20009847019B0C49A3F10C028A42044602D19B
:10DA3000204602B010BD53F8041C481E002943F8CC
:10DA4000040CF5DC6946104600F03CFFF0E701A845
:10DA500001F060F8FAF7AEFE44E9050010B50C4697
:10DA600082B0114601A81A466B4601F01DFA2368E0
:10DA7000049A9B68204601A99847019B0C49A3F191
:10DA80000C028A42044602D1204602B010BD53F86F
:10DA9000041C481E002943F8040CF5DC69461046B6
:10DAA00000F010FFF0E701A801F034F8FAF782FE69
:10DAB00044E90500F0B587B004AF0D461E460E9947
:10DAC00002AB144638460F9A01F0EEF90D9BCDE9F2
:10DAD00000372B6829463246DD680C9B05A8A8470D
:10DAE000A3690BB12046984705A9204601F08CF99F
:10DAF000059B184650F80C2D6260154AA261154C22
:10DB0000A04206D1049BA3F10C00A0420CD107B0A7
:10DB1000F0BD53F8042C511E002A43F8041CF1DC1C
:10DB200003A900F0CFFEEDE753F8042C511E002AA4
:10DB300043F8041CEBDC05A900F0C4FEE7E705A8E8
:10DB400000F0E8FF384600F0E5FFFAF733FEF9E7AA
:10DB500049CD000044E90500F0B587B004AF0D469B
:10DB60001E460E9902AB144638460F9A01F04EFD40
:10DB70000D9BCDE900372B6829463246DD680C9BAA
:10DB800005A8A847A3690BB12046984705A92046D8
:10DB900001F0E8FC059B184650F80C2D6260154A10
:10DBA000A261154CA04206D1049BA3F10C00A04237
:10DBB0000CD107B0F0BD53F8042C511E002A43F8D5
:10DBC000041CF1DC03A901F01DFAEDE753F8042C65
:10DBD000511E002A43F8041CEBDC05A901F012FADF
:10DBE000E7E705A801F044FB384601F041FBFAF7EE
:10DBF000E1FDF9E701CA000054E905000B68084699
:10DC00001B691146184700BF0B6808461B6911467F
:10DC1000184700BF0B6808469B6818470B68084602
:10DC20009B68184782B030B58BB094460F939DF82F
:10DC30005830159A13990492643B0446152B79D8F1
:10DC4000DFE803F05E7878787878787878447878C8
:10DC5000787878782A78780B7878149BCDE9021355
:10DC60000FAB93E8030011AA06AB83E8030092E828
:10DC700003000DF1200E8EE80300DCF800500CCB01
:10DC80008DE8030061466D692046A84720460BB029
:10DC9000BDE8304002B07047149BCDE902130FABD2
:10DCA00093E8030011AA06AB83E8030092E803009F
:10DCB0000DF1200E8EE80300DCF800500CCB8DE84F
:10DCC00003006146ED682046A847DFE7149BCDE9D5
:10DCD00002130FAB93E8030011AA06AB83E803001D
:10DCE00092E803000DF1200E8EE80300DCF80050EE
:10DCF0000CCB8DE803006146AD692046A847C5E717
:10DD0000149BCDE902130FAB93E8030011AA06ABF5
:10DD100083E8030092E803000DF1200E8EE8030073
:10DD2000DCF800500CCB8DE8030061462D692046DD
:10DD3000A847ABE7149BCDE902130FAB93E80300B0
:10DD400011AA06AB83E8030092E803000DF1200E50
:10DD50008EE80300DCF800500CCB8DE80300614630
:10DD6000ED692046A84791E782B030B58BB0944664
:10DD70000F939DF85830159A13990492643B04460A
:10DD8000152B79D8DFE803F05E78787878787878A2
:10DD900078447878787878782A78780B7878149B33
:10DDA000CDE902130FAB93E8030011AA06AB83E899
:10DDB000030092E803000DF1200E8EE80300DCF86A
:10DDC00000500CCB8DE8030061466D692046A847E2
:10DDD00020460BB0BDE8304002B07047149BCDE93F
:10DDE00002130FAB93E8030011AA06AB83E803000C
:10DDF00092E803000DF1200E8EE80300DCF80050DD
:10DE00000CCB8DE803006146ED682046A847DFE7AC
:10DE1000149BCDE902130FAB93E8030011AA06ABE4
:10DE200083E8030092E803000DF1200E8EE8030062
:10DE3000DCF800500CCB8DE803006146AD6920464C
:10DE4000A847C5E7149BCDE902130FAB93E8030085
:10DE500011AA06AB83E8030092E803000DF1200E3F
:10DE60008EE80300DCF800500CCB8DE8030061461F
:10DE70002D692046A847ABE7149BCDE902130FABF1
:10DE800093E8030011AA06AB83E8030092E80300BD
:10DE90000DF1200E8EE80300DCF800500CCB8DE86D
:10DEA00003006146ED692046A84791E782B02DE95D
:10DEB000F0438FB004461793DDE91D539DF86C10B5
:10DEC0001C9E9446FBB1CDE90453CDE9021617AB75
:10DED00093E8030019AA0AAB83E8030092E8030061
:10DEE0000DF1300E8EE80300DCF800500CCB8DE80D
:10DEF00003006146AD682046A84720460FB0BDE844
:10DF0000F04302B07047CDE90365029117AE96E881
:10DF1000030008AB19AA83E8030092E803000AAAE9
:10DF200082E80300DCF800701F4A07928DE80300C6
:10DF30000DF11C08CDF81480D7F80C900CAF0CCB69
:10DF400061463846C84797E803002B6886E8030017
:10DF500083B91F9B9B690BB11F9898471F98414637
:10DF600000F052FF079B1F9953F80C2C4A600F4A90
:10DF70008A6100E0079B0E4A96E8030084E80300EC
:10DF8000A3F10C009042B8D053F8042C511E002A83
:10DF900043F8041CB1DC394600F094FCADE7404680
:10DFA00000F0B8FDFAF706FC50E9050049CD000085
:10DFB00044E9050082B02DE9F0438FB00446179381
:10DFC000DDE91D539DF86C101C9E9446FBB1CDE914
:10DFD0000453CDE9021617AB93E8030019AA0AAB64
:10DFE00083E8030092E803000DF1300E8EE8030091
:10DFF000DCF800500CCB8DE803006146AD6820468C
:10E00000A84720460FB0BDE8F04302B07047CDE905
:10E010000365029117AE96E8030008AB19AA83E8DE
:10E02000030092E803000AAA82E80300DCF800700B
:10E030001F4A07928DE803000DF11C08CDF81480EB
:10E04000D7F80C900CAF0CCB61463846C84797E820
:10E0500003002B6886E8030083B91F9B9B690BB103
:10E060001F9898471F98414601F07CFA079B1F991B
:10E0700053F80C2C4A600F4A8A6100E0079B0E4A55
:10E0800096E8030084E80300A3F10C009042B8D0A6
:10E0900053F8042C511E002A43F8041CB1DC394605
:10E0A00000F0B0FFADE7404601F0E2F8FAF782FB7E
:10E0B00060E9050001CA000054E9050082B02DE9BD
:10E0C000F0438BB004461A999DF854709DF85C801B
:10E0D0001393154641B38B69002B46D008AE0DF162
:10E0E0001C09D1E900123346484600F0DDFE169BBC
:10E0F000CDE90289CDE9007313AB93E8030086E80C
:10E1000003002B6829462046DD6896E80C00A847E6
:10E11000079B1A4AA3F10C0090421BD120460BB07A
:10E12000BDE8F04302B070470097DDE91867CDF80D
:10E13000088013AA92E80300CDE90467169A0192B9
:10E1400008AB83E80300286829460CCB8568204685
:10E15000A847E3E753F8042C511E002A43F8041C97
:10E16000DCDC314600F0AEFBD8E70548F9F788FF64
:10E17000484600F0CFFCFAF71DFB00BF44E905005C
:10E180000849040082B02DE9F0418AB0044618998C
:10E190009DF84C701193154651B38B69002B48D0F4
:10E1A00008AE0DF11C08D1E900123346404601F0DB
:10E1B0002DFA159B0293149B01930097CDF80C80C8
:10E1C00011AB93E8030086E803002B68294620463C
:10E1D000DD6896E80C00A847079B1A4AA3F10C00DB
:10E1E00090421BD120460AB0BDE8F04102B0704712
:10E1F000009711AB93E8030008AB83E80300DDE967
:10E200001612CDE90412159A29680292149A019205
:10E210008E680CCB29462046B047E3E753F8042C20
:10E22000511E002A43F8041CDCDC314600F0EAFEF3
:10E23000D8E70548F9F724FF404601F019F8FAF746
:10E24000B9FA00BF54E9050008490400F8B5B84A16
:10E250000D466FF00103B749064621F0E7FC04467E
:10E2600010B105682846F8BDB34B9D4247D0B34B6B
:10E270009D4200F08C80B24B9D426AD0B14B9D42D2
:10E2800000F09180B04B9D4200F09480AF4B9D42D6
:10E2900000F09780AE4B9D4200F0C380AD4B9D4295
:10E2A00000F0EF80AC4B9D4200F0F980AB4B9D42FB
:10E2B0005BD0AB4B9D4200F01F81AA4B9D4200F00A
:10E2C0002881A94B9D4200F02B81A84B9D4200F074
:10E2D0008381A74B9D4200F0B181A64B9D4240F047
:10E2E000DF811420FAF7AAFE0021054618F07CFB16
:10E2F0007368A14A2E61013373602A60B2E7682017
:10E30000FAF79CFE9D4B0746C7E90034C7E9024473
:10E31000C7E90544C7E9074414203C74BC8487F866
:10E320006440FAF78BFE964B0360C0E90147214633
:10E330000546FCF74FFE7368924A2A600133EE608F
:10E3400073602F613A4631464FF0000007F0C2F982
:10E3500088E70C20FAF772FE73688B4A0546013392
:10E36000C5E9014673602A607CE71020FAF766FE73
:10E37000864B0022C0E900320546FBF75BF9736863
:10E38000834A0133C5E9020673602A606AE71020F8
:10E39000FAF754FE7F4BC0E900340546FBF74AF913
:10E3A00073687D4AEDE70C20FAF748FE73687B4AF4
:10E3B0000546D4E70C20FAF741FE7368784A054613
:10E3C000CDE74420FAF73AFE764B0746C7E900341A
:10E3D000C7E90244C7E90544C7E90744C7E9094456
:10E3E000C7E90B4414203C82BC747C6387F843402B
:10E3F000FAF724FE6C4B0360C0E901472246214630
:10E400000546FCF775FA7368684A2A600133EE60C6
:10E4100073602F613A4631464FF0000007F016FB5B
:10E4200020E74420FAF70AFE614B0746C7E90034AB
:10E43000C7E90244C7E90544C7E90744C7E90944F5
:10E44000C7E90B4414203C82BC747C6387F84340CA
:10E45000FAF7F4FD574B0360C0E901472246214615
:10E460000546FCF791FA7368534A2A600133EE605F
:10E4700073602F613A4631464FF0000007F08EFB83
:10E48000F0E61420FAF7DAFD214605460DF088FD86
:10E4900073684A4A2E61013373602A60E2E64FF4E2
:10E4A0009470FAF7CBFD464B04460027C4E90037C9
:10E4B000C4E90277C4E90577C4E90777C4E90977B5
:10E4C0001420277484F82471FAF7B8FD3D4B0360DB
:10E4D000C0E9017439460546FCF710FE73683A4AF4
:10E4E0002A600133EE6073602C61224631464FF0A2
:10E4F000000007F067F9B5E60C20FAF79FFD736896
:10E50000324A054600210133C5E9011673602A60CD
:10E51000A8E60C20FAF792FD73682D4A0546F1E74C
:10E520000C20FAF78BFD73682A4A0546EAE700BF1C
:10E5300070490400644404003CEA050020EA050038
:10E5400028EA050044EA050040EA050048EA05001B
:10E550004CEA050024EA05009CEA050080EA050073
:10E5600088EA0500A4EA0500A0EA0500A8EA05007B
:10E57000ACEA050084EA05005C4F04008C45040009
:10E58000E4640400784F0400C04F0400AC6C040045
:10E59000244F0400C8640400084F04001050040015
:10E5A000405004001045040094650400A450040089
:10E5B00020450400C865040070500400404F04006A
:10E5C0009C450400086D04009C4F0400E84F0400C3
:10E5D00028500400585004007020FAF72FFD4F4BCC
:10E5E00004460027C4E90037C4E90277C4E9057787
:10E5F000C4E90777C4E90977C4E90B77C4E90D7763
:10E6000014202774E76384F86C70FAF717FD444B05
:10E610000360C0E901743A4639460546FCF770FAD2
:10E620007368404A2A600133EE6073602C612246B1
:10E6300031464FF0000007F059FB13E67020FAF75F
:10E64000FDFC394B04460027C4E90037C4E90277D2
:10E65000C4E90577C4E90777C4E90977C4E90B770A
:10E66000C4E90D7714202774E76384F86C70FAF717
:10E67000E5FC2E4B0360C0E901743A463946054675
:10E68000FCF78AFA73682A4A2A600133EE607360E5
:10E690002C61224631464FF0000007F0F1FBE1E526
:10E6A0002448F9F7EDFCE868FEF726FC2846FCF75D
:10E6B000F7FA284621F0B6FAFAF77CF82846FAF776
:10E6C000A3FFF6E7E868FEF717FC2846FCF768FDAD
:10E6D000EFE7F3E7F2E7ECE7E868FEF70DFC284622
:10E6E000FCF7A6FAE5E7E9E7E868FEF705FC284647
:10E6F000FCF7CCFCDDE7E1E7E868FEF7FDFB284628
:10E70000FCF7C6F9D5E7D9E7E868FEF7F5FB284638
:10E71000FCF786F9CDE7D1E7D0E7CAE7304504003A
:10E72000B86D04000C51040040450400EC6D040079
:10E73000D85004002449040058B5066856F80C4C1B
:10E74000A3429C4612D8E41A944228BF14463CB116
:10E75000012C084606EB030104D0224625F0B4F84C
:10E76000204658BDF35C0370204658BD024903485B
:10E77000234662460CF02CFD705104003851040011
:10E78000036853F8042C002AB8BF002210B4B8BFA5
:10E7900043F8042C0A6852F8044C002CBCBF002437
:10E7A00042F8044C026010BC0B607047006850F8DF
:10E7B0000C3C9A4217D200B5013A00EB030E0EF161
:10E7C000FF3E8318C0F1010C01E0734507D00CEB4C
:10E7D000030013F8012F8A42F7D05DF804FB4FF0D5
:10E7E000FF305DF804FB4FF0FF3070471B4B984241
:10E7F00010B530D8884204461CD94A00904238BF30
:10E80000144604F11D02B2F5805F04F10D0018D921
:10E810008C4216D9C2F30B0204F58054A41A9C4210
:10E8200028BF1C4604F10D00FAF708FC0022C0E9DD
:10E83000014210BD00F11D03B3F5805F00F10D0032
:10E8400001D9002805DBFAF7F9FB0022C0E90142F3
:10E8500010BDF9F7F5FB0248F9F72AFCFCFFFF3F72
:10E860008451040010B9104B1846704770B50D461E
:10E8700000210446FFF7BAFF012C064600F10C0305
:10E880000AD018462246294625F034F90346074A9D
:10E89000964203D1184670BD0573F8E7311900227E
:10E8A000B26034600A73F5E750E9050044E90500F9
:10E8B00010B50446084611461A46FFF7D3FF2060FC
:10E8C000204610BD21F0AEB92DE9F04F066856F88C
:10E8D0000C7C0C46A3EB020856F8081CB84402EB6B
:10E8E000040A884583B005469946A7EB0A0703D872
:10E8F00056F8043C002B2ADD01AA4046FFF776FFBC
:10E9000083460CB3012C296800F10C063CD022464A
:10E91000304624F0D9FF5FB12B680C34A144012F9D
:10E920000BEB090003EB0A0131D03A4624F0CCFF8F
:10E930002B68234CA3F10C00A0422DD12E60A345DF
:10E9400018D103B0BDE8F08F00F10C06E3E767B122
:10E9500091450AD04C44012F06EB040006EB0A0156
:10E9600025D03A4625F04AF82E68154CA6F10C0B36
:10E97000A345E6D0002346F8043C46F80C8C06F884
:10E98000083003B0BDE8F08F0B780373C3E713F8CA
:10E990000A300BF80930CBE753F8042C511E002A3B
:10E9A00043F8041CCADC01A9FFF78CFFC6E716F880
:10E9B0000A3033552E68024CA6F10C0BBFE700BF9E
:10E9C00044E905000D4A0368934208D053F8042C2B
:10E9D000002A05DC4FF0FF3243F8042C70477047E3
:10E9E00010B5002304461A461946FFF76DFF236849
:10E9F0004FF0FF3243F8042C10BD00BF50E9050072
:10EA0000F8B504689DF8187054F80C4C02F1804C6D
:10EA1000ACF1040CACEB040C634513D81C46054662
:10EA20000E46FFF751FF44B12B68012C03EB0600A3
:10EA300005D02246394625F05DF82846F8BD9F5599
:10EA40002846F8BD0148F9F733FB00BF9C5104008C
:10EA5000F8B5069D1F462B4604460E46FFF734FFC9
:10EA600045B12368012D03EB060005D02A4639463F
:10EA700024F02AFF2046F8BD3A789A552046F8BD82
:10EA8000F0B5214F0668BA42044683B056F80C0C24
:10EA900037D88E420B46154607D90246009500210D
:10EAA0002046FFF7D5FF03B0F0BD37188F42F4D3EF
:10EAB00056F8047C002FF0DC881B824214D930B158
:10EAC000012A1AD01AB1304624F098FF26680F4B5D
:10EAD0009E4208BF2046E6D0002346F8043C46F894
:10EAE0000C5C20467355DEE7012A06D0002AEED0E2
:10EAF000304624F0E9FE2668E9E71B783370266883
:10EB0000E5E70348F9F7D4FAFCFFFF3F50E90500B9
:10EB1000BC51040010B503680A4A0446A3F10C0076
:10EB2000904282B002D1204602B010BD53F8042CAE
:10EB3000511E002A43F8041CF5DC01A9FFF7C2FEB0
:10EB4000F1E700BF44E9050038B5036804460D4607
:10EB5000104618442A466168FFF748FE22680546B9
:10EB600000F10C0342B1012A0BD0184604F10C014C
:10EB700024F0AAFE2268034608498D4207D11846B0
:10EB800038BD0649227B02738D422268F7D0A8184F
:10EB90000021A9602A600173184638BD44E90500C8
:10EBA00030B50446006850F8083C994283B003D160
:10EBB00050F8043C002B12DD50F80C2D91422CBF74
:10EBC000C2EB0102C2EB020201A9FFF7BDFF2368FD
:10EBD000094A0546A3F10C00904202D1256003B01A
:10EBE00030BD53F8042C511E002A43F8041CF5DCF8
:10EBF00001A9FFF767FEF1E744E90500F8B50D4606
:10EC0000096851F80C6C0446E6B1036853E9032027
:10EC10009719874203D853F8040C002807DD3946BA
:10EC20002046FFF7BDFF2368296853F80C2C012EFE
:10EC300003EB02000FD0324624F046FE2368074A59
:10EC4000934201D12046F8BD002243F8042C43F83A
:10EC50000C7CDA55F6E709789954EFE750E905009E
:10EC6000F8B506463AB30368214D144653F80C2C08
:10EC7000A5EB020C644537D80F4653F8081CA518BD
:10EC80008D4203D853F8041C002908DDBB4214D977
:10EC900029463046FFF784FF336853F80C2C012CCB
:10ECA00003EB020016D02246394624F00DFE3368ED
:10ECB000104A934211D13046F8BD1A449742E7D822
:10ECC00029463046FF1AFFF76BFF336853F80C2CC8
:10ECD0001F44E4E739789954E9E7002243F8042C0B
:10ECE00043F80C5C5A55E6E70348F9F7E1F900BF31
:10ECF000FCFFFF3F50E90500D45104002DE9F0412D
:10ED0000074629B303681A4E53F80C5CA6EB050CB2
:10ED100061450C4629D8904653F8082C4E19964266
:10ED200003D853F8042C002A06DD31463846FFF795
:10ED300037FF3B6853F80C5C012C03EB05000AD04D
:10ED40002246414624F0D6FE3B680A4A934205D14A
:10ED50003846BDE8F08103F80580F5E7002243F866
:10ED6000042C43F80C6C9A55F2E70348F9F7A0F924
:10ED7000FCFFFF3F50E90500D4510400036810B5C3
:10ED800053F80C4C094B99420CD8A14206D800D339
:10ED900010BD0023621AFFF797FD10BD091BFFF796
:10EDA000ADFF10BD0248F9F783F900BFFCFFFF3F3C
:10EDB000EC510400F8B5036853F80C7C53F8082CA8
:10EDC0007E1C964204460D4603D853F8042C002AB4
:10EDD0000EDD31462046FFF7E3FE236853F80C2C86
:10EDE0009D5422680749A2F10C038B4202D1F8BD61
:10EDF0003A46F5E73B44002142F8041C42F80C6C0B
:10EE00005973F8BD44E9050010B50B6853F8042C9C
:10EE1000002A044682B0A3F10C0006DB09498842AF
:10EE20000CD12046236002B010BD002201A9FFF7DB
:10EE30008BFE03462046236002B010BD013243F82A
:10EE4000042CEEE744E9050088421AD070B5054667
:10EE500000B30C1A20460021FFF7C8FC012C06461F
:10EE600000F10C030AD018462246294624F02CFD56
:10EE700003460A4A964207D1184670BD2A780273A3
:10EE8000F7E7074B1846704731190022B26034602B
:10EE90000A73F1E70348F9F7F3F800BF44E9050006
:10EEA00050E90500045204008C4610B51146044692
:10EEB0001A4661444FF000036046FFF7C5FF20602B
:10EEC000204610BD58B5066856F80C4CA3429C4627
:10EED00013D8E41A944228BF14463CB1012C0846CA
:10EEE00006EB830104D022462AF0DAFA204658BD08
:10EEF00056F823300360204658BD03490348234693
:10EF000062460CF065F900BF7051040038510400EE
:10EF1000036853F8042C002AB8BF002210B4B8BF0D
:10EF200043F8042C0A6852F8044C002CBCBF00249F
:10EF300042F8044C026010BC0B6070476FF07043E5
:10EF4000984210B529D2884204461ED94B009842F7
:10EF500038BF1C46201D800000F11003B3F5805F10
:10EF600015D98C4213D9C3F30B030D4AC3F5805353
:10EF700004EB9304944228BF1446201D8000FAF746
:10EF80005DF80022C0E9014210BD04308000FAF7AC
:10EF900055F80022C0E9014210BD0248F9F788F88F
:10EFA000FEFFFF0F84510400F8B510B90E4E304635
:10EFB000F8BD0D4600210446FFF7C0FF012C0746AF
:10EFC00000F10C060ED02246294630462AF070FA8F
:10EFD000064B9F42EBD007EB84020023BB603C60F2
:10EFE000D360E4E7C560F3E760E9050054E9050094
:10EFF00010B50446084611461A46FFF7D5FF2060B3
:10F00000204610BD20F00EBE2DE9F04F056855F8E2
:10F010000C7C0C46A3EB020855F8081CB84402EB24
:10F02000040A884583B006469946A7EB0A0B03D825
:10F0300055F8043C002B2DDD01AA4046FFF77EFF6A
:10F040003268074600F10C053CB1012C42D0114654
:10F05000284622462AF024FA3268BBF1000F0AD172
:10F060002B4CA2F10C00A0423ED13560A74227D123
:10F0700003B0BDE8F08F4C44A4000C34BBF1010F89
:10F0800007EB040002EB8A012AD05A462AF008FA5C
:10F090003268E5E7BBF1000F0DD091450BD04C4431
:10F0A000BBF1010F05EB840005EB8A0127D05A461E
:10F0B0002AF0FAF93568164CA5F10C07A742D7D00B
:10F0C000002345F8043C45F80C8C45F8283003B083
:10F0D000BDE8F08F1368C360BBF1000FC0D0CAE772
:10F0E00052F82A303B51BBE752F8043C591E002B22
:10F0F00042F8041CB9DC01A9FFF784FFB5E755F815
:10F100002A3045F82430A5F10C07014CAEE700BFCA
:10F1100054E905000D4A0368934208D053F8042CC3
:10F12000002A05DC4FF0FF3243F8042C704770478B
:10F1300010B5002304461A461946FFF765FF2368F9
:10F140004FF0FF3243F8042C10BD00BF60E905000A
:10F1500070B5046802F1805C54F80C4CACF1020C00
:10F16000ACEB040C634515D81C4605460E46FFF76C
:10F170004BFF44B12B68012C03EB860005D00499AA
:10F1800022462AF095F9284670BD049A43F82620B5
:10F19000284670BD0148F8F78BFF00BF9C51040062
:10F1A000F8B5069D1F462B4604460E46FFF72CFF7A
:10F1B00045B12368012D03EB860005D02A46394668
:10F1C0002AF06EF92046F8BD3A6843F8262020461A
:10F1D000F8BD00BFF0B56FF0704C0668624504469C
:10F1E00083B056F80C0C3BD28E420B46154607D91D
:10F1F0000246009500212046FFF7D2FF03B0F0BD84
:10F2000006EB800C8C45F3D356F8047C002FEFDC22
:10F21000881BB2EBA00F4FEAA00715D937B1012A1E
:10F220001BD01AB130462AF03FF926680E4B9E4299
:10F2300008BF2046E2D0002346F8043C46F80C5CA8
:10F24000204646F82530D9E7012A06D0002AEDD01D
:10F2500030462AF025F92668E8E71B683360E5E7C1
:10F260000248F8F725FF00BF60E90500BC51040023
:10F2700010B503680A4A0446A3F10C00904282B01C
:10F2800002D1204602B010BD53F8042C511E002AB2
:10F2900043F8041CF5DC01A9FFF7B4FEF1E700BF59
:10F2A00054E9050070B5036804460D4610466168D0
:10F2B0002A461844FFF742FE2268054600F10C0674
:10F2C0003AB1012A0AD004F10C0130462AF0E8F8DC
:10F2D0002268094B9D4207D1304670BDE368C36088
:10F2E000054B22689D42F7D005EB82010023AB60FD
:10F2F0002A603046CB6070BD54E9050030B5044645
:10F30000006850F8083C994283B003D150F8043C9F
:10F31000002B12DD50F80C2D91422CBFC2EB0102E4
:10F32000C2EB020201A9FFF7BDFF2368094A0546A7
:10F33000A3F10C00904202D1256003B030BD53F818
:10F34000042C511E002A43F8041CF5DC01A9FFF728
:10F3500059FEF1E754E90500F8B50D46096851F882
:10F360000C6C0446E6B1036853E903209719874201
:10F3700003D853F8040C002807DD39462046FFF770
:10F38000BDFF2368296853F80C2C012E03EB820083
:10F3900010D032462AF084F82368084A934201D1FB
:10F3A0002046F8BD002243F8042C43F80C7C43F8B7
:10F3B0002720F5E7096843F82210EEE760E9050029
:10F3C000F8B5064632B30368224D144653F80C2CA8
:10F3D000AD1AAC423AD80F4653F8081CA5188D4216
:10F3E00003D853F8041C002908DDBB4214D9294670
:10F3F0003046FFF783FF336853F80C2C012C03EBE6
:10F40000820017D0224639462AF04AF83368124A59
:10F41000934213D13046F8BD03EB82029742E6D8FF
:10F4200029463046FF1AFFF769FF336853F80C2C62
:10F430001F44E3E7396843F82210E8E7002243F865
:10F44000042C43F80C5C43F82520E3E70348F8F765
:10F450002FFE00BFFEFFFF0F60E90500D45104003E
:10F460002DE9F041054629B303681B4853F80C6C9D
:10F47000801B81420C462BD8174653F8082C01EB11
:10F480000608904503D853F8042C002A06DD4146AF
:10F490002846FFF733FF2B6853F80C6C012C03EB65
:10F4A00086000AD0224639462AF002F82B680B4A19
:10F4B000934205D12846BDE8F08143F82670F6E76F
:10F4C000002243F8042C43F80C8C43F82820F1E781
:10F4D0000348F8F7EDFD00BFFEFFFF0F60E90500F0
:10F4E000D4510400036810B553F80C4C6FF070430E
:10F4F00099420CD2A14206D800D310BD0023621A53
:10F50000FFF782FD10BD091BFFF7AAFF10BD0148E0
:10F51000F8F7CEFDEC510400036853F80C2C70B5DD
:10F520000D4653F8081C561C8E42044603D853F867
:10F53000041C002906DD31462046FFF7DFFE236864
:10F5400053F80C2C064943F822508B4200D170BD71
:10F55000002243F8042C43F80C6C43F8262070BDBD
:10F5600060E9050010B50B6853F8042C002A044626
:10F5700082B0A3F10C0006DB094988420CD1204679
:10F58000236002B010BD002201A9FFF78BFE0346E5
:10F590002046236002B010BD013243F8042CEEE790
:10F5A00054E9050088422DE9F0411BD0054620B3FF
:10F5B0000C1AA71000213846FFF7C0FC012F0646A1
:10F5C00000F10C080BD027B129463A46404629F0F5
:10F5D00067FF0B4B9E420AD14046BDE8F0812B6885
:10F5E000C360F6E7DFF81C804046BDE8F0813119C2
:10F5F0000023B3603760CB60EEE70348F8F740FDC7
:10F6000054E9050060E90500045204008C4610B579
:10F61000114604461A460CEB81014FF00003604688
:10F62000FFF7C0FF2060204610BD00BF08467047AE
:10F6300010B5084B044640F8083B21F099F9237BAC
:10F640001BB1A06908B120F0EFFA2046F9F7DCFF02
:10F65000204610BD9452040010B5064B044640F8F5
:10F66000083B21F085F9044B23602046F9F7CCFFD5
:10F67000204610BDC4520400C86C04008A4210B574
:10F68000144603D00298521A24F01EF9204610BDE9
:10F690008A4210B5144603D01846521A24F014F9C1
:10F6A000204610BD10B5084B044640F8083B21F039
:10F6B0005FF9064B23602046F9F7A6FF204620F0AD
:10F6C000B1FA204610BD00BFC4520400C86C04004B
:10F6D00010B50A4B044640F8083B21F049F9237B5A
:10F6E0001BB1A06908B120F09FFA2046F9F78CFF02
:10F6F000204620F097FA204610BD00BF9452040027
:10F70000F0B5C1B004460DF1FF33002203F8012F1C
:10F710000132B2F5807FF9D125460F4B55F81D1BFC
:10F72000CF699F426E4610D13146284624F0CCF86E
:10F73000012323774FF480722946304624F090F855
:10F7400008B10223237741B0F0BD2B4640AA3146D1
:10F750002046B847ECE700BF91F6000000390C4B9B
:10F7600018BF012110B5C0E900310446F9F762FF66
:10F770000023A0602373204600F072FA204610BDDB
:10F78000044B23602046F9F73FFFF9F713F800BF59
:10F79000C4520400C86C040083695B5C9B07084684
:10F7A00044BFA1F12000C0B2704700BF83695B5C19
:10F7B0000846DB0744BF2030C0B2704738B5003B75
:10F7C0000446154818BF0123C4E900030B46F1B1F4
:10F7D000BAB9C4E90422227300252946A3614FF473
:10F7E000807204F11D0024F085F925774FF48072B2
:10F7F000294604F21D1024F07DF984F81D5220469C
:10F8000038BD00220121C4E904222173E4E7C4E9E0
:10F810000411024B2173DFE794520400117F0400AE
:10F8200091422DE9F04190461AD20F4F05464C1EE9
:10F83000561E07E0AB695B5C9B0700D5D1B2B442B2
:10F8400021700DD02B6814F8011F9B68BB42A1F1F9
:10F850002002EFD028469847B44201462170F1D1EA
:10F860004046BDE8F08100BF99F7000091422DE9C4
:10F87000F04190461AD20F4F05464C1E561E07E027
:10F88000AB695B5CDB0700D5D1B2B44221700DD00F
:10F890002B6814F8011F1B69BB4201F12002EFD055
:10F8A00028469847B44201462170F1D14046BDE850
:10F8B000F08100BFADF700002DE9F04100F5926442
:10F8C00000F59367A0EB80000E469046A0F6A45585
:10F8D00001E0BC420DD014F8013B3342F9D055F899
:10F8E0002410404623F0C0FA0028F2D00120BDE8E1
:10F8F000F0810020BDE8F081442927D859B34B1E80
:10F90000432B28D8DFE803F0343740432727464904
:10F91000272727272727273A2727272727273D274E
:10F92000272727272727273127272727272727275D
:10F930002727272727272727272727272727272757
:10F9400027272727272727272727272E972902D149
:10F95000134829F087BD11F0440F03D111F097002F
:10F96000F6D170470F4829F07DBD0F4829F07ABDC8
:10F970000E4829F077BD0E4829F074BD0D4829F0D6
:10F9800071BD0D4829F06EBD0C4829F06BBD0C48C7
:10F9900029F068BD0B4829F065BD0B4829F062BD10
:10F9A000045304003C5304000C530400145304009B
:10F9B0001C530400345304004C530400245304002B
:10F9C0002C53040044530400FC520400084628F061
:10F9D000B5B800BF914270B516460DD2551E6D1ACE
:10F9E00025F0030504350C460D44206828F0A6F8E0
:10F9F00044F8040BAC42F8D1304670BD084628F0FC
:10FA000091B800BF914270B516460DD2551E6D1AC1
:10FA100025F0030504350C460D44206828F082F8D3
:10FA200044F8040BAC42F8D1304670BD2DE9F04FDC
:10FA300083B09142019227D202F1FF38A8EB01086E
:10FA400003EB98081F4600F592630C4608F1010885
:10FA500000F5946A009300F59366DDF800B0D14696
:10FA6000002559F8041B206823F0FEF910B19BF81B
:10FA700000100D430BF1010BB345F2D107F8015B08
:10FA8000474504F10404E8D1019803B0BDE8F08FC4
:10FA90002DE9F04F83B09A421646019331D2A0EB84
:10FAA000800807460C46A8F6A45800F593653B6805
:10FAB000154A9B689342B14656F804BB13D107F52B
:10FAC000926A01E0554514D01AF8011B0C42F9D096
:10FAD00058F82A10584623F0C7F90028F2D04846B3
:10FAE00003B0BDE8F08F5A462146384698470028B3
:10FAF000F5D1019BB342B146D9D8484603B0BDE821
:10FB0000F08F9146EBE700BFB9F800002DE9F04F08
:10FB100083B09A421646019332D2A0EB8008074682
:10FB20000C46A8F6A45800F593653B68154A9B68F7
:10FB30009342B14656F804BB17D107F5926A01E02B
:10FB400055450ED01AF8011B0C42F9D058F82A106E
:10FB5000584623F089F90028F2D0019BB342B14600
:10FB6000E3D8484603B0BDE8F08F5A4621463846F0
:10FB700098470028F5D0019BB342B146D5D8F0E7AD
:10FB80009146EEE7B9F80000243150F821007047A3
:10FB9000914210B5864610460BD201F1FF3C541E2F
:10FBA0001CF8011F2431A4455EF8211043F8041B02
:10FBB000F6D110BD7F2910B5144601D8037B3BB99F
:10FBC000084629F083FB431C14BFC0B2204610BD79
:10FBD0000844407B10BD00BF2DE9F8431F46037B5E
:10FBE000089C164623B391421FD202F1FF39A9EBBC
:10FBF000010904EB990980460D1F09F1010904E090
:10FC00005B7B237001344C450FD055F8040F7F28DF
:10FC100008EB0003F4D929F059FB421C14BFC0B211
:10FC20003846207001344C45EFD13046BDE8F883AA
:10FC30009142FAD2551E6D1A04EB9505A1F1040804
:10FC4000013558F8040F29F041FB431C14BFC0B222
:10FC5000384604F8010BAC42F3D13046BDE8F883D6
:10FC60002DE9F843064600F10C05002403E0802C42
:10FC700005F8010F2CD0204629F028FB431C04F185
:10FC80000104F4D10023337306F18C0500242046CF
:10FC900022F05EF90134B4F5807F45F8040FF6D107
:10FCA0000D4D06F5926406F5946906F59368AD1B53
:10FCB0000127291907FA01F1C9B204F8011B3046DE
:10FCC000FFF71AFE444549F8040BF2D1BDE8F8836A
:10FCD00001233373D8E700BF70FBFFFF8368587CB4
:10FCE000704700BF8368987C704700BF8368D86AFC
:10FCF000704700BF83681B6B0022D9B261F3070213
:10FD0000C3F3072161F30F22C3F3074161F31742E5
:10FD10001B0E63F31F6282B0104602B0704700BF33
:10FD200083685B6B0022D9B261F30702C3F307213A
:10FD300061F30F22C3F3074161F317421B0E63F314
:10FD40001F6282B0104602B0704700BF8368587CC3
:10FD5000704700BF8368987C704700BF8368D86A8B
:10FD6000704700BF83681B6B0022D9B261F30702A2
:10FD7000C3F3072161F30F22C3F3074161F3174275
:10FD80001B0E63F31F6282B0104602B0704700BFC3
:10FD900083685B6B0022D9B261F30702C3F30721CA
:10FDA00061F30F22C3F3074161F317421B0E63F3A4
:10FDB0001F6282B0104602B0704700BF836893F89C
:10FDC00024007047836893F825007047002070472F
:10FDD00000207047704700BF91424FF0000006D2EC
:10FDE00011F8013B8A4203EB7060F9D1704770470C
:10FDF00010B5034B03600446F9F706FC204610BD1E
:10FE0000D854040010B5034B03600446F9F7FCFB1B
:10FE1000204610BDF054040010B5034B03600446A7
:10FE2000F9F7F2FB204610BD0855040010B5054B4C
:10FE300003600446F9F7E8FB20461FF0F3FE204676
:10FE400010BD00BFD854040010B5054B0360044634
:10FE5000F9F7DAFB20461FF0E5FE204610BD00BF93
:10FE6000F054040010B5054B03600446F9F7CCFBD1
:10FE700020461FF0D7FE204610BD00BF08550400E5
:10FE800010B5054B044640F8083B20F071FD2046B4
:10FE9000F9F7BAFB204610BDBC54040010B5044667
:10FEA000FFF7EEFF20461FF0BDFE204610BD00BF4D
:10FEB00010B5054B044640F8083B20F059FD20469C
:10FEC000F9F7A2FB204610BD145404002DE9F04FB1
:10FED0008DB01C460DF108094FF000030746684637
:10FEE000CDF8009016F05AF808AA06924FF00003D9
:10FEF000169A214606A816F051F8DDE900A3DDE9BF
:10FF000006460AEB0308264404E0A64228D00AF17C
:10FF1000010A013422465146384620F0E7FE834666
:10FF200078B9504625F0CCFB0546204625F0C8FBA5
:10FF3000AA44D0450444E8D1B6EB040B18BF4FF0F7
:10FF4000FF3B069808AB984201D01FF06BFE00986B
:10FF5000484501D01FF066FE58460DB0BDE8F08F51
:10FF60004FF0010BEDE70098484501D01FF05AFE15
:10FF7000F8F720FC10B5074B044640F8083B20F08A
:10FF8000F7FC2046F9F740FB20461FF04BFE2046C9
:10FF900010BD00BF145404002DE9F04F8BB01E4675
:10FFA00000F10803036003930023154643600372C6
:10FFB00006AB04468A46049332464FF000032946B6
:10FFC00004A815F0EBFFDDE90473761B7600FB183F
:10FFD0003046029320F0B8F805466FF0404B07E03A
:10FFE000002203F809202368C4F8048003F80820DD
:10FFF0003A4633462946504620F084FE8642024661
:020000021000EC
:100000000ED8461C28461FF00FFE304620F09CF804
:100010003A46014605463346504620F073FE0246F6
:100020006368ABEB03039A422FD82946204615F0AC
:10003000B3FE384625F044FB029B0744BB4217D071
:10004000D4E90039039A9A4218BFA26809F101085D
:1000500008BF0F22904507F10107C1D90123009382
:1000600000231A464946204615F0A6FC2368B7E748
:1000700028461FF0D9FD049806AB984201D01FF026
:10008000D1FD20460BB0BDE8F08F0F48F8F710F80F
:100090001FF0E8FE1FF0DAFF01E01FF021FF0498D7
:1000A00006AB984201D01FF0BDFD2068039B834240
:1000B00001D01FF0B7FDF8F77DFBF6E71FF0D2FE89
:1000C00028461FF0B1FDE5E7D4510400F0B58B6878
:1000D0009F6800F1080683B006602FB304463846D7
:1000E00025F0EEFA0F28054601900CD8012807D11B
:1000F0003B782372002320466560735503B0F0BD42
:100100000028F7D008E0002201A9204615F008FCDD
:10011000019B20600646A3602A463046394623F0FC
:10012000D3FB019D2668E5E70148F7F7A9FF00BF6B
:1001300054530400F0B58B685F6A00F1080683B081
:1001400006602FB30446384625F0BAFA0F28054654
:1001500001900CD8012807D13B7823720023204658
:100160006560735503B0F0BD0028F7D008E00022A9
:1001700001A9204615F0D4FB019B20600646A36030
:100180002A463046394623F09FFB019D2668E5E765
:100190000148F7F775FF00BF54530400F0B58B68B2
:1001A0005F6900F1080683B006602FB30446384645
:1001B00025F086FA0F28054601900CD8012807D1B2
:1001C0003B782372002320466560735503B0F0BD71
:1001D0000028F7D008E0002201A9204615F0A0FB76
:1001E000019B20600646A3602A463046394623F02C
:1001F0006BFB019D2668E5E70148F7F741FF00BF6B
:1002000054530400F0B58B68DF6900F1080683B031
:1002100006602FB30446384625F052FA0F280546EB
:1002200001900CD8012807D13B7823720023204687
:100230006560735503B0F0BD0028F7D008E00022D8
:1002400001A9204615F06CFB019B20600646A360C7
:100250002A463046394623F037FB019D2668E5E7FC
:100260000148F7F70DFF00BF54530400F0B58B6849
:100270009F6800F1080683B006602FB30446384635
:1002800025F01EFA0F28054601900CD8012807D149
:100290003B782372002320466560735503B0F0BDA0
:1002A0000028F7D008E0002201A9204615F038FB0D
:1002B000019B20600646A3602A463046394623F05B
:1002C00003FB019D2668E5E70148F7F7D9FE00BF6B
:1002D00054530400F0B58B685F6900F1080683B0E1
:1002E00006602FB30446384625F0EAF90F28054684
:1002F00001900CD8012807D13B78237200232046B7
:100300006560735503B0F0BD0028F7D008E0002207
:1003100001A9204615F004FB019B20600646A3605E
:100320002A463046394623F0CFFA019D2668E5E794
:100330000148F7F7A5FE00BF54530400F0B58B68E1
:10034000DF6900F1080683B006602FB30446384623
:1003500025F0B6F90F28054601900CD8012807D1E1
:100360003B782372002320466560735503B0F0BDCF
:100370000028F7D008E0002201A9204615F0D0FAA5
:10038000019B20600646A3602A463046394623F08A
:100390009BFA019D2668E5E70148F7F771FE00BF6B
:1003A00054530400F0B58B685F6A00F1080683B00F
:1003B00006602FB30446384625F082F90F2805461B
:1003C00001900CD8012807D13B78237200232046E6
:1003D0006560735503B0F0BD0028F7D008E0002237
:1003E00001A9204615F09CFA019B20600646A360F7
:1003F0002A463046394623F067FA019D2668E5E72C
:100400000148F7F73DFE00BF54530400F0B58B6878
:100410009F6800F1080683B006602FB30446384693
:1004200025F04EF90F28054601900CD8012807D178
:100430003B782372002320466560735503B0F0BDFE
:100440000028F7D008E0002201A9204615F068FA3C
:10045000019B20600646A3602A463046394623F0B9
:1004600033FA019D2668E5E70148F7F709FE00BF6A
:1004700054530400F0B58B685F6900F1080683B03F
:1004800006602FB30446384625F01AF90F280546B2
:1004900001900CD8012807D13B7823720023204615
:1004A0006560735503B0F0BD0028F7D008E0002266
:1004B00001A9204615F034FA019B20600646A3608E
:1004C0002A463046394623F0FFF9019D2668E5E7C4
:1004D0000148F7F7D5FD00BF54530400F0B58B6811
:1004E000DF6900F1080683B006602FB30446384682
:1004F00025F0E6F80F28054601900CD8012807D111
:100500003B782372002320466560735503B0F0BD2D
:100510000028F7D008E0002201A9204615F000FAD3
:10052000019B20600646A3602A463046394623F0E8
:10053000CBF9019D2668E5E70148F7F7A1FD00BF6B
:100540005453040008B4F0B5042082B00D460021D5
:10055000164622F04FFD0378432B04460AD1437818
:1005600043B908AB079A01933146284627F0B0FDFE
:1005700004461EE0204625F0A3F8471C38461FF02D
:10058000E3FD3A462146074623F09EF90C49042034
:1005900022F030FD08AB079A01933146284627F038
:1005A00097FD39460446042022F024FD38461FF00A
:1005B0003BFB204602B0BDE8F04001B0704700BFF1
:1005C000805304002DE9F04F9FB00EA981E80C0084
:1005D0001D462A9B099003F16C0A50461446DDE93A
:1005E000286B0BF0F1FC07908648F9F7B9FA2A9BC3
:1005F000DB6ED3F80C9059F820708046002F00F085
:10060000BD833B6A07F1380206921BB1BB6A003B0F
:1006100018BF01230D933A7C002313938DF85030BB
:1006200014AB12931AB1202112A815F03BFA002343
:1006300019938DF8683020211AAB18A8189315F07B
:1006400031FA00227B6B1193CDE90A2207F13903BD
:1006500004920393059292460C92049B11AAD35CD8
:10066000042B00F26781DFE813F095006801510167
:10067000D1004600A5F1FF38B8FA88F84FEA5818BB
:10068000002E41D0BBF1FF3F00F0DD810023434548
:1006900041D014B1681C00F0E5815FFA85F9494644
:1006A00003980A2223F08CF8002800F07081069B42
:1006B000C01A554B1B6813F80090DDE918381AAAC8
:1006C000934218BF1A9A08F1010508BF0F229542FC
:1006D00000F2918103F80890189B199500225A5551
:1006E0000AF1010AD4E90232934280F07F8101339A
:1006F000A3604FF0FF35002CBCD06A1C00F0928143
:100700004FF00008002EBDD1ABF1FF33B3FA83F3F5
:100710005B094345BDD14FF00108199B002B08BF71
:100720004FF00008049B032B7ED001330493B8F1F3
:10073000000F92D12B9B2B9A1B6843F0040313608C
:10074000002C00F0FA816A1C00F057830027002E6D
:1007500000F0FB81BBF1FF3F00F05E8300239F426E
:1007600005D12B9B2B9A1B6843F002031360099B56
:1007700018981C605D601AAB984201D01FF052FAC5
:10078000129814AB984201D01FF04CFA09981FB090
:10079000BDE8F08F4FF00108049B032B44D0002CE0
:1007A00000F0E1806A1C1BD04FF000091EB3BBF1C2
:1007B000FF3F00F06A8100239945B3D014B1691C52
:1007C00000F0D8802846079BC0B29B691B5C1807C5
:1007D000A8D5D4E90232934280F010820133A3609D
:1007E000D4E902239A4280F031834FF0FF354FF075
:1007F0000009002EDBD1ABF1FF33B3FA83F35B09C1
:10080000DAE700BFA4E90500B8C905003B6A002B80
:1008100040F01C82BB6A002B40F0D3820D9B83F01A
:100820000108049B032B80D10A9B012B40F23C81E1
:10083000B8F1000F3FF47EAF0C9B002B40F06382B9
:10084000D7F81C900A9B013B4B440793C9F1010365
:100850000493049B4B4406935CB3691C00F06A82CA
:10086000002303936EB3BBF1FF3F00F073820023BC
:10087000039A93422DD0079B99452AD014B16A1C44
:1008800000F03582284699F80130C0B283427FF4E7
:1008900051AFD4E90232934280F06B820133A360FE
:1008A000049B09F101094B444FF0FF350693002CDE
:1008B000D3D1A5F1FF33B3FA83F35B090393002E81
:1008C000D1D1ABF1FF33039AB3FA83F35B099342BF
:1008D000D1D10A9B069A93427FF42CAF199B012B2E
:1008E00040F2EA800022302118A815F039FB0028D8
:1008F00000F0E280411C199A00F0AA83824228BFCE
:100900000246002118A815F0ADF8D5E02A9BDB6857
:10091000990500F120810A9B012B00F21C81049BA8
:10092000002B00F01881012B00F01183049B022B97
:1009300000F01F834FF00108F4E6002C00F0A581C1
:100940006A1C00F0A1824FF00008002E00F0A68182
:10095000BBF1FF3F00F089820023434540F0A681B0
:100960004FF0000818E7A5F1FF39B9FA89F94FEA05
:1009700059191BE7D4E90232934280F09682079915
:100980001A7889698A5C12073FF528AFCAE67B7C32
:100990004B453AD097F81080B8F1000F3FF4BBAE4A
:1009A000BB7C4B457FF4B9AE059B002B40F05A82CF
:1009B000BAF1000F00F08182DDE9123814AA9342E7
:1009C00018BF149A08F1010508BF0F2295425FFA7B
:1009D0008AFA50D803F808A0129A139500235355A9
:1009E0009A46D4E902329342FFF481AE236820464E
:1009F0009B6A98477DE60123009300231A464146EF
:100A000018A814F0D9FF189B64E6059B002BC1D1F0
:100A1000FB6A002B7FF77FAE0123CDF82CA0059356
:100A200082465FE6D4E902239A42FFF469AE236866
:100A300020465B6A9847013006BF00244FF001084A
:100A40004FF000081CE6D6E902239A42FFF41EAEDE
:100A5000336830465B6A9847013006BF00260123A1
:100A6000002314E6D4E90232934280F0E48193F843
:100A70000090494614E60123009300231A4641469C
:100A800012A814F099FF129BA4E7D6E902239A4218
:100A9000FFF491AE336830465B6A9847013006BF79
:100AA00000260123002387E6B8F1000F3FF442AE91
:100AB000199B012B3FF616AF0C9B23B1189B1B789B
:100AC000302B40F02E81DDF84C80B8F1000F27D09C
:100AD000059B002B40F021815FFA8AF30393129B60
:100AE00014AA934218BF149A08F1010908BF0F22F3
:100AF000914500F2E481039A03F80820129BCDF897
:100B00004C90002103F8091012AAD7E9020120F045
:100B100073FA28B92B9B2B9A1B6843F004031360CC
:100B2000059B1BB1FB6A53457FF404AE2C9818A9B2
:100B300015F082F9002C7FF406AEA5F1FF37B7FA65
:100B400087F77F09002E7FF405AEABF1FF33B3FAD0
:100B500083F35B0903E6BB6908934FF0000824B3F5
:100B60006A1C5ED04FF000093EB3BBF1FF3F4AD094
:100B700000234B45089B28D098453FF4DBAE0CB1D1
:100B8000681C2CD028467B6913F80830C0B2834219
:100B90001ED1D4E90232934253D20133A36008F14B
:100BA00001084FF0FF35002CDAD1A5F1FF39B9FA71
:100BB00089F94FEA5919002ED7D1ABF1FF33B3FAB7
:100BC00083F35B094B45089BD6D198453FF4B2AE01
:100BD000B8F1000F00F09A804FF00008A2E5D4E9C8
:100BE0000232934280F021827A69197812F8082043
:100BF0009142D2D0B8F1000FEED187E023682046B1
:100C00009B6A9847ECE5D6E902239A42B0D3336851
:100C100030465B6A9847013006BF00260123002357
:100C2000A7E7D4E902239A429CD3236820465B6A53
:100C30009847013006BF00244FF001094FF000092A
:100C400092E7236820469B6A9847A8E7002C00F0AB
:100C500071816A1C00F014824FF00008002E00F031
:100C60007081BBF1FF3F00F0FC810023984540F00C
:100C70003081BB6A002B40F0A4803B6A002B3FF41C
:100C8000CDAD01230C9398464CE5A5F1FF38B8FA99
:100C900088F84FEA5818002E7FF45AAEABF1FF33B4
:100CA000B3FA83F35B0943453FF45AAE14B1681CB1
:100CB00000F06D812B46079ADBB29269D35C13F08A
:100CC00008083FF469ADD4E902239A4280F0F88124
:100CD000049B0132032BA26040F0FA810A9B012B96
:100CE00040F2FF814FF001084FF0FF35A4E5D4E951
:100CF0000232934280F0A181197899F80120914243
:100D00003FF4CCAD16E5D7F824909BE52A9BDB6831
:100D100083F40073C3F3402804E59DF82C3003935B
:100D2000DDE62D23002200931146012318A814F0BC
:100D3000FFFEC8E6D4E902239A42FFF491AD23688E
:100D400020465B6A984701300ABF434600230024CF
:100D5000039387E5D6E902239A42FFF488AD33680E
:100D600030465B6A9847013006BF002643460023A1
:100D70007EE5236820469B6A984791E54420F8F772
:100D80005DF90023C0E90133C0E90533C0E9073349
:100D9000C0E90933C0E90B33C36003828374436342
:100DA00080F84330A94B0360514607460BF0C6FC60
:100DB0002A9B3946D86E4246F8F758FE59F82870F3
:100DC0001FE4002C00F02A816A1C00F002814FF021
:100DD0000008002E00F01C81BBF1FF3F00F0618194
:100DE0000023984540F08B803B6A002B3FF416AD02
:100DF000BB6A002B7FF412AD43E7D4E902239A4289
:100E0000FFF4A4AC236820465B6A9847013006BF14
:100E10000024012700279AE4D6E902239A42FFF42E
:100E20009DAC336830465B6A9847A0F1FF33B3FA54
:100E300083F35B0993E4236820465B6A9847411C6F
:100E400000F04A815FFA80F9494629E42368204688
:100E50005B6A98470546681C7FF4C7AC4FF00109F0
:100E60000024A3E4DDF8148057E4D6E902239A4273
:100E7000FFF472AD336830465B6A9847013006BFB5
:100E800000260123002368E5D4E902239A42FFF4F7
:100E90005AAD236820465B6A9847013006BF00249C
:100EA0004FF001084FF000084FE5236820465B6AC9
:100EB0009847431C08BF002485E4D0462DE4012355
:100EC000009300231A46414612A814F075FD129BA8
:100ED00011E60CB1681C6DD02B46FA691278DBB2B2
:100EE0009A427FF4C6AED4E90232396A0A9193423B
:100EF00080F003810133A3604FF0FF351AE50CB198
:100F0000681C77D02B467A6A1278DBB29A427FF45B
:100F10006BAFD4E90232B96A0A91934280F0F28051
:100F20000133A3604FF001084FF0FF35CDF830805A
:100F3000FFF7F8BBA5F1FF38B8FA88F84FEA581860
:100F40008CE6ABF1FF33B3FA83F35B098EE60D9BBE
:100F5000002B7FF400AE9DF84430032B3FF4FBAD33
:100F60009DF84630012B3FF4F6AD02230493FFF7C2
:100F700074BB9DF84730042B3FF4EDAD0D9A12B1D0
:100F8000032B3FF4E8AD03230493FFF766BBD4E9DA
:100F900002239A4280F0A880079913788969CB5C74
:100FA00013F008037FF494AE049A032A3FF4C2AB13
:100FB000984615E4D4E90232934280F0B480FA698D
:100FC00019781278914200F0AB80BB6A002B3FF495
:100FD00054AED4E902239A42FFF4F9AE23682046C6
:100FE0005B6A9847013006BF00244FF001084FF0BC
:100FF0000008EEE6D4E90232934280F088807A6AF3
:1010000011781A7891427FF4EFAEBA6A0A9287E7B4
:10101000ABF1FF33B3FA83F35B09E2E6A5F1FF38E6
:10102000B8FA88F84FEA5818D3E6236820465B6A76
:101030009847411C08BF0024A5E5236820465B6A49
:101040009847431C08BF00241DE400BF104504005E
:10105000501E1AB100283FF42FAD4FE4189B1A70B0
:101060002AE5D6E902239A42FFF4FFAD3368304601
:101070005B6A9847013006BF002601230023F5E58F
:10108000D4E902239A42FFF4E7AD236820465B6A65
:101090009847013006BF00244FF001084FF00008C8
:1010A000DCE5D6E902239A42FFF49AAE3368304673
:1010B0005B6A9847013006BF00260123002390E6B3
:1010C000236820469B6A9847049B032B3FF406AE97
:1010D0004FF00108FFF784BBFF2189460024FFF78A
:1010E000DFBA4FF0FF35E3E4236820465B6A984798
:1010F000411C034608BF0024DDE5236820469B6AA7
:101100009847F9E6236820469B6A98470AE72368D0
:1011100020465B6A9847411C034608BF0024F2E65C
:101120003A6A0A92E6E6236820465B6A9847411CC1
:10113000034608BF0024D0E6129814AB984201D0B1
:101140001EF070FDF7F736FB18981AAB9842F3D0F3
:101150001EF068FDF0E71EF085FE3B6838465B68D0
:1011600098471EF073FF1EF07DFEFAE71EF0B8FEF2
:10117000F7F720FB2DE9F04F9FB00EA981E80C0096
:101180001D462A9B099003F16C0A50461446DDE97E
:10119000286B0AF019FF07908648F8F7E1FC2A9BB4
:1011A000DB6ED3F80C9059F820708046002F00F0C9
:1011B000BD833B6A07F1380206921BB1BB6A003B54
:1011C00018BF01230D933A7C002313938DF8503000
:1011D00014AB12931AB1202112A814F063FC00235F
:1011E00019938DF8683020211AAB18A8189314F0C1
:1011F00059FC00227B6B1193CDE90A2207F13903D8
:1012000004920393059292460C92049B11AAD35C1C
:10121000042B00F26781DFE813F0950068015101AB
:10122000D1004600A5F1FF38B8FA88F84FEA5818FF
:10123000002E41D0BBF1FF3F00F0DD81002343458C
:1012400041D014B1681C00F0E5815FFA85F9494688
:1012500003980A2222F0B4FA002800F07081069B5D
:10126000C01A554B1B6813F80090DDE918381AAA0C
:10127000934218BF1A9A08F1010508BF0F22954240
:1012800000F2918103F80890189B199500225A5595
:101290000AF1010AD4E90232934280F07F810133DE
:1012A000A3604FF0FF35002CBCD06A1C00F0928187
:1012B0004FF00008002EBDD1ABF1FF33B3FA83F33A
:1012C0005B094345BDD14FF00108199B002B08BFB6
:1012D0004FF00008049B032B7ED001330493B8F138
:1012E000000F92D12B9B2B9A1B6843F004031360D1
:1012F000002C00F0FA816A1C00F057830027002EB2
:1013000000F0FB81BBF1FF3F00F05E8300239F42B2
:1013100005D12B9B2B9A1B6843F002031360099B9A
:1013200018981C605D601AAB984201D01EF07AFCE0
:10133000129814AB984201D01EF074FC09981FB0AB
:10134000BDE8F08F4FF00108049B032B44D0002C24
:1013500000F0E1806A1C1BD04FF000091EB3BBF106
:10136000FF3F00F06A8100239945B3D014B1691C96
:1013700000F0D8802846079BC0B29B691B5C180709
:10138000A8D5D4E90232934280F010820133A360E1
:10139000D4E902239A4280F031834FF0FF354FF0B9
:1013A0000009002EDBD1ABF1FF33B3FA83F35B0905
:1013B000DAE700BFA8E90500B8C905003B6A002BC1
:1013C00040F01C82BB6A002B40F0D3820D9B83F05F
:1013D0000108049B032B80D10A9B012B40F23C8126
:1013E000B8F1000F3FF47EAF0C9B002B40F06382FE
:1013F000D7F81C900A9B013B4B440793C9F10103AA
:101400000493049B4B4406935CB3691C00F06A820E
:10141000002303936EB3BBF1FF3F00F07382002300
:10142000039A93422DD0079B99452AD014B16A1C88
:1014300000F03582284699F80130C0B283427FF42B
:1014400051AFD4E90232934280F06B820133A36042
:10145000049B09F101094B444FF0FF350693002C22
:10146000D3D1A5F1FF33B3FA83F35B090393002EC5
:10147000D1D1ABF1FF33039AB3FA83F35B09934203
:10148000D1D10A9B069A93427FF42CAF199B012B72
:1014900040F2EA800022302118A814F061FD0028F3
:1014A00000F0E280411C199A00F0AA83824228BF12
:1014B0000246002118A814F0D5FAD5E02A9BDB6873
:1014C000990500F120810A9B012B00F21C81049BED
:1014D000002B00F01881012B00F01183049B022BDC
:1014E00000F01F834FF00108F4E6002C00F0A58106
:1014F0006A1C00F0A1824FF00008002E00F0A681C7
:10150000BBF1FF3F00F089820023434540F0A681F4
:101510004FF0000818E7A5F1FF39B9FA89F94FEA49
:1015200059191BE7D4E90232934280F09682079959
:101530001A7889698A5C12073FF528AFCAE67B7C76
:101540004B453AD097F81080B8F1000F3FF4BBAE8E
:10155000BB7C4B457FF4B9AE059B002B40F05A8213
:10156000BAF1000F00F08182DDE9123814AA93422B
:1015700018BF149A08F1010508BF0F2295425FFABF
:101580008AFA50D803F808A0129A139500235355ED
:101590009A46D4E902329342FFF481AE2368204692
:1015A0009B6A98477DE60123009300231A46414633
:1015B00018A814F001FA189B64E6059B002BC1D112
:1015C000FB6A002B7FF77FAE0123CDF82CA005939B
:1015D00082465FE6D4E902239A42FFF469AE2368AB
:1015E00020465B6A9847013006BF00244FF001088F
:1015F0004FF000081CE6D6E902239A42FFF41EAE23
:10160000336830465B6A9847013006BF00260123E5
:10161000002314E6D4E90232934280F0E48193F887
:101620000090494614E60123009300231A464146E0
:1016300012A814F0C1F9129BA4E7D6E902239A423A
:10164000FFF491AE336830465B6A9847013006BFBD
:1016500000260123002387E6B8F1000F3FF442AED5
:10166000199B012B3FF616AF0C9B23B1189B1B78DF
:10167000302B40F02E81DDF84C80B8F1000F27D0E0
:10168000059B002B40F021815FFA8AF30393129BA4
:1016900014AA934218BF149A08F1010908BF0F2237
:1016A000914500F2E481039A03F80820129BCDF8DB
:1016B0004C90002103F8091012AAD7E902011FF08B
:1016C0009BFC28B92B9B2B9A1B6843F004031360E7
:1016D000059B1BB1FB6A53457FF404AE2C9818A9F7
:1016E00014F0AAFB002C7FF406AEA5F1FF37B7FA81
:1016F00087F77F09002E7FF405AEABF1FF33B3FA15
:1017000083F35B0903E6BB6908934FF0000824B339
:101710006A1C5ED04FF000093EB3BBF1FF3F4AD0D8
:1017200000234B45089B28D098453FF4DBAE0CB115
:10173000681C2CD028467B6913F80830C0B283425D
:101740001ED1D4E90232934253D20133A36008F18F
:1017500001084FF0FF35002CDAD1A5F1FF39B9FAB5
:1017600089F94FEA5919002ED7D1ABF1FF33B3FAFB
:1017700083F35B094B45089BD6D198453FF4B2AE45
:10178000B8F1000F00F09A804FF00008A2E5D4E90C
:101790000232934280F021827A69197812F8082087
:1017A0009142D2D0B8F1000FEED187E023682046F5
:1017B0009B6A9847ECE5D6E902239A42B0D3336896
:1017C00030465B6A9847013006BF0026012300239C
:1017D000A7E7D4E902239A429CD3236820465B6A98
:1017E0009847013006BF00244FF001094FF000096F
:1017F00092E7236820469B6A9847A8E7002C00F0F0
:1018000071816A1C00F014824FF00008002E00F075
:101810007081BBF1FF3F00F0FC810023984540F050
:101820003081BB6A002B40F0A4803B6A002B3FF460
:10183000CDAD01230C9398464CE5A5F1FF38B8FADD
:1018400088F84FEA5818002E7FF45AAEABF1FF33F8
:10185000B3FA83F35B0943453FF45AAE14B1681CF5
:1018600000F06D812B46079ADBB29269D35C13F0CE
:1018700008083FF469ADD4E902239A4280F0F88168
:10188000049B0132032BA26040F0FA810A9B012BDA
:1018900040F2FF814FF001084FF0FF35A4E5D4E995
:1018A0000232934280F0A181197899F80120914287
:1018B0003FF4CCAD16E5D7F824909BE52A9BDB6876
:1018C00083F40073C3F3402804E59DF82C300393A0
:1018D000DDE62D23002200931146012318A814F001
:1018E00027F9C8E6D4E902239A42FFF491AD2368B0
:1018F00020465B6A984701300ABF43460023002414
:10190000039387E5D6E902239A42FFF488AD336852
:1019100030465B6A9847013006BF002643460023E5
:101920007EE5236820469B6A984791E54420F7F7B7
:1019300085FB0023C0E90133C0E90533C0E9073363
:10194000C0E90933C0E90B33C36003828374436386
:1019500080F84330A94B0360514607460BF0F6F878
:101960002A9B3946D86E4246F8F780F859F8287015
:101970001FE4002C00F02A816A1C00F002814FF065
:101980000008002E00F01C81BBF1FF3F00F06181D8
:101990000023984540F08B803B6A002B3FF416AD46
:1019A000BB6A002B7FF412AD43E7D4E902239A42CD
:1019B000FFF4A4AC236820465B6A9847013006BF59
:1019C0000024012700279AE4D6E902239A42FFF473
:1019D0009DAC336830465B6A9847A0F1FF33B3FA99
:1019E00083F35B0993E4236820465B6A9847411CB4
:1019F00000F04A815FFA80F9494629E423682046CD
:101A00005B6A98470546681C7FF4C7AC4FF0010934
:101A10000024A3E4DDF8148057E4D6E902239A42B7
:101A2000FFF472AD336830465B6A9847013006BFF9
:101A300000260123002368E5D4E902239A42FFF43B
:101A40005AAD236820465B6A9847013006BF0024E0
:101A50004FF001084FF000084FE5236820465B6A0D
:101A60009847431C08BF002485E4D0462DE4012399
:101A7000009300231A46414612A813F09DFF129BC3
:101A800011E60CB1681C6DD02B46FA691278DBB2F6
:101A90009A427FF4C6AED4E90232396A0A9193427F
:101AA00080F003810133A3604FF0FF351AE50CB1DC
:101AB000681C77D02B467A6A1278DBB29A427FF4A0
:101AC0006BAFD4E90232B96A0A91934280F0F28096
:101AD0000133A3604FF001084FF0FF35CDF830809F
:101AE000FFF7F8BBA5F1FF38B8FA88F84FEA5818A5
:101AF0008CE6ABF1FF33B3FA83F35B098EE60D9B03
:101B0000002B7FF400AE9DF84430032B3FF4FBAD77
:101B10009DF84630012B3FF4F6AD02230493FFF706
:101B200074BB9DF84730042B3FF4EDAD0D9A12B114
:101B3000032B3FF4E8AD03230493FFF766BBD4E91E
:101B400002239A4280F0A880079913788969CB5CB8
:101B500013F008037FF494AE049A032A3FF4C2AB57
:101B6000984615E4D4E90232934280F0B480FA69D1
:101B700019781278914200F0AB80BB6A002B3FF4D9
:101B800054AED4E902239A42FFF4F9AE236820460A
:101B90005B6A9847013006BF00244FF001084FF000
:101BA0000008EEE6D4E90232934280F088807A6A37
:101BB00011781A7891427FF4EFAEBA6A0A9287E7F9
:101BC000ABF1FF33B3FA83F35B09E2E6A5F1FF382B
:101BD000B8FA88F84FEA5818D3E6236820465B6ABB
:101BE0009847411C08BF0024A5E5236820465B6A8E
:101BF0009847431C08BF00241DE400BF2045040093
:101C0000501E1AB100283FF42FAD4FE4189B1A70F4
:101C10002AE5D6E902239A42FFF4FFAD3368304645
:101C20005B6A9847013006BF002601230023F5E5D3
:101C3000D4E902239A42FFF4E7AD236820465B6AA9
:101C40009847013006BF00244FF001084FF000080C
:101C5000DCE5D6E902239A42FFF49AAE33683046B7
:101C60005B6A9847013006BF00260123002390E6F7
:101C7000236820469B6A9847049B032B3FF406AEDB
:101C80004FF00108FFF784BBFF2189460024FFF7CE
:101C9000DFBA4FF0FF35E3E4236820465B6A9847DC
:101CA000411C034608BF0024DDE5236820469B6AEB
:101CB0009847F9E6236820469B6A98470AE7236815
:101CC00020465B6A9847411C034608BF0024F2E6A1
:101CD0003A6A0A92E6E6236820465B6A9847411C06
:101CE000034608BF0024D0E6129814AB984201D0F6
:101CF0001DF098FFF6F75EFD18981AAB9842F3D0E6
:101D00001DF090FFF0E71EF0ADF83B6838465B68C9
:101D100098471EF09BF91EF0A5F8FAE71EF0E0F8D0
:101D2000F6F748FD2DE9F04192B008AC84E80C00CC
:101D300000220D928DF838200CAADDF870800492F4
:101D40009DF868601B9A0EAFCDE9022805460B4648
:101D50000C973EB318AA92E803008DE8030006AE84
:101D60001946304694E80C00FEF72CFC96E8030078
:101D70000C9E84E80300F7F75DFC1D990B900BABFC
:101D8000304642461EF084FD94E803000C9BBB42A3
:101D900085E8030002D018461DF044FF284612B023
:101DA000BDE8F08118AA92E803008DE8030006AEB2
:101DB0001946304694E80C00FFF7DCF9D6E70C989A
:101DC000B84201D01DF02EFFF6F7F4FC2DE9F04FDC
:101DD00091B008AC1D9E9DF870B0054606F16C00F0
:101DE00084E80C0089460AF0EFF800230B938DF885
:101DF00030300AAB04931E9BCDE902631AAB074651
:101E000093E803008DE803000DF1300806AE94E876
:101E10000C00CDF8288049463046BBF1000F18D0A1
:101E2000FEF7D0FB96E80300DDF82C9084E8030071
:101E3000B9F1000F18D10A9E94E80300464585E8E1
:101E4000030002D030461DF0EDFE284611B0BDE87B
:101E5000F08FFFF78FF996E80300DDF82C9084E807
:101E60000300B9F1000FE6D01F980022494613F095
:101E7000B7FE3B7F0A9E1F9A012BD2F800A006EB0B
:101E8000090B14D07BB13B68DB691A469C46104BAA
:101E90009A420FD1B345CED031464A46504621F042
:101EA00013FD0A9EC8E73846FDF72AFCEBE7B34569
:101EB000F2D1C1E7314653465A4638466646B047E6
:101EC000B9E70A98404501D01DF0ACFEF6F772FC68
:101ED00091F600002DE9F04F9DB00DF1280ADDF8D4
:101EE000988008F16C0B8AE80C0007469DF89C303E
:101EF000039358460AF068F88146A448F7F730FE85
:101F0000D8F86C30DD6855F82060002E00F0708144
:101F1000289B1D6896F838302A789A4224D0289B4E
:101F20005968336B0D93F3690493336A0293294420
:101F3000A9420ED9D9F818002B4602E099421C4656
:101F400005D01C4601332278825C5207F6D4641B0C
:101F500016D19AE80300002387E803003846C8F842
:101F600008301DB0BDE8F08F289B5968736B0D9346
:101F70000029EED0736A0493B36A02930135D6E761
:101F8000002311938DF84830610012AB10A8109314
:101F900013F088FDF36AA4EB0309B9F1000F23DD08
:101FA000F16839EA230928BFA146002900F04A81D7
:101FB0000021119A00914FEA490310A813F0B8FDCF
:101FC00005EB0900D6E90223B17C01900095109839
:101FD0000BF076F8109A119B821A9A4200F27181E6
:101FE000002311920370F36A002B00F3D380D8F81A
:101FF0000C30029A119C14449A0503F0B00544BFBA
:10200000B369E418002317938DF86030610018ABB2
:1020100016A8169313F046FD102DD8F808B000F05E
:102020000B8100230593ABEB040306930DAC0DF17C
:10203000380914F8013B042B09D8DFE803F0864384
:10204000775F0300DDE9101216A813F0A5FE4C45DA
:10205000EFD1029B012B00F2858017998B4540F24E
:102060009380039B0093202D00F0BB800022ABEBFC
:10207000010316A8114613F05BFD9DF82C50169B2A
:102080000A9C4DB9194623685A461B6B204698474F
:102090005845169B18BF01250E948DF83C5099E8C1
:1020A000030018AA93420A908DF82C1002D018460B
:1020B0001DF0B8FD109812AB98423FF44AAF1DF0E6
:1020C000B1FD46E7059B002B43D1179A169B08925A
:1020D0000132079218AA934218BF189A079908BFAD
:1020E0000F22914200F2DD800899039A5A54079A10
:1020F000169B17924FF000019954A8E7029B002B02
:10210000A5D0179A169B049908920132079218AA33
:102110009342097818BF189A0991079908BF0F22AE
:10212000914200F2AA80DDE90812DFE7D8F80C300E
:102130009B058CD5179A6FF040439B1AD6E9051280
:102140009A4281D91248F5F7B3FF059B002B3FF463
:102150007EAF039B00931799069B002216A813F0ED
:10216000E7FC74E7179804995A1E6FF040431B1A56
:102170009A4201F1010100F2A18016A813F00CFEB1
:1021800017998B453FF66DAF8B4676E7A4E90500BE
:10219000D4510400119A109B059202F1010B12AA6E
:1021A000934218BF129A717C069108BF0F22934583
:1021B0006DD8DDE905125A54109BCDF844B00022C9
:1021C000914503F80B2046DB119A6FF040439B1AB0
:1021D000F26A9A4205EB09016DD810A813F0DCFDF4
:1021E00005E716A8ABEB0103002213F0A1FC44E7BE
:1021F00004464420F6F722FF0023C0E90133C0E97A
:102200000533C0E90733C0E90933C0E90B33C360C4
:1022100003828374436380F843303C4B0360594628
:1022200006460AF08BFA3146D8F86C002246F7F7DA
:102230001DFC55F824606BE6A34594BF00230123E1
:102240000593F0E6119ACDF800902B4610A813F0F4
:10225000DDFCF36AC8E696F839100091C9F1000375
:10226000119910A813F064FC119A6FF040439B1A67
:102270009C422AD822462946AFE701230093002337
:1022800008991A4616A813F097FB169B4BE70123F3
:102290000093002305991A4610A813F08DFB109B9C
:1022A00087E701230093002308991A4616A813F024
:1022B00083FB169B18E71648F5F7FAFE1448F5F766
:1022C000F7FE1449144808F083FF1148F5F7F0FEB3
:1022D000169818AB984201D01DF0A4FC109812ABD0
:1022E000984201D01DF09EFCF6F764FAF6E71DF067
:1022F000B9FD336830465B6898471DF0A7FE1DF0B6
:10230000B1FDFAE71DF0ECFDF6F754FA10450400B4
:10231000D451040084530400385104002DE9F04FD7
:102320009DB00DF1280ADDF8988008F16C0B8AE861
:102330000C0007469DF89C300393584609F044FE74
:102340008146A448F7F70CFCD8F86C30DD6855F8E6
:102350002060002E00F07081289B1D6896F83830B0
:102360002A789A4224D0289B5968336B0D93F369DD
:102370000493336A02932944A9420ED9D9F818006C
:102380002B4602E099421C4605D01C4601332278B8
:10239000825C5207F6D4641B16D19AE8030000232E
:1023A00087E803003846C8F808301DB0BDE8F08F54
:1023B000289B5968736B0D930029EED0736A0493C0
:1023C000B36A02930135D6E7002311938DF84830A4
:1023D000610012AB10A8109313F064FBF36AA4EB36
:1023E0000309B9F1000F23DDF16839EA230928BF99
:1023F000A146002900F04A810021119A00914FEA7C
:10240000490310A813F094FB05EB0900D6E9022359
:10241000B17C0190009510980AF052FE109A119B21
:10242000821A9A4200F27181002311920370F36ABA
:10243000002B00F3D380D8F80C30029A119C14447E
:102440009A0503F0B00544BFB369E418002317935D
:102450008DF86030610018AB16A8169313F022FBBC
:10246000102DD8F808B000F00B8100230593ABEBDA
:10247000040306930DAC0DF1380914F8013B042B4D
:1024800009D8DFE803F08643775F0300DDE9101227
:1024900016A813F081FC4C45EFD1029B012B00F2F2
:1024A000858017998B4540F29380039B0093202DE4
:1024B00000F0BB800022ABEB010316A8114613F01D
:1024C00037FB9DF82C50169B0A9C4DB91946236882
:1024D0005A461B6B204698475845169B18BF012546
:1024E0000E948DF83C5099E8030018AA93420A9084
:1024F0008DF82C1002D018461DF094FB109812ABEA
:1025000098423FF44AAF1DF08DFB46E7059B002B38
:1025100043D1179A169B08920132079218AA934248
:1025200018BF189A079908BF0F22914200F2DD8068
:102530000899039A5A54079A169B17924FF0000174
:102540009954A8E7029B002BA5D0179A169B0499D3
:1025500008920132079218AA9342097818BF189A74
:102560000991079908BF0F22914200F2AA80DDE984
:102570000812DFE7D8F80C309B058CD5179A6FF05E
:1025800040439B1AD6E905129A4281D91248F5F7C1
:102590008FFD059B002B3FF47EAF039B00931799A3
:1025A000069B002216A813F0C3FA74E71798049943
:1025B0005A1E6FF040431B1A9A4201F1010100F2CA
:1025C000A18016A813F0E8FB17998B453FF66DAF75
:1025D0008B4676E7A8E90500D4510400119A109BB8
:1025E000059202F1010B12AA934218BF129A717C54
:1025F000069108BF0F2293456DD8DDE905125A54A4
:10260000109BCDF844B00022914503F80B2046DB27
:10261000119A6FF040439B1AF26A9A4205EB090146
:102620006DD810A813F0B8FB05E716A8ABEB0103B3
:10263000002213F07DFA44E704464420F6F7FEFC3E
:102640000023C0E90133C0E90533C0E90733C0E91D
:102650000933C0E90B33C36003828374436380F89A
:1026600043303C4B0360594606460AF06FFA314648
:10267000D8F86C002246F7F7F9F955F824606BE6B4
:10268000A34594BF002301230593F0E6119ACDF8EA
:1026900000902B4610A813F0B9FAF36AC8E696F832
:1026A00039100091C9F10003119910A813F040FAF4
:1026B000119A6FF040439B1A9C422AD82246294621
:1026C000AFE701230093002308991A4616A813F0D8
:1026D00073F9169B4BE701230093002305991A46D3
:1026E00010A813F069F9109B87E7012300930023DA
:1026F00008991A4616A813F05FF9169B18E71648B2
:10270000F5F7D6FC1448F5F7D3FC1449144808F043
:102710005FFD1148F5F7CCFC169818AB984201D034
:102720001DF080FA109812AB984201D01DF07AFA91
:10273000F6F740F8F6E71DF095FB336830465B6826
:1027400098471DF083FC1DF08DFBFAE71DF0C8FBD8
:10275000F6F730F820450400D451040084530400F7
:10276000385104002DE9F04F95B004AF07F1180A75
:102770008AE80C0097F868303B6197F87030FB608E
:10278000FB6E7961804603F16C0107F12400F6F7D6
:1027900043FF07F1240009F017FC90B0064604AD92
:1027A000F6F748FFD7E91E3407F12809CDE90234CE
:1027B0000023B86200934022414B29464846FDF76A
:1027C000C1FE3F28044617DD00F1080323F007038C
:1027D000ADEB030D013404ADF6F72CFFD7E91E2352
:1027E000CDE902230023B86200932246344B2946E8
:1027F0004846FDF7A7FE044607F1300B00222146AC
:102800004846C7F828B013F0AFF8337FBA6ABA6009
:10281000012B05EB04027A603BD0002B35D03368E6
:10282000DB691A469C46274B9A4235D12B19AB429D
:1028300004D0B8682246294621F046F83B69CDF815
:102840000890BBB1FB680193FB6E00939AE80C0003
:1028500079694046FFF73EFBB86A584501D01DF044
:10286000E1F907F12400F6F763FF40464437BD461F
:10287000BDE8F08FFB680193FB6E00939AE80C00B3
:1028800079694046FFF74AFDE6E73046FCF738FF36
:10289000C5E7AA42CDD1D1E7D7E901232946304681
:1028A0006446A047CAE7B86A584501D01DF0BAF996
:1028B00007F12400F6F73CFFF5F77CFFF8E700BFCF
:1028C0009853040091F6000030B587B00DF1100C5C
:1028D0009DF828508CE80C0004460B9B9DF8302096
:1028E00055B10D9D0093CDE901259CE80C00FFF743
:1028F000F1FA204607B030BD0D9D0093CDE90125CA
:102900009CE80C00FFF70AFD204607B030BD00BF71
:102910002DE9F04F85B004A901E90C00149ADDF807
:1029200038B0034602F16C000193DDE9026809F05A
:102930004BFB139B022B824600F0AE80042B0CBF96
:102940004FF47A7401240F9B00930025A946002EB2
:1029500047D0B8F1FF3F6AD00027009BBBF1000FC2
:1029600048D0013353D00023BB42139B4AD0994532
:102970004AD016B1B8F1FF3F67D05FFA88F7394601
:10298000574497F81D3153B9DAF800304A4A1B6AA8
:10299000934261D12A2965D087F81D110B46303B3F
:1029A000DAB2092A5ED805EB8505129A03EB4505D4
:1029B00005FB04F3934255DC119A2344934251DD05
:1029C0003E4BA3FB0434D6E9023293424FEAD404CF
:1029D00058D20133B36009F101094FF0FF38002EDE
:1029E000B7D1A8F1FF37B7FA87F7009B7F09BBF192
:1029F000000FB6D1A3F1FF33B3FA83F35B09BB42F7
:102A0000139BB4D199452DD1109B1D6033E0DBE9B8
:102A100002239A42A7D3DBF8003058465B6A9847F6
:102A2000013006BF4FF0000B012300239CE7D6E9DD
:102A300002239A4290D3336830465B6A984701304C
:102A400006BF00260127002787E7D6E90232934216
:102A500024D219780F4693E72A2250469847014618
:102A60002A2999D1139B042B11D0159B159A1B6809
:102A700043F004031360019B1846C3E9006805B0E6
:102A8000BDE8F08F336830469B6A9847A3E7B9F1F9
:102A9000020FEAD1643DB7E70A2454E733683046B1
:102AA0005B6A9847431C02D0C7B2394668E7FF21EA
:102AB0000F46002664E700BF2DF60000CDCCCCCC3D
:102AC0002DE9F0418EB00AAC84E80C00169A06920B
:102AD0000B4642F20F720421CDE904210CAA0292A6
:102AE00014AA054692E803008DE803001946002366
:102AF00003930D930DAB08AE0793304694E80C009A
:102B0000179FFFF705FF96E803000D9B84E803007D
:102B1000064613BB0C9B189A002BB4BF6433A3F278
:102B20006C7353610B9BFEB101333AD04FF0000838
:102B3000DDE9140310B3013326D00023434503D14C
:102B40003B6843F002033B600A9694E8030085E883
:102B5000030028460EB0BDE8F0813B6843F0040353
:102B60003B600B9B002EDFD1A3F1FF38DDE914039E
:102B7000B8FA88F84FEA58180028DCD1A3F1FF33DF
:102B8000B3FA83F35B09D9E7D0E902239A42D4D39D
:102B900003685B6A9847A0F1FF33B3FA83F35B09DC
:102BA000CCE7D6E902239A42C0D3336830465B6A49
:102BB000984701300ABF4FF001084FF00008002687
:102BC000B6E700BF2DE9F04F89B000AF07F1200153
:102BD00001E90C000346FA6D7B60FB693B6102F181
:102BE0006C00BB6CFB607E6DD7F8189009F0ECF9B7
:102BF000BB6D9B00073323F00703ADEB030D80464D
:102C00003B69EB46B9F1000F00F0B580013300F0ED
:102C100059810024FB6CBB60FB68002B00F0A48092
:102C2000BB68013300F05F810023A3420FD13B6EEC
:102C30003A6E1B6843F0040313607B683A69C3F87B
:102C40000090184624375A60BD46BDE8F08FB9F1B0
:102C5000000F00F068813B695C1C00F06981DAB20A
:102C6000BB6D002BE3D00025A6F1040AC7F8149031
:102C70007E65D7F858902C46164608E0D8F8003004
:102C80009B689847B04208D00135A9450CD05AF846
:102C9000043F1978B1424046F0D14BF82450013539
:102CA000A94504F10104F2D10023012CD7F81490B6
:102CB0007E6D7B616BD9DBF800303B6156F82300F9
:102CC00022F0FEFC5D4682464FF0010855F8043FB5
:102CD00056F8230022F0F4FC08F10108824528BFD1
:102CE0008246A045F2D3D9E90203984280F0E480FD
:102CF0000130C9F808007B69013353457B6180F0DE
:102D0000B780D9E902239A4238BF002580F0FF80BE
:102D1000FB68002B00F0A380BB68013300F0AC809F
:102D200000239D4200F0A4804A460025D7E90439DB
:102D300012E0D2E90213994280F0B4800B789845F2
:102D400017BF04F1FF3401355BF824304BF8253010
:102D5000AC4216D95BF8253056F8233013F80980B9
:102D6000002AE6D1FF23EAE7BB68A3F1FF33B3FAF9
:102D700083F35B0959E7A3F1FF34B4FA84F46409DF
:102D800048E7012C914696D84FF0FF333B61012C68
:102D90007FF44DAFD9E902318B4280F014810133C9
:102DA000C9F80830DBF800307D6956F823403B61F4
:102DB000204622F085FC05F101088045786180F00D
:102DC000ED804E46D6E902232544AA469A4204F1F4
:102DD000FF35A3460544D7E9029438BF4FF00008F9
:102DE0002AD2002C35D0B9F1FF3F00F0C18000237A
:102DF000434500F0CC809AF801100AF10108002E3A
:102E000000F0A980D6E902239A4280F0D28013789C
:102E10008B4240F0BC800132B2600AF1020AA84540
:102E2000AAEB0B0A00F0B880D6E902239A42C24608
:102E300038BF4FF00008D4D3336830465B6A9847F8
:102E4000013006BF00264FF001084FF00008002CAB
:102E5000C9D1A9F1FF33B3FA83F35B09C8E7BB68B3
:102E6000A3F1FF33B3FA83F35B099D427FF45CAFB8
:102E70004FF0FF333B61DAE6FB68D3E902239A4265
:102E8000FFF44EAFD7F80C80D8F8003040465B6AAC
:102E90009847013014BF43460023FB600CBF012359
:102EA00000233EE713683A615B6A10469847411C6D
:102EB0003BD03A69C3B242E7D9F8003048469B6A32
:102EC000984718E7D9E902139942FFF4A2AED9F85E
:102ED000003048465B6A9847013006BF4FF0000952
:102EE0000124002496E6FB68D3E902139942FFF41B
:102EF0009BAEFD682B6828465B6A9847013014BF7B
:102F00002B460023FB600CBF012300238DE6D9F87C
:102F1000003048465B6A9847013006BF4FF0000911
:102F200001250025F4E63A7C9AE6FF23002206E715
:102F3000D9E902318B4201D21A7891E6D9F80030F2
:102F400048465B6A98470346581C7FF488AEFF22C8
:102F50004FF0000984E6FF23994218D1D6E90223F5
:102F60009A42FFF458AF336830469B6A984754E75B
:102F7000D4E902239A42FFF43AAF236820465B6A01
:102F80009847013006BF00240123002330E74FF0AB
:102F9000FF33B1463B614AE6B146D0467B694345C3
:102FA0007FF466AF3B6D3A691A604FF0FF333B61C7
:102FB00043E63368F9605B6A30469847421CF9681B
:102FC00007D0C3B2C8E7D9F8003048469B6A984793
:102FD000E8E6FF230026BFE72DE9F04F89B000AFF8
:102FE00007F1200101E90C00FA6DD7F81880D7F835
:102FF0005490D7F81CB00346FB6002F16C00BB6C28
:103000007B6108F0E1FFBA6D6B46A3EBC2039D46FE
:1030100002466E46B8F1000F00F01481BBF1FF3F8D
:1030200000F05C810024FB6C3B617B69002B00F0AD
:1030300014813B69013300F03B810023A34240F03F
:10304000C58000242546A2464346002B46D0BBF14E
:10305000FF3F7BD04FF000087A69002A47D03A69D9
:1030600001325DD00022904549D013B1BBF1FF3F42
:103070007FD05FFA8BF8002C00F0858000218E460F
:103080009C4604E00EF1010E01318C4217D95AF82A
:103090002130AB424FEA81000AEB8102F2D956F8A7
:1030A000213059F823305B5D434537D0013C8C42D9
:1030B00056F8243033505AF824301360E7D8A64528
:1030C00063461CD0DCE9021291426BD20131CCF88C
:1030D000081001354FF0FF3B002BB8D1ABF1FF38A2
:1030E0007A69B8FA88F84FEA5818002AB7D13A69CD
:1030F000A2F1FF32B2FA82F252099045B5D1012C09
:10310000984658D1DAF80030AB423DD1BA6D3368F9
:103110009342A8BF9B1A3A6D13603BE00131B4E7BC
:103120007A69D2E9021291429CD3BB607B691A682A
:103130001846526A904701307B6908BF00237B61C3
:1031400008BF0122BB6818BF00228CE7D3E9021236
:103150009142FFF47FAF1A68BB601846526A9047ED
:103160000130BB6806BF4FF0010800234FF0000894
:1031700072E7D3E90212914280F0C38091F8008097
:10318000002C7FF47BAF98463B6E3A6E1B6843F091
:1031900004031360FB6824371846C3E9008BBD465F
:1031A000BDE8F08FDCF80020C7F808C0926A6046DE
:1031B0009047BB688DE7022CE6D1DAF80030AB42CD
:1031C000A4D0DAF80430AB42DED19FE7B8F1000FAB
:1031D00003D0BBF1FF3F00F0A4805FFA8BF31946E8
:1031E000BB6D5D0000F0A4804FF0000AA9F104035C
:1031F0005446C7E901B8AA46C7F854909346984682
:103200008946254608E0DBF800309B68984748452A
:1032100008D0013555450CD058F8043F1978494578
:103220005846F0D146F824500135554504F10104C3
:10323000F2D1D7E901B8D7F85490ACB92546A246E7
:10324000434602E7FB6C3B61ABF1FF347B69B4FAA8
:1032500084F46409002B7FF4ECAE3B69A3F1FF33E7
:10326000B3FA83F35B09E9E6D8E9023293426FD2FD
:103270000133C8F80830A500EB1D23F00703ADEBC0
:10328000030DEA4605EB0A03BC60351FD3461C4616
:1032900055F8042F59F8220022F012FA4BF8040BCB
:1032A0005C45F5D1BC684FF0FF3B01254346CCE6B9
:1032B0007B69D3E902139942FFF4BFAE7D69BA601E
:1032C0002B6828465B6A9847013014BF2B460023C1
:1032D0007B61BA680CBF01230023AFE6D8E9021373
:1032E0009942FFF49FAED8F8003038615B6A4046DF
:1032F000984701303A6906BF4FF0000801240024C6
:1033000091E61A68BB601846526A9047B0F1FF3FD9
:10331000804619BFBB685FFA80F84FF0FF080023B2
:10332000A9E6D8E902318B4206D21B78194657E745
:103330002C46AA46434688E6D8F80030BA605B6A55
:1033400040469847421CBA6808D0C3B2194647E7BE
:10335000D8F8003040469B6A98478CE7FF2319460F
:103360004FF000083CE700BF2DE9F0419CB00AACEB
:10337000DDF89080259F054608F16C000E4684E834
:103380000C0009F0CDFD836800220D92DA6A1592D7
:103390001A6B16925A6B17929A6C0E92DA6C0F9205
:1033A0001A6D10925A6D11929A6D1292DA6D1392F3
:1033B0001A6E14929A6B1892DA6B19921A6C5B6CF3
:1033C0001A921B930DAA07230692CDF8148004933A
:1033D0000EAB03930CAB029322AB93E803008DE892
:1033E0000300314608AE304694E80C00FFF7F4FDC8
:1033F00096E803000D9B84E803000646EBB9269A85
:103400000C9B93610B9BFEB101333AD04FF0000847
:10341000DDE9220310B3013326D00023434503D155
:103420003B6843F002033B600A9694E8030085E89A
:10343000030028461CB0BDE8F0813B6843F004035C
:103440003B600B9B002EDFD1A3F1FF38DDE92203A7
:10345000B8FA88F84FEA58180028DCD1A3F1FF33F6
:10346000B3FA83F35B09D9E7D0E902239A42D4D3B4
:1034700003685B6A9847A0F1FF33B3FA83F35B09F3
:10348000CCE7D6E902239A42C0D3336830465B6A60
:10349000984701300ABF4FF001084FF0000800269E
:1034A000B6E700BF2DE9F043A7B00AACDDF8C09045
:1034B000DDF8C480054609F16C0084E80C000F4675
:1034C00009F02EFD8368D3F894200E92D3F898204B
:1034D0000F92D3F89C201092D3F8A0201192D3F829
:1034E000A4201292D3F8A8201392D3F8AC201492FF
:1034F000D3F8B0201592D3F8B4201692D3F8B820A0
:103500001792D3F8BC201892D3F8C02019925A6EA3
:103510001A929A6E1B92DA6E1C921A6F1D92D3F851
:1035200074C0CDF878C0D3F878C0CDF87CC0D3F89B
:103530007CC0CDF880C0D3F880C0CDF884C0D3F86B
:1035400084C0CDF888C00DF1340ED3F888C0CDF812
:103550008CC00C210EA8D3F88CC0D3F890302593E2
:10356000CDE9059ECDE903010CAA002302920D933B
:103570002EAB93E803008DE8030008AE304694E8D4
:103580000C003946CDF890C0FFF726FD96E8030001
:103590000D9B84E803000646F3B9329A0C9B0B9FFF
:1035A000136116B37B1C3CD00027DDE92E0328B342
:1035B000013329D00023BB4205D1D8F8003043F0B5
:1035C0000203C8F800300A9694E8030085E8030077
:1035D000284627B0BDE8F083D8F800300B9F43F0B1
:1035E0000403C8F80030002EDCD1DDE92E03A7F17A
:1035F000FF37B7FA87F77F090028D9D1A3F1FF3346
:10360000B3FA83F35B09D6E7D0E902239A42D1D318
:1036100003685B6A9847A0F1FF33B3FA83F35B0951
:10362000C9E7D6E902239A42BED3336830465B6AC3
:10363000984701300ABF012700270026B5E700BFE1
:103640002DE9F04FA1B010AC84E80C002C9BDDF804
:10365000BCA0DDF84480DDF8A8B003F16C04CDE92E
:103660000A102046164609F05BFC034620460C93E0
:1036700008F0AAFC0546504622F022F800242B9BB5
:103680000990129408934746002E3AD07A1C79D0BC
:103690004FF00008089BBBF1000F3CD0013300F055
:1036A0002981002343453DD0099BA3423AD9129B6F
:1036B000002B40F041811AF804106B180AEB040942
:1036C00093F81D2188464AB92B68BA481B6A834281
:1036D00060D129B1A8440A4688F81D11252A5DD079
:1036E00099F8008016B17A1C00F015813846C0B2F6
:1036F00080453FD0129B43F0040312930134002E07
:10370000C4D1A7F1FF38B8FA88F8089B4FEA5818D7
:10371000BBF1000FC2D1A3F1FF33B3FA83F35B090E
:103720004345C1D1129BB846002B00F0FE802D9B73
:103730002D9A1B6843F0040313600B9B1846C3E9E2
:10374000006821B0BDE8F08F002E40F09C84F9B2F3
:103750008846A84498F81D2152B92B6895481B6AE1
:10376000834240F0AD840029C4D088F81D110A4678
:10377000092ABFD1D6E90232934280F06C8101332D
:10378000B3600134D6E902239A4280F06F844FF08F
:10379000FF377DE72846984701469AE704F101087C
:1037A0001AF808106B18894693F81D2162B92B6826
:1037B00080481B6A834240F0C380002900F0BE802D
:1037C000A9440A4689F81D110023452A139302D003
:1037D0004F2A40F0AF8002341AF804106B18884664
:1037E00093F81D2162B92B6872481B6A834240F02E
:1037F000DC8000293FF47EAFA8440A4688F81D11FA
:10380000413A382A3FF676AF01A353F822F000BFC1
:103810000B3D0100353D010049390100993B010094
:10382000F5360100F5360100F53601007D3D010059
:10383000D33D0100F5360100F5360100F5360100F3
:10384000893C0100F5360100F5360100F53601002E
:10385000F5360100DF3C0100113E0100673E01002A
:10386000F5360100F5360100F5360100613A010038
:1038700049390100A53A0100F5360100F53601008D
:10388000F5360100F5360100F5360100F536010088
:10389000273B0100B9390100BF3A0100D13A0100CC
:1038A000B93B0100F5360100F5360100B9390100D8
:1038B000F5360100F5360100F5360100F536010058
:1038C000313C0100953E0100F5360100F53601005E
:1038D000F5360100F5360100F536010049370100E3
:1038E000F5360100F5360100F5360100F13D010025
:1038F00049390100DBE902239A42FFF4D2AEDBF83A
:10390000003058465B6A9847013006BF4FF0000B05
:1039100001230023C6E6D6E90232934280F0D98320
:103920001A7842457FF4E6AE29E7099BA3427FF46B
:10393000FEAE02E7444663E7B846F8E64446D9E6F9
:1039400028469847014638E72C9B069312AB07930D
:10395000042042F20F73CDE904300023039313AB2C
:103960000293CDF8A8B02AAB93E80300CDE9106725
:103970008DE803000EAE10AB30460CCB0A99FEF773
:10398000C7FF96E8030010AB83E80300129B0646CE
:103990000F46002B7FF4B2AE139B2E9A002BB4BFC0
:1039A0006433A3F26C735361A8E628469847014636
:1039B0001FE700BF2DF600000C9BCDF8A8B09B6858
:1039C000D3F894101491D3F898101591D3F89C1053
:1039D0001691D3F8A0101791D3F8A4101891D3F82A
:1039E000A8101991D3F8AC101A91D3F8B0101B910C
:1039F000D3F8B4101C91D3F8B8101D91D3F8BC10B3
:103A00001E91CDE91067D3F8C03012AA1F932C9BEA
:103A100005930C23049314AB039313AB0293069208
:103A20002AAB93E803008DE803000EAE10AB3046DE
:103A30000CCB0A99FFF7C6F896E8030010AB83E8B1
:103A40000300129B06460F46002B7FF457AE2E9ABA
:103A5000139B136152E6336830469B6A984790E6A1
:103A60000C9BCDF8A8B09B68CDE910671B69059346
:103A70002E9B04932C9B029312AB03932AAB93E8E7
:103A800003008DE803000EAE10AB30460CCB0A9954
:103A9000FFF7D6FD96E8030010AB83E80300064667
:103AA0000F462BE6002E00F00382791C40F00082C6
:103AB000D6E90232934280F085831B78F9E10C9BB2
:103AC000CDF8A8B09B689B690593CDE91067CFE757
:103AD0002C9B069312ABCDE91067079302271F2397
:103AE000CDE904370123039313AB0293CDF8A8B0BB
:103AF0002AAB93E803008DE803000EAE10AB30460E
:103B00000CCB0A99FEF704FF96E8030010AB83E89C
:103B10000300129B06460F46002B7FF4EFAD2E9A52
:103B2000139BD360EAE50C9BCDF8A8B09B689A6C18
:103B30001492DA6C15921A6D16925A6D17929A6D4C
:103B40001892DA6D19921B6ECDE910670EAE1A93BA
:103B50002C9B059312AB06930723049314AB03939A
:103B600013AB02932AAB93E803008DE8030010AB7C
:103B700030460CCB0A99FFF725F896E8030010AB06
:103B800083E80300129B06460F46002B7FF4B6AD78
:103B90002E9A139B9361B1E52B7F012B00F05B8282
:103BA000002B00F0A7822B68D3F81C80954B98451A
:103BB00000F05182944A65E1002E00F01882781CD2
:103BC00040F01582D6E90232934280F0E882A9697A
:103BD0001A788A5C110740F162820133B3602C9B32
:103BE00006934FF0FF33119301230593039312AB18
:103BF000079309231096CDF8A8B00EAE049313AB2B
:103C000002932AAB93E803008DE8030010AB304623
:103C10000CCB0A99FEF77CFE96E8030010AB83E814
:103C20000300129B06460F46002B7FF467AD76E734
:103C30002C9B069312AB079302210C23CDE9043190
:103C40000123039313AB0293CDF8A8B02AAB93E8FA
:103C50000300CDE910678DE803000EAE10AB3046CF
:103C60000CCB0A99FEF754FE96E8030010AB83E8EC
:103C70000300129B06460F46002B7FF43FAD139BBB
:103C80002E9A013B136139E52C9B069312AB0793E7
:103C900002223B23CDE904320023039313AB0293AA
:103CA000CDF8A8B02AAB93E80300CDE910678DE802
:103CB00003000EAE10AB30460CCB0A99FEF728FE7F
:103CC00096E8030010AB83E80300129B06460F46FC
:103CD000002B7FF413AD2E9A139B53600EE52B7FC0
:103CE000012B00F0BA81002B00F0FC812B68D3F887
:103CF0001C80444B984500F0B081444A0DF15009B6
:103D00004B46911F2846C0479EE10C9BCDF8A8B0BA
:103D10009B68DA6A14921A6B15925A6B16929A6B18
:103D20001792DA6B18921A6C1992CDE910675B6CD6
:103D30000EAE0CE70C9BCDF8A8B09B68596E1491A1
:103D4000996E1591D96E1691196F1791596F189137
:103D5000996F1991D96F1A91D3F880101B91D3F8EC
:103D600084101C91D3F888101D91D3F88C101E91EB
:103D7000CDE91067D3F8903012AA47E62C9B069342
:103D800012ABCDE91067079302271723CDE904375B
:103D9000CDF8A8B00EAE0023039313AB02932AAB69
:103DA00093E803008DE8030010AB30460CCB0A9972
:103DB000FEF7AEFD96E8030010AB83E80300129B0C
:103DC00006460F46002B7FF499AC2E9A139B936006
:103DD00094E42C9B069312AB079302200C23CDE9AD
:103DE0001067CDE90430CDF8A8B00EAE0123D3E7BB
:103DF0000C9BCDF8A8B09B689B680593CDE9106734
:103E000036E600BF91F60000A9530400B253040047
:103E10002C9B069312AB079302213D23CDE904317D
:103E20000023039313AB0293CDF8A8B02AAB93E819
:103E30000300CDE910678DE803000EAE10AB3046ED
:103E40000CCB0A99FEF764FD96E8030010AB83E8FB
:103E50000300129B06460F46002B7FF44FAC2E9AB0
:103E6000139B13604AE42B7F012B00F0E680002BAC
:103E700000F03C812B68D3F81C80B04B984500F0D3
:103E8000DC80AF4A0DF150094B46A2F109012846EA
:103E9000C047D9E0002E00F0BA807B1C40F0B7800C
:103EA000D6E90232934280F0708119788846B0E0FA
:103EB000FBB2AA69D35CDB077FF51CAC2C9B059396
:103EC000A04B039312AB06930DF150090E230493FC
:103ED000CDF80890CDF8A8B02AAB93E80300CDE95F
:103EE00010678DE803000DF1380810AB0CCB0A9970
:103EF0004046FEF767FE98E8030010AB83E8030036
:103F000006460F46002800F0FF80481C00F0248180
:103F10000023089ABBF1000F00F0F080013200F09E
:103F2000F98000229A423FF4E9AB129A149B1343A2
:103F30007FF4E4AB16B1791C00F063813B46DBB241
:103F40000D932B7F002B00F0168195F84A300D9AC7
:103F50009A4210D016B1781C00F059813B46DBB272
:103F60000D932B7F002B00F0388195F848300D9A87
:103F70009A427FF4C3AB12AB07932C9B0693109627
:103F800017230026CDE9036302270597CDF8089093
:103F9000CDF8A8B02AAB93E803008DE8030010AB7E
:103FA0000CCB0A994046FEF7B3FC12ABCDE9029662
:103FB00007932C9B06933B230597049398E80300F3
:103FC00010AB83E803002AAB93E803008DE80300FD
:103FD00010AB0CCB0A994046FEF79AFC98E8030018
:103FE00010AB83E8030006460F46FFF787BB3B464E
:103FF000AA69DBB2D35C1B0751D5D6E902329342E2
:10400000FFF4EBAD336830469B6A9847E7E5F9B2B9
:104010008846A84498F81D2152B92B684A481B6A63
:10402000834252D100293FF465AB88F81D110A463E
:104030000A2A7FF45FABFFF79DBB444A07CA0DF124
:1040400050094B4603C31A70CDE91067CDF81490A0
:10405000CDF8A8B00CE53E4AF0E73E4B93E80300EC
:104060000DF150091490ADF85410EDE73368304667
:104070005B6A9847431C07467FF489AB4FF0010801
:104080000026FFF707BB7A1C7FF461ABD6E902324A
:10409000934280F08D8019788846FFF75ABB2C9B9D
:1040A000069312AB07934FF0020C1F23CDE9043C9B
:1040B0000A23CDE91067CDF8A8B00EAE03939EE5B4
:1040C000284698470146FFF74EBB284698470146C9
:1040D000A8E7336830465B6A9847431C08BF002650
:1040E000FFF705BB2846FBF70BFBFFE52846FBF770
:1040F00007FBBFE62846FBF703FB54E5A2F1FF32BE
:10410000B2FA82F252090DE7A1F1FF33B3FA83F359
:104110005B09FEE6DBE902129142FFF402AFDBF835
:1041200000200D93526A5846904701300D9B06BF00
:104130004FF0000B01220022F4E600BF91F60000D0
:10414000BD530400BCC905002DF60000B4530400A3
:10415000A0530400AC530400D6E902239A42FFF4B2
:10416000D7AE336830465B6A9847013006BF0026F9
:1041700001230023CDE62846FBF7C2FA2B68354A17
:104180009B69934233D12D23E1E6336830465B6A65
:1041900098470146481C52D0C9B2884639E733686F
:1041A00030465B6A9847421C034608BF00261FE75B
:1041B000336830465B6A9847431C45D0C1B2884695
:1041C000FFF7C7BA336830465B6A9847421C03461C
:1041D0000ABF0026C3B2FF236BE62846FBF790FA1E
:1041E0002B681C4A9B69934206D12B23BFE62D21E5
:1041F000284698470346AAE62B21284698470346B7
:10420000B5E6D6E90232934207D21B7897E6D6E9A3
:10421000023293420AD21B78A1E6336830465B6AC9
:104220009847421C034608BF002688E6336830469C
:104230005B6A9847411C034608BF00268FE64FF093
:10424000FF0841460026E4E64FF0FF0841460026FD
:10425000FFF77FBA218700002DE9F0418AB0DDE940
:10426000126708AC054606F16C0084E80C0088462D
:1042700008F056FE83681B690593149B0296CDE9EE
:10428000037310AB93E803008DE8030006AE3046DD
:1042900094E80C004146FFF7D3F996E8030084E860
:1042A000030006460B46C0B1013333D04FF000087F
:1042B000DDE91003D8B101331FD00023434503D1FA
:1042C0003B6843F002033B60089694E8030085E8EE
:1042D000030028460AB0BDE8F081DDE91003A1F132
:1042E000FF38B8FA88F84FEA58180028E3D1A3F14C
:1042F000FF33B3FA83F35B09E0E7D0E902239A4284
:10430000DBD303685B6A9847A0F1FF33B3FA83F30A
:104310005B09D3E7D0E902239A42C7D303685B6AFB
:10432000984701300ABF4FF001084FF000080026FF
:10433000BEE700BF2DE9F0418AB0DDE9126708ACA5
:10434000054606F16C0084E80C00884608F0E8FD9C
:1043500083689B680593149B0296CDE9037310ABA9
:1043600093E803008DE8030006AE304694E80C00A5
:104370004146FFF765F996E8030084E80300064626
:104380000B46C0B1013333D04FF00008DDE9100314
:10439000D8B101331FD00023434503D13B6843F01C
:1043A00002033B60089694E8030085E80300284672
:1043B0000AB0BDE8F081DDE91003A1F1FF38B8FAD9
:1043C00088F84FEA58180028E3D1A3F1FF33B3FA75
:1043D00083F35B09E0E7D0E902239A42DBD3036869
:1043E0005B6A9847A0F1FF33B3FA83F35B09D3E725
:1043F000D0E902239A42C7D303685B6A9847013029
:104400000ABF4FF001084FF000080026BEE700BFCA
:104410002DE9F04F8DB0DDE9188608AC054608F1AE
:104420006C0084E80C009DF86CA09DF870900F461D
:1044300007F0CAFD00233360037F8346002B45D07D
:1044400090F842008DF82C00B9F1000F36D18DF8AC
:104450002DA08DF82E901A9BCDF80880CDE903632E
:1044600016AB93E803008DE803000BAB39460593C8
:1044700006AF384694E80C00FFF7E2F897E803002F
:1044800084E80300DDE9087357B3013345D04FF0EA
:104490000008DDE9160368B3013331D0002343453A
:1044A00003D1336843F002033360089794E80300B4
:1044B00085E8030028460DB0BDE8F08F00238DF895
:1044C0002D908DF82EA08DF82F30C4E7FBF718F94A
:1044D000DBF800301B4A9B6993422ED12520B1E7BF
:1044E000A3F1FF38DDE91603B8FA88F84FEA581847
:1044F0000028D1D1A3F1FF33B3FA83F35B09CEE7F0
:10450000D0E902239A42C9D303685B6A9847A0F1B5
:10451000FF33B3FA83F35B09C1E7D7E902239A4279
:10452000B5D33B6838465B6A984701300ABF4FF005
:1045300001084FF000080027ABE7584625219847AF
:1045400080E700BF218700000039084B18BF012118
:1045500010B5C0E900310446F5F76CF8A0602046BC
:1045600010BD2046F5F750F8F4F724F9BC540400C8
:10457000034653F8080B984201D01BF053BB704719
:10458000034653F8080B984201D01BF04BBB704711
:1045900000B583B08C46C1680498CDE9003013465D
:1045A0004FF000006246F8F701FE03B05DF804FB2F
:1045B00030B58BB00AAC04E90C00109B8A680393F9
:1045C0000EAB044693E80300129D119B04930595DE
:1045D00001AB7925069583E80300DDE90831204623
:1045E00000914FF00001F9F71DFB20460BB030BDE4
:1045F00030B58BB00AAC04E90C00109B8A680393B9
:104600000EAB044693E80300129D119B049305959D
:1046100001AB6D25069583E80300DDE908312046EE
:1046200000914FF00001F9F7FDFA20460BB030BDC4
:1046300030B58BB00AAC04E90C00109B8A68039378
:104640000EAB044693E80300129D119B049305955D
:1046500001AB7725069583E80300DDE908312046A4
:1046600000914FF00001F9F7DDFA20460BB030BDA4
:1046700030B58BB00AAC04E90C00109B8A68039338
:104680000EAB044693E80300129D119B049305951D
:1046900001AB6425069583E80300DDE90831204677
:1046A00000914FF00001F9F7BDFA20460BB030BD84
:1046B00030B58BB00AAC04E90C00109B8A680393F8
:1046C0000EAB044693E80300129D119B04930595DD
:1046D00001AB7425069583E80300DDE90831204627
:1046E00000914FF00001F9F79DFA20460BB030BD64
:1046F00003464FF000009968F9F78CBA70B590B096
:104700000AAC84E80C009DF858308A680393179B24
:104710000493002307930D930EAB06930DAB059303
:1047200014A9054603C90DF1040C0A9B8CE803008B
:1047300008AE0B99009130464FF00001F9F7B6FB37
:1047400096E803000D9B84E803005BB9DDE90E23C6
:104750001999C1E9002394E8030085E8030028467D
:1047600010B070BD94E80300189A85E8030028464D
:10477000136010B070BD00BF30B58BB00AAC04E957
:104780000C009DF838308A6801930F9B02939DF8C6
:10479000403003930023DDE912450693DDE908313B
:1047A000CDE9044500914FF000010446F9F786FC7D
:1047B00020460BB030BD00BF0A4601694FF0000033
:1047C000F9F71CBA10B5046982B008461146D0E961
:1047D000002300914FF000002146F9F713F902B0D1
:1047E00010BD00BF00B583B08C46C1680498CDE908
:1047F000003013464FF000006246F8F7E5FC03B0C6
:104800005DF804FB30B58BB00AAC04E90C00109BDA
:104810008A6803930EAB044693E80300129D119B34
:104820000493059501AB7925069583E80300DDE93E
:104830000831204600914FF00001F9F795FA204623
:104840000BB030BD30B58BB00AAC04E90C00109B46
:104850008A6803930EAB044693E80300129D119BF4
:104860000493059501AB6D25069583E80300DDE90A
:104870000831204600914FF00001F9F775FA204603
:104880000BB030BD30B58BB00AAC04E90C00109B06
:104890008A6803930EAB044693E80300129D119BB4
:1048A0000493059501AB7725069583E80300DDE9C0
:1048B0000831204600914FF00001F9F755FA2046E3
:1048C0000BB030BD30B58BB00AAC04E90C00109BC6
:1048D0008A6803930EAB044693E80300129D119B74
:1048E0000493059501AB6425069583E80300DDE993
:1048F0000831204600914FF00001F9F735FA2046C3
:104900000BB030BD30B58BB00AAC04E90C00109B85
:104910008A6803930EAB044693E80300129D119B33
:104920000493059501AB7425069583E80300DDE942
:104930000831204600914FF00001F9F715FA2046A2
:104940000BB030BD03464FF000009968F9F766B927
:1049500070B590B00AAC84E80C009DF858308A68B5
:104960000393179B0493002307930D930EAB0693B9
:104970000DAB059314A9054603C90DF1040C0A9B60
:104980008CE8030008AE0B99009130464FF000010F
:10499000F9F710FB96E803000D9B84E803005BB970
:1049A000DDE90E231999C1E9002394E8030085E8A5
:1049B0000300284610B070BD94E80300189A85E8FB
:1049C00003002846136010B070BD00BF30B58BB037
:1049D0000AAC04E90C009DF838308A6801930F9BFB
:1049E0000293109B03930023DDE912450693DDE952
:1049F0000831CDE9044500914FF000010446F9F774
:104A0000C1FB20460BB030BD0A4601694FF00000E3
:104A1000F9F7FAB810B5046982B008461146D0E932
:104A2000002300914FF000002146F9F717F802B07B
:104A300010BD00BF70B5054682B011B3541A0F2CDB
:104A40000E4601940BD8012C006822D10B7803701C
:104A5000019C28686C600023035502B070BD0022E1
:104A600001A910F05DFF019B2860AB602246314632
:104A70001EF02AFF019C28686C600023035502B0D9
:104A800070BD4AB90068144600236C60035502B03B
:104A900070BD002CDED0E9E70148F3F7F1FA00BF62
:104AA000545304002DE9F0419AB00AAC84E80C009C
:104AB0009DF888308A680393239B049320AB0546B6
:104AC00093E803000023069319930C930DF1040C53
:104AD0000CAB13AF0593DDF8948007978CE80300C7
:104AE00008AE0B9B00934FF000010A9B3046F9F78C
:104AF000DDF996E803000C9B84E803006BB1249A6F
:104B0000136094E80300199B85E803000BB1384655
:104B1000984728461AB0BDE8F081199B002B44D075
:104B2000DDE913120FAE0A440DA80D96FFF782FFC0
:104B30000D9BD8F80000B34220D008F10802C8F855
:104B4000003090420E9BC8F8043010D00F9AD8F86D
:104B50000830C8F8082068B10F930D9000230E9319
:104B600003700D98B042CCD01BF05CF8C9E70F9BE6
:104B7000C8F808300D960FAE3046EFE70E9A3AB1FE
:104B8000012A0BD031461EF09FFE0E9AD8F8000085
:104B9000C8F80420002383540D98DFE79DF83C30CB
:104BA00003700E9AD8F80000F2E70448F3F768FAA9
:104BB000199B0BB138469847F3F7FCFD08490400F0
:104BC00070B5044682B011B3521A96100C2A0D46E5
:104BD00001960BD8012E006811D12B680360019B50
:104BE0006360002240F8232002B070BD002201A9BA
:104BF0001AF0B8FC019B2060012EA360EDD0002EBE
:104C0000EDD03246294624F04BFC2068E7E712B984
:104C100000680192E3E70148F3F732FA54530400C5
:104C20002DE9F0419AB00AAC84E80C009DF8883078
:104C30008A680393239B049320AB054693E8030003
:104C40000023069319930C930DF1040C0CAB13AFD6
:104C50000593DDF8948007978CE8030008AE0B9B62
:104C600000934FF000010A9B3046F9F7A3F996E84C
:104C700003000C9B84E803006BB1249A136094E852
:104C80000300199B85E803000BB138469847284676
:104C90001AB0BDE8F081199B002B44D0DDE9131256
:104CA0000FAE01EB82020DA80D96FFF789FF0D9B59
:104CB000D8F80000B3421DD008F10802C8F800304F
:104CC00090420E9BC8F8043010D00F9AD8F80830E4
:104CD000C8F808200028D2D00F930D900023B042CE
:104CE0000E930360CBD01AF09DFFC8E70F9BC8F866
:104CF0000830C4E70E9A4AB1012A0FD0314624F099
:104D0000CFFB0E9AD8F800000D9900E03146002341
:104D1000C8F8042040F822300846DFE70F9B036004
:104D20000E9A3146F3E70448F3F7AAF9199B0BB141
:104D300038469847F3F73EFD0849040030B58BB07C
:104D4000C968009300251346044603AA4FF00000EB
:104D50000995F8F747FA099B7BB1DDE9031204F1E5
:104D6000080323600A442046FFF764FE099B0BB149
:104D700003A8984720460BB030BD0448F3F780F9EC
:104D8000099B0BB103A89847F3F714FD08490400E9
:104D900070B58CB00969119D0093109B0193134667
:104DA0006A6803922A6802920026044605AA4FF018
:104DB00000000B96F8F77EFE0B9B7BB1DDE9051238
:104DC00004F1080323600A442046FFF733FE0B9BDF
:104DD0000BB105A8984720460CB070BD0448F3F706
:104DE0004FF90B9B0BB105A89847F3F7E3FC00BF05
:104DF0000849040030B58BB0C968009300251346FC
:104E0000044603AA4FF000000995F8F71DFA099B24
:104E100083B1DDE9031204F10803236001EB820290
:104E20002046FFF7CDFE099B0BB103A8984720460B
:104E30000BB030BD0448F3F723F9099B0BB103A86D
:104E40009847F3F7B7FC00BF0849040070B58CB071
:104E50000969119D0093109B019313466A680392A0
:104E60002A6802920026044605AA4FF000000B961D
:104E7000F8F772FE0B9B83B1DDE9051204F108031C
:104E8000236001EB82022046FFF79AFE0B9B0BB1D9
:104E900005A8984720460CB070BD0448F3F7F0F819
:104EA0000B9B0BB105A89847F3F784FC0849040055
:104EB0002DE9F04393B008AC84E80C001D9B9DF8ED
:104EC00068709DF87080D3E9009400220DAB054610
:104ED0000E4611920B93B9F1000F37D00F2C0A94A4
:104EE00026D8012C37D199F800208DF834200022E3
:104EF0000C941A550BA9CDF80C80B26806911B9939
:104F0000099B1A480093CDE90171002600271190F2
:104F1000CDE90467089B4FF000012846F9F7CEF869
:104F2000119B0BB10BA89847284613B0BDE8F0833E
:104F30000AA90BA810F0F4FC0A9B0B900D932246D3
:104F400049461EF0C1FCDDE90A43D0E7002CCED073
:104F50000748F3F795F8002CC9D01846EFE7119BE6
:104F60000BB10BA89847F3F725FC00BF7145010072
:104F7000545304002DE9F04192B008AE86E80C00CD
:104F80001B9E9DF86080D6E90073002204460DA8A0
:104F90000D4611929B000B90002F3ED09E100C2BC3
:104FA0000A962AD8012E25D0002E30D10A9BAA6855
:104FB0000C93002540F823500BA8099906901A98E5
:104FC0000390009119981B49029011910020002133
:104FD000CDE90401089BCDF804804FF00001204684
:104FE000F9F7D0F8119B0BB10BA89847204612B0E7
:104FF000BDE8F0813B680360D8E70AA90BA81AF066
:10500000B1FA0A9B0B90012E0D93CDD1F2E73246F7
:10501000394624F045FA0B98C8E70BB90A93C5E75F
:105020000548F3F72DF8119B0BB10BA89847F3F740
:10503000C1FB00BF814501005453040010B5044674
:105040000069074B236043685A1E012B426002D15E
:1050500003685B689847204601F09EFF204610BD1C
:10506000285D040010B504460069074B23604368BF
:105070005A1E012B426002D103685B6898472046A4
:10508000FAF7FEFE204610BD0C5D040010B5044684
:105090008068084B236043685A1E012B426002D18E
:1050A00003685B689847044B23602046F4F7ACFA2A
:1050B000204610BD2C5E0400F05F040010B50446CD
:1050C0008068084B236043685A1E012B426002D15E
:1050D00003685B689847044B23602046F4F794FA12
:1050E000204610BDFC5D0400D85F040010B50446E6
:1050F0008068084B236043685A1E012B426002D12E
:1051000003685B689847044B23602046F4F77CFAF9
:10511000204610BDB85D04000860040010B50446C8
:105120008068084B236043685A1E012B426002D1FD
:1051300003685B689847044B23602046F4F764FAE1
:10514000204610BDE45D0400D854040010B50446A8
:105150000069094B236043685A1E012B426002D14B
:1051600003685B6898472046FAF78AFE20461AF0E3
:1051700059FD204610BD00BF0C5D040010B504466B
:105180008068084B236043685A1E012B426002D19D
:1051900003685B689847044B23602046F4F734FAB1
:1051A000204610BD145E0400F054040010B50446FF
:1051B0008068084B236043685A1E012B426002D16D
:1051C00003685B689847044B23602046F4F71CFA99
:1051D000204610BD8C5D04000855040010B504463F
:1051E0000069094B236043685A1E012B426002D1BB
:1051F00003685B689847204601F0CEFE20461AF00F
:1052000011FD204610BD00BF285D040010B5044606
:10521000D0E90303002208492160DA6043685A1E7E
:10522000012B426002D103685B6898472046F5F77E
:105230004FFE204610BD00BF685D040010B5044657
:1052400080680A4B236043685A1E012B426002D1DA
:1052500003685B689847064B23602046F4F7D4F94F
:1052600020461AF0DFFC204610BD00BFE45D0400BC
:10527000D854040010B5044680680A4B2360436884
:105280005A1E012B426002D103685B689847064BA7
:1052900023602046F4F7B8F920461AF0C3FC2046F4
:1052A00010BD00BFFC5D0400D85F040010B50446CB
:1052B00080680A4B236043685A1E012B426002D16A
:1052C00003685B689847064B23602046F4F79CF917
:1052D00020461AF0A7FC204610BD00BF2C5E04003B
:1052E000F05F040010B5044680680A4B23604368F1
:1052F0005A1E012B426002D103685B689847064B37
:1053000023602046F4F780F920461AF08BFC2046F3
:1053100010BD00BF8C5D04000855040010B50446A4
:1053200080680A4B236043685A1E012B426002D1F9
:1053300003685B689847064B23602046F4F764F9DE
:1053400020461AF06FFC204610BD00BF145E04001A
:10535000F054040010B50446D0E9030300220849C4
:105360002160DA6043685A1E012B426002D1036853
:105370005B6898472046F5F727FD204610BD00BF23
:10538000445D040010B5044680680A4B23604368FE
:105390005A1E012B426002D103685B689847064B96
:1053A00023602046F4F730F920461AF03BFC2046F3
:1053B00010BD00BFB85D04000860040010B50446CD
:1053C000C0680A4B236043685A1E012B426002D119
:1053D00003685B6898472046054B40F8083B1BF084
:1053E000C7FA2046F4F710F9204610BDD45C04003B
:1053F0001454040010B50446D0E9030300220949FF
:105400002160DA6043685A1E012B426002D10368B2
:105410005B6898472046F5F75BFD20461AF002FCD2
:10542000204610BD685D040010B50446C0680A4BF4
:10543000236043685A1E012B426002D103685B68F7
:1054400098472046054B40F8083B1BF091FA204650
:10545000F4F7DAF8204610BDF05C0400145F040095
:1054600010B50446D0E90303002209492160DA603F
:1054700043685A1E012B426002D103685B6898475B
:105480002046F5F7A1FC20461AF0CCFB204610BDC3
:10549000445D040010B50446C0680C4B23604368AB
:1054A0005A1E012B426002D103685B689847204670
:1054B000074B40F8083B1BF05BFA2046F4F7A4F8D2
:1054C00020461AF0AFFB204610BD00BFD45C04009C
:1054D0001454040010B50446C0680C4B23604368A4
:1054E0005A1E012B426002D103685B689847204630
:1054F000074B40F8083B1BF03BFA2046F4F784F8D2
:1055000020461AF08FFB204610BD00BFF05C04005F
:10551000145F040010B50446D0E9030300220949D2
:105520002160DA601A629A621A6343685A1E012B7C
:10553000426002D103685B6898472046F5F7F6F8A9
:10554000204610BDAC5E040010B50446D0E903034C
:10555000002209492160DA609A611A629A624368FE
:105560005A1E012B426002D103685B6898472046AF
:10557000F4F7AEFF204610BD785E040010B5044677
:10558000D0E90303002209492160DA601A629A62B5
:105590001A6343685A1E012B426002D103685B689C
:1055A00098472046F5F790F8204610BDE05E0400CD
:1055B00010B50446D0E90303002209492160DA60EE
:1055C0009A611A629A6243685A1E012B426002D1A4
:1055D00003685B6898472046F4F7ACFF204610BD8F
:1055E000445E040010B50446D0E9030300220B49D1
:1055F0002160DA601A629A621A6343685A1E012BAC
:10560000426002D103685B6898472046F5F75CF872
:1056100020461AF007FB204610BD00BFE05E0400E4
:1056200010B50446D0E9030300220B492160DA607B
:105630001A629A621A6343685A1E012B426002D1B1
:1056400003685B6898472046F5F770F820461AF023
:10565000E9FA204610BD00BFAC5E040010B5044658
:10566000D0E9030300220B492160DA609A611A62D3
:105670009A6243685A1E012B426002D103685B683C
:1056800098472046F4F724FF20461AF0CBFA20462C
:1056900010BD00BF785E040010B50446D0E90303D6
:1056A00000220B492160DA609A611A629A624368AB
:1056B0005A1E012B426002D103685B68984720465E
:1056C000F4F738FF20461AF0ADFA204610BD00BFAF
:1056D000445E04002DE9F0410B6886B008469B68E3
:1056E00014460D46984784F824002B682846DB684A
:1056F000984784F825002A6800230121126984F85C
:1057000064106846A3606361E36129469047019F86
:10571000781C1AF019FD0646014600233A466846F1
:1057200010F064FB00980023C4E90267F35502AF50
:10573000B84201D01AF076FA2B6868465B692946B0
:105740009847DDF8048008F101001AF0FDFC0646D8
:10575000014600234246684610F048FB00980023AB
:10576000B842C4E9056806F8083001D01AF05AFAC0
:105770002B6868469B6929469847019E701C1AF061
:10578000E3FC0546002368463246294610F02EFB0E
:1057900000980023B842C4E90756AB5501D01AF06F
:1057A00041FA06B0BDE8F081009802AB984201D002
:1057B0001AF038FAF2F7FEFF0098B842F8D1F9E78C
:1057C000FAE700BF2DE9F0430B680D4687B00846A5
:1057D0009B68144698472B686062DB6828469847A8
:1057E0002A68002301211269A06284F82411684606
:1057F000A3606361E36129469047019F781C1AF01A
:10580000A3FC0646014600233A46684610F0EEFA2D
:1058100000980023C4E90267F35502AFB84201D0F3
:105820001AF000FA2B6829465B6968469847DDF84C
:1058300004906FF0604309F101069E424CD2B6001D
:1058400030461AF081FC8046014600234A466846ED
:105850001AF0DCF80098C4F8189046440023B842C7
:10586000C4F8148046F8043C01D01AF0DBF92B6828
:1058700029469B6968469847DDF804806FF06043CD
:1058800008F101059D4224D2AE0030461AF05CFCBE
:10589000054600236846424629461AF0B7F80098A4
:1058A000C4E9075835440023B84245F8043C01D008
:1058B0001AF0B8F907B0BDE8F083009802AB98423F
:1058C00001D01AF0AFF9F2F775FF0098B842F8D19D
:1058D000F9E7F2F72DFCF8E7F2F72AFC10B40846D6
:1058E000DDE90141019111461A4623460468A46886
:1058F000A44610BC604700BF10B40846DDE9014172
:10590000019111461A4623460468A468A44610BCB7
:10591000604700BF70B5086888B01446C5681A466D
:1059200002A80C9BA847A3690BB120469847029E8A
:10593000039D04F10800206016B30F2D019510D8C7
:10594000012D22D1337823720023656043550298DC
:10595000134AA26104AB984201D01AF063F908B06F
:1059600070BD002201A920460FF0DAFF019B2060E4
:10597000A3602A4631461DF0A7FF019D2068E3E79A
:10598000002DE1D00748F2F77BFB002DDCD0F0E7DB
:10599000029804AB984201D01AF044F9F2F70AFFDA
:1059A000714501005453040070B5086888B014466E
:1059B000C5681A4602A80C9BA847A3690BB12046EC
:1059C0009847DDE9026204F10803236092005EB3A8
:1059D00095100C2A019514D8012D0FD0EDB9DDE9F1
:1059E00001200025626043F8225004AB1549A161F3
:1059F000984201D01AF016F908B070BD32681A60EA
:105A0000EDE7002201A9204619F0ACFD019A2060C3
:105A1000012D0346A260E1D1F0E718462A4631463F
:105A200023F03EFD2368DAE70AB90192D7E706487A
:105A3000F2F726FB029804AB984201D01AF0F2F874
:105A4000F2F7B8FE81450100545304002DE9F041FE
:105A50000B6888B008469B6814460D4698476074EA
:105A60002B682846DB689847A0742B6828461B6A79
:105A700098472A68002301211269E06284F84310E4
:105A800002A8A3606361E361636229469047039FB4
:105A9000781C1AF059FB0646014600233A4602A834
:105AA00010F0A4F902980023C4E90267F35504AF8B
:105AB000B84201D01AF0B6F82B6802A85B692946F3
:105AC0009847DDF80C8008F101001AF03DFB06460E
:105AD00001460023424602A810F088F902980023EC
:105AE000B842C4E9056806F8083001D01AF09AF8FF
:105AF0002B6802A89B6929469847DDF80C8008F1BD
:105B000001001AF021FB064601460023424602A886
:105B100010F06CF902980023B842C4E9076806F84F
:105B2000083001D01AF07EF82B6802A8DB692946FC
:105B30009847DDF80C8008F101001AF005FB0646D5
:105B4000002302A84246314610F050F90298002383
:105B5000B842C4E9096806F8083001D01AF062F8C2
:105B60002B6828465B6A984720632B680290019057
:105B70009B6A28469847606308B0BDE8F0810298A8
:105B800004AB984201D01AF04DF8F2F713FE0298D8
:105B9000B842F8D1F9E7FAE7F9E700BF2DE9F0419B
:105BA0000B6888B008469B6814460D469847607499
:105BB0002B682846DB689847A0742B6828461B6A28
:105BC00098472A68002301211269E06284F8431093
:105BD00002A8A3606361E361636229469047039F63
:105BE000781C1AF0B1FA0646014600233A4602A88C
:105BF00010F0FCF802980023C4E90267F35504AFE3
:105C0000B84201D01AF00EF82B6802A85B69294649
:105C10009847DDF80C8008F101001AF095FA064665
:105C200001460023424602A810F0E0F80298002343
:105C3000B842C4E9056806F8083001D019F0F2FF4F
:105C40002B6802A89B6929469847DDF80C8008F16B
:105C500001001AF079FA064601460023424602A8DE
:105C600010F0C4F802980023B842C4E9076806F8A7
:105C7000083001D019F0D6FF2B6802A8DB6929464D
:105C80009847DDF80C8008F101001AF05DFA06462D
:105C9000002302A84246314610F0A8F802980023DB
:105CA000B842C4E9096806F8083001D019F0BAFF13
:105CB0002B6828465B6A984720632B680290019006
:105CC0009B6A28469847606308B0BDE8F081029857
:105CD00004AB984201D019F0A5FFF2F76BFD0298D2
:105CE000B842F8D1F9E7FAE7F9E700BF2DE9F04348
:105CF0000B680D4689B008469B68144698472B6888
:105D00006061DB68284698472B68A0611B6A2846BB
:105D100098472A68002301211269606384F86C1097
:105D200002A8A360E3616362E36229469047039F90
:105D3000781C1AF009FA0646014600233A4602A8E2
:105D400010F054F802980023C4E90267F35504AF39
:105D5000B84201D019F066FF2B6829465B6902A89A
:105D60009847DDF80C906FF0604309F101069E4200
:105D700080F08380B60030461AF0E6F9804601468E
:105D800000234A4602A819F041FE0298C4F8209068
:105D900046440023B842C4F81C8046F8043C01D0B5
:105DA00019F040FF2B6829469B6902A89847DDF847
:105DB0000C906FF0604309F101069E425AD2B60082
:105DC00030461AF0C1F98046014600234A4602A82F
:105DD00019F01CFE0298C4F8289046440023B842EB
:105DE000C4F8248046F8043C01D019F01BFF2B684E
:105DF0002946DB6902A89847DDF80C906FF06043F4
:105E000009F101069E4232D2B60030461AF09CF9E2
:105E10008046002302A84A46414619F0F7FD029841
:105E2000C4F8309046440023B842C4F82C8046F8A9
:105E3000043C01D019F0F6FE2B6828465B6A9847AF
:105E4000A0632B68029001909B6A28469847E06304
:105E500009B0BDE8F083029804AB984201D019F074
:105E6000E1FEF2F7A7FC0298B842F8D1F9E7F2F7A1
:105E70005FF9F8E7F2F75CF9F5E7F2F759F900BFD7
:105E80002DE9F0430B680D4689B008469B6814461F
:105E900098472B686061DB68284698472B68A061AB
:105EA0001B6A284698472A6800230121126960630B
:105EB00084F86C1002A8A360E3616362E362294680
:105EC0009047039F781C1AF03FF9064601460023CD
:105ED0003A4602A80FF08AFF02980023C4E902673D
:105EE000F35504AFB84201D019F09CFE2B68294647
:105EF0005B6902A89847DDF80C906FF0604309F1E8
:105F000001069E4280F08380B60030461AF01CF9EC
:105F10008046014600234A4602A819F077FD029800
:105F2000C4F8209046440023B842C4F81C8046F8C8
:105F3000043C01D019F076FE2B6829469B6902A823
:105F40009847DDF80C906FF0604309F101069E421E
:105F50005AD2B60030461AF0F7F8804601460023C0
:105F60004A4602A819F052FD0298C4F82890464407
:105F70000023B842C4F8248046F8043C01D019F04C
:105F800051FE2B682946DB6902A89847DDF80C9082
:105F90006FF0604309F101069E4232D2B6003046EE
:105FA0001AF0D2F88046002302A84A46414619F06A
:105FB0002DFD0298C4F8309046440023B842C4F83E
:105FC0002C8046F8043C01D019F02CFE2B682846A2
:105FD0005B6A9847A0632B68029001909B6A2846F1
:105FE0009847E06309B0BDE8F083029804AB98429B
:105FF00001D019F017FEF2F7DDFB0298B842F8D194
:10600000F9E7F2F795F8F8E7F2F792F8F5E7F2F723
:106010008FF800BF30B50C4687B0114668461A4469
:1060200002AD0095FEF706FD23680A9A9B68694653
:1060300020469847009BAB42044602D0184619F010
:10604000F1FD204607B030BD0098A84201D019F0FC
:10605000E9FDF2F7AFFB00BF30B50C4687B0114643
:1060600068461A4402AD0095FEF7E4FC23680A9ADC
:106070009B68694620469847009BAB42044602D085
:10608000184619F0CFFD204607B030BD0098A84251
:1060900001D019F0C7FDF2F78DFB00BF2DE9F041EB
:1060A00090B0DDE918060DF110080D4614460146C2
:1060B000821906AF40461E460497FEF7BBFC179BAD
:1060C000CDF8048000932B6829463246DD68169B84
:1060D0000AA8A847A3690BB1204698470A9E0B9DC2
:1060E00004F10800206046B30F2D039516D8012D4A
:1060F00028D1337823720023656043550A981A4AE1
:10610000A2610CAB984201D019F08CFD0498B84202
:1061100001D019F087FD10B0BDE8F081002203A97D
:1061200020460FF0FDFB039B2060A3602A4631460A
:106130001DF0CAFB039D2068DDE7002DDBD00B4876
:10614000F1F79EFF002DD6D0F0E70A980CAB9842ED
:1061500001D019F067FD0498B84201D019F062FD32
:10616000F2F728FBF7E700BF714501005453040024
:106170002DE9F04190B0DDE918060DF110080D464B
:106180001446014600EB8602404606AE1F460496C2
:10619000FEF716FD179BCDF8048000932B68294667
:1061A0003A46DD68169B0AA8A847A3690BB12046AA
:1061B0009847DDE90A7304F1080020609B007FB373
:1061C0009D100C2B03951AD8012D15D015BB039BE0
:1061D0006360002240F823200A981B4AA2610CAB9E
:1061E000984201D019F01EFD0498B04201D019F078
:1061F00019FD10B0BDE8F0813B680360E7E70022BD
:1062000003A9204619F0AEF9039B2060012DA3607D
:10621000DCD1F1E72A46394623F042F92068D6E777
:106220000BB90393D3E70948F1F72AFF0498B0426A
:1062300001D019F0F7FCF2F7BDFA0A980CAB9842BE
:10624000F4D019F0EFFCF1E781450100545304004C
:106250000B6808461B691146184700BF0B680846C3
:106260001B691146184700BF0B6808469B68184712
:106270000B6808469B68184782B030B58BB09446CF
:106280000F939DF85830159A13990492643B044675
:10629000152B79D8DFE803F05E787878787878780D
:1062A00078447878787878782A78780B7878149B9E
:1062B000CDE902130FAB93E8030011AA06AB83E804
:1062C000030092E803000DF1200E8EE80300DCF8D5
:1062D00000500CCB8DE8030061466D692046A8474D
:1062E00020460BB0BDE8304002B07047149BCDE9AA
:1062F00002130FAB93E8030011AA06AB83E8030077
:1063000092E803000DF1200E8EE80300DCF8005047
:106310000CCB8DE803006146ED682046A847DFE717
:10632000149BCDE902130FAB93E8030011AA06AB4F
:1063300083E8030092E803000DF1200E8EE80300CD
:10634000DCF800500CCB8DE803006146AD692046B7
:10635000A847C5E7149BCDE902130FAB93E80300F0
:1063600011AA06AB83E8030092E803000DF1200EAA
:106370008EE80300DCF800500CCB8DE8030061468A
:106380002D692046A847ABE7149BCDE902130FAB5C
:1063900093E8030011AA06AB83E8030092E8030028
:1063A0000DF1200E8EE80300DCF800500CCB8DE8D8
:1063B00003006146ED692046A84791E782B030B5F9
:1063C0008BB094460F939DF85830159A1399049208
:1063D000643B0446152B79D8DFE803F05E787878C3
:1063E0007878787878447878787878782A78780B1C
:1063F0007878149BCDE902130FAB93E8030011AA40
:1064000006AB83E8030092E803000DF1200E8EE84E
:106410000300DCF800500CCB8DE8030061466D6989
:106420002046A84720460BB0BDE8304002B0704778
:10643000149BCDE902130FAB93E8030011AA06AB3E
:1064400083E8030092E803000DF1200E8EE80300BC
:10645000DCF800500CCB8DE803006146ED68204667
:10646000A847DFE7149BCDE902130FAB93E80300C5
:1064700011AA06AB83E8030092E803000DF1200E99
:106480008EE80300DCF800500CCB8DE80300614679
:10649000AD692046A847C5E7149BCDE902130FABB1
:1064A00093E8030011AA06AB83E8030092E8030017
:1064B0000DF1200E8EE80300DCF800500CCB8DE8C7
:1064C000030061462D692046A847ABE7149BCDE940
:1064D00002130FAB93E8030011AA06AB83E8030095
:1064E00092E803000DF1200E8EE80300DCF8005066
:1064F0000CCB8DE803006146ED692046A84791E783
:1065000082B02DE9F04393B004461B93DDE921539B
:106510009DF87C10209E9446FBB1CDE90453CDE953
:1065200002161BAB93E803001DAA0AAB83E8030025
:1065300092E803000DF1300E8EE80300DCF8005005
:106540000CCB8DE803006146AD682046A847204685
:1065500013B0BDE8F04302B0704703960291049572
:106560000CA9DCF8009005911BAE96E803008DF8AD
:1065700038301DAA0D9306AB83E8030092E80300B0
:106580000DF1200E8EE803000CCB8DE803000DF119
:1065900038080AAFD9F80C90CDF8308061463846FB
:1065A000C84797E803002B6886E8030053B196E8D4
:1065B00003000C9B434584E80300C8D0184619F03B
:1065C00031FBC4E7239B9B690BB123989847239B1E
:1065D000DDE90C9503F108001860B9F1000F22D035
:1065E0000F2D0A950DD8012D22D1239A99F800304C
:1065F0001372239B00225D604255239A114B9361D5
:10660000D5E72398394600220FF08AF9239B239A75
:1066100018600A9B93602A4649461DF055F9239B52
:106620000A9D1868E5E7002DE3D00748F1F728FD3B
:10663000002DDED0EFE70C98404501D019F0F2FABA
:10664000F2F7B8F8714501005453040082B02DE907
:10665000F04393B004461B93DDE921539DF87C1071
:10666000209E9446FBB1CDE90453CDE902161BAB45
:1066700093E803001DAA0AAB83E8030092E8030035
:106680000DF1300E8EE80300DCF800500CCB8DE8E5
:1066900003006146AD682046A847204613B0BDE818
:1066A000F04302B07047CDE9036502910CA9DCF814
:1066B000009005911BAE96E803001DAACDE90D33AD
:1066C00006AB83E8030092E803000DF1200E8EE88C
:1066D00003000CCB8DE803000DF138080AAFD9F8A0
:1066E0000C90CDF8308061463846C84797E80300E3
:1066F0002B6886E8030053B10C9D96E803004545DE
:1067000084E80300C9D0284619F08CFAC5E7239B1A
:106710009B690BB123989847239B0C9D03F10800BC
:1067200018600D9B9B0065B34FEAA3090C2BCDF8B5
:10673000289014D8B9F1010F0DD0B9F1000F19D17B
:106740000C9D0A9B239A0021536040F82310239B41
:10675000124A9A61D1E72B6803600C9DF1E72398F8
:106760003946002218F0FEFE239B239A18600A9BEC
:106770009360DFE729464A4622F092FE239B186881
:10678000DEE70BB90A95DCE70548F1F779FC0C98D0
:10679000404501D019F046FAF2F70CF881450100A6
:1067A0005453040082B02DE9F0438FB004461E9E7E
:1067B0009DF864709DF86C801793154646B3B369D5
:1067C000002B3BD0D6E900120DF120090A444846BF
:1067D0000AAE0896FEF72EF91A9BCDE90289CDE99B
:1067E000007317AB93E8030006AB83E803002A6845
:1067F00029462046D5680CCBA8470898B04201D05E
:1068000019F010FA20460FB0BDE8F04302B070470F
:106810000097DDE91C67CDF8088017AA92E803000D
:10682000CDE904671A9A019208AB83E8030028684F
:1068300029460CCB85682046A847E3E70448F1F7D2
:106840001FFC0898B04201D019F0ECF9F1F7B2FF43
:106850000849040082B02DE9F0418EB004461C9E28
:106860009DF85C70159315465EB3B369002B3ED05E
:10687000D6E900120DF1200801EB820240460AAE73
:106880000896FEF79DF9199B0293189BCDF80C8092
:10689000CDE9007315AB93E8030006AB83E8030072
:1068A0002A6829462046D5680CCBA8470898B042EC
:1068B00001D019F0B7F920460EB0BDE8F04102B0A2
:1068C0007047009715AB93E8030008AB83E803001B
:1068D000DDE91A12CDE90412199A29680292189A70
:1068E00001928E680CCB29462046B047E3E7054865
:1068F000F1F7C6FB0898B04201D019F093F9F1F70F
:1069000059FF00BF08490400F8B5B84A0D466FF0BA
:106910000103B749064619F089F9044610B1056824
:106920002846F8BDB34B9D4247D0B34B9D4200F083
:106930008C80B24B9D426AD0B14B9D4200F0918059
:10694000B04B9D4200F09480AF4B9D4200F0978089
:10695000AE4B9D4200F0C380AD4B9D4200F0EF80F6
:10696000AC4B9D4200F0F980AB4B9D425BD0AB4BF2
:106970009D4200F01F81AA4B9D4200F02881A94B47
:106980009D4200F02B81A84B9D4200F08381A74BD4
:106990009D4200F0B181A64B9D4240F0DF81142062
:1069A000F2F74CFB0021054604F044FA7368A14A53
:1069B0002E61013373602A60B2E76820F2F73EFB74
:1069C0009D4B0746C7E90034C7E90244C7E90544BF
:1069D000C7E9074414203C74BC8487F86440F2F78C
:1069E0002DFB964B0360C0E9014721460546F4F7AD
:1069F0008FF97368924A2A600133EE6073602F61E9
:106A00003A4631464FF00000F6F780FA88E70C204E
:106A1000F2F714FB73688B4A05460133C5E901465A
:106A200073602A607CE71020F2F708FB864B002297
:106A3000C0E900320546F2F7FDFD7368834A013371
:106A4000C5E9020673602A606AE71020F2F7F6FAD9
:106A50007F4BC0E900340546F2F7ECFD73687D4AD0
:106A6000EDE70C20F2F7EAFA73687B4A0546D4E7B3
:106A70000C20F2F7E3FA7368784A0546CDE7442024
:106A8000F2F7DCFA764B0746C7E90034C7E902445F
:106A9000C7E90544C7E90744C7E90944C7E90B4406
:106AA00014203C82BC747C6387F84340F2F7C6FA3A
:106AB0006C4B0360C0E90147224621460546F3F7C7
:106AC0006FFC7368684A2A600133EE6073602F615F
:106AD0003A4631464FF00000F6F7E8FB20E7442045
:106AE000F2F7ACFA614B0746C7E90034C7E9024444
:106AF000C7E90544C7E90744C7E90944C7E90B44A6
:106B000014203C82BC747C6387F84340F2F796FA09
:106B1000574B0360C0E90147224621460546F3F77B
:106B20008BFC7368534A2A600133EE6073602F61F7
:106B30003A4631464FF00000F6F78EFCF0E614209E
:106B4000F2F77CFA21460546FDF7FEFC73684A4AD7
:106B50002E61013373602A60E2E64FF49470F2F71D
:106B60006DFA464B04460027C4E90037C4E90277B2
:106B7000C4E90577C4E90777C4E9097714202774C5
:106B800084F82471F2F75AFA3D4B0360C0E90174AE
:106B900039460546F4F74AF973683A4A2A600133E0
:106BA000EE6073602C61224631464FF00000F6F72C
:106BB00049FAB5E60C20F2F741FA7368324A054605
:106BC00000210133C5E9011673602A60A8E60C2094
:106BD000F2F734FA73682D4A0546F1E70C20F2F714
:106BE0002DFA73682A4A0546EAE700BF7049040097
:106BF0006444040098E905008CE9050094E9050067
:106C0000A0E905009CE90500A4E90500A8E9050044
:106C100090E90500D8E90500CCE90500D4E90500B4
:106C2000E0E90500DCE90500E4E90500E8E9050024
:106C3000D0E90500285D04008C45040030540400B0
:106C4000445D04008C5D0400145F0400F05C0400EB
:106C500014540400D45C0400E45D0400145E0400D9
:106C60001045040054540400785E040020450400DC
:106C700088540400445E04000C5D04009C4504003C
:106C8000305F0400685D0400B85D0400FC5D040032
:106C90002C5E04007020F2F7D1F94F4B0446002718
:106CA000C4E90037C4E90277C4E90577C4E9077786
:106CB000C4E90977C4E90B77C4E90D771420277478
:106CC000E76384F86C70F2F7B9F9444B0360C0E9EC
:106CD00001743A4639460546F3F75EFC7368404A4C
:106CE0002A600133EE6073602C61224631464FF01A
:106CF0000000F6F787FC13E67020F2F79FF9394B96
:106D000004460027C4E90037C4E90277C4E90577DF
:106D1000C4E90777C4E90977C4E90B77C4E90D77BB
:106D200014202774E76384F86C70F2F787F92E4B10
:106D30000360C0E901743A4639460546F3F778FC2A
:106D400073682A4A2A600133EE6073602C61224620
:106D500031464FF00000F6F755FDE1E52448F1F724
:106D60008FF9E868F6F7C8F82846F3F7DFFC2846FD
:106D700018F058FFF1F71EFD2846F2F745FCF6E73C
:106D8000E868F6F7B9F82846F4F7A2F8EFE7F3E772
:106D9000F2E7ECE7E868F6F7AFF82846F3F794FC7B
:106DA000E5E7E9E7E868F6F7A7F82846F4F70CF80E
:106DB000DDE7E1E7E868F6F79FF82846F3F7BAFB66
:106DC000D5E7D9E7E868F6F797F82846F3F780FBA8
:106DD000CDE7D1E7D0E7CAE730450400545F0400AF
:106DE000E05E040040450400885F0400AC5E0400DF
:106DF0002449040083685869704700BF8368986914
:106E0000704700BF8368586B704700BF83689B6BF7
:106E10000022D9B261F30702C3F3072161F30F2205
:106E2000C3F3074161F317421B0E63F31F6282B085
:106E3000104602B0704700BF8368DB6B0022D9B2F6
:106E400061F30702C3F3072161F30F22C3F3074184
:106E500061F317421B0E63F31F6282B0104602B04B
:106E6000704700BF83685869704700BF836898699E
:106E7000704700BF8368586B704700BF83689B6B87
:106E80000022D9B261F30702C3F3072161F30F2295
:106E9000C3F3074161F317421B0E63F31F6282B015
:106EA000104602B0704700BF8368DB6B0022D9B286
:106EB00061F30702C3F3072161F30F22C3F3074114
:106EC00061F317421B0E63F31F6282B0104602B0DB
:106ED000704700BF8368586A704700BF8368986A2C
:106EE000704700BF0020704700207047704700BF08
:106EF00091424FF0000006D251F8043B8A4203EB66
:106F00007060F9D87047704710B5034B03600446B2
:106F1000F2F77AFB204610BDD85F040010B5034B92
:106F200003600446F2F770FB204610BDF05F0400DA
:106F300010B5034B03600446F2F766FB204610BD14
:106F40000860040010B5054B03600446F2F75CFBD3
:106F5000204618F067FE204610BD00BFD85F040031
:106F600010B5054B03600446F2F74EFB204618F0BF
:106F700059FE204610BD00BFF05F040010B5054B60
:106F800003600446F2F740FB204618F04BFE204613
:106F900010BD00BF0860040010B5054B044640F862
:106FA000083B19F0E5FC2046F2F72EFB204610BD09
:106FB000BC5F040010B50446FFF7EEFF204618F052
:106FC00031FE204610BD00BF10B5054B044640F809
:106FD000083B19F0CDFC2046F2F716FB204610BD09
:106FE000145F04002DE9F04F8DB01C460DF1080927
:106FF0004FF0000307466846CDF8009018F02CFDCE
:1070000008AA06924FF00003169A214606A818F027
:1070100023FDDDE900A3DDE906460AEB830804EB66
:10702000860604E0A6422AD00AF1040A0434224665
:107030005146384619F06CFE834688B9504622F016
:1070400067F80546204622F063F80AEB850AD0452A
:1070500004EB8004E6D1B6EB040B18BF4FF0FF3B06
:10706000069808AB984201D018F0DCFD009848451E
:1070700001D018F0D7FD58460DB0BDE8F08F4FF0A5
:10708000010BEDE70098484501D018F0CBFDF1F772
:1070900091FB00BF10B5074B044640F8083B19F0C0
:1070A00067FC2046F2F7B0FA204618F0BBFD2046F8
:1070B00010BD00BF145F0400F0B58B689F6800F13D
:1070C000080683B006602FB3044638461EF0F8FA6F
:1070D0000F28054601900CD8012807D13B78237270
:1070E000002320466560735503B0F0BD0028F7D03B
:1070F00008E0002201A920460EF012FC019B20604E
:107100000646A3602A46304639461CF0DDFB019D49
:107110002668E5E70148F0F7B3FF00BF54530400C9
:10712000F0B58B689F6800F1080683B006602FB346
:10713000044638461EF0C4FA0F28054601900CD8C4
:10714000012807D13B7823720023204665607355E0
:1071500003B0F0BD0028F7D008E0002201A92046C6
:107160000EF0DEFB019B20600646A3602A463046F7
:1071700039461CF0A9FB019D2668E5E70148F0F7B8
:107180007FFF00BF54530400F0B58B689F6800F187
:10719000080683B006602FB3044638461EF090FA06
:1071A0000F28054601900CD8012807D13B7823729F
:1071B000002320466560735503B0F0BD0028F7D06A
:1071C00008E0002201A920460EF0AAFB019B2060E6
:1071D0000646A3602A46304639461CF075FB019DE1
:1071E0002668E5E70148F0F74BFF00BF5453040061
:1071F00038B58B685D6A00F108030446036065B129
:10720000284621F085FF4FF0000305EB8002294658
:10721000204618F021FC204638BD204604224FF0BD
:107220000003294618F018FC204638BD38B58B6895
:10723000DD6A00F108030446036065B1284621F0C9
:1072400067FF4FF0000305EB80022946204618F047
:1072500003FC204638BD204604224FF00003294697
:1072600018F0FAFB204638BD38B58B68DD6900F1AF
:1072700008030446036065B1284621F049FF4FF03A
:10728000000305EB80022946204618F0E5FB204666
:1072900038BD204604224FF00003294618F0DCFBDD
:1072A000204638BD38B58B685D6900F10803044697
:1072B000036065B1284621F02BFF4FF0000305EB7A
:1072C00080022946204618F0C7FB204638BD2046DC
:1072D00004224FF00003294618F0BEFB204638BDBB
:1072E00038B58B68DD6900F108030446036065B1B9
:1072F000284621F00DFF4FF0000305EB80022946E0
:10730000204618F0A9FB204638BD204604224FF045
:107310000003294618F0A0FB204638BD38B58B681D
:10732000DD6A00F108030446036065B1284621F0D8
:10733000EFFE4FF0000305EB80022946204618F0CF
:107340008BFB204638BD204604224FF0000329461F
:1073500018F082FB204638BD38B58B68DD6900F136
:1073600008030446036065B1284621F0D1FE4FF0C2
:10737000000305EB80022946204618F06DFB2046ED
:1073800038BD204604224FF00003294618F064FB64
:10739000204638BD38B58B685D6A00F108030446A5
:1073A000036065B1284621F0B3FE4FF0000305EB02
:1073B00080022946204618F04FFB204638BD204663
:1073C00004224FF00003294618F046FB204638BD42
:1073D0002DE9F04F8BB01D4600F1080303600393C5
:1073E0000023C0E90133164606AB04468A460493DF
:1073F0002A464FF00003314604A818F02DFBDDE9C2
:10740000047307EB83030293444BAD1B9D424FEA89
:1074100065067AD8B00018F097FE05466FF0704BFD
:1074200007E003EB8801002243F82820C4F8049009
:107430004A603A4633462946504619F075FC864262
:10744000024612D8461C284618F0EEFB6FF0604347
:107450009E4247D2B00018F077FE3A4601460546F4
:107460003346504619F060FC02466368ABEB0303F9
:107470009A4230D82946204618F09CFA384621F026
:1074800047FE029B07EB8007BB4217D0D4E90038C8
:10749000039A9A4218BFA26808F1010908BF0322A3
:1074A000914507F10407BCD90123009300231A4634
:1074B0004146204618F0A0F82368B2E7284618F0A5
:1074C000B3FB049806AB984201D018F0ABFB204602
:1074D0000BB0BDE8F08F1248F0F7EAFD18F0C2FCDF
:1074E00018F0B4FDF0F724FE18F0FAFC049806AB8F
:1074F000984201D018F096FB2068039B834201D08C
:1075000018F090FBF1F756F9F0E7F0F711FEF3E70A
:1075100018F0A8FC284618F087FBE1E7FCFFFF3FC6
:10752000D45104002DE9F04F9FB00EA981E80C0062
:107530001D462A9B0A9003F16C0B58461446DDE960
:1075400028760FF065FA07909E48F2F709FB2A9B10
:10755000DB6ED3F80CA05AF820808146B8F1000FFA
:1075600000F07A83D8F8283008F14002069223B15F
:10757000D8F83030003B18BF01230D9398F8102045
:10758000002313938DF8503014AB12931AB12021BD
:1075900012A80EF087FA002319938DF86830202185
:1075A0001AAB18A818930EF07DFA0022D8F83C30D8
:1075B0001193CDE90B2208F14403934604920393FF
:1075C00005920892049B11AAD35C042B00F2BE81A1
:1075D000DFE813F0FC003801A8019A0149002846B1
:1075E000A0F1FF39B9FA89F94FEA59190FB1721CA4
:1075F00047D03046A0F1FF30B0FA80F0400948454E
:1076000050D014B1691C00F09380AA4603980A2256
:10761000514621F02FFF002800F09E80069BC01AE3
:10762000694B80101B6813F800A0DDE918391AAA0D
:10763000934218BF1A9A09F1010508BF0F2295421B
:1076400000F29B8103F809A0189B199500225A5556
:107650000BF1010BD4E90232934280F0AE80043387
:10766000A3604FF0FF35002CB9D0681CB7D1D4E926
:107670000232934280F04A831868411C08BF0024FC
:10768000AEE7D7E90232934280F045831868431C85
:10769000A0F1FF30B0FA80F04FEA501008BF002789
:1076A0004845AED14FF00109199B002B08BF4FF0A0
:1076B0000009049B032B00F0E28001330493B9F12D
:1076C000000F7FF47FAF2B9B2B9A1B6843F00403C2
:1076D000136014B1691C00F088822846A0F1FF38BD
:1076E000B8FA88F84FEA581817B1731C00F01883DD
:1076F000A6F1FF36B6FA86F67609464505D12B9BEC
:107700002B9A1B6843F0020313600A9B18981C60B5
:107710005D601AAB984201D018F084FA129814AB4D
:10772000984201D018F07EFA0A981FB0BDE8F08F99
:10773000D4E90232934280F0FA82D3F800A0039891
:10774000BAF1FF3F4FF00A02514608BF002421F072
:1077500091FE00287FF462AFD8F81430534500F052
:10776000168198F81090B9F1000F9BD0D8F8183016
:10777000534599D1059B002B40F0F582BBF1000FDA
:1077800000F0FA82DDE9123914AA934218BF149A64
:1077900009F1010508BF0F2295425FFA8BFB00F249
:1077A000058103F809B0129A1395002353559B469F
:1077B000D4E902329342FFF452AF236820469B6A19
:1077C00098474EE7E4E90500B8C905004FF0010904
:1077D000049B032B53D00CB16B1C27D02846A0F17F
:1077E000FF3ABAFA8AFA4FEA5A1A17B1701C00F037
:1077F000B0803046A0F1FF30B0FA80F0400950452B
:107800003FF457AF14B16A1C00F0AD802A460798C8
:10781000036808219B68984700283FF44AAFD4E9E1
:107820000232934280F090810433A360D4E90232A3
:10783000934280F093821868451C08BF00244FF0E3
:10784000FF35CCE714B16A1C00F0ED812846A0F1A9
:10785000FF39B9FA89F94FEA591917B1711C00F0CB
:10786000EC813346A3F1FF33B3FA83F35B094B4555
:1078700040F0A680049B032B4FF00009ABD1089B7E
:10788000012B40F2BC80B9F1000F3FF41CAF0C9B00
:10789000002B40F0A781D8F8243003934FF0010A61
:1078A00014B1681C00F080812846A0F1FF39B9FAB4
:1078B00089F94FEA591917B1721C00F07F813046DF
:1078C000A0F1FF30B0FA80F040094845089B00F075
:1078D0003C829A4500F0978014B1691C00F07881D1
:1078E0002846039A52F8043F039283427FF4EBAE9A
:1078F000D4E90232934280F0AA810433A3600AF1F2
:10790000010A4FF0FF35CBE7D8F82830002B40F0C4
:107910002581D8F83030002B40F0D6810D9B83F0C4
:107920000109C6E62A9BDB689B0500F1B080089B35
:10793000012B00F2AC80049B002B00F0A880012BEF
:1079400000F05782049B022B00F065824FF0010982
:10795000AFE6D7E90232934280F0FB811868411C00
:1079600008BF002746E7D4E90232934280F0FE8147
:107970001A68531C08BF002449E701230093002321
:107980001A46494618A80EF017F8189B5AE6059BA8
:10799000002B7FF4E6AED8F83430002B7FF782AEB0
:1079A0000123CDF82CB00593834653E601230093C1
:1079B00000231A46494612A80DF0FEFF129BF0E67E
:1079C00014B1681C00F03E822A460798036808211B
:1079D0009B689847814600283FF4FAAED4E902320A
:1079E000934280F0A5820433A360049B032B7FF4B1
:1079F0001DAF089B012B4FF0FF353FF648AFB9F1A3
:107A0000000F3FF460AE199B012B00F249810C9BE3
:107A100023B1189B1B78302B40F0FC80DDF84C9094
:107A2000B9F1000F27D0059B002B40F0EF805FFAE3
:107A30008BF30393129B14AA934218BF149A09F173
:107A4000010A08BF0F22924500F29881039A03F8B9
:107A50000920129BCDF84CA0002103F80A1012AAAD
:107A6000D8E9020119F0C8FA28B92B9B2B9A1B6898
:107A700043F004031360059B23B1D8F834305B4511
:107A80007FF421AE2C9818A90EF0D6F921E6D8F88B
:107A9000203009934FF0000A0CB1681C2BD0284607
:107AA000A0F1FF39B9FA89F94FEA59190FB1721CDF
:107AB0002BD03046A0F1FF30B0FA80F040094845A5
:107AC000099B00F03A819A453FF440AF0CB1681C25
:107AD00025D0D8F81C3053F82A30284683422DD1BF
:107AE000D4E90232934234D20433A3600AF1010A8A
:107AF0004FF0FF35D0E7D4E90232934280F0D881CD
:107B00001868411C08BF0024CAE7D7E90232934233
:107B100080F0D3811868431C08BF0027CAE7D4E966
:107B20000232934280F0CE811868D8F81C3053F8A6
:107B30002A30411C08BF00248342D1D0BAF1000F83
:107B40005DD04FF00009B4E5236820469B6A984752
:107B50006CE6236820469B6A9847C7E714B16A1C05
:107B600000F067812846A0F1FF39B9FA89F94FEA98
:107B7000591917B1711C00F06E813346A3F1FF3320
:107B8000B3FA83F35B094B4540F00281D8F83030FB
:107B9000002B40F09980D8F82830002B3FF4BEAE7F
:107BA00001230C93994684E5D4E90232934280F094
:107BB00093811868411C08BF002476E6D7E9023299
:107BC000934280F084811868431C08BF002777E641
:107BD000D4E90232934280F084811868421C08BFC5
:107BE00000247EE6D8F82C3057E6D4E902329342DE
:107BF00080F085811868421C08BF00246EE52A9B2E
:107C0000DB6883F40073C3F3402952E59DF82C3000
:107C100003930FE72D23002200931146012318A898
:107C20000DF086FFFAE6D4E90232934280F07581C6
:107C30001868431C08BF002409E6D7E902329342C2
:107C400080F070811B685A1C08BF00270AE6236871
:107C500020469B6A984752E67020F1F7EFF900231F
:107C6000C0E90133C0E90533C0E90733C0E909338E
:107C7000C0E90B33C0E90D33C3600374C36380F8FC
:107C80006C30A14B0360594680460FF085FB2A9B60
:107C90004146D86E4A46F1F7E9FE5AF8298061E478
:107CA0000022302118A80EF05BF900283FF4AFAE97
:107CB000431C199A00F01A81824228BF0246002113
:107CC00018A80DF0CFFEA2E614B16A1C00F0D58012
:107CD0002846A0F1FF39B9FA89F94FEA591917B1C5
:107CE000701C00F0C1803346A3F1FF33B3FA83F375
:107CF0005B094B4563D1D8F82830002B3FF40EAE1A
:107D0000D8F83030002B7FF409AE49E723682046CD
:107D10005B6A9847B1E43B6838465B6A9847B6E4CB
:107D2000D7E90232934280F0F1801E68E0E42368D4
:107D300020465B6A9847824601E59A453FF406AEC5
:107D4000BAF1000F7FF4FDAE59E79A457FF4BBAC62
:107D500059E63B6838465B6A984700E62368204648
:107D60005B6A984768E5DDF814909DE42368204637
:107D70005B6A98470246FCE5D94695E401230093E7
:107D800000231A46494612A80DF016FE129B5DE626
:107D90000CB1681C7AD02846D8F824201268824298
:107DA0007FF4F4AED4E90232D8F828100891934257
:107DB00080F0DF800433A3604FF0FF35C6E50CB1DF
:107DC0006A1C6CD02846D8F82C201268824292D1C6
:107DD000D4E90232D8F830100891934280F0D38071
:107DE0000433A3604FF001094FF0FF35CDF8309018
:107DF0005FE40D9B002B7FF44AAE9DF84430032BCB
:107E00003FF445AE9DF84630012B3FF440AE0223CF
:107E10000493FFF7D7BB9DF84730042B3FF437AEF0
:107E20000D9A12B1032B3FF432AE03230493FFF7F4
:107E3000C9BBD4E9023293427FD21868431C08BF01
:107E4000002490E6D4E9023293427BD21A68511C96
:107E500008BF0024B9E5D7E9023293427DD21B68FE
:107E60005A1C08BF002789E6D7E9023293427AD22A
:107E70001B68591C08BF002736E7D4E90232934239
:107E800066D21868431C08BF002422E7D4E90232F6
:107E900093427DD21868411C08BF00247CE7D4E9D6
:107EA000023293426AD21868431C08BF00248AE752
:107EB000236820465B6A984723E63B6838465B6A3E
:107EC000984728E6236820465B6A98472DE63B687A
:107ED00038465B6A984777E6236820465B6A98478E
:107EE00068E6236820465B6A984777E6501E1AB119
:107EF00000283FF48CADDFE6189B1A7087E52368F5
:107F000020465B6A984776E6304504003B68384671
:107F10005B6A98470646FFF7EBBB236820465B6A1F
:107F2000984786E63B6838465B6A984703468AE688
:107F3000236820469B6A984757E5236820465B6A7A
:107F400098477BE7236820465B6A984702467EE7AE
:107F5000236820465B6A984794E73B6838465B6A2B
:107F6000984703467CE73B6838465B6A9847034678
:107F70007FE7236820469B6A98471DE723682046D1
:107F80005B6A984790E7236820469B6A984729E7F1
:107F9000236820465B6A98477DE718981AAB984299
:107FA00001D017F03FFE129814AB984201D017F0A1
:107FB00039FEF0F7FFFBF6E717F054FFD8F8003072
:107FC00040465B68984718F041F817F04BFFFAE716
:107FD00017F086FFF0F7EEFB2DE9F04F9FB00EA9EA
:107FE00081E80C001D462A9B0A9003F16C0B584651
:107FF0001446DDE928760EF00BFD07909E48F1F758
:10800000AFFD2A9BDB6ED3F80CA05AF82080814686
:10801000B8F1000F00F07A83D8F8283008F1400258
:10802000069223B1D8F83030003B18BF01230D93DE
:1080300098F81020002313938DF8503014AB12934E
:108040001AB1202112A80DF02DFD002319938DF8EF
:10805000683020211AAB18A818930DF023FD0022D8
:10806000D8F83C301193CDE90B2208F14403934634
:108070000492039305920892049B11AAD35C042BEB
:1080800000F2BE81DFE813F0FC003801A8019A017C
:1080900049002846A0F1FF39B9FA89F94FEA591980
:1080A0000FB1721C47D03046A0F1FF30B0FA80F01B
:1080B0004009484550D014B1691C00F09380AA468D
:1080C00003980A22514621F0D5F9002800F09E803D
:1080D000069BC01A694B80101B6813F800A0DDE9ED
:1080E00018391AAA934218BF1A9A09F1010508BF54
:1080F0000F22954200F29B8103F809A0189B199565
:1081000000225A550BF1010BD4E90232934280F060
:10811000AE800433A3604FF0FF35002CB9D0681C4B
:10812000B7D1D4E90232934280F04A831868411CE7
:1081300008BF0024AEE7D7E90232934280F04583BE
:108140001868431CA0F1FF30B0FA80F04FEA5010DD
:1081500008BF00274845AED14FF00109199B002BFD
:1081600008BF4FF00009049B032B00F0E2800133AD
:108170000493B9F1000F7FF47FAF2B9B2B9A1B6800
:1081800043F00403136014B1691C00F08882284690
:10819000A0F1FF38B8FA88F84FEA581817B1731CE5
:1081A00000F01883A6F1FF36B6FA86F67609464542
:1081B00005D12B9B2B9A1B6843F0020313600A9B8B
:1081C00018981C605D601AAB984201D017F02AFD28
:1081D000129814AB984201D017F024FD0A981FB0F2
:1081E000BDE8F08FD4E90232934280F0FA82D3F8EE
:1081F00000A00398BAF1FF3F4FF00A02514608BFB2
:10820000002421F037F900287FF462AFD8F8143049
:10821000534500F0168198F81090B9F1000F9BD0EB
:10822000D8F81830534599D1059B002B40F0F582C2
:10823000BBF1000F00F0FA82DDE9123914AA934273
:1082400018BF149A09F1010508BF0F2295425FFA81
:108250008BFB00F2058103F809B0129A13950023F5
:1082600053559B46D4E902329342FFF452AF236840
:1082700020469B6A98474EE7E8E90500B8C9050023
:108280004FF00109049B032B53D00CB16B1C27D07A
:108290002846A0F1FF3ABAFA8AFA4FEA5A1A17B1F9
:1082A000701C00F0B0803046A0F1FF30B0FA80F0D2
:1082B000400950453FF457AF14B16A1C00F0AD803F
:1082C0002A460798036808219B68984700283FF4CE
:1082D0004AAFD4E90232934280F090810433A36024
:1082E000D4E90232934280F093821868451C08BF9B
:1082F00000244FF0FF35CCE714B16A1C00F0ED818B
:108300002846A0F1FF39B9FA89F94FEA591917B18E
:10831000711C00F0EC813346A3F1FF33B3FA83F311
:108320005B094B4540F0A680049B032B4FF00009EE
:10833000ABD1089B012B40F2BC80B9F1000F3FF498
:108340001CAF0C9B002B40F0A781D8F8243003937E
:108350004FF0010A14B1681C00F080812846A0F19A
:10836000FF39B9FA89F94FEA591917B1721C00F0AF
:108370007F813046A0F1FF30B0FA80F040094845D7
:10838000089B00F03C829A4500F0978014B1691C6C
:1083900000F078812846039A52F8043F0392834202
:1083A0007FF4EBAED4E90232934280F0AA81043329
:1083B000A3600AF1010A4FF0FF35CBE7D8F8283067
:1083C000002B40F02581D8F83030002B40F0D681CA
:1083D0000D9B83F00109C6E62A9BDB689B0500F133
:1083E000B080089B012B00F2AC80049B002B00F0B6
:1083F000A880012B00F05782049B022B00F06582BD
:108400004FF00109AFE6D7E90232934280F0FB81D9
:108410001868411C08BF002746E7D4E9023293429E
:1084200080F0FE811A68531C08BF002449E701232D
:10843000009300231A46494618A80DF0BDFA189B70
:108440005AE6059B002B7FF4E6AED8F83430002BBB
:108450007FF782AE0123CDF82CB00593834653E617
:108460000123009300231A46494612A80DF0A4FAEE
:10847000129BF0E614B1681C00F03E822A46079871
:10848000036808219B689847814600283FF4FAAEAC
:10849000D4E90232934280F0A5820433A360049BA6
:1084A000032B7FF41DAF089B012B4FF0FF353FF6E8
:1084B00048AFB9F1000F3FF460AE199B012B00F2F9
:1084C00049810C9B23B1189B1B78302B40F0FC801A
:1084D000DDF84C90B9F1000F27D0059B002B40F040
:1084E000EF805FFA8BF30393129B14AA934218BF99
:1084F000149A09F1010A08BF0F22924500F29881EF
:10850000039A03F80920129BCDF84CA0002103F830
:108510000A1012AAD8E9020118F06EFD28B92B9BA7
:108520002B9A1B6843F004031360059B23B1D8F812
:1085300034305B457FF421AE2C9818A90DF07CFCFB
:1085400021E6D8F8203009934FF0000A0CB1681CDE
:108550002BD02846A0F1FF39B9FA89F94FEA591909
:108560000FB1721C2BD03046A0F1FF30B0FA80F072
:1085700040094845099B00F03A819A453FF440AFD5
:108580000CB1681C25D0D8F81C3053F82A30284686
:1085900083422DD1D4E90232934234D20433A36012
:1085A0000AF1010A4FF0FF35D0E7D4E902329342D5
:1085B00080F0D8811868411C08BF0024CAE7D7E9B9
:1085C0000232934280F0D3811868431C08BF002711
:1085D000CAE7D4E90232934280F0CE811868D8F815
:1085E0001C3053F82A30411C08BF00248342D1D0EC
:1085F000BAF1000F5DD04FF00009B4E523682046C2
:108600009B6A98476CE6236820469B6A9847C7E7B1
:1086100014B16A1C00F067812846A0F1FF39B9FA4D
:1086200089F94FEA591917B1711C00F06E81334670
:10863000A3F1FF33B3FA83F35B094B4540F00281AA
:10864000D8F83030002B40F09980D8F82830002B33
:108650003FF4BEAE01230C93994684E5D4E902327F
:10866000934280F093811868411C08BF002476E68D
:10867000D7E90232934280F084811868431C08BF16
:10868000002777E6D4E90232934280F084811868AB
:10869000421C08BF00247EE6D8F82C3057E6D4E907
:1086A0000232934280F085811868421C08BF002482
:1086B0006EE52A9BDB6883F40073C3F3402952E51F
:1086C0009DF82C3003930FE72D23002200931146D1
:1086D000012318A80DF02CFAFAE6D4E902329342ED
:1086E00080F075811868431C08BF002409E6D7E9AB
:1086F0000232934280F070811B685A1C08BF002729
:108700000AE6236820469B6A984752E67020F0F7F5
:1087100095FC0023C0E90133C0E90533C0E9073304
:10872000C0E90933C0E90B33C0E90D33C3600374FA
:10873000C36380F86C30A14B0360594680460FF04C
:1087400057F82A9B4146D86E4A46F1F78FF95AF8F6
:10875000298061E40022302118A80DF001FC0028D6
:108760003FF4AFAE431C199A00F01A81824228BF31
:108770000246002118A80DF075F9A2E614B16A1C92
:1087800000F0D5802846A0F1FF39B9FA89F94FEAFF
:10879000591917B1701C00F0C1803346A3F1FF33A3
:1087A000B3FA83F35B094B4563D1D8F82830002B2B
:1087B0003FF40EAED8F83030002B7FF409AE49E715
:1087C000236820465B6A9847B1E43B6838465B6A99
:1087D0009847B6E4D7E90232934280F0F1801E68F0
:1087E000E0E4236820465B6A9847824601E59A45A3
:1087F0003FF406AEBAF1000F7FF4FDAE59E79A459B
:108800007FF4BBAC59E63B6838465B6A984700E6A4
:10881000236820465B6A984768E5DDF814909DE47C
:10882000236820465B6A98470246FCE5D94695E4F2
:108830000123009300231A46494612A80DF0BCF804
:10884000129B5DE60CB1681C7AD02846D8F824202B
:10885000126882427FF4F4AED4E90232D8F82810CC
:108860000891934280F0DF800433A3604FF0FF351E
:10887000C6E50CB16A1C6CD02846D8F82C201268CA
:10888000824292D1D4E90232D8F830100891934252
:1088900080F0D3800433A3604FF001094FF0FF351F
:1088A000CDF830905FE40D9B002B7FF44AAE9DF82D
:1088B0004430032B3FF445AE9DF84630012B3FF486
:1088C00040AE02230493FFF7D7BB9DF84730042B3B
:1088D0003FF437AE0D9A12B1032B3FF432AE0323AF
:1088E0000493FFF7C9BBD4E9023293427FD21868E0
:1088F000431C08BF002490E6D4E9023293427BD2A5
:108900001A68511C08BF0024B9E5D7E90232934226
:108910007DD21B685A1C08BF002789E6D7E90232BE
:1089200093427AD21B68591C08BF002736E7D4E966
:108930000232934266D21868431C08BF002422E723
:10894000D4E9023293427DD21868411C08BF00244A
:108950007CE7D4E9023293426AD21868431C08BF0C
:1089600000248AE7236820465B6A984723E63B6831
:1089700038465B6A984728E6236820465B6A984732
:108980002DE63B6838465B6A984777E623682046C1
:108990005B6A984768E6236820465B6A984777E6F3
:1089A000501E1AB100283FF48CADDFE6189B1A70F8
:1089B00087E5236820465B6A984776E640450400D1
:1089C0003B6838465B6A98470646FFF7EBBB23686F
:1089D00020465B6A984786E63B6838465B6A98475C
:1089E00003468AE6236820469B6A984757E5236832
:1089F00020465B6A98477BE7236820465B6A984776
:108A000002467EE7236820465B6A984794E73B6806
:108A100038465B6A984703467CE73B6838465B6AA2
:108A2000984703467FE7236820469B6A98471DE7DF
:108A3000236820465B6A984790E7236820469B6A34
:108A4000984729E7236820465B6A98477DE718988E
:108A50001AAB984201D017F0E5F8129814AB98427F
:108A600001D017F0DFF8EFF7A5FEF6E717F0FAF9F7
:108A7000D8F8003040465B68984717F0E7FA17F0DF
:108A8000F1F9FAE717F02CFAEFF794FE2DE9F0412F
:108A900092B008AC84E80C0000220D928DF83820CA
:108AA0000CAADDF8708004929DF868601B9A0EAFE6
:108AB000CDE9022805460B460C973EB318AA92E86A
:108AC00003008DE8030006AE1946304694E80C001A
:108AD000FEF728FD96E803000C9E84E80300F0F7FB
:108AE000A9FD1D990B900BAB3046424617F0D0FE06
:108AF00094E803000C9BBB4285E8030002D01846B3
:108B000017F090F8284612B0BDE8F08118AA92E854
:108B100003008DE8030006AE1946304694E80C00C9
:108B2000FFF75AFAD6E70C98B84201D017F07AF856
:108B3000EFF740FE2DE9F04B90B008AC1B9E9DF87E
:108B400068B0054606F16C0084E80C000F460DF095
:108B50005FFF00230B938DF830300AAB04931C9B0E
:108B6000CDE9026318AB804693E803008DE803006B
:108B70000DF1300906AE94E80C00CDF82890394686
:108B80003046BBF1000F15D0FEF7CCFC96E8030091
:108B90000B9E84E80300B6B994E803000A9B4B459A
:108BA00085E8030002D0184617F03CF8284610B0BC
:108BB000BDE8F08BFFF710FA96E803000B9E84E8FF
:108BC0000300002EE8D01D980022314616F006FE64
:108BD000D8F800300A998A19DE6A1D9B40461B6846
:108BE000B047D9E70A98484501D017F01BF8EFF7CE
:108BF000E1FD00BF2DE9F04F9DB00AA9269FDDF8E9
:108C0000A08007F16C0A8346504681E80C000DF005
:108C1000FFFE0546A048F0F7A3FFFB6ED3F80C90CB
:108C200059F82040002C00F06A81D8F80060236CCD
:108C300032689A421DD0A26B0D92D8F80430626A55
:108C4000D4F828A003922A68284606EB83035569C6
:108C500004213246A847851BAD1016D10AAB93E814
:108C6000030000238BE803005846BB601DB0BDE83D
:108C7000F08FE26BD8F804300D92E26AD4F830A09D
:108C80000392002BDFD00436DDE70023CDE911335A
:108C9000690012AB10A8109316F006FD636BA5EBEC
:108CA0000308B8F1000F26DDE16838EA230828BF81
:108CB000A846002900F04D810021119A00914FEA49
:108CC000480310A816F034FD06EB8800D4E902230F
:108CD000A1690190009610980FF0AEF91099119BC0
:108CE000411AB3EBA10F4FEAA102C0F0708100233B
:108CF00011920360636B002B00F3D280FB68119D1F
:108D000003F0B00204929A0548BF236A554448BF55
:108D1000ED180DF160090023690016A8CDE917339D
:108D2000CDF8589016F0C0FC049BD7F80880102BA3
:108D300000F0098100230593A8EB050306930DAD10
:108D40000EAE15F8013B042B09D8DFE803F084438D
:108D5000765F0300DDE9101216A816F02BFEB5426F
:108D6000EFD1BAF1010F00F282801799884540F2E5
:108D70009180049B202B279B009300F0B980002258
:108D8000A8EB010316A8114616F0D2FC9DF82C5052
:108D9000169B0A9C4DB91946236842461B6B204618
:108DA00098478045169B18BF01250E948DF83C50BE
:108DB00096E803004B450A908DF82C1002D0184617
:108DC00016F030FF109812AB98423FF447AF16F000
:108DD00029FF43E7059B002B40D1179A169B089269
:108DE000013207924B4518BF189A079908BF032212
:108DF000914200F2DC80089A279943F8221003EB95
:108E00008203079A179200225A60A8E7BAF1000F6E
:108E1000A5D0179A169B03990892013207924B45E9
:108E2000096818BF189A0991079908BF032291424F
:108E300000F2A980DDE90821DFE7FB689B058ED5FC
:108E4000179A6FF070439B1AD4E907129A4283D99C
:108E50001248EFF72DF9059B002B80D0279B00933C
:108E60001799069B002216A816F062FC77E7179860
:108E700003996FF070430AF1FF321B1A9A4201F115
:108E8000040100F2A18016A816F094FD17998845F8
:108E90003FF66FAF884679E7E4E90500D451040056
:108EA000DDE910396269049209F10102059212AA02
:108EB000934214BF129A032209F1010191426CD826
:108EC000049A43F82920059A119203EB89030022A2
:108ED00090455A6046DB119A6FF070439B1A626BA3
:108EE0009A4206EB88016CD810A816F063FD05E7DE
:108EF00016A8A8EB0103002216F01AFC46E7064666
:108F00007020F0F79BF80023C0E90133C0E9053376
:108F1000C0E90733C0E90933C0E90B33C0E90D33B9
:108F2000C3600374C36380F86C303B4B03605146ED
:108F300004460EF031FA2146F86E3246F0F796FDFF
:108F400059F8264071E6A84594BF002301230593F4
:108F5000F2E6119ACDF80080334610A816F054FCC2
:108F6000636BC8E6616C0091C8F10003119910A809
:108F700016F0DEFB119A6FF070439B1A9D422AD8BF
:108F80002A463146B0E701230093002308991A4688
:108F900016A816F031FB169B4CE701230093002323
:108FA0001A46494610A816F027FB109B88E70123B4
:108FB0000093002308991A4616A816F01DFB169B6D
:108FC00019E71648EFF774F81448EFF771F81449E9
:108FD000144802F0FDF81148EFF76AF81698484572
:108FE00001D016F01FFE109812AB984201D016F077
:108FF00019FEEFF7DFFBF6E716F034FF2368204693
:109000005B68984717F022F816F02CFFFAE716F085
:1090100067FFEFF7CFFB00BF30450400D4510400D9
:1090200084530400385104002DE9F04F9DB00AA983
:10903000269FDDF8A08007F16C0A8346504681E840
:109040000C000DF0E5FC0546A048F0F789FDFB6E2D
:10905000D3F80C9059F82040002C00F06A81D8F821
:109060000060236C32689A421DD0A26B0D92D8F832
:109070000430626AD4F828A003922A68284606EBD6
:109080008303556904213246A847851BAD1016D1CC
:109090000AAB93E8030000238BE803005846BB604B
:1090A0001DB0BDE8F08FE26BD8F804300D92E26A93
:1090B000D4F830A00392002BDFD00436DDE7002384
:1090C000CDE91133690012AB10A8109316F0ECFA39
:1090D000636BA5EB0308B8F1000F26DDE16838EA01
:1090E000230828BFA846002900F04D810021119ACD
:1090F00000914FEA480310A816F01AFB06EB88000F
:10910000D4E90223A1690190009610980EF094FF13
:109110001099119B411AB3EBA10F4FEAA102C0F0C5
:109120007081002311920360636B002B00F3D280E7
:10913000FB68119D03F0B00204929A0548BF236AB0
:10914000554448BFED180DF160090023690016A8C9
:10915000CDE91733CDF8589016F0A6FA049BD7F84E
:109160000880102B00F0098100230593A8EB05036C
:1091700006930DAD0EAE15F8013B042B09D8DFE8C0
:1091800003F08443765F0300DDE9101216A816F0A1
:1091900011FCB542EFD1BAF1010F00F282801799AC
:1091A000884540F29180049B202B279B009300F080
:1091B000B9800022A8EB010316A8114616F0B8FAF0
:1091C0009DF82C50169B0A9C4DB9194623684246BF
:1091D0001B6B204698478045169B18BF01250E94AF
:1091E0008DF83C5096E803004B450A908DF82C1002
:1091F00002D0184616F016FD109812AB98423FF4B4
:1092000047AF16F00FFD43E7059B002B40D1179A9F
:10921000169B0892013207924B4518BF189A07997E
:1092200008BF0322914200F2DC80089A279943F894
:10923000221003EB8203079A179200225A60A8E7D4
:10924000BAF1000FA5D0179A169B03990892013224
:1092500007924B45096818BF189A0991079908BFEA
:109260000322914200F2A980DDE90821DFE7FB68D3
:109270009B058ED5179A6FF070439B1AD4E907129D
:109280009A4283D91248EEF713FF059B002B80D03A
:10929000279B00931799069B002216A816F048FA00
:1092A00077E7179803996FF070430AF1FF321B1AA2
:1092B0009A4201F1040100F2A18016A816F07AFB8F
:1092C000179988453FF66FAF884679E7E8E90500CA
:1092D000D4510400DDE910396269049209F10102F8
:1092E000059212AA934214BF129A032209F10101B6
:1092F00091426CD8049A43F82920059A119203EB05
:109300008903002290455A6046DB119A6FF0704342
:109310009B1A626B9A4206EB88016CD810A816F073
:1093200049FB05E716A8A8EB0103002216F000FA96
:1093300046E706467020EFF781FE0023C0E90133BF
:10934000C0E90533C0E90733C0E90933C0E90B338D
:10935000C0E90D33C3600374C36380F86C303B4BCA
:109360000360514604460EF043FA2146F86E324639
:10937000F0F77CFB59F8264071E6A84594BF00231E
:1093800001230593F2E6119ACDF80080334610A828
:1093900016F03AFA636BC8E6616C0091C8F10003FD
:1093A000119910A816F0C4F9119A6FF070439B1A26
:1093B0009D422AD82A463146B0E701230093002374
:1093C00008991A4616A816F017F9169B4CE70123C0
:1093D000009300231A46494610A816F00DF9109B79
:1093E00088E701230093002308991A4616A816F06F
:1093F00003F9169B19E71648EEF75AFE1448EEF7E4
:1094000057FE1449144801F0E3FE1148EEF750FEF0
:109410001698484501D016F005FC109812AB9842FA
:1094200001D016F0FFFBEFF7C5F9F6E716F01AFDCD
:10943000236820465B68984716F008FE16F012FD78
:10944000FAE716F04DFDEFF7B5F900BF404504000F
:10945000D451040084530400385104002DE9F04F26
:1094600091B004AF07F1080A8AE80C0097F8583069
:109470003B60FB6D7960054603F16C0107F1140058
:10948000F0F7CAF807F114000DF0C2FA90B00646E2
:109490000DF11008F0F7CEF8D7E91A3407F11809E2
:1094A000CDE902340023B86100934022324B41469B
:1094B0004846F7F747F83F28044618DD00F108034F
:1094C00023F00703ADEB030D01340DF11008F0F7A5
:1094D000B1F8D7E91A23CDE902230023B86100933C
:1094E0002246254B41464846F7F72CF8044607F13B
:1094F000200B002221464846C7F818B016F058F84D
:10950000336808EB04024146DC6ABB693046A04779
:109510003B68CDF80890BBB13B6E0193FB6D0093A7
:109520009AE80C0079682846FFF764FBB86958454B
:1095300001D016F077FB07F11400F0F7F9F8284690
:109540003437BD46BDE8F08F3B6E0193FB6D009351
:109550009AE80C0079682846FFF766FDE6E707F110
:109560001400F0F7E5F8EFF725F9B8695845F6D09B
:1095700016F058FBF3E700BF9853040030B587B0EE
:109580000DF1100C9DF828508CE80C000446DDE924
:109590000B3255B10D9D0093CDE901259CE80C00DF
:1095A000FFF728FB204607B030BD0D9D0093CDE9A5
:1095B00001259CE80C00FFF737FD204607B030BDC1
:1095C0002DE9F04F85B004A901E90C00149ADDF8EB
:1095D00038A0034602F16C000093DDE902470DF06C
:1095E00017FA139B022B814600F08880042B0CBFD6
:1095F0004FF47A7601260025DDF83CB0A8460CB180
:109600007B1C41D03B46A3F1FF33B3FA83F35B09E4
:10961000BAF1000F02D0BBF1FF3F3ED05846A0F197
:10962000FF30B0FA80F040099842139B4DD0984526
:1096300061D00CB17A1C3AD03946D9F800302A22D0
:109640001B6B484698473038C3B2092B3FD805EB0F
:109650008505129A00EB450505FB06F3934236DCBF
:10966000119A3344934232DD2F4BA3FB0636D4E9E3
:10967000023293424FEAD60622D20433A36008F1A5
:1096800001084FF0FF37BAE7D4E9023293423FD2E4
:109690001B68581C08BF0024B5E7DAE902218A429A
:1096A0002ED21068411C08BF4FF0000AB7E7D4E97A
:1096B0000232934232D219684B1C08BF0024BCE727
:1096C000236820469B6A9847D9E7984513D0139B97
:1096D000042B0CD0159B159A1B6843F004031360F0
:1096E000009B1846C3E9004705B0BDE8F08FB8F10C
:1096F000020FEFD1643D109B1D60F1E70A267AE767
:10970000DAF800200193526A50469047019BC9E75E
:10971000236820465B6A98470346BAE723682046D9
:109720005B6A98470146C7E7CDCCCCCCF0B591B089
:109730000CAC84E80C00189A06920B4642F20F72A9
:109740000421CDE904210EAA029216AA054692E848
:1097500003008DE803001946002303930F930FAB1A
:109760000AAE079394E80C003046199FFFF728FFD4
:1097700096E803000F9B84E80300024643BB0E9B60
:109780001A99002BB4BF6433A3F26C734B610D9E26
:109790000AB1731C27D0DDE91603A6F1FF36B6FA2D
:1097A00086F6760908B1591C17D0A3F1FF33B3FA36
:1097B00083F35B09B34203D13B6843F002033B6090
:1097C0000C9294E8030085E80300284611B0F0BD30
:1097D0003B6843F004033B60D9E7D0E902318B4298
:1097E0000AD21B68E1E7D2E902318B420BD21E6834
:1097F000701C08BF0022CEE7036809925B6A984795
:10980000099A0346D1E71368099210465B6A9847A4
:10981000099A0646ECE700BF2DE9F04F89B000AF8A
:1098200007F1200101E90C00FA6DFC69D7F85480BA
:10983000D7F818B03C6103467B6002F16C00BB6C4A
:10984000BB600DF0E5F8BB6D9B00073323F0070309
:10985000ADEB030D81466D46BBF1000F02D0013424
:1098600000F048813C69FB6CFB60A4F1FF341A46B0
:10987000BB68B4FA84F464091BB11346013300F0E9
:109880004381FB68A3F1FF33B3FA83F35B09A3427F
:109890000FD13B6E3A6E1B6843F0040313607B6884
:1098A0003A69C3F800B0184624375A60BD46BDE88F
:1098B000F08FBBF1000F03D03B69013300F03C8116
:1098C0003A69BB6D002BE4D00026A8F1040AC7F862
:1098D00014B0C7F85480D7F858B03446904608E022
:1098E000D9F800309B699847404508D00136B34508
:1098F0000CD05AF8043F196841454846F0D145F864
:1099000024600136B34504F10104F2D10023012C97
:10991000D7F814B0D7F854807B616CD9AA46DAF82E
:1099200000303B6158F823001FF0F2FB5646814699
:10993000012556F8043F58F823001FF0E9FB0135D4
:10994000814528BF8146A542F3D3DBE90203984253
:1099500080F0CA800430CBF808007B6901334B45A6
:109960007B6180F0B680DBE902318B4280F0DE80E3
:109970001868BB68013006BF4FF0000B01260026B7
:109980001BB1FB68013300F09080FB68A3F1FF334B
:10999000B3FA83F35B09B34200F09B807B69002636
:1099A0004FEA83095A463B6915E0D2E9021399420E
:1099B00080F093800868431C08BF0022854217BFCF
:1099C00004F1FF3401365AF824304AF82630B44204
:1099D0000AD95AF8263058F8233053F80950002A8B
:1099E000E3D14FF0FF30E9E7012C934697D84FF0D1
:1099F000FF3355463B61012C7FF44BAFDBE902316D
:109A00008B4280F0E3800433CBF808302C687B690C
:109A100058F8246030465D1C1FF07AFB8542804672
:109A20003BD27B6906EB830A5E46D7E902B9D6E9E9
:109A300002239A4280F0BE801068013006BF0026E3
:109A400001220022BBF1000F03D0B9F1FF3F00F06B
:109A500091804B46A3F1FF33B3FA83F35B09934242
:109A600000F09A805AF8043F002E00F08D80D6E96D
:109A70000212914280F0A3800868421C08BF0026B1
:109A8000834240F08980D6E9023293427FD2043388
:109A9000B36001354545CAD3B346A84519D13B6DDE
:109AA0001C604FF0FF333B61F9E6BB68D3E902135A
:109AB000994235D20B685A1CA3F1FF33B3FA83F3F2
:109AC0004FEA5313BA6808BF0022B342BA607FF46A
:109AD00065AF4FF0FF333B61DBE613683A61104638
:109AE0005B6A98473A6966E7DBF8003058469B6A3C
:109AF000984732E7DBE902318B422DD21C68661CA5
:109B000008BF4FF0000BAEE6BB68D3E902139942E1
:109B10001CD20B68BA68581C08BF0022BA60B1E6B4
:109B2000B86803685B6A98470346C4E7DBF800300F
:109B300058465B6A98471CE7DBE902318B4212D238
:109B40001A68511C08BF4FF0000BBAE6B8680368EA
:109B50005B6A98470346DDE7DBF8003058465B6AEE
:109B600098470446CBE7DBF8003058465B6A9847D5
:109B70000246E6E7DBE90213994212D20B68591C50
:109B800008BF4FF0000B65E74FF0FF3078E7336810
:109B900030469B6A98477CE74FF0FF33B3463B6102
:109BA00077E6DBF800307A615B6A584698477A6955
:109BB0000346E4E7336830465B6A98473DE732681E
:109BC0007B61526A304690477B6956E7DBF800308C
:109BD00058469B6A984719E72DE9F04F89B000AFC6
:109BE00007F1200101E90C00FA6DD7F81890D7F8B9
:109BF0001CB00346BB6002F16C00BB6CFB600CF058
:109C000007FFBA6D6B46A3EBC2039D468246E8464A
:109C1000B9F1000F03D0BBF1FF3F00F002815C46B9
:109C2000FB6C7B61A4F1FF341A46FB68B4FA84F440
:109C300064091BB11346013300F01F817B69A3F156
:109C4000FF33B3FA83F35B09A34240F0B7800024EB
:109C500026462546B9F1000F02D0BBF1FF3F53D095
:109C60005846A0F1FF3AFB68BAFA8AFA4FEA5A1A44
:109C700013B17B69013370D07B69A3F1FF33B3FA71
:109C800083F35B0953457CD0B9F1000F02D0BBF1DF
:109C9000FF3F44D0DE46002C4FD00023C7F8109081
:109CA0004FEA860AD7F854909C4604E00CF1010C68
:109CB0000133A34219D255F82320B2424FEA830060
:109CC00005EB8301F2D958F8232059F8222052F8E5
:109CD0000A2072453FD0013CA34258F8242048F89E
:109CE000002055F824200A60E5D36445D7F8109089
:109CF00047D0D9E902239A4251D20432C9F8082048
:109D000001364FF0FF3BA5E7D9E902239A4280F0E4
:109D1000C0801068411C08BF4FF00009A1E7D9E9D5
:109D200002239A4280F0BB80D2F800E0BEF1FF3FF0
:109D300008BF4FF00009002CAFD13B6E3A6E1B6894
:109D400043F004031360BB6824371846C3E9009B43
:109D5000BD46BDE8F08F0133ABE7FB68D3E90223D2
:109D60009A4280F0A38013685A1CA3F1FF33B3FA20
:109D700083F34FEA5313FA6808BF00225345FA6091
:109D800082D1012C11D12B68B342D6D1BA6DD8F84B
:109D900000309342A8BF9B1A3A6D1360D3E7D9F8FD
:109DA000003048469B6A9847AAE7022CC5D12B6829
:109DB000B342EBD06B68B342BFD1E7E7B9F1000F14
:109DC00002D0BBF1FF3F77D05946BB6D5C007FD01E
:109DD0007B6DC7F8109000251A1FC7F804B02E46F7
:109DE0008B46914608E0DAF800309B699847584561
:109DF00008D00135A5420CD059F8043F19685945DF
:109E00005046F0D148F826500135A54206F101062A
:109E1000F2D1D7F81090D7F804B066B93446354679
:109E200018E7D9E90232934255D21C68651C08BF75
:109E30004FF00009F4E6D9E90232934258D20433D4
:109E4000C9F80830B300073323F00703ADEB030D67
:109E5000D7F854B06D46A8F1040A00245AF8043F1C
:109E60005BF823001FF054F945F824000134A642A2
:109E7000F4D14FF0FF3B0126ECE6FB68D3E9022367
:109E80009A422FD21368FA68581C08BF0022FA6061
:109E9000D5E6D9F8003048465B6A98473AE7D9F8E2
:109EA000003048465B6A984786463FE7F868036893
:109EB0005B6A9847034657E7D9E9023293421DD2BD
:109EC0001B6819460B46013308BF4FF000097CE7B9
:109ED00026462546BEE6D9F8003048465B6A9847D4
:109EE0000446A3E7F86803685B6A98470346CAE735
:109EF000D9F8003048469B6A9847A3E7D9F8003064
:109F000048465B6A98470146DCE700BF2DE9F0410F
:109F10009EB00CACDDF89880279F054608F16C00D8
:109F20000E4684E80C000DF071FE836800220F924B
:109F3000DA6A17921A6B18925A6B19929A6C1092ED
:109F4000DA6C11921A6D12925A6D13929A6D1492E4
:109F5000DA6D15921A6E16929A6B1A92DA6B1B9240
:109F60001A6C5B6C1C921D930FAA07230692CDF806
:109F70001480049310AB03930EAB029324AB93E8CD
:109F800003008DE8030031460AAE94E80C00304629
:109F9000FFF722FE96E803000F9B84E803000246C9
:109FA00023BB28990E9B8B610D9E0AB1731C28D090
:109FB000DDE92403A6F1FF36B6FA86F6760908B184
:109FC000591C18D0A3F1FF33B3FA83F35B09B342F2
:109FD00003D13B6843F002033B600C9294E803001A
:109FE00085E8030028461EB0BDE8F0813B6843F0D9
:109FF00004033B60D8E7D0E902318B420AD21B68E8
:10A00000E0E7D2E902318B420BD21E68701C08BF18
:10A010000022CDE7036809925B6A9847099A0346D4
:10A02000D0E71368099210465B6A9847099A06467A
:10A03000ECE700BF2DE9F043A7B00AACDDF8C09013
:10A04000DDF8C480054609F16C000F4684E80C0079
:10A050000DF0DCFD8368D3F894200E92D3F898209D
:10A060000F92D3F89C201092D3F8A0201192D3F82D
:10A07000A4201292D3F8A8201392D3F8AC20149203
:10A08000D3F8B0201592D3F8B4201692D3F8B820A4
:10A090001792D3F8BC201892D3F8C02019925A6EA8
:10A0A0001A929A6E1B92DA6E1C921A6F1D92D3F856
:10A0B00074C0CDF878C0D3F878C0CDF87CC0D3F8A0
:10A0C0007CC0CDF880C0D3F880C0CDF884C0D3F870
:10A0D00084C0CDF888C00DF1340ED3F888C0CDF817
:10A0E0008CC00C210EA8D3F88CC0D3F890302593E7
:10A0F000CDE9059ECDE903010CAA002302920D9340
:10A100002EAB93E803008DE8030008AE394694E8CF
:10A110000C003046CDF890C0FFF75EFD96E80300D6
:10A120000D9B84E80300074633BB329A0C9B1361F6
:10A130000B9E0FB1701C2CD0DDE92E03A6F1FF366B
:10A14000B6FA86F6760908B15A1C1CD0A3F1FF3383
:10A15000B3FA83F35B09B34205D1D8F8003043F07A
:10A160000203C8F800300A9794E8030085E803006A
:10A17000284627B0BDE8F083D8F8003043F0040348
:10A18000C8F80030D4E7D0E9023293420AD21B6803
:10A19000DCE7D7E90232934209D21E68711C08BF7E
:10A1A0000027C9E703685B6A98470346CEE73B6828
:10A1B00038465B6A98470646F0E700BF2DE9F04F46
:10A1C000A1B010AC84E80C002C9B119CDDF8BC8085
:10A1D000DDF8A89003F16C05CDE90B012846164681
:10A1E0000DF014FD034628460D930CF011FC0546B6
:10A1F00040461EF08DFF0023DDF8ACB012939A4666
:10A20000099023464C4616B1591C00F0A3801F4606
:10A21000A3F1FF39B9FA89F94FEA591914B1BBF121
:10A22000FF3F6DD05846A0F1FF30B0FA80F04009F2
:10A23000484576D0099B534573D9DDF84890B9F16C
:10A24000000F71D12B6858F82A101B6B4A4628461C
:10A25000984708EB8A0325280A9340F087802968ED
:10A2600008EB8A020B6B516828464A4698474528F6
:10A27000CDF84C900AF1010900F089804F2800F0D8
:10A2800086804138382800F29A80DFE810F07301A8
:10A290002901AC00AB01980098009800B301DD01E2
:10A2A000980098009800EB0198009800980098009A
:10A2B0004C018702B102980098009800B902AC00E6
:10A2C000C1029800980098009800980098009303A5
:10A2D000DB0061036903150298009800DB00980019
:10A2E00098009800980039028B0098009800980018
:10A2F0009800980064029800980098007B02AC00D7
:10A30000D4E90232934280F06F831868431CA0F1B5
:10A31000FF30B0FA80F04FEA501008BF00244845E3
:10A3200088D1129A002A50D02D9B2D9A1B6843F099
:10A33000040313600B9B1846C3E9006721B0BDE816
:10A34000F08FD6E90232934280F0B5830433B360D4
:10A350000AF1010AD6E90232934280F03F831B687A
:10A360005A1C08BF00264FF0FF3751E758F82A3033
:10A370000EB1791C2DD038468342E2D0129A42F0B9
:10A3800004023B46D146129209F1010A3BE708EB71
:10A390008A03002299682B6828461B6B0AF1020980
:10A3A00098476EE716B17B1C00F04B8339462B684B
:10A3B00000221B6B284698470A2800F0D981129A80
:10A3C00042F004023B461292DEE7099B5345ABD1B3
:10A3D000B0E7D6E902218A4280F072831068421CFD
:10A3E00008BF0026C8E72C9B069312AB07930422F4
:10A3F00042F20F73CDE904320023039313AB0293AF
:10A400002A942AAB93E80300CDE910678DE8030096
:10A410000EAE10AB0CCB30460C99FFF7D1F896E896
:10A420000300129A10AB83E8030006460B46002A8D
:10A43000AAD1139A2E99002AB4BF6432A2F26C7288
:10A440004A61A1E70D9B2A949B68D3F8941014915C
:10A45000D3F898101591D3F89C101691D3F8A0104A
:10A460001791D3F8A4101891D3F8A8101991D3F824
:10A47000AC101A91D3F8B0101B91D3F8B4101C9102
:10A48000D3F8B8101D91D3F8BC101E91CDE9106718
:10A49000D3F8C03012AA1F932C9B05930C2304936E
:10A4A00014AB039313AB029306922AAB93E8030019
:10A4B0008DE803000EAE10AB0CCB30460C99FFF7C5
:10A4C000ABF996E80300129A10AB83E80300064646
:10A4D0000B46002A7FF458AF2E99139A0A6153E76E
:10A4E0000D9B2A949B68596E1491996E1591D96EA3
:10A4F0001691196F1791596F1891996F1991D96F1A
:10A500001A91D3F880101B91D3F884101C91D3F8C2
:10A5100088101D91D3F88C101E91CDE91067D3F8E7
:10A52000903012AAB7E72B689A49D3F82CA08A1D5D
:10A5300014AB2846D047CDE9106714AB05932A9495
:10A540002E9B04932C9B029312AB03932AAB93E8AC
:10A5500003008DE803000EAE10AB30460CCB0C9917
:10A56000FFF72CFE96E8030010AB83E803000646D5
:10A570000B4609E70D9B2A949B68DA6A14921A6BC2
:10A5800015925A6B16929A6B1792DA6B18921A6C94
:10A5900019925B6CCDE910670EAE1A932C9B059354
:10A5A00012AB06930723049314AB039313AB0293EC
:10A5B0002AAB93E803008DE8030010AB0CCB3046C8
:10A5C0000C99FFF729F996E80300129A10AB83E87B
:10A5D000030006460B46002A7FF4D6AE2E99139A46
:10A5E0008A61D1E62B686C4AD3F82CA0A2F109014C
:10A5F00014AB9EE72C9B069312ABCDE91067079333
:10A6000002271723CDE904372A940EAE00230393C3
:10A6100013AB02932AAB93E803008DE8030010AB61
:10A620000CCB30460C99FEF7CBFF96E80300129A4C
:10A6300010AB83E8030006460B46002A7FF4A4AE65
:10A640002E99139A8A609FE62C9B069312AB079370
:10A6500002200C23CDE91067CDE904302A940EAE18
:10A660000123D4E72C9B069312AB079302223B23D2
:10A67000CDE904320023039313AB02932A942AAB4F
:10A6800093E80300CDE910678DE803000EAE10AB30
:10A690000CCB30460C99FEF793FF96E80300129A14
:10A6A00010AB83E8030006460B46002A7FF46CAE2D
:10A6B0002E99139A4A6067E616B17A1C00F0E08181
:10A6C0003A462B6808219B6828469847002800F0E6
:10A6D0009081D6E90232934280F0F9810433B3606D
:10A6E0002C9B06934FF0FF331193012305930393A3
:10A6F00012AB0793092310962A940EAE049387E1B8
:10A700002C9B069312AB079302210C23CDE9043155
:10A710000123039313AB02932A942AAB93E803001B
:10A72000CDE910678DE803000EAE10AB0CCB3046C0
:10A730000C99FEF745FF96E80300129A10AB83E8E8
:10A74000030006460B46002A7FF41EAE139A2E998C
:10A75000013A0A6118E616B17B1C00F08481394683
:10A760002B6800221B6B2846984709287FF427AEE8
:10A77000D6E90232934280F0AF810433B36009F12D
:10A78000010AE7E50D9B2A949B689B680593CDE938
:10A790001067D5E6AC530400A95304002C9B069324
:10A7A00012AB079302223D23CDE904320023039329
:10A7B00013AB02932A942AAB93E80300CDE9106708
:10A7C0008DE803000EAE10AB0CCB30460C99FEF7B3
:10A7D000F7FE96E80300129A10AB83E803000646E2
:10A7E0000B46002A7FF4D0AD2E99139A0A60CBE570
:10A7F0002B68A149D3F82CA001F1090214AB98E60B
:10A800000D9B2A949B681B690593CDE9106797E619
:10A8100016B17B1C00F01E813A462B6801219B6813
:10A820002846984700283FF4CAAD2C9B0593934BCC
:10A83000039312AB06930E23049314AB02932A9452
:10A840002AAB93E80300CDE910678DE803000DF112
:10A85000380A10AB0CCB0C995046FEF7DDFF9AE896
:10A86000030010AB83E8030006460B4610B1591CE9
:10A8700000F018811F46A7F1FF37B7FA87F77F0965
:10A880001CB1BBF1FF3F00F004815A46A2F1FF3238
:10A89000B2FA82F25209BA423FF476AD1299149A92
:10A8A0000A437FF471AD002E00F03381591C00F093
:10A8B0003D812A680A93926A2D21284690470A9B77
:10A8C00098420AD01F462A680A93926A2B2128468A
:10A8D0009047B8420A9B7FF457AD12AB07932C9B6D
:10A8E000069314AB0293109617230026CDE9036359
:10A8F000022705972A942AAB93E803008DE803000A
:10A9000010AB0CCB0C995046FEF75AFE12AB0793D6
:10A9100014AB02932C9B06933B2303960493059759
:10A920009AE8030010AB83E803002AAB93E8030026
:10A930008DE8030010AB0CCB0C995046FEF740FE9F
:10A940009AE8030010AB83E8030006460B461BE5BC
:10A950000D9B2A949B689B690593CDE91067EFE5F1
:10A960002C9B069312AB079302211F23CDE90431E0
:10A970000123039313AB02932A942AAB93E80300B9
:10A98000CDE910678DE803000EAE10AB0CCB30465E
:10A990000C99FEF715FE96E80300129A10AB83E8B7
:10A9A000030006460B46002A7FF4EEAC2E99139A5C
:10A9B000CA60E9E40D9B2A949B689A6C1492DA6C45
:10A9C00015921A6D16925A6D17929A6D1892DA6D49
:10A9D0001992CDE910671B6E0EAEDEE53368304686
:10A9E0005B6A98470346BBE4236820465B6A984746
:10A9F0008CE42C9B069312AB07934FF0020C1F23A1
:10AA0000CDE9043C0A23CDE910672A940EAE0393E6
:10AA100013AB02932AAB93E803008DE8030010AB5D
:10AA20000CCB30460C99FEF7CBFD96E80300129A4A
:10AA300010AB83E8030006460B46002A7FF4A4AC63
:10AA4000B4E7D6E9023293424BD21968481C08BFDA
:10AA50000026ACE4D6E90232934248D21A68501C70
:10AA600008BF0026D9E6D6E90232934245D21968DA
:10AA7000481C08BF002673E6B4530400F4C905005F
:10AA8000D6E9023293423ED21A68531C08BF002610
:10AA900017E6D4E902218A4264D21268501C08BF2A
:10AAA0000024F3E6D0E902218A4263D217687A1CB7
:10AAB00008BF0026DFE6336830469B6A984747E4C4
:10AAC00032680A93526A304690470A9B87E433689B
:10AAD00030469B6A984703E6336830469B6A98473E
:10AAE0004DE6336830465B6A98470146AEE7336807
:10AAF00030465B6A98470246B1E7336830465B6A86
:10AB000098470146B4E7336830465B6A9847024687
:10AB1000BBE71F462A680A93926A2D212846904770
:10AB200087421DD00A9B00261F46CCE6D6E90221AB
:10AB30008A422ED217687A1CECD02A680A93926A4D
:10AB40002D2128469047B8420A9B3FF4C6AED6E96D
:10AB500002218A4215D21768781C08BF0026B2E687
:10AB60000026BAE622680A93526A204690470A9B5A
:10AB7000024693E702680A93526A90470A9B074687
:10AB800095E732680A93526A304690470A9B074617
:10AB9000E2E732680A93526A304690470A9B0746BA
:10ABA000C9E700BF2DE9F0418CB0DDE914670AACBC
:10ABB000054606F16C0084E80C0088460DF026F886
:10ABC00083681B690593169B0296CDE9037312AB4C
:10ABD00093E803008DE8030008AE304694E80C00CB
:10ABE0004146FFF7EBFA96E8030084E803000246CB
:10ABF0000E4608B14B1C1DD0DDE91203A6F1FF364D
:10AC0000B6FA86F6760908B1591C1CD0A3F1FF33B9
:10AC1000B3FA83F35B09B34203D13B6843F0020309
:10AC20003B600A9294E8030085E8030028460CB0D4
:10AC3000BDE8F081D0E902318B420AD21E68701C57
:10AC400008BF0022D8E7D0E902318B4208D21B6846
:10AC5000DCE7036807905B6A9847079A0646EEE7C9
:10AC6000036807925B6A9847079A0346CEE700BFDE
:10AC70002DE9F0418CB0DDE914670AAC054606F118
:10AC80006C0084E80C0088460CF0C0FF83689B6869
:10AC90000593169B0296CDE9037312AB93E803006C
:10ACA0008DE8030008AE304694E80C004146FFF7FB
:10ACB00085FA96E8030084E8030002460E4608B1D0
:10ACC0004B1C1DD0DDE91203A6F1FF36B6FA86F65D
:10ACD000760908B1591C1CD0A3F1FF33B3FA83F3F2
:10ACE0005B09B34203D13B6843F002033B600A9225
:10ACF00094E8030085E8030028460CB0BDE8F08125
:10AD0000D0E902318B420AD21E68701C08BF0022B3
:10AD1000D8E7D0E902318B4208D21B68DCE7036830
:10AD200007905B6A9847079A0646EEE70368079222
:10AD30005B6A9847079A0346CEE700BF2DE9F04FBC
:10AD400091B0DDE91C670AAC054606F16C0084E8A9
:10AD50000C0088469DF87C909DF880A00BF058FE72
:10AD600002684FF0000B926AC7F800B025219047A7
:10AD70000C90BAF1000F3AD1CDE90D9A1E9B0296C4
:10AD8000CDE903731AAB93E803008DE803000CAB25
:10AD900008AE0593304694E80C004146FFF70EFAE2
:10ADA00096E8030084E80300DDE90A260AB1731C73
:10ADB00028D0DDE91A03A6F1FF36B6FA86F6760941
:10ADC00008B1591C18D0A3F1FF33B3FA83F35B0920
:10ADD000B34203D13B6843F002033B600A9294E81C
:10ADE000030085E80300284611B0BDE8F08FCDE9E7
:10ADF0000DA9CDF83CB0C1E7D0E902318B420AD2AF
:10AE00001B68E0E7D2E902318B420BD21E68701C4E
:10AE100008BF0022CDE7036807925B6A9847079A4C
:10AE20000346D0E71368079210465B6A9847079A73
:10AE30000646ECE70039084B18BF012110B5C0E900
:10AE400000310446EEF7F6FBA060204610BD204618
:10AE5000EEF7DAFBEDF7AEFCBC5F040010B5044B77
:10AE6000044640F81C3BEEF763FC204610BD00BFD3
:10AE7000906B040010B5054B044640F81C3BEEF700
:10AE800057FC204614F0CEFE204610BD906B040007
:10AE900010B5044B044640F81C3BEEF749FC204635
:10AEA00010BD00BFD06B040010B5054B044640F840
:10AEB0001C3BEEF73DFC204614F0B4FE204610BDCE
:10AEC000D06B040010B50446006A17F083FF60627F
:10AED00010BD00BF10B50446006A17F07BFF216A61
:10AEE000BDE810401DF096B84A1C10B5044609D1C3
:10AEF000406A431C02D0216A1DF08CF84FF0FF33EA
:10AF0000636210BD0B46016A18461DF083F84FF0CE
:10AF1000FF33636210BD00BF006A17F06DB900BF58
:10AF2000006A17F069B900BFF8B5069B0D464FF0EF
:10AF3000FF3611464FF0FF370022C0E90222C0E978
:10AF4000006704464BB1012B0CBF01220222286A84
:10AF500017F0AEFC38B12046F8BD286A1A4617F043
:10AF6000A7FC0028F7D1286A17F016FEC317C4E91A
:10AF700000032046F8BD00BFF8B5069B0D464FF014
:10AF8000FF3611464FF0FF370022C0E90222C0E928
:10AF9000006704464BB1012B0CBF01220222286A34
:10AFA00017F086FC38B12046F8BD286A1A4617F01B
:10AFB0007FFC0028F7D1286A17F0EEFDC317C4E91B
:10AFC00000032046F8BD00BF10B50446006A17F024
:10AFD00025FF606210BD00BF2DE9F04106467AB141
:10AFE000884617460D1F002404E00134A74245F8A7
:10AFF000040F0CD0306A17F011FF431CF5D134B99F
:10B0000000244FF0FF3373622046BDE8F08104F165
:10B010008043013B204658F823307362BDE8F0813D
:10B0200010B50446006A17F0F9FE216ABDE8104029
:10B030001DF032B84A1C10B5044609D1406A431CC1
:10B0400002D0216A1DF028F84FF0FF33636210BD73
:10B050000B46016A18461DF01FF84FF0FF3363627C
:10B0600010BD00BFF8B516467AB107460D4600245C
:10B0700002E00134A64206D0396A55F8040B18F0F4
:10B08000EDFD0130F5D12046F8BD1446FBE700BFC9
:10B09000034608461B6A012117F048BE38B50C4626
:10B0A000036A05460121204617F09AFA0028CABF14
:10B0B00024184FF0FF3314F8013C6B6238BD00BF19
:10B0C00008B54B1C06D00B46016A1846BDE808407F
:10B0D00018F092BD006A17F08FF8003818BF0120F1
:10B0E000404208BD08B54B1C06D00B46016A184605
:10B0F000BDE8084018F0B2BD006A17F07DF80038CE
:10B1000018BF0120404208BD82B0F0B583B008AC42
:10B1100084E80C000B68144E1D69099BB542044677
:10B120001CD10F4694464FF0FF334FF0FF32C0E979
:10B1300000230022C0E902226146386A17F0B8FBFA
:10B1400028B1204603B0BDE8F04002B07047386A2D
:10B1500017F022FDC317C4E90003F2E70C9E019625
:10B1600000260096A847ECE779AF010082B0F0B561
:10B1700083B008AC84E80C000B68144E1D69099B71
:10B18000B54204461CD10F4694464FF0FF334FF0B2
:10B19000FF32C0E900230022C0E902226146386A7A
:10B1A00017F086FB28B1204603B0BDE8F04002B09E
:10B1B0007047386A17F0F0FCC317C4E90003F2E7E0
:10B1C0000C9E019600260096A847ECE729AF0100E7
:10B1D0000FB4F0B583B000AF07F1200454F8046B4E
:10B1E00030461AF06DFA00F2072323F00703ADEBA7
:10B1F000030D6D4600F500712346324628467C60FB
:10B200000AF02EF9082014F0D7FD2946044616F05E
:10B21000A7FA054A0549204614F0FEFE204614F020
:10B22000E3FDEDF7C7FA00BF1D1103008C760400A3
:10B2300010B5034B0360044600F024F9204610BD0E
:10B240006863040010B5034B0360044600F01AF96C
:10B25000204610BD7863040010B5054B036004461A
:10B2600000F010F9204614F0DDFC204610BD00BFB0
:10B270006863040010B5054B0360044600F002F952
:10B28000204614F0CFFC204610BD00BF78630400B8
:10B2900008B5836F23B103694161194203D108BD29
:10B2A00041F00101F7E70148ECF7C4FF4C630400EB
:10B2B00008B5D0E904230B431142436100D108BD16
:10B2C00014F0C4FE38B5054608460C4601F09EFE53
:10B2D000B0B1204600F078FEE867204601F0B4FEE9
:10B2E000A0B1204601F0D0F9C5F88000204601F059
:10B2F000C9FE90B1204601F0E5F9C5F8840038BDDB
:10B30000E867204601F0A0FE0028EAD1C5F88000D9
:10B31000204601F0B7FE0028ECD1C5F8840038BD06
:10B3200038B504460D4615F029FD04F16C012046A0
:10B33000FFF7C8FF0022B5FA85F35B09A4F8742073
:10B3400022672261A567636138BD00BF08B5C36F7E
:10B3500023B103694161194203D108BD41F00101E4
:10B36000F7E70148ECF766FF4C63040008B5D0E945
:10B3700004230B431142436100D108BD14F066FE63
:10B3800038B5054608460C460CF0FCFDB8B1204621
:10B390000BF03EFBC5F8800020460CF011FEA8B172
:10B3A00020460BF09FFFC5F8840020460CF026FED7
:10B3B00098B120460BF0B4FFC5F8880038BDC5F839
:10B3C000800020460CF0FCFD0028E9D1C5F884007F
:10B3D00020460CF013FE0028EBD1C5F8880038BDDC
:10B3E00038B504460D4615F0C9FC04F16C01204641
:10B3F000FFF7C6FFB5FA85F200235209636784F8A8
:10B40000783023672361E567626138BD10B500229B
:10B4100004460E4B2262C4E90222C4E90422C4E9B4
:10B4200006222430C4E9003204F164010346C3E972
:10B43000002208339942FAD10823C4E9193004F1F3
:10B440006C00EEF773FF204610BD00BFFC630400E4
:10B4500070B584694CB105460E46D4E901322946DF
:10B46000304698472468002CF7D170BD14F0FAFCE0
:10B4700014F036FDF6E7013101D1ECF769FEEDF786
:10B4800099F900BF38B5124B036005460021FFF75C
:10B49000DFFFAC6924B909E0246814F0C3FB2CB1C8
:10B4A000E268511E2046E160002AF5D0A86E05F141
:10B4B000240300229842AA6104D008B114F0B4FB1E
:10B4C0000023AB6605F16C00EEF732F9284638BD73
:10B4D000FC63040010B50446FFF7D4FF204614F0C7
:10B4E000A1FB204610BD00BF10B50649064B002247
:10B4F0000446C0E9001240F8083FFFF7C3FF2046AA
:10B5000010BD00BF186404006863040038B5036808
:10B51000074D53F80C3C074AC550C418204600217B
:10B52000616040F8082FFFF7ADFF204638BD00BF2F
:10B53000186404006863040010B50749074B002233
:10B540000446C0E9001240F8083FFFF79BFF204681
:10B5500014F068FB204610BD186404006863040002
:10B5600038B50368084D53F80C3C084AC550C41858
:10B5700020460021616040F8082FFFF783FF204636
:10B5800014F050FB204638BD1864040068630400C2
:10B5900010B50649064B00220446C0E9001240F8E7
:10B5A000083FFFF76FFF204610BD00BF486404004E
:10B5B0007863040038B50368074D53F80C3C074A1C
:10B5C000C550C41820460021616040F8082FFFF7DD
:10B5D00059FF204638BD00BF48640400786304006A
:10B5E00010B50749074B00220446C0E9001240F895
:10B5F000083FFFF747FF204614F014FB204610BD1C
:10B60000486404007863040038B50368084D53F8B3
:10B610000C3C084AC550C41820460021616040F81F
:10B62000082FFFF72FFF204614F0FCFA204638BD04
:10B6300048640400786304008368587C704700BF46
:10B640008368987C704700BF8368D86A704700BFE2
:10B6500083681B6B0022D9B261F30702C3F3072191
:10B6600061F30F22C3F3074161F317421B0E63F32B
:10B670001F6282B0104602B0704700BF83685B6BE8
:10B680000022D9B261F30702C3F3072161F30F224D
:10B69000C3F3074161F317421B0E63F31F6282B0CD
:10B6A000104602B0704700BF8368587C704700BFE7
:10B6B0008368987C704700BF8368D86A704700BF72
:10B6C00083681B6B0022D9B261F30702C3F3072121
:10B6D00061F30F22C3F3074161F317421B0E63F3BB
:10B6E0001F6282B0104602B0704700BF83685B6B78
:10B6F0000022D9B261F30702C3F3072161F30F22DD
:10B70000C3F3074161F317421B0E63F31F6282B05C
:10B71000104602B0704700BF836893F8240070475A
:10B72000836893F825007047002070470020704719
:10B73000704700BF91424FF0000006D211F8013B64
:10B740008A4203EB7060F9D17047704710B5034B24
:10B7500003600446EDF758FF204610BD4466040020
:10B7600010B5034B03600446EDF74EFF204610BDB5
:10B770005C66040010B5034B03600446EDF744FF1C
:10B78000204610BD0865040010B5034B0360044655
:10B79000EDF73AFF204610BD4465040010B5034B99
:10B7A00003600446EDF730FF204610BD74650400C9
:10B7B00010B5034B03600446EDF726FF204610BD8D
:10B7C0007466040010B5034B03600446EDF71CFFDC
:10B7D000204610BD8866040010B5054B0360044682
:10B7E000EDF712FF204614F01DFA204610BD00BFF1
:10B7F0004466040010B5054B03600446EDF704FFF2
:10B80000204614F00FFA204610BD00BF5C6604000D
:10B8100010B5054B03600446EDF7F6FE204614F024
:10B8200001FA204610BD00BF0865040010B5054BA5
:10B8300003600446EDF7E8FE204614F0F3F92046D5
:10B8400010BD00BF4465040010B50446FFF7A6FF15
:10B85000204614F0E7F9204610BD00BF10B5054B97
:10B8600003600446EDF7D0FE204614F0DBF92046D5
:10B8700010BD00BF7466040010B5054B036004469C
:10B88000EDF7C2FE204614F0CDF9204610BD00BFF2
:10B890008866040010B5054B044640F8083B15F0D7
:10B8A00067F82046EDF7B0FE204610BDFC650400A9
:10B8B00010B50446FFF7EEFF204614F0B3F920461A
:10B8C00010BD00BF10B5054B044640F8083B15F00D
:10B8D0004FF82046EDF798FE204610BDC8640400DE
:10B8E00038B50D4B036005690446EDF7B3FE85429C
:10B8F00003D015B1284614F097F9A06810B1036879
:10B900005B68984704F10C0015F032F82046EDF71B
:10B910007BFE204638BD00BF8465040010B5044698
:10B92000FFF7DEFF204614F07DF9204610BD00BF72
:10B9300070B504460D46F3F7E3FE2368054A9B699C
:10B94000934201D1284670BD29462046BDE870408B
:10B95000184700BF2187000070B50D1A0646002168
:10B960002846F2F743FF012D044600F10C030AD0EC
:10B970002A461846314617F0A7FF094A9442034663
:10B9800006D1184670BD32780273054A9442F8D049
:10B9900061190022A26025600A73184670BD00BFBD
:10B9A00044E9050010B5074B044640F8083B14F085
:10B9B000DFFF2046EDF728FE204614F033F920463D
:10B9C00010BD00BFC864040030B58B685D6A83B0E9
:10B9D0009DB10446284619F073FE29188D4207D000
:10B9E00001AA2846FFF7B8FF2060204603B030BD0B
:10B9F00003482060204603B030BD0248ECF740FB0E
:10BA000050E905000452040030B58B689D6883B08E
:10BA10009DB10446284619F053FE29188D4207D0DF
:10BA200001AA2846FFF798FF2060204603B030BDEA
:10BA300003482060204603B030BD0248ECF720FBED
:10BA400050E905000452040030B58B685D6983B08D
:10BA50009DB10446284619F033FE29188D4207D0BF
:10BA600001AA2846FFF778FF2060204603B030BDCA
:10BA700003482060204603B030BD0248ECF700FBCD
:10BA800050E905000452040030B58B68DD6983B0CD
:10BA90009DB10446284619F013FE29188D4207D09F
:10BAA00001AA2846FFF758FF2060204603B030BDAA
:10BAB00003482060204603B030BD0248ECF7E0FAAE
:10BAC00050E905000452040030B58B689D6883B0CE
:10BAD0009DB10446284619F0F3FD29188D4207D080
:10BAE00001AA2846FFF738FF2060204603B030BD8A
:10BAF00003482060204603B030BD0248ECF7C0FA8E
:10BB000050E905000452040030B58B685D6983B0CC
:10BB10009DB10446284619F0D3FD29188D4207D05F
:10BB200001AA2846FFF718FF2060204603B030BD69
:10BB300003482060204603B030BD0248ECF7A0FA6D
:10BB400050E905000452040030B58B68DD6983B00C
:10BB50009DB10446284619F0B3FD29188D4207D03F
:10BB600001AA2846FFF7F8FE2060204603B030BD4A
:10BB700003482060204603B030BD0248ECF780FA4D
:10BB800050E905000452040030B58B685D6A83B04B
:10BB90009DB10446284619F093FD29188D4207D01F
:10BBA00001AA2846FFF7D8FE2060204603B030BD2A
:10BBB00003482060204603B030BD0248ECF760FA2D
:10BBC00050E905000452040030B58B685D6983B00C
:10BBD0009DB10446284619F073FD29188D4207D0FF
:10BBE00001AA2846FFF7B8FE2060204603B030BD0A
:10BBF00003482060204603B030BD0248ECF740FA0D
:10BC000050E905000452040030B58B68DD6983B04B
:10BC10009DB10446284619F053FD29188D4207D0DE
:10BC200001AA2846FFF798FE2060204603B030BDE9
:10BC300003482060204603B030BD0248ECF720FAEC
:10BC400050E905000452040030B58B689D6883B04C
:10BC50009DB10446284619F033FD29188D4207D0BE
:10BC600001AA2846FFF778FE2060204603B030BDC9
:10BC700003482060204603B030BD0248ECF700FACC
:10BC800050E90500045204002DE9F04F83B09142C1
:10BC90000C9E0D4607461C4648D000296BD0114625
:10BCA00028466A46FFF758FEB4428346CDF804B0F2
:10BCB00042D0002C5CD06A4631462046FFF74CFE4D
:10BCC000DDF804B081465BF80C3C59F80C6C0BEBCA
:10BCD00003084E444C4604E0A64230D00BF1010B61
:10BCE000013422465946384615F024F8824678B980
:10BCF000584619F0E5FC0546204619F0E1FCAB4436
:10BD0000D8450444E8D1B6EB040A18BF4FF0FF3A17
:10BD10001D4CA9F10C00A04214D1019BA3F10C0011
:10BD2000A0421AD1504603B0BDE8F08FDFF85CB0F6
:10BD3000CDF804B0B442BCD1DFF85090C3E74FF067
:10BD4000010AE5E759F8043C5A1E002B49F8042C77
:10BD5000E3DC6946F2F7B6FDDFE753F8042C511E29
:10BD6000002A43F8041CDDDC6946F2F7ABFDD9E795
:10BD70000748ECF785F90648ECF782F901A8F2F7D5
:10BD8000C9FEECF717FD00BF44E9050050E90500C6
:10BD9000045204002DE9F04F9A424C4D056085B0E5
:10BDA000074614461E468A4607D0002A74D002AAC7
:10BDB00019462046FFF7D0FD054655F80C3C039583
:10BDC000361B7600EB183046019314F0BDF904469B
:10BDD0004FF0000B0EE041463846F2F7E1FE3B68BB
:10BDE00053F80C2C03F802B03A683949A2F10C035D
:10BDF0008B423ED12A4633462146504614F0A6FFD8
:10BE0000864202460ED8461C204613F00DFF3046EF
:10BE100014F09AF92A46014604463346504614F077
:10BE200095FF024621463846F2F71AFF284619F0D8
:10BE300047FC019B0544AB420ED03B6853E903929B
:10BE400009F10108904505F10105C4D853F8042C07
:10BE5000002AC0DC4A46C5E7204613F0E5FE039BF6
:10BE60001B4AA3F10C0090420BD1384605B0BDE847
:10BE7000F08F4B4442F80C8C42F804BC83F80DB0B0
:10BE8000B8E753F8042C511E002A43F8041CECDCDC
:10BE900002A9F2F717FDE8E70E48ECF7F1F838468B
:10BEA000F2F738FEECF786FC03A8F2F733FEF6E76C
:10BEB00013F0D8FF14F0CAF813F0D4FF204613F0A3
:10BEC000B3FEF7E714F00CF8EEE700BF50E9050009
:10BED00044E9050004520400F0B51E46037F012B1F
:10BEE00083B0144606D007466BB13B68DD690F4B43
:10BEF0009D4211D1A14217D0621A304617F0E4FCDE
:10BF0000204603B0F0BD0191F3F7FAFB3B680199BD
:10BF1000DD69064B9D42EDD0334622463846AC469D
:10BF200003B0BDE8F04060470846EAE791F600003C
:10BF3000F8B5441894F81D5185B90568DFF828C094
:10BF40002D6A65450B46064614460F4608D19C42AD
:10BF50001DBFF0191D4680F81D3125462846F8BD45
:10BF6000A8470346F3E700BF2DF60000003A0B4B4D
:10BF700018BF012210B58160C0E900320446EDF718
:10BF800069FB00212061204615F088F9204610BD8C
:10BF90002046EDF739FBECF70DFC00BF846504008B
:10BFA0000039084B18BF012110B5C0E90031044623
:10BFB000EDF740FBA060204610BD2046EDF724FBC6
:10BFC000ECF7F8FBFC65040010B504460A48EDF7F1
:10BFD000C7FD2368D3E90132824209D953F8200012
:10BFE00030B1064A0649002313F020FE10B110BDFF
:10BFF000ECF736F8ECF78CF864E9050048520400D9
:10C00000644404002DE9F04F85B004A901E90C0057
:10C01000149ADDF838B0034602F16C000193DDE9B3
:10C020000268FFF7D1FF139B022B824600F0AE801F
:10C03000042B0CBF4FF47A7401240F9B009300254E
:10C04000A946002E47D0B8F1FF3F6AD00027009BD9
:10C05000BBF1000F48D0013353D00023BB42139BE8
:10C060004AD099454AD016B1B8F1FF3F67D05FFA80
:10C0700088F73946574497F81D3153B9DAF800303C
:10C080004A4A1B6A934261D12A2965D087F81D115B
:10C090000B46303BDAB2092A5ED805EB8505129AC9
:10C0A00003EB450505FB04F3934255DC119A234449
:10C0B000934251DD3E4BA3FB0434D6E90232934256
:10C0C0004FEAD40458D20133B36009F101094FF0AB
:10C0D000FF38002EB7D1A8F1FF37B7FA87F7009BDA
:10C0E0007F09BBF1000FB6D1A3F1FF33B3FA83F39D
:10C0F0005B09BB42139BB4D199452DD1109B1D60A8
:10C1000033E0DBE902239A42A7D3DBF8003058463C
:10C110005B6A9847013006BF4FF0000B01230023F4
:10C120009CE7D6E902239A4290D3336830465B6A93
:10C130009847013006BF00260127002787E7D6E988
:10C140000232934224D219780F4693E72A225046AE
:10C15000984701462A2999D1139B042B11D0159B8E
:10C16000159A1B6843F004031360019B1846C3E94A
:10C17000006805B0BDE8F08F336830469B6A984789
:10C18000A3E7B9F1020FEAD1643DB7E70A2454E707
:10C19000336830465B6A9847431C02D0C7B23946C1
:10C1A00068E7FF210F46002664E700BF2DF6000078
:10C1B000CDCCCCCC2DE9F0418EB00AAC84E80C009B
:10C1C000169A06920B4642F20F720421CDE9042121
:10C1D0000CAA029214AA054692E803008DE8030017
:10C1E0001946002303930D930DAB08AE0793304619
:10C1F00094E80C00179FFFF705FF96E803000D9BDE
:10C2000084E80300064613BB0C9B189A002BB4BFAE
:10C210006433A3F26C7353610B9BFEB101333AD0CC
:10C220004FF00008DDE9140310B3013326D00023DA
:10C23000434503D13B6843F002033B600A9694E810
:10C24000030085E8030028460EB0BDE8F0813B6896
:10C2500043F004033B600B9B002EDFD1A3F1FF38BA
:10C26000DDE91403B8FA88F84FEA58180028DCD141
:10C27000A3F1FF33B3FA83F35B09D9E7D0E90223D3
:10C280009A42D4D303685B6A9847A0F1FF33B3FAAC
:10C2900083F35B09CCE7D6E902239A42C0D3336823
:10C2A00030465B6A984701300ABF4FF001084FF0F3
:10C2B00000080026B6E700BF10B504460A48EDF7AF
:10C2C0004FFC2368D3E90132824209D953F8200098
:10C2D00030B1064A0649002313F0A8FC10B110BD86
:10C2E000EBF7BEFEEBF714FF3CEA0500886704009D
:10C2F000644404002DE9F04F044689B008460E4618
:10C30000FFF7DAFF0368B44A1B699342054640F021
:10C310000E8183689F68002F00F05881384619F01D
:10C32000CFF939188F4200F0E580384607AAFFF7A9
:10C3300013FB05AB0590019350F80C0CE06013F073
:10C3400003FF82460146E26801980023F2F7F4F900
:10C35000E368002B40F0C78023742B689F4A5B6919
:10C36000934240F0EB80AB68D3F81480B8F1000F33
:10C3700000F02F81404619F0A3F908EB0001884531
:10C3800000F0BC80404603AAFFF7E6FA06AB069031
:10C39000009350F80C0CA06113F0D6FE80460146C5
:10C3A000A26900980023F2F7C7F92B688C4A9B69B1
:10C3B000934240F0D080AB68DF69002F00F003812A
:10C3C000384619F07DF939188F4200F095803846CB
:10C3D00004AAFFF7C1FA07900DF11C0B50F80C0CE2
:10C3E000206213F0B1FE07460146226A0023584638
:10C3F000F2F7A2F92B687B4A9B68934240F0A58034
:10C40000AB6893F8240084F824002B68764ADB6834
:10C41000934240F09D80AB6893F8250084F8250096
:10C420003046FFF7D1FD714B1D68037F012B81461C
:10C4300004F126066BD0002B66D0D9F80030DB69FA
:10C440001A469C466A4B9A4240F08C8005F1200CBB
:10C4500029686A68AB68E868F06010356545316046
:10C460007260B36006F11006F2D12B683360614B45
:10C470001D6899F81C30012B04F14A0609D0002BE5
:10C480003ED0D9F80030DB691A469C46584B9A4298
:10C4900070D12B686A68A868E968C4F84A3072608D
:10C4A000B060F1602B696A69726133612B8B3383F1
:10C4B000079BC4F808A0012284F86420C4F8148003
:10C4C000E7614D4CA3F10C00A0425BD1069BA3F1A8
:10C4D0000C00A04261D1059BA3F10C00A04267D1E2
:10C4E00009B0BDE8F08F9AF90030002BD4BF0023CB
:10C4F000012331E741481CE740486CE73F4845E7E6
:10C500004846F3F7FDF8BCE7F3F7FAF895E705F1CD
:10C51000200C29686A68AB68E868F06010356545EA
:10C5200031607260B36006F11006F2D19DE705AA92
:10C5300001460192104698470598FDE606AA00922A
:10C54000294610469847069823E7284698475AE711
:10C550002846984762E70DF11C0B29465846984734
:10C5600007983BE705F124022946334648466546CD
:10C57000A8477CE705F11A02294633464846654636
:10C58000A84795E753F8042C511E002A43F8041CD1
:10C590009CDC04A9F2F796F998E753F8042C511E95
:10C5A000002A43F8041C96DC5946F2F78BF992E70F
:10C5B00053F8042C511E002A43F8041C90DC594601
:10C5C000F2F780F98CE70E48EBF75AFD0C48EBF7D1
:10C5D00057FD0B48EBF754FD49BC0100C9BB0100F6
:10C5E00009BC010019B7010021B70100B4C9050059
:10C5F00091F60000B0C9050044E9050050E90500C6
:10C6000004520400044600270098F2F783FA0198C8
:10C61000F2F780FA204613F025FCBAF1000F02D0A1
:10C62000504613F001FBB8F1000F02D0404613F062
:10C63000FBFA17B1384613F0F7FA13F007FD00279D
:10C640000446B846E3E700270446B846DCE700277F
:10C650000446B846BA46DAE704464746D7E713F039
:10C660003FFCECF7A7F8EAE70446CDE7CAE7E6E7C0
:10C6700013F0F8FBE1E7C5E704465846F2F74AFA3B
:10C68000C2E704460027F8E710B504460A48EDF76C
:10C6900067FA2368D3E90132824209D953F82000AE
:10C6A00030B1064A0649002313F0C0FA10B110BD9C
:10C6B000EBF7D6FCEBF72CFD34EA05005C670400D1
:10C6C0006444040010B504460A48EDF749FA2368AB
:10C6D000D3E90132824209D953F8200030B1064A29
:10C6E0000649002313F0A2FA10B110BDEBF7B8FC15
:10C6F000EBF70EFD38EA05005067040064440400BF
:10C7000010B504460A48EDF72BFA2368D3E9013245
:10C71000824209D953F8200030B1064A0649002365
:10C7200013F084FA10B110BDEBF79AFCEBF7F0FCB4
:10C7300048EA0500C8660400644404002DE9F04F8F
:10C7400004468FB008468A46FFF7DAFF0368A54A19
:10C750009B689342054640F010818368587C607462
:10C760002B68A14ADB68934240F00481AB68987C57
:10C77000A0742B689D491A6A8A4240F0F780AA6823
:10C78000D06A1B699A4AE062934240F0E880AB6845
:10C790009E68002E00F05D81304618F091FF311840
:10C7A0008E4200F0D480304608AAFFF7D5F80590F5
:10C7B0000DF1140B50F80C0CE06013F0C5FC814631
:10C7C0000146E26800235846F1F7B6FFE368002B04
:10C7D00040F0B68023742B68864A5B69934240F030
:10C7E000CE80AB68D3F81480B8F1000F00F0288138
:10C7F000404618F065FF08EB0001884500F0AB806B
:10C80000404609AAFFF7A8F806AB0690019350F836
:10C810000C0CA06113F098FC80460146A2690198B7
:10C820000023F1F789FF2B68734A9B69934240F01C
:10C83000B480AB68DF69002F00F00581384618F03E
:10C840003FFF39188F4200F0848038460AAAFFF76C
:10C8500083F807AB0790029350F80C0C206213F09A
:10C8600073FC07460146226A02980023F1F764FF31
:10C870002B68624ADB69934240F08880AB685E6A4D
:10C88000002E00F0E380304618F01AFF31188E4277
:10C8900063D030460BAAFFF75FF808AB089003930C
:10C8A00050F80C0CA06213F04FFC06460146A26A39
:10C8B00003980023F1F740FF2B68514A5B6A9342CB
:10C8C00072D1AB681B6B0C930993099B23630D9387
:10C8D0002B684C4A9B6A93426AD1AB685B6B0D93A1
:10C8E0000B930B9B636350460A93FFF76DFB464B1C
:10C8F000196804F1380301F10B02FFF7EDFA089B08
:10C90000424DC4F80890A3F10C000122A84284F81B
:10C910004320C4F81480E76166624DD1079BA3F100
:10C920000C00A84253D1069BA3F10C00A84271D180
:10C93000059BA3F10C00A84277D10FB0BDE8F08FA2
:10C9400099F90030002BD4BF0023012342E730487F
:10C950002DE72F487DE72E4856E72D489DE70DF13E
:10C96000140B294658469847059823E728469047D0
:10C970002B6806E728469847FAE69847EFE606AAA6
:10C980000192294610469847069840E708AA039264
:10C99000294610469847089882E707AA0292294636
:10C9A00010469847079857E72846984709908CE71C
:10C9B000284698470B9094E753F8042C511E002A00
:10C9C00043F8041CAADC0AA9F1F77CFFA6E753F898
:10C9D000042C511E002A43F8041CA4DC0AA9F1F718
:10C9E00071FFA0E7A9B60100B1B60100B9B6010018
:10C9F00009BA010049BA010089BA0100C9B90100A8
:10CA0000C1B60100EDB60100B8C9050044E9050052
:10CA100050E9050053F8042C511E002A43F8041C69
:10CA200086DC0AA9F1F74EFF82E753F8042C511E69
:10CA3000002A43F8041C80DC0AA9F1F743FF7CE7D5
:10CA40003248EBF71DFB3148EBF71AFB2F48EBF7A9
:10CA500017FB2E48EBF714FB044600260298F2F76A
:10CA600059F80198F2F756F85846F2F753F820466D
:10CA700013F0F8F9B9F1000F02D0484613F0D4F8DA
:10CA8000B8F1000F02D0404613F0CEF817B1384687
:10CA900013F0CAF8A6B3304613F0C6F830E000260B
:10CAA00004463746B046DFE7D6E7F8E700260446F7
:10CAB0003746D6E7002604463746B046D1E7044657
:10CAC0000398F2F727F8C9E704460026F8E7EDE7F0
:10CAD000044646464746C7E704463E46C1E7044685
:10CAE000BCE7E3E7DBE7B7E7002604463746B5E7F0
:10CAF000002604463746B046B146B5E713F0B2F912
:10CB000013F0A4FA13F0ECF9EBF754FE045204000E
:10CB100010B504460A48EDF723F82368D3E901323B
:10CB2000824209D953F8200030B1064A0649002351
:10CB300013F07CF810B110BDEBF792FAEBF7E8FABE
:10CB40004CEA0500A8660400644404002DE9F04F97
:10CB500004468FB008468A46FFF7DAFF0368A54A05
:10CB60009B689342054640F010818368587C60744E
:10CB70002B68A14ADB68934240F00481AB68987C43
:10CB8000A0742B689D491A6A8A4240F0F780AA680F
:10CB9000D06A1B699A4AE062934240F0E880AB6831
:10CBA0009E68002E00F05D81304618F089FD311836
:10CBB0008E4200F0D480304608AAFEF7CDFE0590E4
:10CBC0000DF1140B50F80C0CE06013F0BDFA814627
:10CBD0000146E26800235846F1F7AEFDE368002BFA
:10CBE00040F0B68023742B68864A5B69934240F01C
:10CBF000CE80AB68D3F81480B8F1000F00F0288124
:10CC0000404618F05DFD08EB0001884500F0AB8060
:10CC1000404609AAFEF7A0FE06AB0690019350F825
:10CC20000C0CA06113F090FA80460146A2690198AD
:10CC30000023F1F781FD2B68734A9B69934240F012
:10CC4000B480AB68DF69002F00F00581384618F02A
:10CC500037FD39188F4200F0848038460AAAFEF763
:10CC60007BFE07AB0790029350F80C0C206213F088
:10CC70006BFA07460146226A02980023F1F75CFD31
:10CC80002B68624ADB69934240F08880AB685E6A39
:10CC9000002E00F0E380304618F012FD31188E426D
:10CCA00063D030460BAAFEF757FE08AB08900393FB
:10CCB00050F80C0CA06213F047FA06460146A26A2F
:10CCC00003980023F1F738FD2B68514A5B6A9342C1
:10CCD00072D1AB681B6B0C930993099B23630D9373
:10CCE0002B684C4A9B6A93426AD1AB685B6B0D938D
:10CCF0000B930B9B636350460A93FFF765F9464B12
:10CD0000196804F1380301F10B02FFF7E5F8089BFD
:10CD1000424DC4F80890A3F10C000122A84284F807
:10CD20004320C4F81480E76166624DD1079BA3F1EC
:10CD30000C00A84253D1069BA3F10C00A84271D16C
:10CD4000059BA3F10C00A84277D10FB0BDE8F08F8E
:10CD500099F90030002BD4BF0023012342E730486B
:10CD60002DE72F487DE72E4856E72D489DE70DF12A
:10CD7000140B294658469847059823E728469047BC
:10CD80002B6806E728469847FAE69847EFE606AA92
:10CD90000192294610469847069840E708AA039250
:10CDA000294610469847089882E707AA0292294622
:10CDB00010469847079857E72846984709908CE708
:10CDC000284698470B9094E753F8042C511E002AEC
:10CDD00043F8041CAADC0AA9F1F774FDA6E753F88E
:10CDE000042C511E002A43F8041CA4DC0AA9F1F704
:10CDF00069FDA0E739B6010041B6010049B601005E
:10CE0000C9BA010009BB010049BB010089BB01008F
:10CE100051B601007DB60100B8C9050044E905001E
:10CE200050E9050053F8042C511E002A43F8041C55
:10CE300086DC0AA9F1F746FD82E753F8042C511E5F
:10CE4000002A43F8041C80DC0AA9F1F73BFD7CE7CB
:10CE50003248EBF715F93148EBF712F92F48EBF7A9
:10CE60000FF92E48EBF70CF9044600260298F1F76B
:10CE700051FE0198F1F74EFE5846F1F74BFE204661
:10CE800012F0F0FFB9F1000F02D0484612F0CCFECC
:10CE9000B8F1000F02D0404612F0C6FE17B1384676
:10CEA00012F0C2FEA6B3304612F0BEFE30E00026FD
:10CEB00004463746B046DFE7D6E7F8E700260446E3
:10CEC0003746D6E7002604463746B046D1E7044643
:10CED0000398F1F71FFEC9E704460026F8E7EDE7DF
:10CEE000044646464746C7E704463E46C1E7044671
:10CEF000BCE7E3E7DBE7B7E7002604463746B5E7DC
:10CF0000002604463746B046B146B5E712F0AAFF00
:10CF100013F09CF812F0E4FFEBF74CFC0452040011
:10CF200010B504460A48ECF71BFE2368D3E901322A
:10CF3000824209D953F8200030B1064A064900233D
:10CF400012F074FE10B110BDEBF78AF8EBF7E0F8C1
:10CF500030EA0500E8660400644404002DE9F0426C
:10CF6000A6B002A92C9E9DF8BC909DF8C0706C36AE
:10CF70000446304681E80C00FFF726F805463046A7
:10CF8000FFF7CEFF2B7F06467BB395F842308DF836
:10CF9000143017BB8DF815908DF816702E9A0092EC
:10CFA000304605AB802206A914F044F906A818F013
:10CFB00087FB9DF80C50029F064645B93B68024628
:10CFC0001B6B06A938469847864218BF01252046A4
:10CFD0002760257126B0BDE8F08200238DF815701A
:10CFE0008DF816908DF81730D8E72846F2F788FBB1
:10CFF0002B68054A9B69934201D12523C7E7284640
:10D00000252198470346C2E72187000010B5044652
:10D010000A48ECF7A5FD23689A6882420CD95B6840
:10D0200053F8200038B1064A0649002312F0FEFDED
:10D03000003818BF012010BD002010BD64E90500B4
:10D04000485204006444040010B504460A48ECF752
:10D0500087FD23689A6882420CD95B6853F82000E8
:10D0600038B1064A0649002312F0E0FD003818BF27
:10D07000012010BD002010BD34EA05005C670400EB
:10D080006444040010B504460A48ECF769FD2368BF
:10D090009A6882420CD95B6853F8200038B1064A7E
:10D0A0000649002312F0C2FD003818BF012010BD50
:10D0B000002010BD38EA05005067040064440400F5
:10D0C0002DE9F047089E92F800C00D4609991446D4
:10D0D0008A1B62455DDD4FF0000E5F1EA046724662
:10D0E0000FE0974288BF0132A1EB0C0114F802C097
:10D0F000A1EB060398BF0EF1010E634504EB020895
:10D1000003DD4FFA8CF3002BEBDC8E423CD00EF1AA
:10D11000FF39571E00F1FF3C334613F801AB0CF802
:10D1200001AF9942F9D19E1B3044BEF1000F11D0DE
:10D13000014601F8015B98F800601EB303EB060E90
:10D1400013F801CB00F801CF7345F9D18819B9F173
:10D150000109EDD292B17E1C2644024602F8015B21
:10D1600016F8011D61B103EB010E13F801CB00F8B5
:10D1700001CF7345F9D15018A642EED1BDE8F08732
:10D180001046F9E70846E2E733460EF1FF39571E2D
:10D19000CBE7B142F2D04FF0FF374FF0000EA04680
:10D1A000B9467246B6E700BFF0B583B01046089D99
:10D1B000099E0A46DDE90A741946ADB1CDE900754C
:10D1C00003463046FFF77CFF2268EF1BD21BA0EB23
:10D1D000060603D11644266003B0F0BD294616F0BA
:10D1E00073FB2268D21BF5E70097034620680744CB
:10D1F00001973046FFF764FF861B266003B0F0BD41
:10D2000030B583B0DDE908048C460090194613461A
:10D210006246D4F800C0079D604401902846FFF79D
:10D220004FFF401B206003B030BD00BF2DE9F04F21
:10D2300091B00DF12009DDF8688008F16C0B89E8E8
:10D240000C0007469DF86C3004935846FEF7BCFE70
:10D250008246A148ECF784FCD8F86C30DD6855F8BC
:10D260002060002E00F03E811C9B1D6896F838302F
:10D270002A789A4224D0336B0B93F369059355F8BF
:10D280000C1C336A03932944A9420ED9DAF818001A
:10D290002B4602E099421C4605D01C4601332278F9
:10D2A000825C5207F6D4641B16D199E80300002370
:10D2B00087E803003846C8F8083011B0BDE8F08FA1
:10D2C00055F80C1C736B0B930029EED0736A059311
:10D2D000B36A03930135D6E70DF1300A7F4B0C9307
:10D2E00061005046F1F75CFCF36AA4EB030BBBF161
:10D2F000000F38DD3BEA230B28BFA346F368002B61
:10D3000000F01A810C9B002153F80C2C00914FEA7D
:10D310004B035046F1F774FB0C9850F8043C002B7B
:10D3200080F2228105EB0B0CD6E90223B17C00953B
:10D33000CDF804C0FFF7C4FE0C9B069053F8042CF4
:10D34000002A80F20C81069AA2EB030C53F80C3CE5
:10D350009C4500F21B81A3EB0C0261460023504662
:10D36000F1F7B2FAF36A002B00F39D800C9B53F89F
:10D370000C4C039B1C44D8F80C309A0503F0B00BFE
:10D3800044BFB369E4186100544B0D930DA8F1F745
:10D3900007FCBBF1100FD8F8085000F0C78000233D
:10D3A00006932B1B07930BAC14F8013B042B08D8F6
:10D3B000DFE803F0684C5E55030051460DA8F1F715
:10D3C0001DFC5445F0D1039B012B5FD80D9A52F8F8
:10D3D0000C3C9D4265D9BBF1200F049A76D0009297
:10D3E0000022EB1A11460DA8F1F70AFB0D9A9DF8E1
:10D3F0002460089C4EB9236811461B6B2A462046C0
:10D40000984785420D9A18BF01260E948DF83C600E
:10D410000EAC94E80300324D0890A2F10C03AB422D
:10D420008DF8241040F0A5800C9BA3F10C00A842BD
:10D430003FF43BAF53F8042C511E002A43F8041C60
:10D440003FF733AF2146F1F73DFA2EE7069B002B5D
:10D4500037D0049A07990DA8F1F750FCB1E7039B68
:10D46000002BAED0059B0DA81978F1F7A3FCA8E717
:10D47000D8F80C309B05A4D5D6E905120DA8F1F714
:10D48000EFFB9EE7069B002B9BD0E2E705995A1E17
:10D4900001310DA8F1F7E4FB0D9A52F80C3C9D42C6
:10D4A00099D81D46A3E7717C5046F1F783FCBBF188
:10D4B000000F47DBF26A05EB0B015046F1F7D0FB9A
:10D4C00054E704990DA8F1F775FC7AE7E91A0DA85D
:10D4D000F1F714FC8AE700BF48EA050050E90500AF
:10D4E00044E9050004464420EBF7A8FD0023C0E909
:10D4F0000133C0E90533C0E90733C0E90933C0E9A6
:10D500000B33C36003828374436380F843302E4B34
:10D51000036059460646FFF711F93146D8F86C000A
:10D520002246ECF7A3FA55F824609DE6A54294BF85
:10D5300000230123069334E75A4629465046F1F763
:10D540009FFA0FE796F83920CBF100015046F1F72A
:10D55000D5FB224629465046F1F782FB06E75046A6
:10D56000F1F730FA0C9BEEE65046F1F72BFA0C98E7
:10D57000D8E652F8041C481E002942F8040C3FF774
:10D5800053AF18462146F1F79DF94DE70F49104872
:10D590006246FDF71DFE0DA8F1F7BCFA5046F1F703
:10D5A000B9FAEBF707F9F9E712F05CFC336830469B
:10D5B0005B68984712F04AFD12F054FCFAE712F04B
:10D5C0008FFCEBF7F7F800BF10450400845304000C
:10D5D000385104002DE9F04F91B00DF12009DDF82C
:10D5E000688008F16C0B89E80C0007469DF86C30E8
:10D5F00004935846FEF7E8FC8246A148ECF7B0FADF
:10D60000D8F86C30DD6855F82060002E00F03E81BF
:10D610001C9B1D6896F838302A789A4224D0336BC8
:10D620000B93F369059355F80C1C336A0393294453
:10D63000A9420ED9DAF818002B4602E099421C469E
:10D6400005D01C4601332278825C5207F6D4641B55
:10D6500016D199E80300002387E803003846C8F88C
:10D66000083011B0BDE8F08F55F80C1C736B0B93AC
:10D670000029EED0736A0593B36A03930135D6E7A8
:10D680000DF1300A7F4B0C9361005046F1F788FA98
:10D69000F36AA4EB030BBBF1000F38DD3BEA230B6D
:10D6A00028BFA346F368002B00F01A810C9B0021D1
:10D6B00053F80C2C00914FEA4B035046F1F7A0F9B8
:10D6C0000C9850F8043C002B80F2228105EB0B0CE7
:10D6D000D6E90223B17C0095CDF804C0FFF7F0FC39
:10D6E0000C9B069053F8042C002A80F20C81069AB9
:10D6F000A2EB030C53F80C3C9C4500F21B81A3EBFE
:10D700000C02614600235046F1F7DEF8F36A002B65
:10D7100000F39D800C9B53F80C4C039B1C44D8F8E1
:10D720000C309A0503F0B00B44BFB369E4186100F4
:10D73000544B0D930DA8F1F733FABBF1100FD8F845
:10D74000085000F0C780002306932B1B07930BACF7
:10D7500014F8013B042B08D8DFE803F0684C5E5551
:10D76000030051460DA8F1F749FA5445F0D1039B47
:10D77000012B5FD80D9A52F80C3C9D4265D9BBF144
:10D78000200F049A76D000920022EB1A11460DA8C1
:10D79000F1F736F90D9A9DF82460089C4EB923687C
:10D7A00011461B6B2A462046984785420D9A18BFA2
:10D7B00001260E948DF83C600EAC94E80300324DC7
:10D7C0000890A2F10C03AB428DF8241040F0A58024
:10D7D0000C9BA3F10C00A8423FF43BAF53F8042C80
:10D7E000511E002A43F8041C3FF733AF2146F1F7DE
:10D7F00069F82EE7069B002B37D0049A07990DA8ED
:10D80000F1F77CFAB1E7039B002BAED0059B0DA886
:10D810001978F1F7CFFAA8E7D8F80C309B05A4D512
:10D82000D6E905120DA8F1F71BFA9EE7069B002B1F
:10D830009BD0E2E705995A1E01310DA8F1F710FAC5
:10D840000D9A52F80C3C9D4299D81D46A3E7717C75
:10D850005046F1F7AFFABBF1000F47DBF26A05EB78
:10D860000B015046F1F7FCF954E704990DA8F1F7C4
:10D87000A1FA7AE7E91A0DA8F1F740FA8AE700BFA2
:10D880004CEA050050E9050044E90500044644203F
:10D89000EBF7D4FB0023C0E90133C0E90533C0E94D
:10D8A0000733C0E90933C0E90B33C36003828374D3
:10D8B000436380F843302E4B036059460646FFF71A
:10D8C00045F93146D8F86C002246ECF7CFF855F808
:10D8D00024609DE6A54294BF00230123069334E70C
:10D8E0005A4629465046F1F7CBF80FE796F839200B
:10D8F000CBF100015046F1F701FA22462946504685
:10D90000F1F7AEF906E75046F1F75CF80C9BEEE64E
:10D910005046F1F757F80C98D8E652F8041C481E08
:10D92000002942F8040C3FF753AF18462146F0F7A0
:10D93000C9FF4DE70F4910486246FDF749FC0DA8A5
:10D94000F1F7E8F85046F1F7E5F8EAF733FFF9E7C1
:10D9500012F088FA336830465B68984712F076FB1D
:10D9600012F080FAFAE712F0BBFAEAF723FF00BFE1
:10D970002045040084530400385104002DE9F04F81
:10D980008FB004AF07F1100B8BE80C0097F8503004
:10D99000BB6097F858307B607B6DF960064603F1F9
:10D9A0006C0107F12000EBF737FE07F12000FEF7CE
:10D9B0000BFB90B0824604ADEBF73CFED7E9183480
:10D9C00007F12408CDE90234002378620093402255
:10D9D0004D4B29464046F2F7B5FD3F28044617DD7A
:10D9E00000F1080323F00703ADEB030D013404AD90
:10D9F000EBF720FED7E91823CDE902230023786254
:10DA000000932246404B29464046F2F79BFD0446D0
:10DA100007F11C03002221464046F0F749FFD7F8E2
:10DA200024902B193B6059F8043C002B50DA9AF8EB
:10DA30001C30012B09D0002B50D0DAF80030DB6904
:10DA40001A469C46314B9A424CD12B19AB4204D01A
:10DA500022462946484615F037FFBB68D3B17B689C
:10DA600001937B6D0093CDF808809BE80C00F9686A
:10DA70003046FFF7DBFB7B6A254AA3F10C0090429E
:10DA80001AD107F12000EBF753FE30462C37BD4684
:10DA9000BDE8F08F7B6801937B6D0093CDF8088023
:10DAA0009BE80C00F9683046FFF794FD7B6A184A42
:10DAB000A3F10C009042E4D053F8042C511E002A2C
:10DAC00043F8041CDDDC07F11C01F0F7FBFED8E78E
:10DAD0004046F0F777FFD7F82490A8E75046F1F7D3
:10DAE0000FFEAAE73A684B46294650466446A047CF
:10DAF000B3E702E04046F1F70DF807F12000EBF73D
:10DB000017FEEAF757FE00BF9853040091F6000095
:10DB100044E9050030B587B00DF1100C9DF8285090
:10DB20008CE80C0004460B9B9DF8302055B10D9DF0
:10DB30000093CDE901259CE80C00FFF777FB204618
:10DB400007B030BD0D9D0093CDE901259CE80C0088
:10DB5000FFF740FD204607B030BD00BF2DE9F0477C
:10DB60001446C2681E46DDE9083502F0B00CBCF16F
:10DB7000200F8846A3EB050954D0BCF1100F65D0E7
:10DB80000027B9F1000F3FD1EA1B44D1BDE8F0876F
:10DB9000F1F7B6FD3B68DFF84CA19B69534574D1A2
:10DBA0002D203378834264D03A7F002A40F095805C
:10DBB0003846F1F7A5FD3B689B69534561D12B20A1
:10DBC0003378834255D03A7F002A40F08880384627
:10DBD000F1F796FD3B689B69534576D13078302349
:10DBE0008342CDD1012DCBDD3B7F002B5DD07378FF
:10DBF00097F895209A424DD097F87500984248D0F2
:10DC0000B9F1000F67D000274A464146204615F07B
:10DC100071FFEA1BBAD04C4431462046BDE8F047BC
:10DC200015F052BE4DB9B9F1000FAFD04A4641468A
:10DC30006019BDE8F04715F05DBF31462A46204621
:10DC400015F042FEB9F1000FA0D0EFE76C30FEF7FF
:10DC5000BBF9037F0746002B9AD0307897F84A30FB
:10DC6000834206D097F84830834202D097F84D306F
:10DC7000B6E704F8010B01360127B9F1000F83D094
:10DC8000C2E72B21384698479AE72D213846984716
:10DC900087E7307820707378637002360234022789
:10DCA000B9F1000F3FF470AFAEE778213846FDF7C9
:10DCB0003FFE73788342ECD03A7F002A9CD13846ED
:10DCC0005821FDF735FE737898E73021384698479C
:10DCD0000346307884E72A469EE71846C2E718468E
:10DCE000C4E700BF2187000030B583B01446089D0B
:10DCF0002A6801921846069A079B0094FFF72EFFA8
:10DD00002C6003B030BD00BF30B59DF80C40A4B10D
:10DD1000184D8646A5FB0143DB0803EB830CA1EB02
:10DD20004C0C94440C46092C9CF804100EF8011D70
:10DD30001946EFD8A0EB0E0030BD03F04A04402C8A
:10DD40000ED013F4804F14BF1423042386461A44C4
:10DD500001F00F030909D35C0EF8013DF8D1E9E7A2
:10DD6000864601F007031344C9081B790EF8013DEC
:10DD7000F7D1DFE7CDCCCCCC2DE9F0419DF82010D8
:10DD8000069F804614461D46E1B1064620462946B8
:10DD90000A22002325F038F93A442046137906F880
:10DDA000013D29460A22002325F02EF922462B4662
:10DDB0000A2A73F1000304460D46E7D2A8EB0600D9
:10DDC000BDE8F081079B03F04A03402B14D0079B6A
:10DDD00013F4804F14BF142304231F44064604F099
:10DDE0000F032409FB5C06F8013D44EA05742D0984
:10DDF00054EA0503F3D1E1E7064604F007033B4488
:10DE0000E4081B7906F8013D44EA4574ED0854EA3C
:10DE10000503F2D1D2E700BFF8B50F461A48EBF779
:10DE20009FFE3B68DE68044656F8200000B1F8BD4E
:10DE30006820EBF703F90023C0E90133C0E905339B
:10DE4000C0E90733C3600374838480F864300F4BE8
:10DE5000036039460546FEF74DFA386822462946E2
:10DE6000EBF704FE56F82400F8BD11F0FBFF12F0AA
:10DE7000EDF811F0F7FF2B6828465B689847F6E746
:10DE800012F02EF8EAF796FC3CEA05008C450400F7
:10DE90002DE9F04F8DB004AF0C46D7F8488007F15C
:10DEA000100181E80C0097F84C30064608F16C012F
:10DEB00007F11800C7E90134FFF7AEFFD8F80C905E
:10DEC00009F04A0A86B0BAF1400F054600F1260B68
:10DED00004AC09D0BAF1080F06D03B6D002B40F31B
:10DEE00096800123FB6001E00023FB60396DFB6835
:10DEF00000935A464B4604F11400FFF705FF2B7CB4
:10DF0000F861C0F1140102460C44002B4DD1FB68AE
:10DF1000002B64D03B6D002B3FDB19F4006F1DD14B
:10DF2000D8F80850954225DC3D7D0023C8F808301C
:10DF3000D7F8108055B9D8F80030FA601B6B21462D
:10DF400040469847FA68824218BF01253046243778
:10DF5000C6F800803571BD46BDE8F08F95F82730D2
:10DF6000D8F8085004F8013C01329542FA6104F1F6
:10DF7000FF34D9DDEB1D23F00703ADEB030D2A467B
:10DF8000019407F11C0504ACD7E901104346009445
:10DF90000295FFF7A9FEFA69C6E795F8263004F85E
:10DFA000013C0132FA61013CBAE74200093222F039
:10DFB0000702ADEB020D95F82530D5E9021207F105
:10DFC0001C0002940DF112040390CDF80080B86893
:10DFD0000194FFF715F9FB68FA69002B9AD119F43F
:10DFE000007F9DD03B6D002B9AD0BAF1400F12D02C
:10DFF000C9F38039D944023299F8023004F8013C5F
:10E0000095F82A3004F8023CFA61023C88E759424C
:10E010000123FB606BE795F82A3004F8013C0132DC
:10E02000FA61013C7CE700BF30B587B00DF1100C00
:10E030008CE80C000A9B9DF82C5000939CE80C0087
:10E0400001950C9D02950446FFF722FF204607B07C
:10E0500030BD00BF2DE9F04F8DB004AF0C46D7F8AE
:10E06000488007F1100181E80C0097F84C30064613
:10E0700008F16C0107F11800C7E90134FFF7CCFE85
:10E08000D8F80C9009F04A0A86B0BAF1400F05465C
:10E0900000F1260B04AC36D0BAF1080318BF0123F7
:10E0A000FB60FB68396D00935A464B4604F114003F
:10E0B000FFF72AFE2B7CF861C0F1140102460C44E4
:10E0C000002B36D1FB68002B4DD0D8F80850954274
:10E0D0001CDC3D7D0023C8F80830D7F8108055B906
:10E0E000D8F80030FA601B6B214640469847FA6822
:10E0F000824218BF012530462437C6F800803571AA
:10E10000BD46BDE8F08F0023FB60CAE7EB1D23F09E
:10E110000703ADEB030D2A46019407F11C0504AC7F
:10E12000D7E90110434600940295FFF7DDFDFA6937
:10E13000CFE74200093222F00702ADEB020D95F85D
:10E140002530D5E9021207F11C0002940DF11204EA
:10E150000390CDF80080B8680194FFF751F8FB6890
:10E16000FA69002BB1D119F4007FAED03B6D002BC2
:10E17000ABD0BAF1400F0ED0C9F38039D944023286
:10E1800099F8023004F8013C95F82A3004F8023C72
:10E19000FA61023C99E795F82A3004F8013C013213
:10E1A000FA61013C91E700BF30B587B00DF1100C6A
:10E1B0008CE80C000A9B9DF82C5000939CE80C0006
:10E1C00001950C9D02950446FFF744FF204607B0D9
:10E1D00030BD00BF2DE9F04188B004AC84E80C00EC
:10E1E0000E9E9DF83C30CDE90063D6F80C80109B64
:10E1F000029328F4804323F04A0306AF43F40273EA
:10E200000546F360384694E80C00FFF723FF97E8D3
:10E21000030004908DF8141094E8030085E80300CF
:10E220002846C6F80C8008B0BDE8F0812DE9F04F13
:10E230008FB004AF07F11804D7F85080B96084E8B4
:10E240000C0008F16C0197F85430BC6DD7F85CA055
:10E250007B60064607F12000FC60FFF7DDFDD8F883
:10E260000C9009F04A0B8AB0BBF1400F054604A997
:10E270000AD0BBF1080F07D0012C7AF10002C0F2DE
:10E28000A18001237B6101E000237B61FA68534692
:10E2900078693961CDE9019005F12600009001F11E
:10E2A0002800FFF769FD39692B7C7862C0F1280CE2
:10E2B00004468C44002B4ED17B69002B67D0BAF109
:10E2C000000F3FDB19F4006F1CD1D8F80820A242E0
:10E2D00024DC3D7F0023C8F80830D7F818804DB9FA
:10E2E000D8F8003061461B6B22464046984784426E
:10E2F00018BF012530462C37C6F800803571BD4661
:10E30000BDE8F08FD8F8082095F827300CF8013CCC
:10E310000134A2427C620CF1FF3CDADDD31D23F014
:10E320000703ADEB030D04AD07F12404CDF804C0E1
:10E330000294D7E9011043460095FFF7D5FC7C6AAB
:10E34000AC46C6E795F826300CF8013C01347C62F7
:10E350000CF1FF3CB9E74400093424F00704ADEBAD
:10E36000040D0DF1120407F1240095F82530D5E9CC
:10E370000212CDF808C001940390CDF80080B8686F
:10E38000FEF73EFF7B69A4467C6A002B97D119F407
:10E39000007F9AD0FB6853EA0A0396D0BBF1400F86
:10E3A00017D0C9F3803905F126034B4402349B781A
:10E3B0000CF8013C95F82A300CF8023C7C62ACF178
:10E3C000020C82E762424FF001006AEB4A03786177
:10E3D0005EE795F82A300CF8013C01347C620CF1C0
:10E3E000FF3C72E770B586B00DF1100C8CE80C00A4
:10E3F0000A9B9DF82C5000939CE80C000195DDE9E8
:10E400000C56CDE902560446FFF710FF204606B031
:10E4100070BD00BF2DE9F04F8FB004AF07F11804B5
:10E42000D7F85080B96084E80C0097F854307B60CE
:10E43000BB6D7B6108F16C01FB6D3B61064607F12A
:10E440002000FFF7E9FCD8F80C9009F04A0B8AB0DD
:10E45000BBF1400F054604A96FD0BBF1080A18BFF5
:10E460004FF0010A05F12603009301F12800D7E9D6
:10E470000432CDE9019AF960FFF77EFCF9682B7C44
:10E480007862C0F1280C04468C44FBB9BAF1000F45
:10E4900038D0D8F80820A24252DC3D7F0023C8F8CB
:10E4A0000830D7F818804DB9D8F8003061461B6B9A
:10E4B000224640469847844218BF012530462C37F3
:10E4C000C6F800803571BD46BDE8F08F44000934C0
:10E4D00024F00704ADEB040D0DF1120407F1240044
:10E4E000D5E9021295F82530CDF808C001940390C3
:10E4F000CDF80080B868FEF783FEA4467C6ABAF1C6
:10E50000000FC6D119F4007FC3D0D7E90423134309
:10E51000BFD0BBF1400F27D0C9F3803905F12603E6
:10E520004B4402349B780CF8013C95F82A300CF8E7
:10E53000023C7C62ACF1020CABE74FF0000A91E7C1
:10E54000D31D23F00703ADEB030D04AD07F1240445
:10E55000CDF804C00294D7E9011043460095FFF7B7
:10E56000C3FB7C6AAC4698E795F82A300CF8013C6E
:10E5700001347C620CF1FF3C8BE700BF70B586B0C4
:10E580000DF1100C8CE80C000A9B9DF82C500093A8
:10E590009CE80C000195DDE90C56CDE902560446D5
:10E5A000FFF738FF204606B070BD00BF2DE9F04FE1
:10E5B00095B004AF07F11804D7F86880796108F1C5
:10E5C0006C0584E80C00294697F86C3097F8704089
:10E5D000FB60824607F12400FFF71EFC2246D8F8B4
:10E5E00004408346002C07F130014046B8BF0624A2
:10E5F00012F0DCFBD8F80C3003F482738CB0B3F566
:10E60000827F04AE00F0D180EBF714F8D7E91E2327
:10E61000F862CDE90223009407F130032D22314640
:10E6200007F12C00F1F78EFF2C28B8625BDC28463E
:10E63000FDF7CAFCBC6A017FE21D22F00702ADEBC8
:10E64000020D0DF11705EA0801293A610346A146BA
:10E6500025F0070506EB040200F0FA80002900F01F
:10E66000D0801968D1F81C907E49894540F0D68049
:10E67000B24200F0D78022463146284615F024F9F0
:10E68000BC6AA146002C49D022462E21304615F006
:10E6900097F8002800F0C980801B3A699BF8243065
:10E6A00000F832309BF810302844002B3BD1D8F8CA
:10E6B0000820914566DB3C7FBE690023C8F808301E
:10E6C00044B9336829461B6B4A463046984748454B
:10E6D00018BF012450464437CAF800608AF8044045
:10E6E000BD46BDE8F08F00F1080323F00703ADEB52
:10E6F000030D00F10109EAF79DFFD7E91E2304AEDF
:10E70000CDE90223F862009407F130034A4607F18D
:10E710002C003146F1F716FFB86288E79BF81030FD
:10E72000002BC4D0204663003278073323F0070360
:10E73000ADEB030D2D2A04AE05D02B2A03D03446B1
:10E740004FF0000908E0013CBC62344615F8013B7B
:10E7500004F8013B4FF00109DBE902129BF8253078
:10E76000009007F12800CDE9014503907869FEF794
:10E770001BFDBB6AD8F80820994491453546C7F877
:10E78000289098DAD31D23F00703ADEB030D07F1B2
:10E790002804019504ADF968786900954346029410
:10E7A000FFF7A2FAD7F8289085E7EAF743FFD7E901
:10E7B0001E34F862CDE900342D2207F130033146D2
:10E7C00007F12C00F1F7BEFE2C28B8627FF72FAFBF
:10E7D00000F1080323F00703ADEB030D441CEAF737
:10E7E00029FFD7E91E2304AECDE90023F86207F123
:10E7F0003003224607F12C003146F1F7A3FEB86240
:10E8000015E7C7E90102F0F77BFFD7E90132196884
:10E81000D1F81C90134989453FF42AAF1846314678
:10E820002B46C847BC6AA1462CE79BF81030002B4A
:10E830003FF43DAF022C7FF776AF7378303B092B66
:10E840003FF635AFB378303B092B3FF630AF6AE780
:10E85000B2423FF417AF22463146284615F034F84D
:10E8600010E700BF91F6000070B588B00DF1180CEC
:10E870008CE80C000C9B9DF8345000939CE80C0035
:10E88000019500250295DDE90E56CDE904560446B2
:10E89000FFF78CFE204608B070BD00BF2DE9F04F99
:10E8A00095B004AF07F11804D7F86880796108F1D2
:10E8B0006C0584E80C00294697F86C3097F8704096
:10E8C000FB60824607F12400FFF7A6FA2246D8F83B
:10E8D00004408346002C07F130014046B8BF0624AF
:10E8E00012F064FAD8F80C3003F482738CB0B3F5EC
:10E8F000827F04AE00F0D180EAF79CFED7E91E23A8
:10E90000F862CDE90223009407F130032D2231464D
:10E9100007F12C00F1F716FE2C28B8625BDC2846C4
:10E92000FDF752FBBC6A017FE21D22F00702ADEB4E
:10E93000020D0DF11705EA0801293A610346A146C7
:10E9400025F0070506EB040200F0FA80002900F02C
:10E95000D0801968D1F81C907E49894540F0D68056
:10E96000B24200F0D78022463146284614F0ACFF70
:10E97000BC6AA146002C49D022462E21304614F014
:10E980001FFF002800F0C980801B3A699BF82430E3
:10E9900000F832309BF810302844002B3BD1D8F8D7
:10E9A0000820914566DB3C7FBE690023C8F808302B
:10E9B00044B9336829461B6B4A4630469847484558
:10E9C00018BF012450464437CAF800608AF8044052
:10E9D000BD46BDE8F08F00F1080323F00703ADEB5F
:10E9E000030D00F10109EAF725FED7E91E2304AE65
:10E9F000CDE90223F862009407F130034A4607F19B
:10EA00002C003146F1F79EFDB86288E79BF8103084
:10EA1000002BC4D0204663003278073323F007036D
:10EA2000ADEB030D2D2A04AE05D02B2A03D03446BE
:10EA30004FF0000908E0013CBC62344615F8013B88
:10EA400004F8013B4FF00109DBE902129BF8253085
:10EA5000009007F12800CDE9014503907869FEF7A1
:10EA6000A3FBBB6AD8F80820994491453546C7F8FE
:10EA7000289098DAD31D23F00703ADEB030D07F1BF
:10EA80002804019504ADF96878690095434602941D
:10EA9000FFF72AF9D7F8289085E7EAF7CBFDD7E901
:10EAA0001E34F862CDE900342D2207F130033146DF
:10EAB00007F12C00F1F746FD2C28B8627FF72FAF45
:10EAC00000F1080323F00703ADEB030D441CEAF744
:10EAD000B1FDD7E91E2304AECDE90023F86207F1AA
:10EAE0003003224607F12C003146F1F72BFDB862C6
:10EAF00015E7C7E90102F0F703FED7E9013219680B
:10EB0000D1F81C90134989453FF42AAF1846314685
:10EB10002B46C847BC6AA1462CE79BF81030002B57
:10EB20003FF43DAF022C7FF776AF7378303B092B73
:10EB30003FF635AFB378303B092B3FF630AF6AE78D
:10EB4000B2423FF417AF22463146284614F0BCFECD
:10EB500010E700BF91F6000070B588B00DF1180CF9
:10EB60008CE80C000C9B9DF8345000939CE80C0042
:10EB700001954C250295DDE90E56CDE90456044673
:10EB8000FFF78CFE204608B070BD00BF10B50446EC
:10EB90000068636882B070B101332AD00024D1E9E3
:10EBA000000388B1013315D00020201AB0FA80F09C
:10EBB000400902B010BDA3F1FF34D1E90003B4FA5B
:10EBC00084F464090028EDD1A3F1FF30B0FA80F09D
:10EBD0004009EAE7D0E902239A42E5D303680191AC
:10EBE0005B6A984701300199DED100230B60012058
:10EBF000DBE7D0E902239A42D0D3036801915B6A34
:10EC0000984701300199C9D1002323600124C6E748
:10EC100010B50446D0E900300BB1421C00D010BD45
:10EC2000D3E902218A4201D2107810BD1A68184631
:10EC3000536A9847431C04BF0023236010BD00BFE4
:10EC40002DE9F04F87B000AF01467C6DB96004F14B
:10EC50006C0007F1100484E80C00D7F84C80FDF735
:10EC6000B3F93B6D9B00073323F007038146ADEBFF
:10EC7000030D07F140012046FFF788FF88B1BB6D07
:10EC8000BA6D1B6843F00403136007F1100393E8A7
:10EC90000300BB681C3783E803001846BD46BDE887
:10ECA000F08F06462046FFF7B3FF3B6D5FFA80FA10
:10ECB000002BE4D0A8F1040BC7F84C806D46C84681
:10ECC0003446D7F8509008E0D8F800309B68984751
:10ECD000824508D00136B1450CD05BF8043F197865
:10ECE00051454046F0D145F824600136B14504F164
:10ECF0000104F2D10023012CD7F84C80FB605FD9CE
:10ED0000D5F800A058F82A0016F0DAFCAB46814688
:10ED100001265BF8043F58F8230016F0D1FC0136B9
:10ED2000814528BF8146A642F3D33869D0E9021253
:10ED3000914280F0BD8001318160FB6801334FF06A
:10ED4000FF324B45FB607A6199D23869002800F0A8
:10ED50009380D0E902239A4280F0AE800026D7E962
:10ED60001003002800F08280013300F08780002328
:10ED70009E4284D000265346B346D7F80CA00DE03F
:10ED8000DBB2994517BF04F1FF34013655F8243042
:10ED900045F82630B44211D955F8263058F82330BA
:10EDA000386913F80A907B690028E9D05A1CE7D12A
:10EDB000D0E902239A4271D21378E2E7012C9FD85E
:10EDC000012C7FF45CAF386906F066FD2B687B6030
:10EDD00058F823404FF0FF3520467D6116F070FC57
:10EDE000FA68531C8342834680F08B802244661964
:10EDF000924606442BE0D0E902239A4280F08880B4
:10EE00004FF00008D7E9100350B301335ED0002360
:10EE100098453FF434AF38699AF801907B690AF15C
:10EE2000010808B1591C5FD0DBB299457FF427AFC8
:10EE30003869D0E9023293425ED2013383600AF12D
:10EE4000020A46457D61AAEB040A59D0C2463869D8
:10EE50000028D0D1D7E910034FF001080028D4D101
:10EE6000A3F1FF33B3FA83F35B09D1E7A3F1FF33D7
:10EE7000B3FA83F35B097BE7012670E7D0E902234D
:10EE80009A42FFF474AF03685B6A984701304FF011
:10EE900000037FF46DAF3B64012369E703685B6A9D
:10EEA0009847431C12BFC3B2C7F810B0FF2368E7EE
:10EEB0000268926A904740E703685B6A98470130AE
:10EEC0007FF44CAF00233B61012648E7D0E90223E1
:10EED0009A429CD303685B6A984701304FF0000365
:10EEE00096D13B64012393E7D0E9023293421AD2D0
:10EEF0001A784A45A1D0C2E603689B6A98479EE704
:10EF000053469B457FF4BBAEBB6C7A681A60BCE687
:10EF100003685B6A984701307FF472AF00233B615E
:10EF20004FF001086EE703685B6A9847421C08BF10
:10EF30000022034608BF3A6176E700BF2DE9F04F93
:10EF400085B000AF0146FC6C796004F16C0007F1FC
:10EF5000080484E80C00D7F84480FDF735F8BA6C53
:10EF60006B46A3EBC2039D46824607F1380120465B
:10EF7000FFF70CFE6E46002800F0B3800024FB680B
:10EF80002546A146B8684FF0000B002844D0013355
:10EF90007AD04FF0000AD7E90E03002846D001339B
:10EFA00065D00023534548D0D7E9020308B15A1C65
:10EFB00079D05FFA83FE002C45D000239C4604E004
:10EFC0000CF1010C01339C4217D959F82320AA42B5
:10EFD0004FEA830009EB8301F2D956F8232058F851
:10EFE0002220525D724540D0013C9C4256F82420BC
:10EFF000325059F824200A60E7D8A4451DD0B868DB
:10F00000D0E902239A4255D2013282604FF0FF3399
:10F01000FB6001350028BAD1A3F1FF3AD7E90E030E
:10F02000BAFA8AFA4FEA5A1A0028B8D1A3F1FF3384
:10F03000B3FA83F35B095345B6D1012C3FD1D9F81C
:10F040000030AB4245D03B6D3A6D1B6843F0040382
:10F05000136007F1080393E803007B68143783E823
:10F0600003001846BD46BDE8F08F0133ABE7D0E999
:10F070000212914295D303685B6A9847013090D1A0
:10F08000C7F838B001238DE7D0E902239A4280D334
:10F0900003685B6A984701307FF47BAFC7F808B01C
:10F0A0004FF0010A77E7D0E902239A4267D292F83B
:10F0B00000E080E703689B6A9847B868A6E7022CDF
:10F0C000C1D1D9F80030AB4203D0D9F80430AB42FB
:10F0D000B9D1BA6C33689342A8BF9B1A3A6C1360DB
:10F0E000B7E781462046FFF793FDBB6C5D00C2B2D7
:10F0F00053D04C464B46A8F1040BA946C7F84480B0
:10F100001D46A046144608E0DAF800309B68984790
:10F11000844208D001354D450CD05BF8043F197886
:10F12000A1425046F0D146F8285001354D4508F12E
:10F130000108F2D14446D7F84480002C3FF41FAFB9
:10F14000A500B86806F0A8FBEB1D23F00703ADEBA4
:10F15000030DE9464FF0FF334D44FB60A6F1040B6D
:10F16000CA465BF8043F58F8230016F0A9FA4AF89B
:10F17000040B5545F5D14FF0FF33012502E7036835
:10F180005B6A9847B0F1FF3F86460ABFC7F808B0F0
:10F190005FFA80FE4FF0FF0E0DE7FB682C46A94694
:10F1A000F0E600BF2DE9F0419CB00AACDDF890809C
:10F1B000259F054608F16C000E4684E80C00FDF71B
:10F1C000AFFE836800220D92DA6A15921A6B1692CE
:10F1D0005A6B17929A6C0E92DA6C0F921A6D10920B
:10F1E0005A6D11929A6D1292DA6D13921A6E1492F0
:10F1F0009A6B1892DA6B19921A6C5B6C1A921B93C9
:10F200000DAA07230692CDF8148004930EAB039346
:10F210000CAB029322AB93E803008DE80300314668
:10F2200008AE304694E80C00FFF788FE96E803002D
:10F230000D9B84E803000646EBB9269A0C9B93616C
:10F240000B9BFEB101333AD04FF00008DDE92203F9
:10F2500010B3013326D00023434503D13B6843F06C
:10F2600002033B600A9694E8030085E80300284601
:10F270001CB0BDE8F0813B6843F004033B600B9B8E
:10F28000002EDFD1A3F1FF38DDE92203B8FA88F8B8
:10F290004FEA58180028DCD1A3F1FF33B3FA83F307
:10F2A0005B09D9E7D0E902239A42D4D303685B6AA9
:10F2B0009847A0F1FF33B3FA83F35B09CCE7D6E9B3
:10F2C00002239A42C0D3336830465B6A98470130C4
:10F2D0000ABF4FF001084FF000080026B6E700BF54
:10F2E0002DE9F043A7B00AACDDF8C090DDF8C4808A
:10F2F000054609F16C0084E80C000F46FDF710FE8E
:10F300008368D3F894200E92D3F898200F92D3F804
:10F310009C201092D3F8A0201192D3F8A42012922E
:10F32000D3F8A8201392D3F8AC201492D3F8B020CD
:10F330001592D3F8B4201692D3F8B8201792D3F8C8
:10F34000BC201892D3F8C02019925A6E1A929A6E65
:10F350001B92DA6E1C921A6F1D92D3F874C0CDF80E
:10F3600078C0D3F878C0CDF87CC0D3F87CC0CDF895
:10F3700080C0D3F880C0CDF884C0D3F884C0CDF865
:10F3800088C00DF1340ED3F888C0CDF88CC00C21A4
:10F390000EA8D3F88CC0D3F890302593CDE9059E04
:10F3A000CDE903010CAA002302920D932EAB93E842
:10F3B00003008DE8030008AE304694E80C0039469F
:10F3C000CDF890C0FFF7BAFD96E803000D9B84E8E6
:10F3D00003000646F3B9329A0C9B0B9F136116B3D8
:10F3E0007B1C3CD00027DDE92E0328B3013329D054
:10F3F0000023BB4205D1D8F8003043F00203C8F81F
:10F4000000300A9694E8030085E80300284627B0F8
:10F41000BDE8F083D8F800300B9F43F00403C8F830
:10F420000030002EDCD1DDE92E03A7F1FF37B7FA5B
:10F4300087F77F090028D9D1A3F1FF33B3FA83F30B
:10F440005B09D6E7D0E902239A42D1D303685B6A0D
:10F450009847A0F1FF33B3FA83F35B09C9E7D6E914
:10F4600002239A42BED3336830465B6A9847013024
:10F470000ABF012700270026B5E700BF2DE9F04F9E
:10F480009FB00DF1380A8AE80C002A9B099103F11C
:10F490006C0483462046DDF8B480FDF741FD034649
:10F4A00020460A93FCF790FD0546404616F008F901
:10F4B0008146DDE90E0600241094002838D001367C
:10F4C00065D00026DDE9280300283AD0013300F09A
:10F4D000D7800023B342109B3BD0A14539D9002BE4
:10F4E0003AD118F804106B1808EB040793F81D21A3
:10F4F0000E464AB92B688E481B6A83423AD129B11D
:10F500002E440A4686F81D11252A4DD0DDE90E034A
:10F510003E7810B15A1C00F0C980DBB29E422DD05B
:10F52000109B0F9E43F00403109301340028C6D1B2
:10F53000DDE92803A6F1FF36B6FA86F6760900283B
:10F54000C4D1A3F1FF33B3FA83F35B09B342109B39
:10F55000C3D1002B00F0A4802B9B2B9A1B6843F097
:10F56000040313609AE803008BE8030058461FB0B9
:10F57000BDE8F08F284698470146C0E706F08CF9B1
:10F580000E984FF0FF3601340F960028D0D0D0E906
:10F5900002239A4295D303685B6A9847013090D161
:10F5A00000230E9301268DE7661C18F806106B18D1
:10F5B0000F4693F81D215AB92B685D481B6A834298
:10F5C00040F08380002978D02F440A4687F81D1127
:10F5D0000023452A119301D04F2A65D1023418F82F
:10F5E00004106B180E4693F81D215AB92B68504829
:10F5F0001B6A834240F0978000295FD02E440A4660
:10F6000086F81D11413A382A58D8DFE812F0BC01BB
:10F61000CD016200ED0157005700570046016A0115
:10F620005700570057007501570057005700570003
:10F630009B01DA00FC0157005700570006026200E8
:10F640000A0257005700570057005700570014018F
:10F65000930086028A02AF025700570093005700BA
:10F66000570057005700D102F802570057005700C3
:10F6700057005700FD00570057005700F701620080
:10F68000D0E902239A42FFF424AF03685B6A9847EB
:10F6900001304FF000037FF41DAF2893012319E7D9
:10F6A000A1457FF459AF5DE73446ABE7D0E90232BC
:10F6B000934280F0C0821B7830E73446109B0F9E47
:10F6C00043F0040310930E982FE72846984701460D
:10F6D00078E72A9B069310AB0793042042F20F733E
:10F6E000CDE904300023039311AB029328AB93E8D8
:10F6F00003008DE803000CAE9AE80C00099930462F
:10F70000FCF780FC96E80300109B8AE80300002BBE
:10F7100077D1119B2C9A0F9E002BB4BF6433A3F2B8
:10F720006C735361CFE728469847014664E700BFF2
:10F730002DF600000A9B9B68D3F894201292D3F810
:10F7400098201392D3F89C201492D3F8A0201592FD
:10F75000D3F8A4201692D3F8A8201792D3F8AC209F
:10F760001892D3F8B0201992D3F8B4201A92D3F893
:10F77000B8201B92D3F8BC201C92D3F8C0300CAE3A
:10F780001D932A9B059310AB06930C23049312AB95
:10F79000039311AB029328AB93E803008DE80300B9
:10F7A00009999AE80C003046FFF74AFA96E80300F8
:10F7B000109B8AE8030023BB2C9A119B0F9E1361B8
:10F7C00081E72A9B069310AB079302273D23CDE9DF
:10F7D00004370023039311AB029328AB93E8030093
:10F7E0008DE803000CAE9AE80C0009993046FCF74E
:10F7F00009FC96E80300109B8AE80300002B00F048
:10F8000015820F9E0E9890E65046FFF701FA0022EF
:10F81000C1B22846FCF78CFB09287FF44FAF0E9845
:10F8200006F03AF80E984FF0FF3601340F96002894
:10F830007FF4ADAE7CE60A9B9B689A6C1292DA6C00
:10F8400013921A6D14925A6D15929A6D1692DA6D82
:10F8500017921B6E0CAE18932A9B059310AB069360
:10F860000723049312AB039311AB029328AB93E8E5
:10F8700003008DE8030009999AE80C003046FFF771
:10F88000DFF996E80300109B8AE80300002BB8D14B
:10F890002C9A119B0F9E936115E72A9B069310AB40
:10F8A000079302211723CDE904310CAE0023039303
:10F8B00011AB029328AB93E803008DE8030009998C
:10F8C0009AE80C003046FCF79DFB96E80300109B7D
:10F8D0008AE80300002B94D12C9A119B0F9E936011
:10F8E000F1E62A9B069310AB079302220C23CDE985
:10F8F00004320CAE0123DAE72A9B069310AB079380
:10F900004FF0020C3B23CDE9043C0023039311ABE1
:10F91000029328AB93E803008DE803000CAE9AE84D
:10F920000C0009993046FCF76DFB96E80300109B2C
:10F930008AE80300002B7FF464AF2C9A119B0F9E82
:10F940005360C0E6964912AE33468A1D2846FCF73E
:10F95000C3FA05962C9B04932A9B029310AB039346
:10F9600028AB93E803008DE803000CAE30460999FC
:10F970009AE80C00FFF782FD96E803008AE803008E
:10F980000F9E0E98D1E50A9B9B68DA6A12921A6B59
:10F9900013925A6B14929A6B1592DA6B16921A6C38
:10F9A00017925B6C0CAE56E70A9B9B685A6E1292DC
:10F9B0009A6E1392DA6E14921A6F15925A6F16920B
:10F9C0009A6F1792DA6F1892D3F880201992D3F8B1
:10F9D00084201A92D3F888201B92D3F88C201C9292
:10F9E000D3F890300CAECBE66E4A12AEA2F109010C
:10F9F00033462846FCF770FA0596ABE70A9B9B68EE
:10FA00009B680593A6E7684912AE334601F10902E7
:10FA10002846FCF761FA05969CE70A9B9B681B69E0
:10FA2000EFE75046FFF7F4F8AA69C3B2D35CD907F1
:10FA30007FF544AE2A9B05935C4B039310AB069372
:10FA400012AE0E230493029628AB93E803008DE8D0
:10FA500003000CAF099938469AE80C00FFF7F0F85C
:10FA600097E803008AE8030028A95046FFF78EF8BC
:10FA700000287FF4C6AE109A129B13437FF4C1AEE8
:10FA80005046FFF7C5F82B7FC2B2002B00F0DF8095
:10FA900095F84A309A420CD05046FFF7B9F82B7FC0
:10FAA000C2B2002B00F0DB8095F848309A427FF418
:10FAB000A8AE10AB07932A9B06930223059300225E
:10FAC0001723CDE90323029628A903C98DE8030073
:10FAD00009999AE80C003846FCF794FA02230022B0
:10FAE0000593CDE902622A9B069310A83B23049359
:10FAF000079097E8030028AB8AE8030093E8030027
:10FB00008DE80300099938469AE80C00FCF77AFA68
:10FB100097E803008AE8030073E60A9B9B689B69E9
:10FB20006FE72A9B069310AB079302271F23CDE9AB
:10FB300004370CAE0123039311AB029328AB93E877
:10FB400003008DE8030009999AE80C003046FCF7A1
:10FB500059FA96E80300109B8AE80300002B7FF413
:10FB600050AE2C9A119B0F9ED360ACE55046FFF728
:10FB70004FF8AA69C3B2D35C1E074CD50E9805F0A6
:10FB80008BFE2A9B06934FF0FF330F9301230593BF
:10FB9000039310AB079309230CAE0493CCE700BF8B
:10FBA000AC530400A9530400B4530400BCC90500BD
:10FBB0002A9B069310AB07934FF0020E0C23CDE95E
:10FBC000043E0123039311AB029328AB93E8030097
:10FBD0008DE803000CAE9AE80C0009993046FCF75A
:10FBE00011FA96E80300109B8AE80300002B7FF4CB
:10FBF00008AE119B2C9A0F9E013B136163E55046A2
:10FC0000FFF706F80022C1B22846FCF791F90A284E
:10FC10007FF454AD03E62A9B069310AB07930220B2
:10FC20001F23CDE904300CAE0A2384E72C9A119BE4
:10FC30000F9E136047E503685B6A9847431C02D038
:10FC4000C3B20E986AE400200E90FF2366E42D21D3
:10FC500028460B92FBF76CFE0B9A03461AE72B2102
:10FC600028460B92FBF764FE0B9A03461EE700BF83
:10FC70002DE9F0418AB0DDE9126708AC054606F1CE
:10FC80006C0084E80C008846FDF74AF983681B691C
:10FC90000593149B0296CDE9037310AB93E8030020
:10FCA0008DE8030006AE304694E80C004146FFF7AD
:10FCB000E5FB96E8030084E8030006460B46C0B166
:10FCC000013333D04FF00008DDE91003D8B1013320
:10FCD0001FD00023434503D13B6843F002033B6040
:10FCE000089694E8030085E8030028460AB0BDE8BA
:10FCF000F081DDE91003A1F1FF38B8FA88F84FEA86
:10FD000058180028E3D1A3F1FF33B3FA83F35B095A
:10FD1000E0E7D0E902239A42DBD303685B6A9847A5
:10FD2000A0F1FF33B3FA83F35B09D3E7D0E90223F1
:10FD30009A42C7D303685B6A984701300ABF4FF005
:10FD400001084FF000080026BEE700BF2DE9F04192
:10FD50008AB0DDE9126708AC054606F16C0084E85C
:10FD60000C008846FDF7DCF883689B680593149BBC
:10FD70000296CDE9037310AB93E803008DE803000E
:10FD800006AE304694E80C004146FFF777FB96E854
:10FD9000030084E8030006460B46C0B1013333D0AC
:10FDA0004FF00008DDE91003D8B101331FD0002364
:10FDB000434503D13B6843F002033B60089694E857
:10FDC000030085E8030028460AB0BDE8F081DDE9BC
:10FDD0001003A1F1FF38B8FA88F84FEA5818002844
:10FDE000E3D1A3F1FF33B3FA83F35B09E0E7D0E992
:10FDF00002239A42DBD303685B6A9847A0F1FF3382
:10FE0000B3FA83F35B09D3E7D0E902239A42C7D35D
:10FE100003685B6A984701300ABF4FF001084FF052
:10FE200000080026BEE700BF2DE9F04F8DB0044664
:10FE300018991A9D049406A880E80C006C3109A852
:10FE4000FDF7EAFF16A9064606A8FEF79FFE8146C3
:10FE5000002800F07F820024337CA2462746A84A6F
:10FE600005920B92002B40F06E8296F8643003935B
:10FE7000002B40F0AB80B9F1000F40F0DF834B4620
:10FE8000CDF80490DFF87C920293A4F13003092BA3
:10FE900043D82B6853E903B20BF10107974204D80A
:10FEA00053F8042C002A40F31781394628460DF1F7
:10FEB0002C08EEF775FE2B6853F80C2C9C542A681E
:10FEC000A2F10C034B4508BF012740F0D5810698ED
:10FED000D0E90232934263D2013383604FF0FF33A3
:10FEE0000793D0E902239A4280F08B820024DDE957
:10FEF0001603002864D0013300F0F0800023A342F1
:10FF000000F0C380DDE9060410B1611C00F0FC8143
:10FF1000E4B2A4F13003092BBBD996F82430A342F4
:10FF200000F0808296F85C30A34204D096F86230EC
:10FF3000A34240F0AA80019B002B40F0E083002FF9
:10FF400000F0A380652128460DF12C08EEF732FF62
:10FF5000069805F0A1FC4FF0FF3316A906A80793F9
:10FF6000FEF714FE0190002840F08F8006A8FEF7EF
:10FF70004FFE96F84B30C4B2A34200F0818296F84F
:10FF80004A30A34240F08A822D2128460DF12C08E8
:10FF9000EEF710FF06980197D0E9023293429BD307
:10FFA00003689B6A0DF12C08984706984FF0FF33C1
:10FFB00007930124002894D1DDE9160300289AD183
:10FFC000A3F1FF33B3FA83F35B0998E7B9F1000FAC
:10FFD00040F03483337CCDF8049006F14E0BCDF81D
:10FFE000089023B196F82530A34200F0508196F88E
:10FFF0002430A34200F088800A222146584613F09C
:020000022000DC
:10000000DFFB002800F0DB802B6853E90392A0EBB4
:100010000B0409F1010730349742E4B204D853F8D5
:10002000042C002A40F37781394628460DF12C082C
:10003000EEF7B6FD2B6853F80C2C9C542A68314916
:10004000A2F10C038B4240F00F82039F0AF1010AD8
:100050000698D0E90232934280F08E8001338360AB
:100060004FF0FF330793D0E902239A4280F0CE820B
:100070000024DDE91603002800F09080013300F031
:1000800031810023A34240F091800B9C54F80C3C3A
:10009000002B00F04881029B002B00F0D8810DF16D
:1000A0002C08D6E90201424610F026FF002840F055
:1000B0003A811999134B04220A6006AA92E80300B8
:1000C000049A82E80300A4F10C00984240F0928266
:1000D00004980DB0BDE8F08F5A46EFE6D0E9022350
:1000E0009A42FFF40BAF03685B6A0DF12C08984746
:1000F00001304FF000037FF402AF16930123FEE6B8
:1001000050E9050044E90500029B002B40F0058101
:10011000019B002B40F001810B9B53F80C3C2BB151
:100120000BA85FFA8AF18046EEF744FE2B6853E98C
:10013000039209F10104944204D853F8042C002AD4
:1001400040F3F380214628460DF12C08EEF728FDF8
:100150002B6853F80C2C2E2199542A68AF49A2F130
:100160000C038B4240F08E810698039B0293D0E9EA
:1001700002329342FFF472AF03689B6A0DF12C08C0
:10018000984706984FF0FF33079300287FF46BAF32
:10019000DDE91603039C00287FF470AFA3F1FF3361
:1001A000B3FA83F35B09A3423FF46FAFDDE90604C2
:1001B00010B1621C00F01781E4B2337C11E796F8AD
:1001C0005C30A34204D096F86230A3427FF45DAF66
:1001D000019B002B7FF459AF002F3FF456AF0B9BD0
:1001E00053F80C3C1BB1029B002B00F0A2802B6843
:1001F00053E9039209F10104944204D853F8042C02
:10020000002A40F39480214628460DF12C08EEF791
:10021000C7FC2B6853F80C1C65225A542A687F4986
:10022000A2F10C038B4240F03B810698D0E90232E8
:10023000934280F04481013383604FF0FF3316A96D
:1002400006A807930DF12C08FEF7A0FC01900028EA
:100250007FF41BAFDDE9060410B1631C00F0CA8017
:10026000E4B296F84B10A14225D096F84A30A3424A
:1002700021D0337C0197B4E65B44002142F80C7C2A
:1002800042F8041C4FF000025A7301271FE6029B3C
:10029000002B42D1019B002B3FD1BAF1000F00F09F
:1002A000F9810BA85FFA8AF18046EEF783FD0023FF
:1002B00002939A46CCE6337C23B196F82520A242DD
:1002C00000F0958196F82420A24200F0D780A14248
:1002D0000CBF2B212D2128460DF12C08EEF76AFDCD
:1002E0000197B5E6D0E902239A42FFF4CAAE03684B
:1002F0005B6A0DF12C08984701304FF000037FF442
:10030000C1AE1693039BBDE6D0E90232934280F062
:1003100089811C78B9E54A468FE60B9C54F80C3C61
:10032000002B7FF4BCAE3D4BC7E64A4613E7494677
:1003300072E70BA85FFA8AF18046EEF73BFD56E7BD
:10034000374B05930B930DF12C0820214046EEF717
:1003500027FC8AE506A8FEF75BFC96F84B10C4B2B2
:10036000A14200F0B28096F84A30A34200F0AD807E
:10037000337C0027BA464FF030081BB196F8252091
:10038000A242DDD096F82420A2423FF468AD96F850
:100390004E20A2427FF463AD002F00F0C480069887
:1003A000D0E9023293420AF1010A80F0E880013379
:1003B0004FF0FF3283600792D0E902239A4280F027
:1003C0000C810027DDE91603002800F0E8800133E6
:1003D00000F0EB800023BB4240F09C804FF001090D
:1003E000337C4F463BE5D0E90232934280F04581B1
:1003F0001C78E2E6D0E90232934280F063811C78F7
:100400002FE703685B6A0DF12C08984701307FF4F1
:100410006DAD00230693012469E500BF44E90500A2
:1004200050E90500029B002B7FF47CAD019B002B63
:1004300000F0158196F85C30A3423FF46EAF019A4C
:1004400096F86230A34208BF012201921DE6019B8B
:10045000002B7FF424AE5FFA8AF10DF12C084046A0
:10046000EEF7A8FC0B9C1CE64B44002142F80C7CE8
:1004700042F8041C4FF000025A73E6E50197B0E51C
:100480002B2182E54B44002142F80C4C42F8041C1D
:100490004FF000025A73039B0293D9E50197F4E4ED
:1004A0004B44002142F80C4C42F8041C4FF000026F
:1004B0005A730698D0E902329342FFF4BCAE036847
:1004C0009B6A0DF12C089847B7E6337C23B196F868
:1004D0002520A2423FF44DAF96F82420A2423FF4DB
:1004E00048AFA1420CBF2B212D212846EEF762FC1C
:1004F000069805F0D1F94FF0FF3316A906A8079327
:10050000FEF744FB002800F0B3800027337C8146CF
:10051000BA46A4E4DDE9060408B1671C57D0E4B28A
:10052000337C012729E72B6853E9037207F1010B9C
:10053000934503D853F8042C002A46DD5946284633
:10054000EEF72EFB2B6853F80C2C03F802802A6878
:100550006F49A2F10C038B423FF421AF3B440021D1
:1005600042F80CBC42F8041C4FF000025A73069883
:10057000D0E9023293420AF1010AFFF418AF03688E
:100580009B6A984706984FF0FF330793012700288E
:100590007FF412AFDDE9160300287FF418AFA3F152
:1005A000FF33B3FA83F35B0915E7D0E902239A42DC
:1005B000FFF410AF03685B6A984701304FF0000307
:1005C0007FF409AF1693012305E73A46BDE7D0E96A
:1005D0000232934239D21C78A2E703685B6A9847DB
:1005E00001307FF4EEAE002306930127EAE6019383
:1005F0001F46F6E454F8043C5A1E002B44F8042C21
:100600003FF766AD0AA9EEF75DF961E503685B6A3D
:100610000DF12C08984701307FF42AAD0023039C8C
:10062000069326E503685B6A0DF12C089847421C87
:1006300009BF0023C4B20693FF2426E40B9C54F8A0
:100640000C3C002B7FF407AF6DE603685B6A9847AC
:10065000441C09BF0023C4B20693FF2460E72E2187
:1006600028460DF12C08EEF7A5FB012302932EE49A
:1006700006A8FEF7CDFAC4B27AE603685B6A0DF10C
:100680002C089847431C04467FF496AD002306933C
:10069000FF2492E52A681E4B52F8041C00291EDD37
:1006A000A2F10C0098421CBF01F1FF3142F8041C7A
:1006B000059A2A600B9C54F80C2C002A3FF4FDACE0
:1006C0000021CAE603685B6A0DF12C089847411CBB
:1006D00004467FF4C5AD00230693FF24C1E5A2F1D3
:1006E0000C019942E6D082F800A00B9C42F80CACB9
:1006F00042F804AC54F80C2C002AE1D1DDE40123CB
:100700000193C2E44046EEF705FAE8F753F800BF5C
:1007100044E905002DE9F0438DB008AC0DF128093E
:1007200084E80C000546434B0A938846484620213E
:10073000DDE91676EEF734FACDE90369029714ABDA
:1007400093E803008DE8030006AF94E80C004146EF
:100750003846FFF769FB97E803000A9F84E8030027
:100760008046E8F767FF0B90189938460BAB324686
:100770000FF0D8FF099FB8F1000F1ED07B1C2BD0C3
:100780000027DDE9140308B3013335D000239F426D
:1007900003D1336843F002033360CDF8208094E83E
:1007A00003000A9B244A85E80300A3F10C00904251
:1007B0002FD128460DB0BDE8F083DDE91403A7F181
:1007C000FF37B7FA87F77F090028DDD1A3F1FF33A0
:1007D000B3FA83F35B09DAE7D8E902239A42CFD36D
:1007E000D8F8003040465B6A9847013006BF4FF0AA
:1007F000000801270027C4E7D0E902239A42C5D3A5
:1008000003685B6A9847A0F1FF33B3FA83F35B098F
:10081000BDE753F8042C511E002A43F8041CC8DC21
:100820000BA9EEF74FF8C4E74846EEF773F9E7F780
:10083000C1FF00BF50E9050044E905002DE9F04380
:100840008DB008AC0DF1280984E80C000546434B37
:100850000A93884648462021DDE91676EEF7A0F98E
:10086000CDE90369029714AB93E803008DE8030018
:1008700006AF94E80C0041463846FFF7D5FA97E8F2
:1008800003000A9F84E803008046E8F7D3FE0B903C
:10089000189938460BAB32460FF098FF099FB8F114
:1008A000000F1ED07B1C2BD00027DDE9140308B3FA
:1008B000013335D000239F4203D1336843F0020354
:1008C0003360CDF8208094E803000A9B244A85E831
:1008D0000300A3F10C0090422FD128460DB0BDE8D3
:1008E000F083DDE91403A7F1FF37B7FA87F77F0933
:1008F0000028DDD1A3F1FF33B3FA83F35B09DAE714
:10090000D8E902239A42CFD3D8F8003040465B6A38
:100910009847013006BF4FF0000801270027C4E7C1
:10092000D0E902239A42C5D303685B6A9847A0F1D5
:10093000FF33B3FA83F35B09BDE753F8042C511E70
:10094000002A43F8041CC8DC0BA9EDF7BBFFC4E781
:100950004846EEF7DFF8E7F72DFF00BF50E9050046
:1009600044E905002DE9F0438DB008AC0DF12809EC
:1009700084E80C000546434B0A93884648462021EC
:10098000DDE91676EEF70CF9CDE90369029714ABB1
:1009900093E803008DE8030006AF94E80C0041469D
:1009A0003846FFF741FA97E803000A9F84E80300FE
:1009B0008046E8F73FFE0B90189938460BAB32465D
:1009C0000FF066FF099FB8F1000F1ED07B1C2BD0E3
:1009D0000027DDE9140308B3013335D000239F421B
:1009E00003D1336843F002033360CDF8208094E8EC
:1009F00003000A9B244A85E80300A3F10C009042FF
:100A00002FD128460DB0BDE8F083DDE91403A7F12E
:100A1000FF37B7FA87F77F090028DDD1A3F1FF334D
:100A2000B3FA83F35B09DAE7D8E902239A42CFD31A
:100A3000D8F8003040465B6A9847013006BF4FF057
:100A4000000801270027C4E7D0E902239A42C5D352
:100A500003685B6A9847A0F1FF33B3FA83F35B093D
:100A6000BDE753F8042C511E002A43F8041CC8DCCF
:100A70000BA9EDF727FFC4E74846EEF74BF8E7F779
:100A800099FE00BF50E9050044E905002DE9F04F4B
:100A90008FB00DF1200B1A9C049004F16C010BA88F
:100AA0008BE80C00FDF7B8F9E36803F04A0ABAF1E5
:100AB000400F054600F09582BAF1080F42D04FF082
:100AC0000A0918A95846FEF761F8002840F001828B
:100AD0005846FEF79DF895F84A30C4B2A3420CBFC1
:100AE00001230023069303D095F84B30A34237D15E
:100AF0002B7C1BB195F82520A24232D095F82420FA
:100B0000A2422ED0089804F0C7FE4FF0FF3318A978
:100B100058460993FEF73AF88046E8B10027B9F144
:100B2000100F2B7C3E466BD11622059201929F4AF4
:100B30000D92002B6CD00DAB202118460293EEF7DE
:100B40002FF865E018A95846FEF720F8002840F075
:100B50006D824FF01009BBE75846FEF759F8C4B252
:100B60002B7C00273E46B846574623B195F82520F2
:100B7000A24200F0AA8195F82420A24200F0A581AB
:100B800095F84E20A24200F00581002E00F09D81D4
:100B900095F84C20A24204D095F84D20A24240F096
:100BA0004082002F00F0C780B9F1100F40F06C8236
:100BB0004FF0000846460898D0E902239A4280F098
:100BC000C48001324FF0FF3382600993D0E90223E1
:100BD0009A4280F038824FF0000ADDE918030028BD
:100BE00000F0C480013300F02B810023534540F016
:100BF000C5802B7C47464FF00108B9F1100F93D008
:100C0000CDF81490CDF80490684A0D92002B92D143
:100C1000069B95F864A0CDF81C90002B14BF4FF0F4
:100C200000436FF000430393B3FBF9F30093BAF171
:100C3000000F40F06781B8F1000F40F06582019B22
:100C40003033DBB20593D046019B0A2B00F3B28010
:100C50002F2C40F23881059BA34240F23481303C76
:100C6000009B434580F0B0800898D0E9023293425F
:100C70004FF0010A80F0B980013383604FF0FF33F9
:100C80000993D0E902239A4280F00B820024DDE927
:100C90001803002800F0BB80013300F0FC80002323
:100CA000A34240F0BC8001240D9B53F80C2C42BBA6
:100CB0000FB9002E3DD0BAF1000F00F09581069AD1
:100CC000002A14BF4FF000426FF000421C990A60E6
:100CD0001B9904220A602CB11B9A1B99126842F0DE
:100CE00002020A609BE80300314C049DA3F10C0250
:100CF000A24285E8030040F0BA8104980FB0BDE835
:100D0000F08F0023F9B201930DAB18469946029378
:100D1000EEF750F8D5E902014A4610F0EDF8002848
:100D200000F069810D9B002F00F06C81019A002A70
:100D3000C1D00022CAE70898D0E902239A42B846F7
:100D40003E464FF01009FFF43CAF03689B6A98479A
:100D500008984FF0FF3309934FF0010A00287FF401
:100D600035AFDDE9180300287FF43CAFA3F1FF3372
:100D7000B3FA83F35B0953453FF43BAFDDE9080465
:100D800010B1631C00F02481E4B2002E00F08581D4
:100D90002B7CEAE6002E4AD0B9F10A0F7FF4F8AEB8
:100DA000002F49D1B8464FF0080904E750E9050083
:100DB00044E90500A4F13000C3B2092B60D8009BC0
:100DC00043450446FFF450AF039B089808FB09F81D
:100DD0001B1B434538BF4AF0010AD0E90232934257
:100DE00007F10107A044FFF447AF03680DAA9B6A0F
:100DF0000292984708984FF0FF3309930124002886
:100E00007FF43FAFDDE9180300287FF445AFA3F17D
:100E1000FF33B3FA83F35B09A3423FF444AFDDE948
:100E2000080410B1621C00F00781E4B20CE76FB354
:100E3000B9F1080F00F0D28008F101080126BAE6E6
:100E4000D0E902239A42FFF4D0AE03685B6A984768
:100E500001304FF000037FF4C9AE18930123C5E6BB
:100E600003680DAA5B6A02929847431C0446DCD1D2
:100E700000230893019B0A2B4FF0FF047FF7EBAE92
:100E8000A4F16103052B18D8573CE9E6B8460126C2
:100E90004FF008098FE6D0E902239A42FFF4FFAE33
:100EA00003680DAA5B6A0292984701304FF0000375
:100EB0007FF4F6AE18930123F2E6A4F14103052B6B
:100EC00001D8373CCCE60024EEE647464FF0000858
:100ED00093E62E7CCDF814904A468F4B0D93002E4E
:100EE00040F0BC8095F8648007926FF00043B3FB3C
:100EF000F2F20092B8F1000F00F0DF800393069643
:100F000034463746B8F1000F40F0E6802B7C019361
:100F1000C24605F14E091BB195F82530A3423FD0DA
:100F200095F82430A342CED0059A2146484612F0C7
:100F300047FC0028C7D0A0EB0904009B0F2CC8BFBA
:100F4000063C434541D3079B08FB03F8039B1B1B4F
:100F5000434538BF4AF0010A0137A0440898D0E958
:100F6000023293422BD2013383604FF0FF33099357
:100F700018A90DAB58460293FDF708FE0446002859
:100F80007FF492AE0DAB58460293FDF741FE2B7CE9
:100F90000193C4B2002BC3D095F82530A342BFD132
:100FA000002F00F09E800DA8F9B20290EDF702FF2D
:100FB0000898D0E9023293424FF00007D3D3036878
:100FC0000DAA9B6A02929847CFE74FF0010AC5E746
:100FD000D0E90232934275D21C78D6E6B04601269B
:100FE000E9E54FF008096CE5069AC2B1C8F10002C4
:100FF0001C990A606FE61B9A042313600D9B002F57
:101000007FF494AE002E7FF491AE53F80C2C002A9E
:101010003FF48FAE019A002A7FF48BAE4BE6424636
:10102000E6E7474601264FF00008E6E516232E7C4A
:1010300005931022994650E7D0E902329342BFF45B
:101040000FAF1C7800E603685B6A984701307FF4B5
:10105000C2AD002308934FF0010ABEE50024B0465C
:10106000CDF80490264691462746069463E553F84A
:10107000041C481E002943F8040C3FF73EAE0CA99F
:101080001046EDF71FFC38E64746CDF81490CDF832
:1010900004904FF000080126B6E547462B7CB04689
:1010A000ABE503680DAA5B6A0292984701307FF4B2
:1010B000EDAD002308930124E9E50696B246B0465B
:1010C0003746F0E503685B6A9847411C09BF002377
:1010D000C4B20893FF2458E644464FF00008C246C5
:1010E000E2E50D9B53F80C2C32B91C9A3EB11B99CA
:1010F000176004220A60F5E53C46394604E61B9970
:10110000166004220A60EDE54446D046CCE502981C
:10111000EDF700FDE7F74EFB50E9050010B588B08C
:101120000DF1180C8CE80C000C9A02920AAA0446E5
:101130000B4692E803008DE803000D9A0E98039287
:1011400019469CE80C0004902046FFF79FFC2046BF
:1011500008B010BD2DE9F04F8FB00DF1280989E8D6
:101160000C001A9A0B46D168C907824620D4029215
:101170001B9A039218AA92E803008DE8030019460F
:101180000DAB08AC04934FF0FF3599E80C002046F6
:101190000D95FFF77BFC94E803000D9B012B89E87C
:1011A000030000F2AF801C9A03F0010313704FE0BC
:1011B00002F16C010DA8FCF72FFE046A83698046DA
:1011C000002C40F0FA80002B00F0278101260A98BD
:1011D0000B9B012700253946002872D0013300F00F
:1011E000CE804FF0000BDDE91803002873D00133E7
:1011F00000F0B38000235B4574D0DDE90A0310B131
:101200005A1C00F0CE80DBB256BBD8F81C20525DD1
:101210009A4227D1002C00F0F780002F40F0858003
:10122000002E40F015810A98D0E90232934205F170
:10123000010528D2013383604FF0FF330B9354BB79
:10124000002F74D11C99002204230A701B9A13608A
:1012500099E803008AE8030050460FB0BDE8F08F1C
:101260000029D7D1002C40F0BA80D8F81420525D64
:101270009A42E7D10A98D0E9023293424FF001072F
:1012800005F10105D6D303689B6A98474FF0FF33F9
:101290000B93002CD4D0D8F82060002F52D0D8F86F
:1012A0001830AB4240F28380AE428CBF002601264C
:1012B0003C4600220A9821464FF0FF33144600288E
:1012C0008CD1A3F1FF3BDDE91803BBFA8BFB4FEA9E
:1012D0005B1B00288BD1A3F1FF33B3FA83F35B09C7
:1012E0005B458AD121B1D8F82030AB4200F0B38001
:1012F00027B1D8F81830AB4200F0C3801C9A002305
:101300001370AFE01C9901220A701B9A042313602A
:1013100018A94846FDF73AFC002899D01B9B1B9A58
:101320001B6843F00203136092E73C467BE7D8F862
:1013300018309D4203D385D1002D83D058E022463A
:101340003E46B7E7AE42FAD8AE427FF47BAF002EFE
:101350006CD01C9A0023137078E7D0E902239A42DC
:10136000FFF448AF036807915B6A9847013007991B
:101370004FF000037FF43FAF189301233BE7D0E920
:1013800002239A42FFF42DAF036807915B6A9847E6
:10139000013007997FF425AF00230A934FF0010B2A
:1013A00021E7D0E902239A420CD213782CE7AE420F
:1013B00042D93A463C4600267CE7B3FA83F46409F6
:1013C000002604E7036807915B6A9847431C04BF43
:1013D00000230A93079914BFC3B2FF2314E7002F19
:1013E0003FF430AFD8F81830AB427FF42BAF2DB1BB
:1013F0001C9A01231370002328E773B11C9A1570FF
:101400001B9A0423136023E7D8F81420525D9A42F4
:1014100009D0EEB92746012405E71C990B701B9BE8
:1014200004221A6014E701273C46FCE61C9A167059
:101430001B9A042313600BE7D6D1002DDDD01C9935
:101440000022AB420A70D6D11B9A04231360FFE638
:10145000D8F8206078E74DB9002F1C9A14BF2B46AE
:101460003B4613701B9A06231360F1E61C9A002377
:1014700013700FB90223E9E6D8F81830AB42F9D15E
:10148000E2E71DB11C9A01231370F3E71C9B1D704A
:10149000E8E700BF2DE9F04F8FB008A91A9C039030
:1014A00081E80C000BA804F16C01FCF7B5FCE368C3
:1014B00003F04A09B9F1400F054600F09C82B9F1EA
:1014C000080F43D018A908A8FDF760FB4FF00A08E1
:1014D0008246002840F0998208A8FDF799FB95F80C
:1014E0004A30C4B2A3420CBF01230023079303D0A8
:1014F00095F84B30A34238D12B7C1BB195F82520B1
:10150000A24233D095F82420A2422FD0089804F0AC
:10151000C3F94FF0FF3318A908A80993FDF736FB6C
:101520008246F0B10027B8F1100F2B7C3E466DD1FA
:101530001622049202929C4A0D92002B6ED00DABA3
:10154000202118460593EDF72BFB67E018A908A8A2
:10155000FDF71CFB8246002840F094824FF01008F3
:10156000BAE708A8FDF754FBC4B22B7C00274A4613
:101570003E46B946174623B195F82520A24200F011
:10158000AA8195F82420A24200F0A58195F84E206A
:10159000A24200F0FC80002E00F09D8195F84C20C6
:1015A000A24204D095F84D20A24240F06682002F5E
:1015B00000F0BE80B8F1100F40F08F824FF00009AC
:1015C0004E460898D0E90232934280F0BB80013346
:1015D00083604FF0FF330993D0E902239A4280F0F1
:1015E00064824FF0000ADDE91803002800F0BB8098
:1015F000013300F02A8100239A4540F0BC802B7C07
:101600004F464FF0010AB8F1100F91D0CDF810807D
:10161000CDF80880644A0D92002B90D195F8649023
:101620004FF6FF73B3FBF8F30193B9F1000F40F0ED
:101630005681BAF1000F40F07F82029B03F130091E
:10164000D3465FFA89F9029B0A2B00F3B1802F2C55
:1016500040F23E81A14540F23B81303C019B534525
:1016600080F0B0800898D0E9023293424FF0010B2D
:1016700080F0C080013383604FF0FF330993D0E9DD
:1016800002239A4280F036820024DDE91803002804
:1016900000F0C280013300F0038100239C4240F03F
:1016A000C3804FF001090D9B53F80C2C32BB0FB9CE
:1016B000002E3BD0BBF1000F00F0C1814FF6FF724E
:1016C0001C990A801B9904220A60B9F1000F05D009
:1016D0001B9A1B99126842F002020A6008AA92E85B
:1016E0000300324C039DA3F10C02A24285E80300E3
:1016F00040F0E68103980FB0BDE8F08F0023F9B207
:1017000002930DAB18461C460593EDF753FBD5E944
:10171000020122460FF0F0FB002800F09A810D9B99
:10172000002F00F09D81029A002AC3D00022C7E753
:101730000898D0E902329342B9463E464FF010086D
:10174000FFF445AF03689B6A984708984FF0FF3352
:1017500009934FF0010A00287FF43EAFDDE918033A
:1017600000287FF445AFA3F1FF33B3FA83F35B099D
:101770009A453FF444AFDDE9080410B1631C00F062
:101780003081E4B2002E00F0B1812B7CF3E6002E14
:1017900052D0B8F10A0F7FF401AF002F51D1B946F2
:1017A0004FF008080DE700BF50E9050044E90500C7
:1017B000A4F13003DAB2092A67D81C46019B5345CD
:1017C000FFF450AF18FB0AF3C4F57F429BB2FF321F
:1017D00008989342D4BF59464BF0010123441FFAA5
:1017E00083FAD0E90232934207F101075FFA81FBE5
:1017F000FFF440AF03680DAA9B6A059298470898CA
:101800004FF0FF330993012400287FF438AFDDE95E
:10181000180300287FF43EAFA3F1FF33B3FA83F33C
:101820005B099C423FF43DAFDDE9080410B1621C46
:1018300000F03481E4B206E76FB3B8F1080F00F0AE
:10184000D78009F101090126BBE6D0E902239A42BB
:10185000FFF4D1AE03685B6A984701304FF0000394
:101860007FF4CAAE18930123C6E603680DAA5B6A2B
:1018700005929847431C0446DCD100230893029B41
:101880000A2B4FF0FF047FF7E5AEA4F16103052BAF
:1018900018D8573CE2E6B94601264FF0080890E612
:1018A000D0E902239A42FFF4F8AE03680DAA5B6AFE
:1018B0000592984701304FF000037FF4EFAE189384
:1018C0000123EBE6A4F14103052B01D8373CC5E623
:1018D0004FF00009E7E64F464FF0000A93E6BAF1F1
:1018E000000F40F02D8105F14E0306932B7C0293EF
:1018F000D3461BB195F82530A3424BD095F8243040
:10190000A342E5D02146069C049A204611F058FFD8
:101910000028DDD0001B019B0F28C8BF06385345A7
:101920005DD318FB0AF3C0F57F419BB2FF318B42B8
:10193000D4BF5A464BF00102184401375FFA82FBCC
:101940001FFA80FA0898D0E90232934231D201336B
:1019500083604FF0FF330993D0E902239A4280F06D
:10196000DF800024DDE91803002832D0013356D08F
:1019700000239C423FF497AE0DAB08A80593FDF7FA
:1019800047F92B7C0293C4B2002BB7D095F82530D1
:10199000A342B3D1002F00F0D8800DA8F9B2059072
:1019A000EDF708FA0898D0E9023293424FF00007A9
:1019B000CDD303680DAA9B6A0592984708984FF00B
:1019C000FF3309934C460028C6D1DDE918030028EF
:1019D000CCD1A3F1FF33B3FA83F35B09C9E7CB465C
:1019E000B0E7D0E90232934280F090801C78C9E6DB
:1019F000B1460126E5E518A908A8FDF7C7F84FF09C
:101A00000808824600283FF467AD00242B7CCDF8FF
:101A10001080CDF80880274626460794FAE5D0E9DD
:101A200002239A42A4D303680DAA5B6A05929847E1
:101A300001304FF000039CD118934B4699E7079A69
:101A40001AB1CAF100021FFA82FA1C9AA2F800A089
:101A50003BE61B9A042313600D9B002F7FF463AEBB
:101A6000002E7FF460AE53F80C2C002A3FF45EAEDB
:101A7000029A002A7FF45AAE1CE64F464FF0000A45
:101A80000126C0E5162300241A46049327462B7C22
:101A9000079426464FF010080292BBE5D0E90232C7
:101AA0009342BFF4E2AE1C78CDE503685B6A9847C9
:101AB00001307FF496AD002308934FF0010A92E5C0
:101AC00053F8041C481E002943F8040C3FF712AEDB
:101AD0000CA91046ECF7F6FE0CE64F46CDF8108048
:101AE000CDF808804FF0000A012693E52B7C4F4685
:101AF000B24688E503680DAA5B6A059298470130F3
:101B00007FF4C2AD002308930124BEE503685B6A3D
:101B10009847411C09BF0023C4B20893FF2431E653
:101B200003680DAA5B6A0592984701307FF419AFEC
:101B3000002308934C4615E7CB46D146DA46B2E57A
:101B4000D1464FF0000AD346ADE50D9B53F80C2C5F
:101B500032B91C9A3EB11B99178004220A60BDE578
:101B6000B9463946CDE51B99168004220A60B5E5D1
:101B70000598ECF7CFFFE6F71DFE00BF10B588B063
:101B80000DF1180C8CE80C000C9A02920AAA04467B
:101B90000B4692E803008DE803000D9A0E9803921D
:101BA00019469CE80C0004902046FFF773FC204681
:101BB00008B010BD2DE9F04F8FB008A91A9C039012
:101BC00081E80C000BA804F16C01FCF725F9E3682F
:101BD00003F04A09B9F1400F054600F09482B9F1CB
:101BE000080F43D018A908A8FCF7D0FF4FF00A0847
:101BF0008246002840F0918208A8FDF709F895F880
:101C00004A30C4B2A3420CBF01230023079303D080
:101C100095F84B30A34238D12B7C1BB195F8252089
:101C2000A24233D095F82420A2422FD0089803F086
:101C300033FE4FF0FF3318A908A80993FCF7A6FF5D
:101C40008246F0B10027B8F1100F2B7C3E466DD1D3
:101C50001622049202929C4A0D92002B6ED00DAB7C
:101C6000202118460593ECF79BFF67E018A908A808
:101C7000FCF78CFF8246002840F08A824FF0100863
:101C8000BAE708A8FCF7C4FFC4B22B7C00274A4679
:101C90003E46B946174623B195F82520A24200F0EA
:101CA000A68195F82420A24200F0A18195F84E204B
:101CB000A24200F0FC80002E00F0998195F84C20A3
:101CC000A24204D095F84D20A24240F05C82002F41
:101CD00000F0BE80B8F1100F40F085824FF000098F
:101CE0004E460898D0E90232934280F0BB8001331F
:101CF00083604FF0FF330993D0E902239A4280F0CA
:101D00005A824FF0000ADDE91803002800F0BB807A
:101D1000013300F0268100239A4540F0BC802B7CE3
:101D20004F464FF0010AB8F1100F91D0CDF8108056
:101D3000CDF80880644A0D92002B90D195F86490FC
:101D40004FF0FF33B3FBF8F30193B9F1000F40F00C
:101D50005281BAF1000F40F07582029B03F1300905
:101D6000D3465FFA89F9029B0A2B00F3B1802F2C2E
:101D700040F23A81A14540F23781303C019B534506
:101D800080F0B0800898D0E9023293424FF0010B06
:101D900080F0BC80013383604FF0FF330993D0E9BA
:101DA00002239A4280F02C820024DDE918030028E7
:101DB00000F0BE80013300F0FF8000239C4240F021
:101DC000BF804FF001090D9B53F80C2C32BB0FB9AB
:101DD000002E3BD0BBF1000F00F0B9814FF0FF3275
:101DE0001C990A601B9904220A60B9F1000F05D002
:101DF0001B9A1B99126842F002020A6008AA92E834
:101E00000300324C039DA3F10C02A24285E80300BB
:101E100040F0DC8103980FB0BDE8F08F0023F9B2E9
:101E200002930DAB18461C460593ECF7C3FFD5E9AA
:101E3000020122460FF060F8002800F090810D9B0F
:101E4000002F00F09381029A002AC3D00022C7E736
:101E50000898D0E902329342B9463E464FF0100846
:101E6000FFF445AF03689B6A984708984FF0FF332B
:101E700009934FF0010A00287FF43EAFDDE9180313
:101E800000287FF445AFA3F1FF33B3FA83F35B0976
:101E90009A453FF444AFDDE9080410B1631C00F03B
:101EA0002881E4B2002E00F0A7812B7CF3E6002EFF
:101EB0004ED0B8F10A0F7FF401AF002F4DD1B946D3
:101EC0004FF008080DE700BF50E9050044E90500A0
:101ED000A4F13000C3B2092B63D8019B53450446DB
:101EE000FFF450AF0AFB08F30898E14399422CBF76
:101EF0005A464BF0010204EB030A5FFA82FBD0E979
:101F00000232934207F10107FFF444AF03680DAAC0
:101F10009B6A0592984708984FF0FF330993012474
:101F200000287FF43CAFDDE9180300287FF442AFBE
:101F3000A3F1FF33B3FA83F35B099C423FF441AF53
:101F4000DDE9080410B1621C00F02E81E4B20AE75A
:101F50006FB3B8F1080F00F0D38009F10109012631
:101F6000BFE6D0E902239A42FFF4D5AE03685B6A6C
:101F7000984701304FF000037FF4CEAE1893012351
:101F8000CAE603680DAA5B6A05929847431C04469B
:101F9000DCD100230893029B0A2B4FF0FF047FF74C
:101FA000E9AEA4F16103052B18D8573CE6E6B94623
:101FB00001264FF0080894E6D0E902239A42FFF484
:101FC000FCAE03680DAA5B6A0592984701304FF09A
:101FD00000037FF4F3AE18930123EFE6A4F141036D
:101FE000052B01D8373CC9E64FF00009EBE64F4618
:101FF0004FF0000A97E6BAF1000F40F0278105F193
:102000004E0306932B7C0293D3461BB195F82530E3
:10201000A34247D095F82430A342E5D02146069C40
:10202000049A204611F0CCFB0028DDD0001B019B58
:102030000F28C8BF0638534559D30AFB08F3C143DC
:1020400099422CBF5A464BF00102013700EB030ABC
:102050005FFA82FB0898D0E90232934231D2013311
:1020600083604FF0FF330993D0E902239A4280F056
:10207000DD800024DDE91803002832D0013356D07A
:1020800000239C423FF49FAE0DAB08A80593FCF7DC
:10209000BFFD2B7C0293C4B2002BBBD095F825303A
:1020A000A342B7D1002F00F0D6800DA8F9B2059059
:1020B000ECF780FE0898D0E9023293424FF0000717
:1020C000CDD303680DAA9B6A0592984708984FF0F4
:1020D000FF3309934C460028C6D1DDE918030028D8
:1020E000CCD1A3F1FF33B3FA83F35B09C9E7CB4645
:1020F000B0E7D0E90232934280F08E801C78D1E6BE
:10210000B1460126EDE518A908A8FCF73FFD4FF000
:102110000808824600283FF46FAD00242B7CCDF8E0
:102120001080CDF8088027462646079402E6D0E9BD
:1021300002239A42A4D303680DAA5B6A05929847CA
:1021400001304FF000039CD118934B4699E7079A52
:102150000AB1CAF1000A1C9AC2F800A045E61B9A0F
:10216000042313600D9B002F7FF46DAE002E7FF4CF
:102170006AAE53F80C2C002A3FF468AE029A002A8B
:102180007FF464AE26E64F464FF0000A0126CAE50A
:10219000162300241A46049327462B7C07942646D0
:1021A0004FF010080292C5E5D0E902329342BFF425
:1021B000E8AE1C78D7E503685B6A984701307FF486
:1021C000A0AD002308934FF0010A9CE553F8041CCE
:1021D000481E002943F8040C3FF71CAE0CA910461A
:1021E000ECF770FB16E64F46CDF81080CDF808806E
:1021F0004FF0000A01269DE52B7C4F46B24692E542
:1022000003680DAA5B6A0592984701307FF4CCAD54
:10221000002308930124C8E503685B6A9847411CC2
:1022200009BF0023C4B20893FF243BE603680DAA4C
:102230005B6A0592984701307FF41BAF0023089337
:102240004C4617E7CB46D146DA46BCE5D1464FF0BF
:10225000000AD346B7E50D9B53F80C2C32B91C9AF3
:102260003EB11B99176004220A60C7E5B94639469A
:10227000D7E51B99166004220A60BFE50598ECF7C4
:1022800049FCE6F797FA00BF10B588B00DF1180CBD
:102290008CE80C000C9A02920AAA04460B4692E8BB
:1022A00003008DE803000D9A0E98039219469CE8EE
:1022B0000C0004902046FFF77DFC204608B010BDBE
:1022C0002DE9F04F8FB008A91A9C039081E80C000B
:1022D0000BA804F16C01FBF79FFDE36803F04A09CA
:1022E000B9F1400F054600F09482B9F1080F43D0D0
:1022F00018A908A8FCF74AFC4FF00A0882460028F3
:1023000040F0918208A8FCF783FC95F84A30C4B2EB
:10231000A3420CBF01230023079303D095F84B3051
:10232000A34238D12B7C1BB195F82520A24233D093
:1023300095F82420A2422FD0089803F0ADFA4FF070
:10234000FF3318A908A80993FCF720FC8246F0B1D6
:102350000027B8F1100F2B7C3E466DD11622049257
:1023600002929C4A0D92002B6ED00DAB2021184694
:102370000593ECF715FC67E018A908A8FCF706FC24
:102380008246002840F08A824FF01008BAE708A879
:10239000FCF73EFCC4B22B7C00274A463E46B946B9
:1023A000174623B195F82520A24200F0A68195F8A2
:1023B0002420A24200F0A18195F84E20A24200F014
:1023C000FC80002E00F0998195F84C20A24204D0A8
:1023D00095F84D20A24240F05C82002F00F0BE80B4
:1023E000B8F1100F40F085824FF000094E46089872
:1023F000D0E90232934280F0BB80013383604FF01A
:10240000FF330993D0E902239A4280F05A824FF0B9
:10241000000ADDE91803002800F0BB80013300F05A
:10242000268100239A4540F0BC802B7C4F464FF01C
:10243000010AB8F1100F91D0CDF81080CDF80880C6
:10244000644A0D92002B90D195F864904FF0FF33C1
:10245000B3FBF8F30193B9F1000F40F05281BAF1E8
:10246000000F40F07582029B03F13009D3465FFAFA
:1024700089F9029B0A2B00F3B1802F2C40F23A819C
:10248000A14540F23781303C019B534580F0B0803C
:102490000898D0E9023293424FF0010B80F0BC80E3
:1024A000013383604FF0FF330993D0E902239A424E
:1024B00080F02C820024DDE91803002800F0BE80A3
:1024C000013300F0FF8000239C4240F0BF804FF0BA
:1024D00001090D9B53F80C2C32BB0FB9002E3BD0D9
:1024E000BBF1000F00F0B9814FF0FF321C990A6078
:1024F0001B9904220A60B9F1000F05D01B9A1B99A1
:10250000126842F002020A6008AA92E80300324C04
:10251000039DA3F10C02A24285E8030040F0DC8198
:1025200003980FB0BDE8F08F0023F9B202930DAB12
:1025300018461C460593ECF73DFCD5E902012246FE
:102540000EF0DAFC002800F090810D9B002F00F0C7
:102550009381029A002AC3D00022C7E70898D0E9E5
:1025600002329342B9463E464FF01008FFF445AFA1
:1025700003689B6A984708984FF0FF3309934FF020
:10258000010A00287FF43EAFDDE9180300287FF43C
:1025900045AFA3F1FF33B3FA83F35B099A453FF4E8
:1025A00044AFDDE9080410B1631C00F02881E4B2F7
:1025B000002E00F0A7812B7CF3E6002E4ED0B8F160
:1025C0000A0F7FF401AF002F4DD1B9464FF0080834
:1025D0000DE700BF50E9050044E90500A4F1300013
:1025E000C3B2092B63D8019B53450446FFF450AF97
:1025F0000AFB08F30898E14399422CBF5A464BF076
:10260000010204EB030A5FFA82FBD0E90232934233
:1026100007F10107FFF444AF03680DAA9B6A059216
:10262000984708984FF0FF330993012400287FF45E
:102630003CAFDDE9180300287FF442AFA3F1FF337C
:10264000B3FA83F35B099C423FF441AFDDE9080430
:1026500010B1621C00F02E81E4B20AE76FB3B8F14A
:10266000080F00F0D38009F101090126BFE6D0E987
:1026700002239A42FFF4D5AE03685B6A98470130A3
:102680004FF000037FF4CEAE18930123CAE603682F
:102690000DAA5B6A05929847431C0446DCD10023CF
:1026A0000893029B0A2B4FF0FF047FF7E9AEA4F1D9
:1026B0006103052B18D8573CE6E6B94601264FF0D2
:1026C000080894E6D0E902239A42FFF4FCAE0368BE
:1026D0000DAA5B6A0592984701304FF000037FF422
:1026E000F3AE18930123EFE6A4F14103052B01D8C3
:1026F000373CC9E64FF00009EBE64F464FF0000AC1
:1027000097E6BAF1000F40F0278105F14E030693DA
:102710002B7C0293D3461BB195F82530A34247D0BA
:1027200095F82430A342E5D02146069C049A204621
:1027300011F046F80028DDD0001B019B0F28C8BF10
:102740000638534559D30AFB08F3C14399422CBFBD
:102750005A464BF00102013700EB030A5FFA82FB95
:102760000898D0E90232934231D2013383604FF0AE
:10277000FF330993D0E902239A4280F0DD800024E0
:10278000DDE91803002832D0013356D000239C42E3
:102790003FF49FAE0DAB08A80593FCF739FA2B7CEC
:1027A0000293C4B2002BBBD095F82530A342B7D119
:1027B000002F00F0D6800DA8F9B20590ECF7FAFAD8
:1027C0000898D0E9023293424FF00007CDD3036856
:1027D0000DAA9B6A0592984708984FF0FF3309931A
:1027E0004C460028C6D1DDE918030028CCD1A3F15E
:1027F000FF33B3FA83F35B09C9E7CB46B0E7D0E90F
:102800000232934280F08E801C78D1E6B1460126D8
:10281000EDE518A908A8FCF7B9F94FF008088246B9
:1028200000283FF46FAD00242B7CCDF81080CDF84C
:10283000088027462646079402E6D0E902239A42FA
:10284000A4D303680DAA5B6A0592984701304FF044
:1028500000039CD118934B4699E7079A0AB1CAF135
:10286000000A1C9AC2F800A045E61B9A04231360D4
:102870000D9B002F7FF46DAE002E7FF46AAE53F8EF
:102880000C2C002A3FF468AE029A002A7FF464AE52
:1028900026E64F464FF0000A0126CAE5162300241B
:1028A0001A46049327462B7C079426464FF01008BF
:1028B0000292C5E5D0E902329342BFF4E8AE1C783B
:1028C000D7E503685B6A984701307FF4A0AD002329
:1028D00008934FF0010A9CE553F8041C481E002998
:1028E00043F8040C3FF71CAE0CA91046EBF7EAFFC7
:1028F00016E64F46CDF81080CDF808804FF0000A5C
:1029000001269DE52B7C4F46B24692E503680DAA51
:102910005B6A0592984701307FF4CCAD00230893A1
:102920000124C8E503685B6A9847411C09BF00237E
:10293000C4B20893FF243BE603680DAA5B6A0592C4
:10294000984701307FF41BAF002308934C4617E7EC
:10295000CB46D146DA46BCE5D1464FF0000AD34615
:10296000B7E50D9B53F80C2C32B91C9A3EB11B995C
:10297000176004220A60C7E5B9463946D7E51B99B6
:10298000166004220A60BFE50598ECF7C3F8E5F786
:1029900011FF00BF10B588B00DF1180C8CE80C00C9
:1029A0000C9A02920AAA04460B4692E803008DE8AC
:1029B00003000D9A0E98039219469CE80C000490AF
:1029C0002046FFF77DFC204608B010BD2DE9F04100
:1029D0008CB008AC84E80C00149E159BCDE9026312
:1029E000D6F80C8028F04A0343F00803F3600BABE1
:1029F000049312AB05460A4693E803008DE80300F2
:102A000006AF1146384694E80C00FFF759FC169AB9
:102A10000B9BC6F80C80136097E8030084E8030062
:102A200085E8030028460CB0BDE8F0812DE9F04FA1
:102A300093B00CA91E9C069081E80C000FA804F12D
:102A40006C01FBF7E9F9E36803F04A0ABAF1400FB9
:102A5000054600F0D882BAF1080F43D04FF00A09BA
:102A60001CA90CA8FCF792F8002840F029820CA8B9
:102A7000FCF7CEF895F84A30C4B2A3420CBF01234C
:102A80000023099303D095F84B30A34238D12B7C17
:102A90001BB195F82520A24233D095F82420A242FC
:102AA0002FD00C9802F0F8FE4FF0FF331CA90CA8B1
:102AB0000D93FCF76BF80646F0B14FF00008B9F142
:102AC000100F2B7C474669D1162208920292AD4A1C
:102AD0001192002B6AD011AB202118460393ECF71A
:102AE0005FF863E01CA90CA8FCF750F8002840F040
:102AF000B2824FF01009BAE70CA8FCF789F8C4B20B
:102B00002B7C4FF000084746564623B195F8252008
:102B1000A24200F0298195F82420A24200F02481ED
:102B200095F84E20A24200F02181002F00F01C8178
:102B300095F84C20A24204D095F84D20A24240F0D6
:102B40008782002E00F0E280B9F1100F40F0B182D0
:102B50004FF0000847460C98D0E90232934280F0CB
:102B6000DF80013383604FF0FF330D93D0E9022300
:102B70009A4280F07D824FF0000ADDE91C030028B4
:102B800000F0DF80013300F056810023534540F010
:102B9000E0802B7C0126B9F1100F95D0CDF8209064
:102BA000CDF80890774A1192002B94D1099B4FEAF7
:102BB000E97A002B15BF00204FF0FF304FF00041A5
:102BC0006FF000414A46534604900591CDF81CA091
:102BD00020F01AFA95F864B0CDE90001CDE90A9A1F
:102BE000BBF1000F40F08E81002E40F09982029BD5
:102BF0003033DBB208935E46DA46029B0A2B00F3C1
:102C0000C5802F2C40F25A81089BA34240F2568186
:102C1000303C009BB342019B73EB0A0380F0C380FE
:102C20000C98D0E9023293424FF0010B80F0D8802B
:102C3000013383604FF0FF330D93D0E902239A42B2
:102C400080F03E820024DDE91C03002800F0DA80D9
:102C5000013300F01B810023A34240F0DB800124FC
:102C6000119B53F80C2C002A2DD1B8F1000F01D183
:102C7000002F42D0BBF1000F00F0C881099A002A52
:102C800040F0E2814FF0FF306FF00041209AC2E93E
:102C900000011F9904220A602CB11F9A1F99126823
:102CA00042F002020A600CAA92E80300364C069D2C
:102CB000A3F10C02A24285E8030040F0ED810698E2
:102CC00013B0BDE8F08F00235FFA88F1029311ABD7
:102CD000184699460393ECF76DF8D5E902014A4688
:102CE0000EF00AF9002800F09A81119BB8F1000F4C
:102CF00000F09D81029A002ABCD0209D0021002076
:102D0000C5E900011F9904220A60C5E70C98D0E9C3
:102D100002329342B04637464FF01009FFF421AF1C
:102D200003689B6A98470C984FF0FF330D934FF060
:102D3000010A00287FF41AAFDDE91C0300287FF4A4
:102D400021AFA3F1FF33B3FA83F35B0953453FF49B
:102D500020AFDDE90C0410B1631C00F04B81E4B23C
:102D60002B7C002F7FF4D1AE002614E7002F59D022
:102D7000B9F10A0F7FF4DCAE002E58D1B0464FF007
:102D80000809E8E650E9050044E90500A4F130002F
:102D9000C3B2092B6FD8009BB342019B73EB0A03AC
:102DA0000446FFF43DAF079A0C9809FB0AF306FBB3
:102DB0000233A9FB06621344049A111B059A62EBC5
:102DC000E472B1429A4138BF4BF0010BA61943EBB4
:102DD000E47AD0E90232934208F10108FFF428AF07
:102DE000036811AA9B6A039298470C984FF0FF332F
:102DF0000D93012400287FF420AFDDE91C03002897
:102E00007FF426AFA3F1FF33B3FA83F35B09A34248
:102E10003FF425AFDDE90C0410B1631C00F0218103
:102E2000E4B2EAE66EB3B9F1080F00F0E98008F108
:102E3000010801278FE6D0E902239A42FFF4A5AEEC
:102E400003685B6A9847421C4FF000037FF49EAE14
:102E50001C9301239AE6036811AA5B6A03929847C0
:102E6000411C0446DCD100230C93029B0A2B4FF03B
:102E7000FF047FF7C9AEA4F16103052B18D8573CB6
:102E8000C7E6B04601274FF0080964E6D0E90223FF
:102E90009A42FFF4E0AE036811AA5B6A0392984776
:102EA00001304FF000037FF4D7AE1C930123D3E62B
:102EB000A4F14103052B01D8373CAAE60024CFE654
:102EC0002F7CCDF820904A469A4B1193002F40F06A
:102ED000DA80D3174FF0FF306FF00041CDE90A23BD
:102EE00020F092F895F864600997CDE90001002E72
:102EF00000F0F2804FF0FF326FF00043CDE9042381
:102F00003C46B846002E40F0F6802B7C0293B34638
:102F100005F14E09B2461BB195F82530A3424FD0BA
:102F200095F82430A342C9D0089A2146484610F0AB
:102F300047FC0028C2D0009BA0EB09040F2CC8BF9F
:102F4000063CB342019B73EB0A0350D30A9A0B99D8
:102F500002FB0AF306FB0133A2FB06621344049A48
:102F6000111B059A62EBE472B1429A4138BF4BF0F3
:102F7000010BA61908F1010843EBE47A0C98D0E99B
:102F8000023293422DD2013383604FF0FF330D9311
:102F90001CA911AB0CA80393FBF7F8FD044600280D
:102FA0007FF45EAE11AB0CA80393FBF731FE2B7CD4
:102FB0000293C4B2002BB3D095F82530A342AFD111
:102FC000B8F1000F00F09C8011A85FFA88F103901F
:102FD000EBF7F0FE0C98D0E9023293424FF0000874
:102FE000D1D3036811AA9B6A03929847CDE74FF0AB
:102FF000010BC3E7D0E90232934272D21C78AFE6EC
:10300000B8460127A7E54FF0080929E5099A12B14A
:1030100076426AEB4A0A209AC2E9006A3CE61F9AA5
:1030200004231360119BB8F1000F7FF463AE002FEF
:103030007FF460AE53F80C2C002A3FF45EAE029A87
:10304000002A7FF45AAE15E600204FF000411DE63D
:10305000002601279FE516232F7C0893102299460E
:1030600032E7D0E902329342BFF4F5AE1C78C4E5F2
:1030700003685B6A984701307FF47DAD00230C93B1
:103080004FF0010A79E500243E46CDF80890274626
:103090009146A04609941EE553F8041C481E0029D9
:1030A00043F8040C3FF70BAE10A91046EBF70AFCEF
:1030B00005E6CDF82090CDF808900026012771E5AF
:1030C000036811AA5B6A0392984701307FF4BAAD96
:1030D00000230C930124B6E5BB463E46BA46B846EB
:1030E000BDE503685B6A9847421C09BF0023C4B270
:1030F0000C93FF2434E634460026B246B346AFE5CF
:10310000119B53F80C2C42B9209C00210020C4E9EB
:1031100000011F9904220A60C5E544464146D6E5F0
:103120003446DA465E469BE50398EBF7F3FCE5F799
:1031300041FB00BF50E9050010B588B00DF1180C37
:103140008CE80C000C9A02920AAA04460B4692E8FC
:1031500003008DE803000D9A0E98039219469CE82F
:103160000C0004902046FFF761FC204608B010BD1B
:103170002DE9F04F91B00AA91C9C059081E80C0044
:103180000DA804F16C01FAF747FEE36803F04A0961
:10319000B9F1400F054600F0C682B9F1080F42D0E0
:1031A0001AA90AA8FBF7F2FC0A278246002840F079
:1031B000C3820AA8FBF72CFD95F84A30C4B2A3429B
:1031C0000CBF01230023099303D095F84B30A34291
:1031D00037D12B7C1BB195F82520A24232D095F82F
:1031E0002420A2422ED00A9802F056FB4FF0FF3363
:1031F0001AA90AA80B93FBF7C9FC8246E8B14FF065
:103200000008102F2B7C46466CD1162206920492A1
:10321000A64A0F92002B6BD00FAB202118460793C4
:10322000EBF7BEFC64E01AA90AA8FBF7AFFC8246E4
:10323000002840F0BE821027BBE70AA8FBF7E8FC95
:10324000C4B22B7C4A464FF00008B94646461746A2
:1032500023B195F82520A24200F0C48195F82420DE
:10326000A24200F0BF8195F84E20A24200F01181E9
:10327000002E00F0B78195F84C20A24204D095F8BA
:103280004D20A24240F09082002F00F0D380B9F18F
:10329000100F40F0B8824FF0000846460A98D0E977
:1032A0000232934280F0D080013383604FF0FF33CD
:1032B0000B93D0E902239A4280F08D824FF0000AEE
:1032C000DDE91A03002800F0D080013300F04681C8
:1032D00000239A4540F0D1802B7C4F464FF0010AE5
:1032E000102F92D006970497704A0F92002B93D11B
:1032F000FB173A464FF0FF304FF0FF311FF084FECE
:1033000095F864300193CDE90201002B40F06E8105
:10331000BAF1000F40F0A882049B03F130095FFA74
:1033200089F3D3460193D146049B0A2B00F3C28054
:103330002F2C40F2F281019BA34240F2EE81303CFF
:10334000029B5345039B73EB090380F0C0800A98EE
:10335000D0E9023293424FF0010B80F0D480013368
:1033600083604FF0FF330B93D0E902239A4280F041
:1033700057820024DDE91A03002800F0D6800133CB
:1033800000F0178100239C4240F0D7800123019375
:103390000F9B53F80C2C52BBB8F1000F01D1002E3B
:1033A0003FD0BBF1000F00F0DF811E9C4FF0FF31DA
:1033B0004FF0FF30C4E900011D9904220A60019A10
:1033C0002AB11D9A1D99126842F002020A600AAAE7
:1033D00092E80300364C059DA3F10C02A24285E859
:1033E000030040F00382059811B0BDE8F08F002380
:1033F0005FFA88F104930FAB18461C460793EBF76E
:10340000D9FCD5E9020122460DF076FD002800F036
:10341000B6810F9BB8F1000F00F0B981049A002A21
:10342000BFD01E9C00210020C4E900011D99042288
:103430000A60C4E70A98D0E902329342B8463E4691
:103440004FF01009FFF430AF03689B6A98470A9861
:103450004FF0FF330B934FF0010A00287FF429AFA0
:10346000DDE91A0300287FF430AFA3F1FF33B3FA8C
:1034700083F35B099A453FF42FAFDDE90A0410B1ED
:10348000631C00F04381E4B2002E00F0C5812B7C68
:10349000DEE6002E59D0B9F10A0F7FF4ECAE002F12
:1034A00058D1B8464FF00809F8E600BF50E90500CA
:1034B00044E90500A4F13000C3B2092B6ED8029B89
:1034C0005345039B73EB09030446FFF440AFA7FB8E
:1034D0000A23E117E04307FB093390426FEA01003A
:1034E00098412CBF58464BF001005FFA80FB0A98C8
:1034F00014EB020A43EB0109D0E90232934208F1CE
:103500000108FFF42CAF03680FAA9B6A0792984743
:103510000A984FF0FF330B93012400287FF424AF67
:10352000DDE91A0300287FF42AAFA3F1FF33B3FAD1
:1035300083F35B099C423FF429AFDDE90A0410B133
:10354000621C00F04181E4B2EEE66FB3B9F1080FFE
:1035500000F0E68008F1010801269FE6D0E9022389
:103560009A42FFF4B5AE03685B6A984701304FF0AA
:1035700000037FF4AEAE1A930123AAE603680FAAF4
:103580005B6A07929847431C0446DCD100230A93E8
:10359000049B0A2B4FF0FF047FF7CDAEA4F161032B
:1035A000052B18D8573CCBE6B84601264FF0080942
:1035B00074E6D0E902239A42FFF4E4AE03680FAA4E
:1035C0005B6A0792984701304FF000037FF4DBAE4F
:1035D0001A930123D7E6A4F14103052B00F29D8045
:1035E000373CADE64F464FF0000A79E6BAF1000FDE
:1035F00040F0418105F14E0308932B7C0493D346A0
:10360000D1461BB195F82530A34255D095F824300A
:10361000A34200F082802146089C069A204610F0C2
:10362000CFF8002800F01281029B001B0F28C8BFB2
:1036300006385345039B73EB090364D3A7FB0A23A6
:10364000C117C44307FB093394426FEA01049C414C
:103650002CBF5C464BF0010410EB020A08F1010894
:1036600043EB01095FFA84FB0A98D0E902329342E6
:1036700033D2013383604FF0FF330B93D0E9022341
:103680009A4280F0E5800024DDE91A03002834D056
:10369000013359D000239C423FF47AAE0FAB0AA805
:1036A0000793FBF7B5FA2B7C0493C4B2002BADD083
:1036B00095F82530A342A9D1B8F1000F00F0E280BF
:1036C0000FA85FFA88F10790EBF774FB0A98D0E92E
:1036D000023293424FF00008CBD303680FAA9B6AD3
:1036E000079298470A984FF0FF330B930028C5D1F3
:1036F000DDE91A03019C0028CAD1A3F1FF33B3FA14
:1037000083F35B09C7E7DDF804B0ADE7D0E9023227
:10371000934280F091801C78B6E60023019337E64F
:10372000B0460126BAE51AA90AA8FBF72FFA08271E
:10373000824600283FF43DAD00242B7C0697049779
:10374000A04626460994CFE5D0E902239A42A1D3A8
:1037500003680FAA5B6A0792984701304FF0000395
:1037600099D11A93019B96E7099A22B1DAF10002E6
:10377000924669EB49091E9AC2E900A91FE61D9A03
:10378000042313600F9BB8F1000F7FF447AE002EA7
:103790007FF444AE53F80C2C002A3FF442AE049A56
:1037A000002A7FF43EAEFCE54F464FF0000A0126AA
:1037B00096E5162300241A460693A0462B7C09940E
:1037C0002646102704928FE5D0E902329342BFF4D7
:1037D000D5AE1C78A8E503685B6A984701307FF492
:1037E0006DAD00230A934FF0010A69E553F8041CFC
:1037F000481E002943F8040C3FF7F5AD0EA910460A
:10380000EBF760F8EFE54F46CDF81890CDF8109043
:103810004FF0000A012667E52B7C4F46B2465FE574
:1038200003680FAA5B6A0792984701307FF4A1AD45
:1038300000230A9301249DE503685B6A9847411CB5
:1038400009BF0023C4B20A93FF241DE601909FE53F
:1038500003680FAA5B6A0792984701307FF413AFA1
:103860000023019C0A930FE7DDF804B0CDF804A013
:10387000D946DA468CE5CDF804A04FF0000AD146CF
:10388000D34685E50F9B53F80C2C42B91E9C0021B2
:103890000020C4E900011D9904220A6097E5CDF8D3
:1038A00004804146A7E50798EBF734F9E4F782FF77
:1038B00010B588B00DF1180C8CE80C000C9A02922F
:1038C0000AAA04460B4692E803008DE803000D9A0D
:1038D0000E98039219469CE80C0004902046FFF7CE
:1038E00047FC204608B010BD2DE9F04F93B00DF114
:1038F000300A1E99079001F16C0738468AE80C00DF
:10390000F8F762FB0690AA48E6F72AF91E9BDB6EE1
:10391000DD6855F82060002E00F00483336A06F15C
:10392000380205921BB1B36A003B18BF01230B9309
:10393000337CA04C0F9423B10FAF20213846EBF716
:103940002FF9202110A810940FAFEBF729F94FF0B1
:10395000000BCDE908BB736B119306F13909CDF863
:1039600010B05C46CDF828B011AB13F80B30042B27
:1039700000F21281DFE813F005001201FB00AC0039
:1039800013000125BBF1030F00F0B280DDE90C0349
:10399000002800F01581013340F041813AE1DDE972
:1039A0000C0500284DD0013500F0A8810025DDE987
:1039B0001C0300284ED0013300F08F810023AB425E
:1039C0004FD0DDE90C0710B17B1C00F0A781FFB2DE
:1039D00039460A2248460FF0F3FE002800F02B81FA
:1039E000059B754AC01A1268109B125C039253E93A
:1039F000038208F10105954204D853F8042C002AEB
:103A000040F36981294610A80FAFEBF7C9F8109B66
:103A100053F80C2C03999954109A6849A2F10C039D
:103A20008B4240F0A38101340C98D0E902329342DA
:103A300080F03F81013383604FF0FF350D95002802
:103A4000B1D1DDE91C03A5F1FF35B5FA85F56D09A6
:103A50000028B0D1A3F1FF33B3FA83F35B09AB4283
:103A6000AFD10125109B53F80C3C002B08BF00255B
:103A70000BF1010BBBF1040F3AD0002D7FF474AFB2
:103A80001F9B1F9A1B6843F0040313601CA9504638
:103A90000FAFFBF77BF828B11F9B1F9A1B6843F001
:103AA000020313609AE80300109B079A434C82E8D4
:103AB0000300A3F10C00A04240F093820F9BA3F1FE
:103AC0000C00A04240F09982079813B0BDE8F08F37
:103AD000336A002B40F0C981B36A002B40F0468264
:103AE0000B9B0BF1010BBBF1040F83F00105C4D15B
:103AF000089B012B40F24281002DC1D00A9B002B74
:103B000040F0D981F569089B03F1FF38A844C5F15D
:103B100001090FE06A78DBB29A42B1D10C98D0E982
:103B20000232934280F0D281013383604FF0FF3341
:103B30000D9301351CA9504609EB050B0FAFFBF7A0
:103B400025F8002840F0C781454500F0C481DDE933
:103B50000C030028DED0591CDCD1D0E9023293429C
:103B600080F0D58269781A789142DDD088E71E9B73
:103B7000DB68980500F13481089B012B00F230814D
:103B8000BBF1000F00F02C81BBF1010F00F0968219
:103B9000BBF1020F00F0A382012569E71CA9504682
:103BA0000FAFFAF7F3FF002800F072810025E9E675
:103BB00048EA050050E90500B8C9050044E90500D8
:103BC000A3F1FF38B8FA88F84FEA5818DDE91C036A
:103BD00058B3013300F0AC80002398453FF448AF60
:103BE000DDE90C0310B1591C00F0B380069ADBB27A
:103BF0009269D35C18077FF53BAF0C98D0E902328D
:103C0000934280F02781013383604FF0FF330D939F
:103C10000028D5D0D0E902239A4280F0FA81DDE96C
:103C20001C034FF000080028D3D1A3F1FF33B3FAEF
:103C300083F35B09D1E7737CBB4240D0357C002D18
:103C40003FF40FAFB37CBB427FF40CAF049B002B5F
:103C500040F0EB81002C00F0EA810F9B5FFA84F8C2
:103C600053E90342651C954203D853F8042C002AFB
:103C70005CDD0FAF29463846EAF792FF0F9B53F8F9
:103C80000C2C03F802800F9AA549A2F10C038B4279
:103C900008BF00243FF4C8AE2344002442F80C5C63
:103CA00042F8044C5C730C98D0E902329342FFF462
:103CB000C1AE03689B6A0FAF98470C98BCE6049BA3
:103CC000002BBBD1F36A002B7FF7CBAE0123099405
:103CD00004930446A8E642469CE6D0E902239A42B1
:103CE000FFF46CAE03685B6A0FAF984701304FF08A
:103CF00000037FF464AE1C93012360E6D0E9022345
:103D00009A42FFF453AE03685B6A0FAF98470130E5
:103D10007FF44CAE00230C93012548E6D0E9023233
:103D2000934280F034811F78394652E62246A8E754
:103D3000D0E902239A42FFF44FAF03685B6A0FAFEA
:103D4000984701304FF000037FF447AF1C930123E5
:103D500043E7D0E90232934280F06B8106991A78EA
:103D600089698A5C12073FF54EAF81E64344002122
:103D700042F80C5C42F8041C597354E6002D3FF4E1
:103D80007FAE109B53F80C3C012B00F2AE800A9BD7
:103D9000002B40F006810F9B53F80C3CABB1049B09
:103DA000002B00F091809DF824100FAF3846EBF700
:103DB00001F8D6E902013A460DF09EF828B91F9B9A
:103DC0001F9A1B6843F004031360049B1BB1F36A42
:103DD000A3427FF455AE209810A9EAF7D1FC55E62E
:103DE000B36903934FF0000811E0726912F80820DC
:103DF000DBB29A4229D10C98D0E9023293422FD2F9
:103E0000013383604FF0FF330D9308F101081CA9C3
:103E100050460FAFFAF7BAFE039B0546002840F064
:103E2000D88098453FF4B8AEDDE90C030028DCD01B
:103E3000591CDAD1D0E90232934280F05D81726977
:103E400012F808101A789142DAD0B8F1000F34D085
:103E500000250DE603689B6A0FAF98470C98D4E6DF
:103E600003689B6A0FAF9847CCE71CA950460FAF79
:103E7000FAF78CFE002800F0E780B36A002B75D1BA
:103E8000336A002B3FF42CAE01230A931D46EFE565
:103E900050460FAFFAF7BCFE069BC0B29B691B5C95
:103EA00018077FF583AE0C9801F0F6FC4FF0FF3356
:103EB0000D93012566E5756A25E61E9BDB6883F494
:103EC0000073C3F34025D3E5E1B26EE703689B6A54
:103ED0000FAF98472AE6089B9B457FF4D1AD109B16
:103EE00053F80C3C012B7FF652AF0022302110A872
:103EF000EAF75CFC00283FF44AAF109B53F80C2C07
:103F0000431C08BF02F1FF3082424FF0000328BF7C
:103F10000246194610A80FAFEAF7D6FC37E700BFF4
:103F200044E9050004464420E5F788F80023C0E989
:103F30000133C0E90533C0E90733C0E90933C0E9FB
:103F40000B33C36003828374436380F84330844B34
:103F5000036039460646F8F7F1FB1E9B3146D86EE2
:103F60002246E5F783FD55F82460D7E41CA95046A6
:103F70000FAFFAF70BFE002800F08A80336A002B9F
:103F80003FF4AEADB36A002B7FF4AAAD7CE70368C3
:103F90005B6A0FAF9847451C00F0C480C7B2394632
:103FA00017E5109B53F8042C002A60DA1B78302B9D
:103FB0003FF4F1AE2D23002200931146012310A8F7
:103FC0000FAFEAF71DFD109B4FF0FF3243F8042CB2
:103FD000E1E698453FF44CADB8F1000F7FF438AFFF
:103FE0006BE753F8042C511E002A43F8041C3FF7DA
:103FF00065AD0EA9EAF766FC60E553F8042C511E86
:10400000002A43F8041C3FF75FAD10A9EAF75AFCF9
:104010005AE503685B6A0FAF984701307FF4FFAD44
:1040200000230C934FF00108D0E5049D1AE52546C6
:1040300018E503685B6A0FAF9847471C08BF00226A
:10404000034608BF0C92D1E55046FAF7E1FDF2694C
:104050001278C3B29A427FF410AF336A0C98089377
:1040600001F01AFC4FF0FF330D93012500E510A875
:104070000FAFEAF7A7FC109B1A78302A3FF48BAEFB
:1040800053F8043C002B95DB10A8EAF79BFC91E762
:1040900050460FAFFAF7BCFD726A1278C3B29A426B
:1040A0007FF46CAFB36A0C9808930FAF01F0F4FB88
:1040B0004FF0FF3301250D930A95D9E40B9B002B9C
:1040C0007FF48EAE9DF84430032B3FF489AE9DF80B
:1040D0004630012B3FF484AE4FF0020B44E49DF8D0
:1040E0004730042B3FF47CAE0B9A12B1032B3FF404
:1040F00077AE4FF0030B37E403685B6A0FAF984766
:10410000421C08BF0022034608BF0C926DE60368FC
:104110005B6A0FAF9847421C08BF0022034608BFE6
:104120000C92F7E40023FF210C930F4651E40BF0AF
:1041300099FE336830465B6898470BF087FF0BF0B9
:1041400091FEFAE70BF0CCFEE4F734FB10A8EAF797
:10415000E1FC3846EAF7DEFCE4F72CFBF9E700BFA8
:10416000104504002DE9F04F93B00DF1300A1E996F
:10417000079001F16C0738468AE80C00F7F724FF36
:104180000690AA48E5F7ECFC1E9BDB6EDD6855F84F
:104190002060002E00F00483336A06F13802059295
:1041A0001BB1B36A003B18BF01230B93337CA04CB7
:1041B0000F9423B10FAF20213846EAF7F1FC2021FC
:1041C00010A810940FAFEAF7EBFC4FF0000BCDE90D
:1041D00008BB736B119306F13909CDF810B05C463A
:1041E000CDF828B011AB13F80B30042B00F212817C
:1041F000DFE813F005001201FB00AC0013000125FD
:10420000BBF1030F00F0B280DDE90C03002800F0E1
:104210001581013340F041813AE1DDE90C050028C8
:104220004DD0013500F0A8810025DDE91C030028F0
:104230004ED0013300F08F810023AB424FD0DDE937
:104240000C0710B17B1C00F0A781FFB239460A228F
:1042500048460FF0B5FA002800F02B81059B754AFF
:10426000C01A1268109B125C039253E9038208F192
:104270000105954204D853F8042C002A40F36981C3
:10428000294610A80FAFEAF78BFC109B53F80C2CB3
:1042900003999954109A6849A2F10C038B4240F09B
:1042A000A38101340C98D0E90232934280F03F811F
:1042B000013383604FF0FF350D950028B1D1DDE962
:1042C0001C03A5F1FF35B5FA85F56D090028B0D1BD
:1042D000A3F1FF33B3FA83F35B09AB42AFD10125FE
:1042E000109B53F80C3C002B08BF00250BF1010B71
:1042F000BBF1040F3AD0002D7FF474AF1F9B1F9ABF
:104300001B6843F0040313601CA950460FAFFAF773
:104310003DFC28B11F9B1F9A1B6843F002031360EA
:104320009AE80300109B079A434C82E80300A3F12C
:104330000C00A04240F093820F9BA3F10C00A0421E
:1043400040F09982079813B0BDE8F08F336A002BD4
:1043500040F0C981B36A002B40F046820B9B0BF101
:10436000010BBBF1040F83F00105C4D1089B012BA5
:1043700040F24281002DC1D00A9B002B40F0D98130
:10438000F569089B03F1FF38A844C5F101090FE066
:104390006A78DBB29A42B1D10C98D0E902329342EA
:1043A00080F0D281013383604FF0FF330D930135EC
:1043B0001CA9504609EB050B0FAFFAF7E7FB0028E5
:1043C00040F0C781454500F0C481DDE90C030028B9
:1043D000DED0591CDCD1D0E90232934280F0D58284
:1043E00069781A789142DDD088E71E9BDB689805D2
:1043F00000F13481089B012B00F23081BBF1000FEA
:1044000000F02C81BBF1010F00F09682BBF1020F8E
:1044100000F0A382012569E71CA950460FAFFAF707
:10442000B5FB002800F072810025E9E64CEA0500A2
:1044300050E90500B8C9050044E90500A3F1FF38BB
:10444000B8FA88F84FEA5818DDE91C0358B301336D
:1044500000F0AC80002398453FF448AFDDE90C0341
:1044600010B1591C00F0B380069ADBB29269D35C9C
:1044700018077FF53BAF0C98D0E90232934280F0E9
:104480002781013383604FF0FF330D930028D5D08F
:10449000D0E902239A4280F0FA81DDE91C034FF053
:1044A00000080028D3D1A3F1FF33B3FA83F35B09EB
:1044B000D1E7737CBB4240D0357C002D3FF40FAF79
:1044C000B37CBB427FF40CAF049B002B40F0EB812C
:1044D000002C00F0EA810F9B5FFA84F853E9034255
:1044E000651C954203D853F8042C002A5CDD0FAFFD
:1044F00029463846EAF754FB0F9B53F80C2C03F877
:1045000002800F9AA549A2F10C038B4208BF002438
:104510003FF4C8AE2344002442F80C5C42F8044C3B
:104520005C730C98D0E902329342FFF4C1AE036889
:104530009B6A0FAF98470C98BCE6049B002BBBD13D
:10454000F36A002B7FF7CBAE012309940493044652
:10455000A8E642469CE6D0E902239A42FFF46CAEFC
:1045600003685B6A0FAF984701304FF000037FF498
:1045700064AE1C93012360E6D0E902239A42FFF463
:1045800053AE03685B6A0FAF984701307FF44CAEBF
:1045900000230C93012548E6D0E90232934280F0D3
:1045A00034811F78394652E62246A8E7D0E9022333
:1045B0009A42FFF44FAF03685B6A0FAF9847013030
:1045C0004FF000037FF447AF1C93012343E7D0E98A
:1045D0000232934280F06B8106991A7889698A5C6D
:1045E00012073FF54EAF81E64344002142F80C5CD0
:1045F00042F8041C597354E6002D3FF47FAE109B23
:1046000053F80C3C012B00F2AE800A9B002B40F0CB
:1046100006810F9B53F80C3CABB1049B002B00F0C0
:1046200091809DF824100FAF3846EAF7C3FBD6E916
:1046300002013A460CF060FC28B91F9B1F9A1B68C8
:1046400043F004031360049B1BB1F36AA3427FF49D
:1046500055AE209810A9EAF793F855E6B36903938D
:104660004FF0000811E0726912F80820DBB29A429C
:1046700029D10C98D0E9023293422FD201338360C2
:104680004FF0FF330D9308F101081CA950460FAFFE
:10469000FAF77CFA039B0546002840F0D88098453D
:1046A0003FF4B8AEDDE90C030028DCD0591CDAD1A8
:1046B000D0E90232934280F05D81726912F80810ED
:1046C0001A789142DAD0B8F1000F34D000250DE607
:1046D00003689B6A0FAF98470C98D4E603689B6AFF
:1046E0000FAF9847CCE71CA950460FAFFAF74EFA28
:1046F000002800F0E780B36A002B75D1336A002BE5
:104700003FF42CAE01230A931D46EFE550460FAF50
:10471000FAF77EFA069BC0B29B691B5C18077FF50F
:1047200083AE0C9801F0B8F84FF0FF330D930125DC
:1047300066E5756A25E61E9BDB6883F40073C3F3A8
:104740004025D3E5E1B26EE703689B6A0FAF984757
:104750002AE6089B9B457FF4D1AD109B53F80C3C97
:10476000012B7FF652AF0022302110A8EAF71EF885
:1047700000283FF44AAF109B53F80C2C431C08BF91
:1047800002F1FF3082424FF0000328BF0246194673
:1047900010A80FAFEAF798F837E700BF44E9050023
:1047A00004464420E4F74AFC0023C0E90133C0E991
:1047B0000533C0E90733C0E90933C0E90B33C360EF
:1047C00003828374436380F84330844B036039462B
:1047D0000646F8F7BBF91E9B3146D86E2246E5F730
:1047E00045F955F82460D7E41CA950460FAFFAF7F5
:1047F000CDF9002800F08A80336A002B3FF4AEAD7B
:10480000B36A002B7FF4AAAD7CE703685B6A0FAF45
:104810009847451C00F0C480C7B2394617E5109B85
:1048200053F8042C002A60DA1B78302B3FF4F1AEE9
:104830002D23002200931146012310A80FAFEAF7A1
:10484000DFF8109B4FF0FF3243F8042CE1E6984567
:104850003FF44CADB8F1000F7FF438AF6BE753F87D
:10486000042C511E002A43F8041C3FF765AD0EA925
:10487000EAF728F860E553F8042C511E002A43F8A3
:10488000041C3FF75FAD10A9EAF71CF85AE503686E
:104890005B6A0FAF984701307FF4FFAD00230C93A4
:1048A0004FF00108D0E5049D1AE5254618E5036898
:1048B0005B6A0FAF9847471C08BF0022034608BF3A
:1048C0000C92D1E55046FAF7A3F9F2691278C3B217
:1048D0009A427FF410AF336A0C98089300F0DCFF23
:1048E0004FF0FF330D93012500E510A80FAFEAF755
:1048F00069F8109B1A78302A3FF48BAE53F8043CC9
:10490000002B95DB10A8EAF75DF891E750460FAF52
:10491000FAF77EF9726A1278C3B29A427FF46CAFEA
:10492000B36A0C9808930FAF00F0B6FF4FF0FF3357
:1049300001250D930A95D9E40B9B002B7FF48EAED5
:104940009DF84430032B3FF489AE9DF84630012B8F
:104950003FF484AE4FF0020B44E49DF84730042B43
:104960003FF47CAE0B9A12B1032B3FF477AE4FF0BD
:10497000030B37E403685B6A0FAF9847421C08BF1C
:104980000022034608BF0C926DE603685B6A0FAF16
:104990009847421C08BF0022034608BF0C92F7E468
:1049A0000023FF210C930F4651E40BF05BFA3368B0
:1049B00030465B6898470BF049FB0BF053FAFAE777
:1049C0000BF08EFAE3F7F6FE10A8EAF7A3F83846E4
:1049D000EAF7A0F8E3F7EEFEF9E700BF2045040090
:1049E0002DE9F0418CB008AC84E80C00169F159AB4
:1049F0009DF85060CDE902270B4612AA25490A917D
:104A0000054692E803008DE80300194636B30DF120
:104A1000280806AECDF8108094E80C003046FEF76A
:104A200063FF96E803000A9E84E80300E4F702FEB1
:104A3000034617990B933A4630460BAB0BF028FF11
:104A400094E803000A9B144A85E80300A3F10C00D4
:104A500090420ED128460CB0BDE8F0810DF1280837
:104A600006AECDF8108094E80C003046FFF77AFBD4
:104A7000D7E753F8042C511E002A43F8041CE9DC44
:104A80000BA9E9F71FFFE5E74046EAF743F8E3F72C
:104A900091FE00BF50E9050044E905002DE9F04F03
:104AA0008FB00AAC1B9F9DF868A0DDF874B0054676
:104AB00007F16C0084E80C008946F7F785FA3B4B58
:104AC0000D931C9BCDE902730DF13408CDF81080D5
:104AD00018AB064693E803008DE8030008AF94E89E
:104AE0000C0049463846BAF1000F3AD0FEF7FCFEFA
:104AF0000D9B97E8030053F80C7C84E803001FB378
:104B0000002239465846EAF739F9DBF800A0DDF80B
:104B100034905AF8043C09EB0702002B079223DA81
:104B2000337F012B06D02BB33368D3F81CB0204B56
:104B30009B4523D109EB07034B4524D03A46494610
:104B400050460EF0C1FE0D9B94E80300194CA3F1F2
:104B50000C02A24285E8030017D128460FB0BDE839
:104B6000F08FFFF7FFFAC3E75846E9F72BFFDBF8B2
:104B700000A0D5E73046EAF7C3FDD5E7079A5346CC
:104B800049463046D8470D9BDEE753F8041C481EC3
:104B9000002943F8040CE0DC0CA91046E9F792FE6A
:104BA000DBE74046E9F7B6FFE3F704FE50E905000E
:104BB00091F6000044E9050038B50379044643B98D
:104BC000006803681B6B1546984785421CBF01238C
:104BD0002371204638BD00BF2DE9F04F8FB004AFE0
:104BE00007F108043E6D97F85890D6F80C8018F03D
:104BF000010F84E80C00054697F8543016D1CDE932
:104C0000013994E80C00009607F120063046F9F7C8
:104C10003FF996E80300B860397394E803002C3735
:104C200085E803002846BD46BDE8F08F06F16C011B
:104C300007F114007B60F9F7EFF87B68B9F1000F1A
:104C40003BD0D0E905BAB26892453BDAA2EB0A093B
:104C5000194609F1070323F00703ADEB030D04AB7D
:104C60004A46184608F0B0080EF044FF0022B8F19A
:104C7000200FB26041D097F80C80BE68B8F1000FE9
:104C800011D1336801461B6B4A463046984781452F
:104C900058D1336859461B6B524630469847824577
:104CA00018BF4FF001083E6287F8248007F12803FF
:104CB00013E90300B8603973AFE7D0E907BAB26807
:104CC0009245C3DB0023B3603E7BD7F808804EB922
:104CD000D8F8003059461B6B5246404698478245EB
:104CE00018BF0126C7F8208087F8246007F1280341
:104CF00013E90300B86039738FE7786094E8030024
:104D000007F1200686E80300524659463046FFF771
:104D100053FF96E8030007F11808B860397388E874
:104D2000030094E803007B6886E803004A461946BE
:104D30003046FFF741FF96E8030088E80300B860BB
:104D400039736AE74FF00108ADE700BF10B5054AB7
:104D5000054B0260044640F8043FF6F793FB2046FB
:104D600010BD00BF686A0400686304000368074957
:104D700053F80C3C064A10B5C418C150204640F800
:104D8000042FF6F77FFB204610BD00BF686A0400C1
:104D90006863040010B5064A064B0260044640F8FA
:104DA000043FF6F76FFB20460AF03CFF204610BD9B
:104DB000686A0400686304000368084953F80C3CFF
:104DC000074A10B5C418C150204640F8042FF6F722
:104DD00059FB20460AF026FF204610BD686A0400F1
:104DE0006863040010B5054A054B0260044640F8AC
:104DF000043FF6F747FB204610BD00BF986A040049
:104E0000786304000368074953F80C3C064A10B560
:104E1000C418C150204640F8042FF6F733FB204653
:104E200010BD00BF986A04007863040010B5064AFC
:104E3000064B0260044640F8043FF6F723FB204689
:104E40000AF0F0FE204610BD986A04007863040062
:104E50000368084953F80C3C074A10B5C418C15000
:104E6000204640F8042FF6F70DFB20460AF0DAFE44
:104E7000204610BD986A04007863040038B50368C2
:104E800053F80C3C03440446986F20B103689B69B7
:104E90009847013001D0204638BD236853F80C0CE8
:104EA0002044416941F00101F6F7F2F9204638BD8E
:104EB00001290D460AD10AF0D5FF236853F80C0CDE
:104EC00029462044F6F7F4F90BF0C0F80AF0CAFFBF
:104ED000236853F80C0C01212044F6F7E9F90AF095
:104EE000FFFFD8E70AF0FCFFE3F764FC0AF0F8FFE5
:104EF000E3F760FC38B50B68044653F80C0C6160AE
:104F0000084400232370036F7BB10D46416929B12A
:104F100041F00401F6F7BCF9204638BD1846FFF70A
:104F2000ADFF2B6853F80C0C284441690029EFD1E0
:104F300001232370204638BD38B543681A6852F8FB
:104F40000C4C1C440546E3689B0409D50BF00EF895
:104F500030B9A06F20B103689B699847013001D038
:104F6000284638BD6868036853F80C3C184441690A
:104F700041F00101F6F78CF9F2E700BF2DE9F04F9F
:104F800083B004460F46014668461546FFF7B2FF58
:104F90009DF80030002B5BD0236853F80C3C04EBE9
:104FA000030B5B46DBF808A0554567DADBF80C20FD
:104FB00002F0B009B9F1200F2ED09BF87530AAEBA2
:104FC0000506002B00F097809BF874800BE083F8B7
:104FD00000804369013343612368013E53F80C3C70
:104FE00019D004EB030BDBF87800D0E905329342CB
:104FF000EDD3036841465B6B98470130ECD12368E1
:1050000053F80C0C2044416941F00101F6F740F9D6
:10501000236853F80C3C23445A69BAB9986F036863
:1050200039461B6B2A469847854208D0236853F8B7
:105030000C0C2044416941F00101F6F729F923687D
:10504000B9F1200F53F80C3C25D0234400229A607C
:10505000019B1A6852F80C5C1D44EB689B0409D54F
:105060000AF084FF30B9A86F20B103689B699847A4
:10507000013053D0204603B0BDE8F08FDBF8780054
:10508000036839461B6B2A4698478542236826D118
:1050900053F80C3CD9E7E61833467269002AD5D19B
:1050A00096F87530AAEB0505002B4ED096F8747073
:1050B00009E01F704369013343612368013D53F8E0
:1050C0000C3CC2D0E618B06FD0E905329342F0D361
:1050D000036839465B6B98470130EED1236853F87B
:1050E0000C0C2044416941F00101F6F7D1F8236826
:1050F00053F80C3CA9E7DBF87C80B8F1000F49D0ED
:1051000098F81C30ABB198F83D808BF87480236818
:10511000012253F80C3C8BF8752062E70198036874
:1051200053F80C3C1844416941F00101F6F7B0F81E
:10513000A0E74046EAF7E4FAD8F80030294A9B692C
:1051400093421BD14FF02008DFE7F76F07B33B7F97
:1051500053B197F83D7086F874702368012253F8B4
:105160000C3C86F87520ADE73846EAF7C9FA3B688B
:105170001C4A9B69934206D12027ECE74046202138
:1051800098478046C1E73846202198470746E2E71E
:10519000E2F766FFE2F764FF01290D460AD10AF043
:1051A00061FE236853F80C0C29462044F6F780F87A
:1051B0000AF04CFF0AF056FE236853F80C0C01214C
:1051C0002044F6F775F80AF08BFE41E70AF088FEF6
:1051D0006846FFF7B1FEE3F7EDFAF9E70AF080FE63
:1051E000F6E700BF218700002DE9F04F8BB00146A4
:1051F000044604A81F461646FFF77CFE9DF81030B3
:105200008BB3236853F80C5C2544D5F88080B8F143
:10521000000F68D0D5F878A095F87530BAFA8AF9F9
:105220004FEA5919002B34D095F87400D8F80030A3
:10523000CDF820A0CDE90050CDE902678DF824908B
:10524000DD690AAB13E90C00414606A8A8479DF8A2
:105250001C3043B1236853F80C0C2044416941F0E1
:105260000101F6F715F8059B1A6852F80C5C1D440D
:10527000EB689B0409D50AF079FE30B9A86F20B11C
:1052800003689B69984701301ED020460BB0BDE8EB
:10529000F08FD5F87CB0BBF1000F26D09BF81C3006
:1052A0003BB19BF83D0085F87400012385F875300B
:1052B000BCE75846EAF724FADBF800301E4A9B693F
:1052C00093420CD12020EEE70598036853F80C3C7C
:1052D0001844416941F00101F5F7DAFFD5E7584676
:1052E00020219847DFE7E2F7BBFEE2F7B9FE01298C
:1052F0000D460FD10AF0B6FD236853F80C0C294671
:105300002044F5F7D5FF0AF0A1FE04A8FFF714FE2C
:10531000E3F750FA0AF0A6FD236853F80C0C0121BC
:105320002044F5F7C5FF0AF0DBFD9CE70AF0D8FD45
:10533000EBE70AF0D5FDE8E72187000038B5036800
:1053400053F80C3C03440446D86F20B103689B69B2
:105350009847013001D0204638BD236853F80C0C23
:105360002044416941F00101F5F7F0FF204638BDC6
:1053700001290D460AD10AF075FD236853F80C0C7B
:1053800029462044F5F7F2FF0AF060FE0AF06AFDB4
:10539000236853F80C0C01212044F5F7E7FF0AF0CD
:1053A0009FFDD8E70AF09CFDE3F704FA0AF098FDA8
:1053B000E3F700FAF0B59DB000AF0C1A06460F49AE
:1053C0006922381D0EF080FA04F1700323F0070300
:1053D000ADEB030D6D466822391D28460EF074FAB8
:1053E0002246314605F168002C440EF06DFA002388
:1053F000284684F86830E2F743FE00BF106B0400D3
:105400002DE9F84300AF84B06E4606F10C08DFF8D2
:105410004890124DC646A5FB0243DB0803EB830C04
:10542000A2EB4C0C1446092C19F80C200EF8012D97
:105430001A46F0D8A8EB0E08884509D8C8F10C0127
:10544000424631440EF040FA4046BD46BDE8F8837E
:105450004FF0FF38F8E700BF7C6B0400CDCCCCCC1C
:105460002DE9F041154612784E1E07460644002AE3
:1054700044D0B04245D21946044607E02A7804F8E1
:10548000012B01352A78F2B1B4423BD2252AF5D15D
:105490006A78732A1CD07A2A03D0252AEED10135E6
:1054A000EDE7AB78752BE9D18846204658F8042BF8
:1054B000311BFFF7A5FF002824DDEA7803350444FB
:1054C0004146002AE0D1E01B00232370BDE8F081B3
:1054D00051F8042B137853B1A64202D809E0A64232
:1054E00008D004F8013B12F8013F002BF7D1023538
:1054F000C8E7264631463846FFF75CFF04461046AB
:10550000E2E7044621463846FFF754FF704700BFE4
:10551000704700BF30B44FF0FF344FF0FF3500222A
:10552000C0E90045C0E9022230BC704782B010B427
:105530000DF1040C8CE80C000024C0E9024410BCFE
:105540004FF0FF324FF0FF33C0E9002302B0704745
:1055500000207047002070474FF0FF30704700BFB9
:105560004FF0FF30704700BF4FF0FF30704700BF73
:10557000704700BF704700BF30B44FF0FF344FF0AA
:10558000FF350022C0E90045C0E9022230BC704767
:1055900082B010B40DF1040C8CE80C000024C0E9BA
:1055A000024410BC4FF0FF324FF0FF33C0E900233C
:1055B00002B0704700207047002070474FF0FF3066
:1055C000704700BF4FF0FF30704700BF4FF0FF3013
:1055D000704700BF10B5044B044640F81C3BE4F78D
:1055E000A7F8204610BD00BF906B040010B5044B17
:1055F000044640F81C3BE4F79BF8204610BD00BF72
:10560000D06B040010B5054B044640F81C3BE4F792
:105610008FF820460AF006FB204610BD906B040070
:1056200010B5054B044640F81C3BE4F781F82046D2
:105630000AF0F8FA204610BDD06B04002DE9F843BB
:10564000171E32DDDFF86880064689460025D6E958
:1056500005031A1A8342A7EB05014FEAA20414D0EE
:105660008C42A8BF0C46254424B14946224613F07B
:1056700017FF706900EB8400AF424FEA840370614A
:1056800002DC2846BDE8F883994433685B6B4345E8
:10569000F7D0D9F8001030469847013009F10409D5
:1056A000EFD00135AF42D2DCEBE70025E9E700BFE0
:1056B000CD5502002DE9F843171E2BDDDFF8588089
:1056C000054689460024D5E905031A1AA7EB040606
:1056D00049460FD09642A8BF164632460EF0F4F85F
:1056E0006B6934443344A7426B6102DC2046BDE859
:1056F000F883B1442B685B6B4345F7D099F80010F1
:1057000028469847013009F10109EFD00134A7423A
:10571000D9DCEBE70024E9E76955020003680A4A8F
:105720005B6A934202D14FF0FF30704710B50446D8
:105730009847013004D0A36853F8040BA36010BD50
:105740004FF0FF3010BD00BFBD55020003680A4A8C
:105750005B6A934202D14FF0FF30704710B50446A8
:105760009847013004D0A36813F8010BA36010BD63
:105770004FF0FF3010BD00BF595502002DE9F8432E
:10578000B2F1000837DD1E4E1E4F05460B460024C1
:10579000D5E90212521A11D0A8EB04099145A8BF0D
:1057A00091464A4618460EF08FF8AA684C444A447F
:1057B000A045AA6021DC2046BDE8F88399462B6805
:1057C0009A6AB24211D15B6ABB42F4D0284698472C
:1057D0000130F0D0AB6813F8010BAB604B460134DD
:1057E000A04503F8010BD3DCE5E728469047431CAE
:1057F000E1D0C0B2F2E70024DDE78144DFE700BF7B
:105800004D570200595502002DE9F047B2F1000949
:105810003CDD1F4FDFF87C8006468A460025D6E92E
:1058200002148C4218D0641AA210A9EB0504944209
:10583000A8BF144624B12246504613F031FEB16889
:10584000254401EB8401A945B1604FEA840402DCE0
:105850002846BDE8F087A24433689A6ABA4212D15A
:105860005B6A4345F4D0304698470130F0D0B368C6
:1058700053F8040BB360431CEAD00135A9454AF83C
:10588000040BCCDCE4E730469047F4E70025DFE783
:105890001D570200BD550200D0E90232934210B5F7
:1058A000044603D213F8010BA36010BD0368094935
:1058B0009A6A8A4206D15B6A074A934205D14FF041
:1058C000FF3010BDBDE81040104798470130F6D0BA
:1058D000A368E7E74D57020059550200D0E90232AC
:1058E000934210B5044603D253F8040BA36010BDD5
:1058F000036809499A6A8A4206D15B6A074A934259
:1059000005D14FF0FF3010BDBDE81040104798475B
:105910000130F6D0A368E7E71D570200BD5502002D
:105920000868B0F1804F08B519D2904212D9B0EB97
:10593000420F4FEA42030DD2B3F1804F08D36FF00C
:1059400040430B604FF08040BDE80840E3F776BB72
:105950000B601846BDE808400130E3F76FBB014813
:10596000E2F7A6FB706C040030B583B00F290191FB
:10597000044615460FD800680B463BB1012B12D0E8
:105980001A4629460EF0B6F8019B20686360002293
:10599000C25403B030BD002201A9FFF7C1FF019B33
:1059A0002060A360E9E70570019B20686360002226
:1059B000C25403B030BD00BF2DE9F04F83B047683B
:1059C000DDF830B081469A46ABEB02033B440193CD
:1059D00059F8083B994501EB02060D4614BF826851
:1059E0000F2201A90446FFF79BFFBF1B80462DB184
:1059F000012D216829D02A460DF066FFBAF1000F6B
:105A00000BD0BBF1000F08D0BBF1010F08EB050074
:105A100022D051465A460DF057FF57B123685D44D6
:105A2000012F08EB050003EB060111D03A460DF0FB
:105A30004BFF2068814501D00AF0F4F8019BC4F8BF
:105A40000080A36003B0BDE8F08F0B780370D5E74A
:105A50009B5D08F80530ECE79AF8003008F805304F
:105A6000DBE700BF38B5436801EB020C1546B3EB2A
:105A70000C0204460BD055B10368012A03EB010068
:105A800003EB0C0E09D071460DF0B8FF6368226875
:105A90005B1B00216360D15438BD13F80C205A54AD
:105AA0006368F4E770B504462546406855F8086B0E
:105AB00082B0814234BF03460B46019138BF01904A
:105AC000B54214BFA2680F229A420FD010D30F2BF9
:105AD0000ED8B5420AD0421C30B31AB1314628461E
:105AE0000DF0F2FE30460AF09DF8256002B070BD60
:105AF00001A92046FFF714FF6368216806465A1C77
:105B000073B14AB98D4202D008460AF08BF8019B66
:105B10002660A36002B070BD0DF0D6FE2168F1E7EB
:105B20000B7803702168EDE733782372DAE700BF62
:105B30002DE9F0411D460F4602F180434168013BCB
:105B400082B05B1A9D429DF8208044D8044650F8EC
:105B5000083B834218BFA068A5EB02060E4408BFAD
:105B60000F20B04223D302EB070CB1EB0C0C0DD08D
:105B7000AA420BD03B44BCF1010F03EB050003EB41
:105B800002011ED062460DF039FF236845B1012D98
:105B900003EB07001BD02A4641460DF0ABFF2368FC
:105BA0006660002220469A5502B0BDE8F0810023CD
:105BB000009539462046FFF7FFFE2368002DEFD001
:105BC000E5E79A5C5A552368002DE9D0DFE703F832
:105BD00007802368E4E70148E2F76AFA9C51040071
:105BE00010B544688C4282B00B4606D303D90268D4
:105BF00043600021D15402B010BD00920B1B002263
:105C00002146FFF795FF02B010BD00BF2DE9F04F10
:105C1000154685B042680E9E1F4605F18043013B44
:105C20009B1A9E4200F2B2800346A6EB050B53F886
:105C300008AB9A4518BF836802EB0B0908BF0F2316
:105C40004B45044688463DD36B18BA455144A2EBF8
:105C5000030302911FD963B1B5420AD00AEB0802CF
:105C6000012B02EB060002EB050151D01A460DF0A4
:105C7000C5FE36B1012E2BD00298324639460DF0C2
:105C800023FE2368C4F804900022204603F809206C
:105C900005B0BDE8F08F52449742DCD836B3B54228
:105CA0001AD23BBB0AEB08031D44BB199D4237D3F4
:105CB000012E0DD0002EE4D00298324639460DF068
:105CC0009DFEDEE700963B462A46FFF775FED8E7C5
:105CD0003B780AF80830D4E7012E44D032463946E2
:105CE0000AEB080003930DF089FE039B002BC8D03C
:105CF000B542C6D00AEB0802012B02EB060002EB0C
:105D000005010AD01A460DF079FEB542CAD3B8E7AC
:105D1000535D9355002EB4D0ACE7535D9355F4E733
:105D2000BD420AD8012E07EB0B0126D0002EA8D0C9
:105D3000029832460DF0C8FDA3E7ED1B012D18D0E7
:105D400025B1029839462A460DF058FE029B721B77
:105D5000012A03EB050003EB060113D0002A90D0C3
:105D60000DF0B2FD8DE73A780AF80820002BCCD070
:105D7000BEE73B780AF80830E8E717F80B300AF876
:105D800008307EE71A469B5D53557AE70148E2F7F3
:105D90008FF900BF886C0400F0B54768044650F8DE
:105DA000085B854218BFA36807EB020608BF0F23F4
:105DB0009E4283B00DD832B1012A05EB070011D005
:105DC0000DF082FD2568666000232046AB5503B0C8
:105DD000F0BD00920B46002239462046FFF7ECFD4D
:105DE0002568F0E70B78EB552568ECE710B54468BB
:105DF000A3429C4616D8E41A944228BF144654B1D4
:105E00008646012CDEF80030084603EB0C0104D076
:105E100022460DF059FD204610BD13F80C300370DA
:105E2000204610BD0249034823466246F5F7D0F9E3
:105E30007051040038510400884261D0F0B5044626
:105E400085B054F8082B944284468E4619D00B46F0
:105E5000806853F8081B994244D0CCF80010DEF853
:105E60000830CEF80020CCF80830CEF80800DEF874
:105E70000430DCF80420CCF80430CEF8042005B05F
:105E8000F0BD0B4653F8085B9D4216D06668A068CB
:105E9000E168DEF80820DCF80840CEF808405E60D3
:105EA0009860D960CCF80050CEF80030CCF80820CB
:105EB000DEF80430DCF80420DDE742684B6802B30A
:105EC00013BBA168E2686068DCF808402C60686079
:105ED000A960EA60DCE90021CEF80410CCF80430B7
:105EE0001370CCE70F684E688D68CB68CCF80870EB
:105EF0006660A560E360CEF80020CCF80040B4E70F
:105F00007047E3B91A46B6E728686968AA68EB687B
:105F10006E460FC6DCF808106268A368E068E860A7
:105F20006E4629606A60AB600FCECCF808006160F5
:105F3000A260E360DEF80430DCF804209BE7A96887
:105F4000EB682E686868CCF808606060A160E36068
:105F5000DEE90031CCF80410CEF804201A708EE788
:105F600043689A4217D2006803F1FF3C013A00B53A
:105F700083188444C0F1010E01E0634507D00EEBA5
:105F8000030013F8012F8A42F7D05DF804FB4FF0AD
:105F9000FF305DF804FB4FF0FF30704770B50546E9
:105FA00082B011B3541A0F2C0E4601940BD8012C59
:105FB000006822D10B780370019C28686C60002374
:105FC000035502B070BD002201A9FFF7A9FC019B97
:105FD0002860AB60224631460DF076FC019C2868B3
:105FE0006C600023035502B070BD4AB900681446C6
:105FF00000236C60035502B070BD002CDED0E9E7D1
:106000000148E2F73DF800BF545304008368586923
:10601000704700BF83689869704700BF8368586BFA
:10602000704700BF83689B6B0022D9B261F30702FF
:10603000C3F3072161F30F22C3F3074161F3174252
:106040001B0E63F31F6282B0104602B0704700BFA0
:106050008368DB6B0022D9B261F30702C3F3072127
:1060600061F30F22C3F3074161F317421B0E63F381
:106070001F6282B0104602B0704700BF8368586943
:10608000704700BF83689869704700BF8368586B8A
:10609000704700BF83689B6B0022D9B261F307028F
:1060A000C3F3072161F30F22C3F3074161F31742E2
:1060B0001B0E63F31F6282B0104602B0704700BF30
:1060C0008368DB6B0022D9B261F30702C3F30721B7
:1060D00061F30F22C3F3074161F317421B0E63F311
:1060E0001F6282B0104602B0704700BF8368586AD2
:1060F000704700BF8368986A704700BF00207047F0
:1061000000207047704700BF91424FF0000006D258
:1061100051F8043B8A4203EB7060F9D8704770472E
:1061200010B5034B03600446E3F76EFA204610BD3A
:10613000686E040010B5034B03600446E3F764FA8D
:10614000204610BD806E040010B5034B036004466A
:10615000E3F75AFA204610BD2C6D040010B5034B2E
:1061600003600446E3F750FA204610BD686D040052
:1061700010B5034B03600446E3F746FA204610BD12
:10618000986D040010B5034B03600446E3F73CFA36
:10619000204610BD986E040010B5034B0360044602
:1061A000E3F732FA204610BDAC6E040010B5054B83
:1061B00003600446E3F728FA204609F033FD204641
:1061C00010BD00BF686E040010B5054B03600446A7
:1061D000E3F71AFA204609F025FD204610BD00BF5E
:1061E000806E040010B5054B03600446E3F70CFA1B
:1061F000204609F017FD204610BD00BF2C6D04009D
:1062000010B5054B03600446E3F7FEF9204609F09C
:1062100009FD204610BD00BF686D040010B504469E
:10622000FFF7A6FF204609F0FDFC204610BD00BF89
:1062300010B5054B03600446E3F7E6F9204609F084
:10624000F1FC204610BD00BF986E040010B5054B50
:1062500003600446E3F7D8F9204609F0E3FC204642
:1062600010BD00BFAC6E040010B5054B044640F8ED
:10627000083B0AF07DFB2046E3F7C6F9204610BD37
:10628000206E040010B50446FFF7EEFF204609F02B
:10629000C9FC204610BD00BF10B5054B044640F8B0
:1062A000083B0AF065FB2046E3F7AEF9204610BD37
:1062B000AC6C040038B50D4B036005690446E3F788
:1062C000C9F9854203D015B1284609F0ADFCA06894
:1062D00010B103685B68984704F10C000AF048FBB2
:1062E0002046E3F791F9204638BD00BFA86D0400B1
:1062F00010B50446FFF7DEFF204609F093FC204668
:1063000010BD00BF88421AD070B5054600B30C1A04
:1063100020460021E8F76AFA012C064600F10C033A
:106320000AD01846224629460DF0CEFA03460A4AFC
:10633000964207D1184670BD2A780273F7E7074BDB
:106340001846704731190022B26034600A73F1E7D1
:106350000348E1F795FE00BF44E9050050E9050058
:10636000045204002DE9F0410E1AB7100546002131
:106370003846E8F7E3FD012F044600F10C0816D07B
:106380002FB90C4B9C420AD14046BDE8F08129460A
:106390003A46404613F084F8064B9C42F4D026441B
:1063A0000023A36027604046F360BDE8F0812B68BE
:1063B000C360E6E754E9050010B5074B044640F812
:1063C000083B0AF0D5FA2046E3F71EF9204609F00B
:1063D00029FC204610BD00BFAC6C0400F0B58B68F2
:1063E0009F6883B04FB3044638460FF069F90646FC
:1063F000A8B101AA0021E8F7F9F9012E054600F13C
:106400000C0311D01846394632460DF05DFA0346AA
:106410000B4A95420BD12046236003B0F0BD094BD7
:106420002360204603B0F0BD3A780273F0E7002203
:10643000AA602E6035442A73EDE70348E1F720FE99
:1064400044E9050050E9050004520400F0B58B68EA
:106450009F6883B04FB3044638460FF031F90646C3
:10646000A8B101AA0021E8F7C1F9012E054600F103
:106470000C0311D01846394632460DF025FA034672
:106480000B4A95420BD12046236003B0F0BD094B67
:106490002360204603B0F0BD3A780273F0E7002293
:1064A000AA602E6035442A73EDE70348E1F7E8FD62
:1064B00044E9050050E9050004520400F0B58B687A
:1064C0009F6883B04FB3044638460FF0F9F806468C
:1064D000A8B101AA0021E8F789F9012E054600F1CB
:1064E0000C0311D01846394632460DF0EDF903463B
:1064F0000B4A95420BD12046236003B0F0BD094BF7
:106500002360204603B0F0BD3A780273F0E7002222
:10651000AA602E6035442A73EDE70348E1F7B0FD29
:1065200044E9050050E905000452040030B58B68C9
:10653000DD6983B0A5B10446284612F0E9FD05EBFC
:1065400080018D4204D108482060204603B030BD50
:1065500001AA2846FFF706FF2060204603B030BDA1
:106560000248E1F78DFD00BF60E905000452040018
:1065700030B58B685D6A83B0A5B10446284612F039
:10658000C7FD05EB80018D4204D1084820602046FC
:1065900003B030BD01AA2846FFF7E4FE2060204684
:1065A00003B030BD0248E1F76BFD00BF60E90500B4
:1065B0000452040030B58B68DD6983B0A5B1044690
:1065C000284612F0A5FD05EB80018D4204D1084854
:1065D0002060204603B030BD01AA2846FFF7C2FE66
:1065E0002060204603B030BD0248E1F749FD00BFFE
:1065F00060E905000452040030B58B68DD6A83B0A1
:10660000A5B10446284612F083FD05EB80018D42BA
:1066100004D108482060204603B030BD01AA2846B6
:10662000FFF7A0FE2060204603B030BD0248E1F72E
:1066300027FD00BF60E905000452040030B58B68F7
:106640005D6983B0A5B10446284612F061FD05EBF3
:1066500080018D4204D108482060204603B030BD3F
:1066600001AA2846FFF77EFE2060204603B030BD19
:106670000248E1F705FD00BF60E90500045204008F
:1066800030B58B68DD6983B0A5B10446284612F0A9
:106690003FFD05EB80018D4204D108482060204673
:1066A00003B030BD01AA2846FFF75CFE20602046FB
:1066B00003B030BD0248E1F7E3FC00BF60E905002C
:1066C0000452040030B58B685D6A83B0A5B10446FE
:1066D000284612F01DFD05EB80018D4204D10848CB
:1066E0002060204603B030BD01AA2846FFF73AFEDD
:1066F0002060204603B030BD0248E1F7C1FC00BF76
:1067000060E905000452040030B58B68DD6A83B08F
:10671000A5B10446284612F0FBFC05EB80018D4232
:1067200004D108482060204603B030BD01AA2846A5
:10673000FFF718FE2060204603B030BD0248E1F7A5
:106740009FFC00BF60E90500045204002DE9F04FF2
:1067500083B091420C9E0D4607461C464BD0002943
:106760006ED0114628466A46FFF7FCFDB4428346C8
:10677000CDF804B045D0002C5FD06A4631462046A3
:10678000FFF7F0FDDDF804B081465BF80C3C59F8EA
:106790000C6C0BEB830809EB86064C4604E0A64222
:1067A00032D00BF1040B04342246594638460AF025
:1067B000D3FA824688B9584612F0AAFC054620460C
:1067C00012F0A6FC0BEB850BD84504EB8004E6D158
:1067D000B6EB040A18BF4FF0FF3A1D4CA9F10C00AC
:1067E000A04214D1019BA3F10C00A0421AD1504643
:1067F00003B0BDE8F08FDFF85CB0CDF804B0B44270
:10680000B9D1DFF85090C0E74FF0010AE5E759F839
:10681000043C5A1E002B49F8042CE3DC6946E8F7D7
:10682000F1FBDFE753F8042C511E002A43F8041C47
:10683000DDDC6946E8F7E6FBD9E70748E1F720FC2D
:106840000548E1F71DFC01A8E8F712FDE1F7B2FFEA
:1068500054E9050060E90500045204002DE9F04FF9
:106860009A42504D056083B0074616461C4689463D
:1068700007D0002A79D06A4619463046FFF772FDE4
:10688000054655F80C3C019505EB830A464BA41BC5
:106890009C424FEA640600F28280B00009F054FC8A
:1068A000DFF808B104461AE03B6853E9032102F11E
:1068B0000108884505F1040503D853F8041C002994
:1068C00006DD41463846E8F719FD3B6853F80C2CC5
:1068D000A3F10C010020594543F8220033D12A4688
:1068E0003346214648460AF043FA8642024612D809
:1068F000461C204609F098F96FF060439E424BD247
:10690000B00009F021FC2A460146044633464846B9
:106910000AF02EFA024621463846E8F751FD28468D
:1069200012F0F6FB05EB8005AA45BDD1204609F023
:106930007BF9019B1D4AA3F10C0090420AD1384615
:1069400003B0BDE8F08F43F8040C43F80C8C43F817
:106950002800C4E753F8042C511E002A43F8041CF5
:10696000EDDC6946E8F74EFBE9E71148E1F788FB03
:1069700009F078FA204609F057F909F067FB09F0A9
:1069800071FAFAE709F0ACFA01A8E8F771FC3846A9
:10699000E8F76EFCE1F70EFFE1F7CAFBF4E7E1F779
:1069A000C7FBF4E760E90500FCFFFF3F54E9050081
:1069B00004520400003A0B4B18BF012210B581604D
:1069C000C0E900320446E2F745FE0021206120467E
:1069D0000AF08AFD204610BD2046E2F715FEE1F7D9
:1069E000E9FE00BFA86D04000039084B18BF012163
:1069F00010B5C0E900310446E2F71CFEA060204655
:106A000010BD2046E2F700FEE1F7D4FE206E040040
:106A100010B504460A48E3F7A3F82368D3E9013226
:106A2000824209D953F8200030B1064A06490023B2
:106A300009F0FCF810B110BDE1F712FBE1F768FBBB
:106A400068E9050068520400644404002DE9F04F31
:106A500085B004A901E90C00149ADDF838A00346BA
:106A600002F16C000093DDE90247FFF7D1FF139BB1
:106A7000022B814600F08880042B0CBF4FF47A76FD
:106A800001260025DDF83CB0A8460CB17B1C41D0A6
:106A90003B46A3F1FF33B3FA83F35B09BAF1000F6E
:106AA00002D0BBF1FF3F3ED05846A0F1FF30B0FA14
:106AB00080F040099842139B4DD0984561D00CB1AD
:106AC0007A1C3AD03946D9F800302A221B6B484646
:106AD00098473038C3B2092B3FD805EB8505129A89
:106AE00000EB450505FB06F3934236DC119A33446F
:106AF000934232DD2F4BA3FB0636D4E90232934298
:106B00004FEAD60622D20433A36008F101084FF001
:106B1000FF37BAE7D4E9023293423FD21B68581CD0
:106B200008BF0024B5E7DAE902218A422ED21068B4
:106B3000411C08BF4FF0000AB7E7D4E90232934284
:106B400032D219684B1C08BF0024BCE723682046DA
:106B50009B6A9847D9E7984513D0139B042B0CD018
:106B6000159B159A1B6843F004031360009B18469D
:106B7000C3E9004705B0BDE8F08FB8F1020FEFD1CF
:106B8000643D109B1D60F1E70A267AE7DAF80020E1
:106B90000193526A50469047019BC9E723682046FB
:106BA0005B6A98470346BAE7236820465B6A9847C2
:106BB0000146C7E7CDCCCCCCF0B591B00CAC84E8A5
:106BC0000C00189A06920B4642F20F720421CDE98E
:106BD00004210EAA029216AA054692E803008DE847
:106BE00003001946002303930F930FAB0AAE0793DC
:106BF00094E80C003046199FFFF728FF96E8030041
:106C00000F9B84E80300024643BB0E9B1A99002B9E
:106C1000B4BF6433A3F26C734B610D9E0AB1731C55
:106C200027D0DDE91603A6F1FF36B6FA86F6760917
:106C300008B1591C17D0A3F1FF33B3FA83F35B09F2
:106C4000B34203D13B6843F002033B600C9294E8EB
:106C5000030085E80300284611B0F0BD3B6843F00F
:106C600004033B60D9E7D0E902318B420AD21B68AA
:106C7000E1E7D2E902318B420BD21E68701C08BFDB
:106C80000022CEE7036809925B6A9847099A034697
:106C9000D1E71368099210465B6A9847099A06463D
:106CA000ECE700BF2DE9F04F89B000AF07F12001FC
:106CB00001E90C00FA6DD7F81890D7F81CB003461C
:106CC000BB6002F16C00BB6CFB60FFF7A1FEBA6D0C
:106CD0006B46A3EBC2039D468246E846B9F1000F1E
:106CE00003D0BBF1FF3F00F002815C46FB6C7B618F
:106CF000A4F1FF341A46FB68B4FA84F464091BB1AA
:106D00001346013300F01B817B69A3F1FF33B3FA13
:106D100083F35B09A34240F0B78000242646254652
:106D2000B9F1000F02D0BBF1FF3F53D05846A0F19C
:106D3000FF3AFB68BAFA8AFA4FEA5A1A13B17B692A
:106D4000013370D07B69A3F1FF33B3FA83F35B099E
:106D500053457CD0B9F1000F02D0BBF1FF3F44D0C6
:106D6000DE46002C4FD00023C7F810904FEA860A69
:106D7000D7F854909C4604E00CF1010C0133A34277
:106D800019D255F82320B2424FEA830005EB830164
:106D9000F2D958F8232059F8222052F80A207245D7
:106DA0003FD0013CA34258F8242048F8002055F871
:106DB00024200A60E5D36445D7F8109047D0D9E97C
:106DC00002239A4251D20432C9F8082001364FF00A
:106DD000FF3BA5E7D9E902239A4280F0BC80106806
:106DE000411C08BF4FF00009A1E7D9E902239A42EC
:106DF00080F0B780D2F800E0BEF1FF3F08BF4FF04F
:106E00000009002CAFD13B6E3A6E1B6843F00403BF
:106E10001360BB6824371846C3E9009BBD46BDE834
:106E2000F08F0133ABE7FB68D3E902239A4280F08D
:106E30009F8013685A1CA3F1FF33B3FA83F34FEA20
:106E40005313FA6808BF00225345FA6082D1012C1F
:106E500011D12B68B342D6D1BA6DD8F80030934225
:106E6000A8BF9B1A3A6D1360D3E7D9F800304846A3
:106E70009B6A9847AAE7022CC5D12B68B342EBD096
:106E80006B68B342BFD1E7E7B9F1000F02D0BBF1A5
:106E9000FF3F73D05946BB6D5C007BD07B6DC7F85C
:106EA000109000251A1FC7F804B02E468B46914655
:106EB00008E0DAF800309B699847584508D001355A
:106EC000A5420CD059F8043F196859455046F0D1F5
:106ED00048F826500135A54206F10106F2D1D7F84F
:106EE0001090D7F804B066B93446354618E7D9E9AA
:106EF0000232934251D21C68651C08BF4FF0000952
:106F0000F4E64846FEF7EAFCB300073323F0070334
:106F1000ADEB030DD7F854B06D46A8F1040A002478
:106F20005AF8043F5BF8230012F0F2F845F8240009
:106F30000134A642F4D14FF0FF3B0126F0E6FB6896
:106F4000D3E902239A422FD21368FA68581C08BF6B
:106F50000022FA60D9E6D9F8003048465B6A9847C3
:106F60003EE7D9F8003048465B6A9847864643E7D3
:106F7000F86803685B6A984703465BE7D9E9023221
:106F8000934217D21B6819460B46013308BF4FF0D6
:106F9000000980E726462546C2E6D9F80030484673
:106FA0005B6A98470446A7E7F86803685B6A9847F6
:106FB0000346CAE7D9F8003048465B6A984701465D
:106FC000E2E700BF10B504460A48E2F7C9FD2368AE
:106FD000D3E90132824209D953F8200030B1064A80
:106FE0000649002308F022FE10B110BDE1F738F881
:106FF000E1F78EF89CEA0500CC6F040064440400BD
:107000002DE9F04F044689B008468B46FFF7DAFFBA
:107010000368A94A1B699342054640F0CA80836809
:107020009E68002E00F0BB8030460EF049FB311800
:10703000304607AAFFF766F905900DF1140A50F8DB
:107040000C0CE06009F080F880460146E2680023FD
:107050005046E7F771FBE3682BB198F90030002B3D
:10706000D4BF0023012323742B68944A5B699342A5
:1070700040F09880AB685F69002F00F0D080384600
:1070800012F046F807EB80018F427ED18C480690C3
:1070900006AB019350F80C0CA0616FF0604398426E
:1070A00080F0FD80800009F04FF807460146A26994
:1070B00001980023E7F706FF2B68824A9B699342F9
:1070C0007ED1AB68DE69002E00F0AC80304612F055
:1070D0001FF806EB80018E425CD1794807900DF1D4
:1070E0001C0950F80C0C20626FF06043984280F04D
:1070F000DE80800009F028F806460146226A002357
:107100004846E7F7DFFE2B686F499A688A4261D1EB
:10711000AA68506ADB686D4A6062934257D1AB68D7
:10712000986AA0625846FFF773FC694B19680368B8
:1071300001F12402D3F82CB004F12C030546D84702
:10714000644B19682B68284601F11A02DD6A04F1C4
:10715000BC03A847079BC4F80880012284F82421B7
:107160006761E6615C4CA3F10C00A04241D1069B33
:10717000A3F10C00A04231D1059B584AA3F10C00A9
:10718000904241D109B0BDE8F08F384603AAFFF71D
:10719000E9F87CE7304604AAFFF7E4F89EE74FF0F1
:1071A000FF3145E706AA01922946104698470698FE
:1071B00070E70DF1140A01465046984705983EE7DE
:1071C0000DF11C09294648469847079889E7284643
:1071D0009847A6E7284690472B689BE753F8042C6E
:1071E000511E002A43F8041CC6DC4946E7F70AFF93
:1071F000C2E753F8042C511E002A43F8041CB6DCE5
:1072000004A9E7F7FFFEB2E753F8042C511E002A49
:1072100043F8041CB6DC4946E7F754FBB2E73048B4
:10722000E0F72EFF2E48E0F72BFF08F01BFE08F0DA
:107230000DFF044600260198E8F71AF85046E7F7D4
:1072400069FC204608F00EFEB8F1000F02D040465F
:1072500008F0EAFC17B1384608F0E6FC002EE6D04C
:10726000304608F0E1FCE2E70446E4E708F038FEC7
:10727000E1F7A0FA04463E46E0E704464846E7F751
:10728000F7FFD8E7D5E704460026F7E700260446CF
:107290003746D3E7002604463746B046CEE7E0F748
:1072A00047FFF3E7002604463746C4E7C1E7E0F7A7
:1072B0003FFFF7E7E7E7E9E7BD6402003D6602004C
:1072C00060E90500B5650200ED600200F5600200AE
:1072D000B4C90500B0C9050054E9050044E905003A
:1072E0000452040010B504460A48E2F739FC23684A
:1072F000D3E90132824209D953F8200030B1064A5D
:107300000649002308F092FC10B110BDE0F7A8FE7A
:10731000E0F7FEFE94EA0500A06F04006444040058
:1073200010B504460A48E2F71BFC2368D3E9013292
:10733000824209D953F8200030B1064A0649002399
:1073400008F074FC10B110BDE0F78AFEE0F7E0FE33
:1073500098EA0500946F04006444040010B50446E4
:107360000A48E2F7FDFB2368D3E90132824209D9DA
:1073700053F8200030B1064A0649002308F056FCB5
:1073800010B110BDE0F76CFEE0F7C2FEA8EA050000
:10739000EC6E0400644404002DE9F04F04468FB005
:1073A00008468A46FFF7DAFF0368A6499A688A42C8
:1073B000054640F0268182685069DA68A24960611A
:1073C0008A4240F01A81AA6890691A6A9F49A061AE
:1073D0008A4240F00281AA681B69506B9C4A606334
:1073E000934240F00381AB689E68002E00F0F2806B
:1073F00030460EF065F93118304608AAFEF782FFD4
:1074000005900DF1140B50F80C0CE06008F09CFE98
:1074100081460146E26800235846E7F78DF9E368A4
:107420002BB199F90030002BD4BF00230123237422
:107430002B68884A5B69934240F0E680AB68D3F8DA
:107440001C80B8F1000F00F04681404611F060FE4C
:1074500008EB8001884540F0AE807F48069006AB7F
:10746000019350F80C0C20626FF06043984280F05A
:107470007381800008F068FE80460146226A019808
:107480000023E7F71FFD2B68744A9B69934240F085
:10749000C280AB685F6A002F00F02081384611F08F
:1074A00037FE07EB80018F4240F08A806A480790E0
:1074B00007AB029350F80C0CA0626FF06043984247
:1074C00080F05D81800008F03FFE07460146A26A19
:1074D00002980023E7F7F6FC2B68614ADB699342C8
:1074E00040F0A880AB68DE6A002E00F0FA803046DB
:1074F00011F00EFE06EB80018E4266D156480890D0
:1075000008AB039350F80C0C20636FF06043984273
:1075100080F03381800008F017FE06460146226B9A
:1075200003980023E7F7CEFC2B684E4A5B6A934230
:107530007CD1AB689B6B0C930993099BA3630D9360
:107540002B68494A9B6A93426CD1AB68DB6B0D9305
:107550000B930B9BE36350460A93FFF759FA0368BA
:10756000DD6A424B196804F1400301F10B02A847A0
:10757000089B3F4DC4F80890A3F10C000122A842DB
:1075800084F86C20C4F81C806762E6627FD1079B98
:10759000A3F10C00A8426FD1069BA3F10C00A842F6
:1075A00040F08D80059B334AA3F10C0090427AD1C4
:1075B0000FB0BDE8F08F404609AAFEF7D3FE4DE7B5
:1075C00038460AAAFEF7CEFE71E730460BAAFEF750
:1075D000C9FE94E74FF0FF310EE7284690472B682D
:1075E0001B4A1B69606393423FF4FDAE0DF1140B1F
:1075F000294658469847059805E7284690472B683E
:10760000E3E690472B68D8E606AA01922946104681
:107610009847069825E707AA0292294610469847F8
:10762000079847E7284698470B9092E728469847DF
:10763000099082E708AA03922946104698470898BD
:1076400060E700BF7D600200856002008D6002007F
:10765000DD6302008166020060E90500C566020084
:107660000967020095600200C1600200B8C9050008
:1076700054E9050044E9050053F8042C511E002A82
:1076800043F8041C88DC0AA9E7F7BCFC84E753F83C
:10769000042C511E002A43F8041C3FF778AF0AA9B6
:1076A000E7F7B0FC73E753F8042C511E002A43F8A7
:1076B000041C3FF77DAF0AA9E7F704F978E753F810
:1076C000042C511E002A43F8041C3FF76BAF0AA993
:1076D000E7F798FC66E73648E0F7D2FC3448E0F775
:1076E000CFFC3348E0F7CCFC044600260298E7F7CD
:1076F000BFFD0198E7F7BCFD5846E7F70BFA2046B7
:1077000008F0B0FBB9F1000F02D0484608F08CFA3F
:10771000B8F1000F02D0404608F086FA17B138469B
:1077200008F082FA16B1304608F07EFA08F08EFCB6
:10773000044646464746DFE7002604463746D8E774
:1077400004463E46D5E70446D0E708F0C9FBE1F71A
:1077500031F808F087FBE9E7E0F7EAFC0026044689
:107760003746B046C5E7E7E7F8E704460026039842
:10777000E7F77EFDBAE70446F9E7E0F7D9FCE0F762
:10778000D7FCF2E7002604463746AFE7002604465A
:107790003746B046B0E7F9E7A6E7F7E7CCE7F1E709
:1077A000A2E7002604463746B046B146A4E700BF2C
:1077B0000452040010B504460A48E2F7D1F92368E0
:1077C000D3E90132824209D953F8200030B1064A88
:1077D0000649002308F02AFA10B110BDE0F740FC7A
:1077E000E0F796FCACEA0500CC6E040064440400AB
:1077F0002DE9F04F04468FB008468A46FFF7DAFFBE
:107800000368A6499A688A42054640F02681826844
:107810005069DA68A24960618A4240F01A81AA6818
:1078200090691A6A9F49A0618A4240F00281AA6861
:107830001B69506B9C4A6063934240F00381AB68C4
:107840009E68002E00F0F28030460DF039FF3118AE
:10785000304608AAFEF756FD05900DF1140B50F8BE
:107860000C0CE06008F070FC81460146E2680023E1
:107870005846E6F761FFE3682BB199F90030002B19
:10788000D4BF0023012323742B68884A5B69934289
:1078900040F0E680AB68D3F81C80B8F1000F00F030
:1078A0004681404611F034FC08EB8001884540F0E9
:1078B000AE807F48069006AB019350F80C0C206216
:1078C0006FF06043984280F07381800008F03CFCC8
:1078D00080460146226A01980023E7F7F3FA2B68F5
:1078E000744A9B69934240F0C280AB685F6A002F84
:1078F00000F02081384611F00BFC07EB80018F422D
:1079000040F08A806A48079007AB029350F80C0C4D
:10791000A0626FF06043984280F05D81800008F0C3
:1079200013FC07460146A26A02980023E7F7CAFA49
:107930002B68614ADB69934240F0A880AB68DE6A3D
:10794000002E00F0FA80304611F0E2FB06EB8001D9
:107950008E4266D15648089008AB039350F80C0C41
:1079600020636FF06043984280F03381800008F01C
:10797000EBFB06460146226B03980023E7F7A2FAC9
:107980002B684E4A5B6A93427CD1AB689B6B0C932D
:107990000993099BA3630D932B68494A9B6A934201
:1079A0006CD1AB68DB6B0D930B930B9BE363504681
:1079B0000A93FFF72DF80368DD6A424B196804F15A
:1079C000400301F10B02A847089B3F4DC4F8089003
:1079D000A3F10C000122A84284F86C20C4F81C809A
:1079E0006762E6627FD1079BA3F10C00A8426FD1CA
:1079F000069BA3F10C00A84240F08D80059B334A02
:107A0000A3F10C0090427AD10FB0BDE8F08F404650
:107A100009AAFEF7A7FC4DE738460AAAFEF7A2FC22
:107A200071E730460BAAFEF79DFC94E74FF0FF315B
:107A30000EE7284690472B681B4A1B6960639342F8
:107A40003FF4FDAE0DF1140B2946584698470598B2
:107A500005E7284690472B68E3E690472B68D8E671
:107A600006AA0192294610469847069825E707AAD4
:107A70000292294610469847079847E728469847B4
:107A80000B9092E728469847099082E708AA03924C
:107A9000294610469847089860E700BF0D6002002D
:107AA000156002001D6002004D6402002D65020099
:107AB00060E9050071650200F965020025600200B9
:107AC00051600200B8C9050054E9050044E9050009
:107AD00053F8042C511E002A43F8041C88DC0AA920
:107AE000E7F790FA84E753F8042C511E002A43F874
:107AF000041C3FF778AF0AA9E7F784FA73E753F855
:107B0000042C511E002A43F8041C3FF77DAF0AA93C
:107B1000E6F7D8FE78E753F8042C511E002A43F804
:107B2000041C3FF76BAF0AA9E7F76CFA66E7364823
:107B3000E0F7A6FA3448E0F7A3FA3348E0F7A0FAF2
:107B4000044600260298E7F793FB0198E7F790FBBD
:107B50005846E6F7DFFF204608F084F9B9F1000F38
:107B600002D0484608F060F8B8F1000F02D0404655
:107B700008F05AF817B1384608F056F816B13046F2
:107B800008F052F808F062FA044646464746DFE736
:107B9000002604463746D8E704463E46D5E7044665
:107BA000D0E708F09DF9E0F705FE08F05BF9E9E79A
:107BB000E0F7BEFA002604463746B046C5E7E7E7D9
:107BC000F8E7044600260398E7F752FBBAE70446B5
:107BD000F9E7E0F7ADFAE0F7ABFAF2E70026044682
:107BE0003746AFE7002604463746B046B0E7F9E728
:107BF000A6E7F7E7CCE7F1E7A2E700260446374619
:107C0000B046B146A4E700BF0452040010B50446D4
:107C10000A48E1F7A5FF2368D3E90132824209D976
:107C200053F8200030B1064A0649002307F0FEFF52
:107C300010B110BDE0F714FAE0F76AFA90EA050017
:107C40000C6F0400644404002DE9F043ADF5097D98
:107C500002AD909F9DF84C929DF850826C3704467F
:107C6000384685E80C00FEF7D3FE06463846FFF797
:107C7000CDFF336807469B6A30462521984704901C
:107C8000B8F1000F20D1CDE90598929B00933846BA
:107C900004AB802208A909F0F3FB08A811F038FA18
:107CA0002F682D79064645B93B6802461B6B08A92B
:107CB00038469847864218BF01252046276025711F
:107CC0000DF5097DBDE8F0830023CDE90589079313
:107CD000DBE700BF2DE9F0419EB00CACDDF89880E9
:107CE000279F054608F16C000E4684E80C00FFF75C
:107CF0008DFF836800220F92DA6A17921A6B18922E
:107D00005A6B19929A6C1092DA6C11921A6D129247
:107D10005A6D13929A6D1492DA6D15921A6E16922C
:107D20009A6B1A92DA6B1B921A6C5B6C1C921D9305
:107D30000FAA07230692CDF81480049310AB039387
:107D40000EAB029324AB93E803008DE803003146A9
:107D50000AAE94E80C003046FEF7A4FF96E8030054
:107D60000F9B84E80300024623BB28990E9B8B617E
:107D70000D9E0AB1731C28D0DDE92403A6F1FF365D
:107D8000B6FA86F6760908B1591C18D0A3F1FF336C
:107D9000B3FA83F35B09B34203D13B6843F00203B8
:107DA0003B600C9294E8030085E8030028461EB06F
:107DB000BDE8F0813B6843F004033B60D8E7D0E9BD
:107DC00002318B420AD21B68E0E7D2E902318B42D2
:107DD0000BD21E68701C08BF0022CDE70368099211
:107DE0005B6A9847099A0346D0E7136809921046E0
:107DF0005B6A9847099A0646ECE700BF2DE9F04315
:107E0000A7B00AACDDF8C090DDF8C480054609F1E2
:107E10006C000F4684E80C00FFF7F8FE8368D3F887
:107E200094200E92D3F898200F92D3F89C201092B1
:107E3000D3F8A0201192D3F8A4201292D3F8A8204E
:107E40001392D3F8AC201492D3F8B0201592D3F843
:107E5000B4201692D3F8B8201792D3F8BC20189209
:107E6000D3F8C02019925A6E1A929A6E1B92DA6E4B
:107E70001C921A6F1D92D3F874C0CDF878C0D3F855
:107E800078C0CDF87CC0D3F87CC0CDF880C0D3F8E2
:107E900080C0CDF884C0D3F884C0CDF888C00DF17F
:107EA000340ED3F888C0CDF88CC00C210EA8D3F8BE
:107EB0008CC0D3F890302593CDE9059ECDE9030120
:107EC0000CAA002302920D932EAB93E803008DE8D9
:107ED000030008AE394694E80C003046CDF890C057
:107EE000FEF7E0FE96E803000D9B84E803000746DA
:107EF00033BB329A0C9B13610B9E0FB1701C2CD0BC
:107F0000DDE92E03A6F1FF36B6FA86F6760908B14A
:107F10005A1C1CD0A3F1FF33B3FA83F35B09B342BD
:107F200005D1D8F8003043F00203C8F800300A97B2
:107F300094E8030085E80300284627B0BDE8F083F5
:107F4000D8F8003043F00403C8F80030D4E7D0E993
:107F5000023293420AD21B68DCE7D7E9023293422D
:107F600009D21E68711C08BF0027C9E703685B6A55
:107F700098470346CEE73B6838465B6A9847064613
:107F8000F0E700BF10B504460A48E1F7E9FD2368B1
:107F90009A6882420CD95B6853F8200038B1064ACF
:107FA0000649002307F042FE003818BF012010BD2B
:107FB000002010BD68E90500685204006444040014
:107FC00010B504460A48E1F7CBFD23689A6882425F
:107FD0000CD95B6853F8200038B1064A06490023E3
:107FE00007F024FE003818BF012010BD002010BD8E
:107FF00094EA0500A06F04006444040010B5044630
:108000000A48E1F7ADFD23689A6882420CD95B68A3
:1080100053F8200038B1064A0649002307F006FE4F
:10802000003818BF012010BD002010BD98EA0500DF
:10803000946F0400644404002DE9F0479646089DBF
:10804000099A9EF800C00C46511BBCEBA10F64DAE4
:108050004FF000095E1E7746494610E08E4288BF09
:108060000131A2EB8C021EF801C0A2EB050398BF00
:1080700009F10109BCEBA30F0EEB010703DA4FFA7C
:108080008CF3002BEADC954241D009F1FF3801F175
:10809000FF3AA0F1040C2B4653F8046B4CF8046F24
:1080A0009A42F9D15D1B2844B9F1000F13D005465F
:1080B00045F8044B3A7842B34FEA820903EB820C4D
:1080C00053F8042B40F8042F6345F9D105EB090060
:1080D000B8F10108EBD2A1B10AF1010575440146DE
:1080E00041F8044B15F8012D6AB1960003EB820CA0
:1080F00053F8042B40F8042F6345F9D188197545CE
:10810000EDD1BDE8F0870846F9E72846E0E72B46C1
:1081100009F1FF3801F1FF3AC6E7AA42F1D04FF06A
:10812000FF3A4FF000097746D0464946B1E700BF15
:10813000F0B583B01546089F099E0A46DDE90A049A
:108140001946B7B1CDE90007381A2B4685103046DD
:10815000FFF772FF821B96102268521B03D1324434
:10816000226003B0F0BD394611F09AF92268521B23
:10817000F5E700902B46256800EB8500019030461E
:10818000FFF75AFF821B9210226003B0F0BD00BFC0
:1081900030B583B0DDE908048C46009019461346DB
:1081A0006246D4F800C0079D00EB8C000190284681
:1081B000FFF742FF401B8010206003B030BD00BFBE
:1081C0002DE9F04F8FB00DF1180BDDF8608008F14C
:1081D0006C0A074650468BE80C00FEF719FC054672
:1081E000B148E1F7BDFCD8F86C30D3F80C9059F8E1
:1081F0002040002C00F032811A9B1E68236C3268EC
:108200009A421DD0A36B0993636A0393A36A0293F6
:1082100056F80C3C2A68284606EB8303556904216E
:108220003246A847851BAD1016D19BE803000023FA
:1082300087E803003846C8F808300FB0BDE8F08F73
:10824000E26B099256F80C3CE26A0392226B0292AE
:10825000002BDFD00436DDE70DF12809934B0A939C
:1082600069004846E7F74AF8636BA5EB030ABAF1E1
:10827000000F3ADD3AEA230A28BFAA46E368002B3A
:1082800000F020810A9B002153F80C2C00914FEA4A
:108290004A034846E6F75CFF0A9850F8043C002B76
:1082A00080F2278106EB8A0CD4E90223A1690096AB
:1082B000CDF804C0FFF7C0FE0A9B049053F8042CCD
:1082C000002A80F21181049AD11A53F80C2CB2EBD7
:1082D000A10F4FEAA10CC0F01E81A2EB0C02614677
:1082E00000234846E6F790FE636B002B00F39D8069
:1082F0000A9B53F80C5C029B1D44D8F80C309A057D
:1083000003F0B00A44BF236AED186900674B0B9372
:108310000BA8E6F7F3FFBAF1100FD8F8086000F0E9
:10832000CB8000230493731B059309AD15F8013B23
:10833000042B08D8DFE803F0684C5E55030049467B
:108340000BA8E7F709F84D45F0D1029B012B5FD848
:108350000B9A52F80C3C9E4265D9BAF1200F77D0A7
:10836000199A00920022F31A11460BA8E6F7F0FEC4
:108370000B9A9DF81C50069C4DB9236811461B6B47
:10838000324620469847B0420B9A18BF01250C94FC
:108390008DF834500CAC94E80300454D0690A2F1E2
:1083A0000C03AB428DF81C1040F0A8800A9BA3F18F
:1083B0000C00A8423FF439AF53F8042C511E002A98
:1083C00043F8041C3FF731AF2146E6F71BFE2CE7CC
:1083D000049B002B37D0199A05990BA8E7F740F8B2
:1083E000B1E7029B002BAED0039B0BA81968E7F7FF
:1083F00093F8A8E7D8F80C309B05A4D5D4E9071268
:108400000BA8E6F7DDFF9EE7049B002B9BD0E2E77D
:1084100003995A1E04310BA8E6F7D2FF0B9A52F8C3
:108420000C3C9E4299D81E46A3E761694846E7F78F
:1084300073F8BAF1000F4BDB626B06EB8A0148461A
:10844000E6F7BEFF54E719990BA8E7F765F87AE756
:10845000199AF11A0BA8E7F703F889E70646702086
:10846000E0F7ECFD0023C0E90133C0E90533C0E9C2
:108470000733C0E90933C0E90B33C0E90D33C360EA
:108480000374C36380F86C300A4B036051460446A2
:10849000FEF782FF2146D8F86C003246E1F7E6FA93
:1084A00059F82640A8E600BFA8EA050060E90500E3
:1084B00054E9050030450400B5422CBF00230123D8
:1084C000049330E7524631464846E6F783FE0BE711
:1084D000626CCAF100014846E6F7C2FF2A463146FF
:1084E0004846E6F76DFF03E74846E6F713FE0A9BAA
:1084F000E9E64846E6F70EFE0A98D3E652F8041C71
:10850000481E002942F8040C3FF750AF1846214698
:10851000E6F778FD4AE713460E490F486246F2F740
:1085200057FE0BA8E6F7A4FE4846E6F7A1FEE0F7E3
:1085300041F9F9E707F096FC236820465B68984705
:1085400007F084FD07F08EFCFAE707F0C9FCE0F7BE
:1085500031F900BF84530400385104002DE9F04F75
:108560008FB00DF1180BDDF8608008F16C0A07463A
:1085700050468BE80C00FEF74BFA0546B148E1F790
:10858000EFFAD8F86C30D3F80C9059F82040002C52
:1085900000F032811A9B1E68236C32689A421DD00B
:1085A000A36B0993636A0393A36A029356F80C3C86
:1085B0002A68284606EB8303556904213246A847FA
:1085C000851BAD1016D19BE80300002387E803004C
:1085D0003846C8F808300FB0BDE8F08FE26B09925A
:1085E00056F80C3CE26A0392226B0292002BDFD019
:1085F0000436DDE70DF12809934B0A9369004846DC
:10860000E6F77CFE636BA5EB030ABAF1000F3ADDD7
:108610003AEA230A28BFAA46E368002B00F020812B
:108620000A9B002153F80C2C00914FEA4A0348465C
:10863000E6F78EFD0A9850F8043C002B80F2278163
:1086400006EB8A0CD4E90223A1690096CDF804C098
:10865000FFF7F2FC0A9B049053F8042C002A80F2E6
:108660001181049AD11A53F80C2CB2EBA10F4FEAE6
:10867000A10CC0F01E81A2EB0C026146002348460B
:10868000E6F7C2FC636B002B00F39D800A9B53F856
:108690000C5C029B1D44D8F80C309A0503F0B00A1C
:1086A00044BF236AED186900674B0B930BA8E6F7EC
:1086B00025FEBAF1100FD8F8086000F0CB80002337
:1086C0000493731B059309AD15F8013B042B08D8DF
:1086D000DFE803F0684C5E55030049460BA8E6F757
:1086E0003BFE4D45F0D1029B012B5FD80B9A52F80F
:1086F0000C3C9E4265D9BAF1200F77D0199A0092AE
:108700000022F31A11460BA8E6F722FD0B9A9DF8FA
:108710001C50069C4DB9236811461B6B32462046FF
:108720009847B0420B9A18BF01250C948DF834502D
:108730000CAC94E80300454D0690A2F10C03AB424B
:108740008DF81C1040F0A8800A9BA3F10C00A842F1
:108750003FF439AF53F8042C511E002A43F8041C8F
:108760003FF731AF2146E6F74DFC2CE7049B002B89
:1087700037D0199A05990BA8E6F772FEB1E7029B6C
:10878000002BAED0039B0BA81968E6F7C5FEA8E73F
:10879000D8F80C309B05A4D5D4E907120BA8E6F74E
:1087A0000FFE9EE7049B002B9BD0E2E703995A1E25
:1087B00004310BA8E6F704FE0B9A52F80C3C9E42DB
:1087C00099D81E46A3E761694846E6F7A5FEBAF1C7
:1087D000000F4BDB626B06EB8A014846E6F7F0FDC3
:1087E00054E719990BA8E6F797FE7AE7199AF11A58
:1087F0000BA8E6F735FE89E706467020E0F71EFC79
:108800000023C0E90133C0E90533C0E90733C0E9FB
:108810000933C0E90B33C0E90D33C3600374C3638C
:1088200080F86C300A4B036051460446FEF7E0FFC7
:108830002146D8F86C003246E1F718F959F826407D
:10884000A8E600BFACEA050060E9050054E90500B0
:1088500040450400B5422CBF00230123049330E7B8
:10886000524631464846E6F7B5FC0BE7626CCAF162
:1088700000014846E6F7F4FD2A4631464846E6F749
:108880009FFD03E74846E6F745FC0A9BE9E64846B4
:10889000E6F740FC0A98D3E652F8041C481E00296B
:1088A00042F8040C3FF750AF18462146E6F7AAFB02
:1088B0004AE713460E490F486246F2F789FC0BA8B7
:1088C000E6F7D6FC4846E6F7D3FCDFF773FFF9E797
:1088D00007F0C8FA236820465B68984707F0B6FBA4
:1088E00007F0C0FAFAE707F0FBFADFF763FF00BF13
:1088F00084530400385104002DE9F04F8DB004AFCB
:1089000007F1080686E80C0097F848307B60FB6C9E
:1089100005468B4607F1180003F16C01E0F77CFE79
:1089200007F11800FEF774F890B080460DF11009B9
:10893000E0F780FED7E9163407F11C0ACDE90234CE
:108940000023F861009340223F4B49465046E7F729
:10895000F9FD3F28044618DD00F1080323F0070362
:10896000ADEB030D01340DF11009E0F763FED7E91B
:108970001623CDE902230023F86100932246324BEF
:1089800049465046E7F7DEFD044607F1140300228E
:1089900021465046E6F72CFBFB6953F8042C002ACD
:1089A0004C4441DA2246D8F800404946E46A404641
:1089B000A0477B68D3B13B6D0193FB6C0093CDF86E
:1089C00008A096E80C0059462846FFF7F9FBFB691A
:1089D0001E4AA3F10C0090421AD107F11800E0F7EB
:1089E000A7FE28462437BD46BDE8F08F3B6D0193B6
:1089F000FB6C0093CDF808A096E80C005946284679
:108A0000FFF7ACFDFB69114AA3F10C009042E4D0E2
:108A100053F8042C511E002A43F8041CDDDC07F136
:108A20001401E6F7EFFAD8E75046E6F773FBFB6967
:108A3000B8E702E05046E6F71BFC07F11800E0F744
:108A400077FEDFF7B7FE00BF9853040054E9050036
:108A500030B587B00DF1100C9DF828508CE80C0053
:108A60000446DDE90B3255B10D9D0093CDE901259A
:108A70009CE80C00FFF7A4FB204607B030BD0D9D1D
:108A80000093CDE901259CE80C00FFF767FD204627
:108A900007B030BD2DE9F8431446C2681D46DDE934
:108AA000083602F0B00CBCF1200F8846A3EB060993
:108AB0004AD0BCF1100F07D00027B9F1000F34D114
:108AC000F21B39D1BDE8F8836C30FDF7A1FF0368D4
:108AD0002D219B6A074698472B68834249D03B6803
:108AE0002B219B6A384698472B68834241D03B68CC
:108AF00030219B6A384698472B688342DCD1012E8F
:108B0000DADD3B6878219B6A384698476B68834278
:108B100037D03B6838469B6A582198476B68834238
:108B20002FD0B9F1000F37D000274A4641462046E2
:108B300010F0BEFCF21BC5D004EB89042946204688
:108B4000BDE8F84310F0ACBC56B9B9F1000FB9D08C
:108B50004A46414604EB8600BDE8F84310F0A8BC45
:108B600029463246204610F09BFCB9F1000FA9D0EF
:108B7000EEE744F8040B04350127B9F1000F9FD04C
:108B8000D3E72B6823606B686360083508340227DD
:108B9000B9F1000F94D0C8E73246CFE730B583B0C3
:108BA0001446089D2A6801921846069A079B00946D
:108BB000FFF770FF2C6003B030BD00BF30B59DF8EB
:108BC0000C40B4B11A4D8646A5FB0143DB0803EB0C
:108BD000830CA1EB4C0C0CF1040C0C46092C52F844
:108BE0002C104EF8041D1946EED8A0EB0E00801094
:108BF00030BD03F04A04402C0FD013F4804F14BF53
:108C000014240424864601F00F032344090952F872
:108C100023304EF8043DF6D1E7E7864601F007031E
:108C20000433C90852F823304EF8043DF6D1DCE78E
:108C3000CDCCCCCC2DE9F04F8BB004AF06463D6CCB
:108C40006848396007F1080484E80C00E0F788FF01
:108C5000EB6ED3F80C9059F82080B8F1000F00F0BB
:108C60008780D5F80C9009F04A0A94B0BAF1400F09
:108C700008F12C0B04AC32D0BAF1080318BF012361
:108C80007B607B68B96C00935A464B4604F15000F8
:108C9000FFF794FF98F810307861C0F11401024694
:108CA00004EB8101002B32D17B68002B47D0A868F0
:108CB000904217DC3C7B0023AB60BD6844B92B6855
:108CC0007A601B6B284698477A68824218BF012455
:108CD00030461C3735603471BD46BDE8F08F002347
:108CE0007B60CEE78300073323F00703ADEB030D72
:108CF00004AC07F11403024601910293796C3868C1
:108D000000942B46FFF74AFF7A692146D2E7C2005A
:108D10000832ADEB020DD8E90202D8F828300291F2
:108D200006AC014607F114000390009538680194E1
:108D3000FFF72EFA7B687A692146002BB7D119F428
:108D4000007FB4D0BB6C002BB1D0BAF1400F30D053
:108D5000C9F3803909F1020902325BF8293041F880
:108D6000043CD8F83C3041F8083C7A6108399EE769
:108D700004464FF49470E0F761F90023C0E9013331
:108D8000C0E90533C0E90733C0E90933C3600374A0
:108D900080F82431144B036005F16C018046FEF726
:108DA0002FF94146E86E2246E0F760FE59F824802C
:108DB00057E7D8F83C3041F8043C01327A61043975
:108DC00075E707F04FF8D8F8003040465B689847E1
:108DD00007F03CF907F046F8FAE707F081F8DFF70B
:108DE000E9FC00BF9CEA05009C45040010B586B074
:108DF0000DF1100C8CE80C00089B00939CE80C0013
:108E0000DDF824C0CDF804C0DDF828C0CDF808C0D6
:108E10000446FFF70FFF204606B010BD2DE9F041D4
:108E200088B004AC84E80C00DDE90E63CDE9006392
:108E3000D6F80C80109B029328F4804323F04A0359
:108E400006AF43F402730546F360384694E80C001D
:108E5000FFF7F0FE97E8030004908DF8141094E8F3
:108E6000030085E803002846C6F80C8008B0BDE87A
:108E7000F08100BF2DE9F0419DF82010069F80464B
:108E800014461D46F1B10646204629460A22002313
:108E90001AF0BAF80432204657F8223046F8043D5A
:108EA00029460A2200231AF0AFF822462B460A2A46
:108EB00073F1000304460D46E6D2A8EB06008010CD
:108EC000BDE8F081079B03F04A03402B15D0079BB8
:108ED00013F4804F14BF14220422064604F00F033B
:108EE0001344240957F8233046F8043D44EA057436
:108EF0002D0954EA0503F1D1DFE7064604F0070324
:108F00000433E40857F8233046F8043D44EA457436
:108F1000ED0854EA0503F1D1CFE700BF2DE9F04F8A
:108F20008DB004AF07F1100484E80C00BD6C3B6DFC
:108F3000FB6006467B6D6B48BB603960E0F710FE56
:108F4000EB6ED3F80C9059F82080B8F1000F00F0C8
:108F50009080D5F80C9009F04A0BA8B0BBF1400FF7
:108F600004A96DD0BBF1080A18BF4FF0010A08F13F
:108F70002C03009301F1A000D7E90232CDE9019A58
:108F80007960FFF777FF796898F81030F861C0F1E1
:108F90002802044601EB8201F3B9BAF1000F33D085
:108FA000AA68A2424FDC97F814800023AB603D69A9
:108FB000B8F1000F08D12B6822461B6B2846984752
:108FC000844218BF4FF0010830462437356086F8D8
:108FD0000480BD46BDE8F08FC4000834D8E9020221
:108FE000ADEB040DD8F82830029106AC014607F12C
:108FF0001C000194039000953868FFF7C9F82146DA
:10900000FC69BAF1000FCBD119F4007FC8D0D7E9C1
:1090100002231343C4D0BBF1400F4BD0C9F38039B6
:1090200009F1020908F12C03023453F8293041F800
:10903000043CD8F83C3041F8083CFC610839AFE703
:109040004FF0000A93E79300073323F00703ADEBDB
:10905000030D0DF1100807F11C0301910293F96C47
:109060003868CDF800802B46FFF798FDFC69414633
:1090700099E704464FF49470DFF7E0FF0023C0E95E
:109080000133C0E90533C0E90733C0E90933C360E0
:10909000037480F82431144B036005F16C018046A1
:1090A000FDF7AEFF4146E86E2246E0F7DFFC59F8D7
:1090B00024804EE7D8F83C3041F8043C0134FC6190
:1090C00004396DE706F0CEFED8F8003040465B6804
:1090D000984706F0BBFF06F0C5FEFAE706F000FF72
:1090E000DFF768FB9CEA05009C4504002DE9104869
:1090F00087B00DF1100C8CE80C000A9B00939CE8E3
:109100000C00DDF82CC0CDF804C0DDE90CBCCDE9C5
:1091100002BC0446FFF702FF204607B0BDE81088F6
:10912000F8B50D461B48E0F71BFD2B68DF680446C9
:1091300057F8200000B1F8BD4FF49470DFF77EFFC0
:109140000023C0E90133C0E90533C0E90733C0E9B2
:109150000933C360037480F824310F4B0360294640
:109160000646FDF74DFF286822463146E0F77EFCB3
:1091700057F82400F8BD06F075FE06F067FF06F00C
:1091800071FE336830465B689847F6E706F0A8FE44
:10919000DFF710FB9CEA05009C4504002DE9F04F29
:1091A0008BB004AF0C46D7F840803C6007F1080153
:1091B00081E80C00064608F16C0107F11000FFF78A
:1091C000AFFFD8F80C9009F04A0A94B0BAF1400FFA
:1091D000054600F12C0B04AC09D0BAF1080F06D0FB
:1091E000BB6C002B40F3918001237B6001E00023E6
:1091F0007B60B96C7B6800935A464B4604F1500083
:10920000FFF7DCFC2B7C7861C0F11401024604EB13
:109210008101002B49D17B68002B5ED0BB6C002BF9
:109220003CDB19F4006F19D1D8F80800904220DC1B
:109230003C7BBD680023C8F8083044B92B687A60CD
:109240001B6B284698477A68824218BF0124304633
:109250001C3735603471BD46BDE8F08FD8F8080082
:109260002B6B41F8043C013290427A61A1F1040178
:10927000DEDD8300073323F00703ADEB030D04AC01
:1092800007F11403024601910293796C3868009447
:109290004346FFF783FC7A692146C9E7EB6A41F848
:1092A000043C01327A610439BEE7C2000832ADEBFA
:1092B000020DD5E90202AB6A029106AC014607F144
:1092C00014000390CDF8008038680194FEF760FF29
:1092D0007B687A692146002BA0D119F4007FA3D0C6
:1092E000BB6C002BA0D0BAF1400F12D0C9F380396B
:1092F00009F1020902325BF8293041F8043CEB6BBA
:1093000041F8083C7A6108398EE7594201237B60B5
:1093100070E7EB6B41F8043C01327A61043983E772
:1093200010B586B00DF1100C8CE80C00089B009372
:109330009CE80C00DDF824C0CDF804C0DDF828C09E
:10934000CDF808C00446FFF729FF204606B010BD3F
:109350002DE9F04F8DB004AF07F10805BE6C97F80A
:109360005090D6F80C8018F0010F85E80C000446E8
:1093700018D1FB6CCDF80890CDE9006307F118080F
:10938000404695E80C00FFF709FF98E80300B86035
:10939000397395E80300243784E803002046BD466E
:1093A000BDE8F08F06F16C0107F11400FFF7B8FE7D
:1093B000B9F1000F3ED0D0E905BAB3689A453EDA5C
:1093C000A3EB0A094FEA8903073323F00703ADEB48
:1093D000030D04AB4A46184608F0B008F96C7B60F0
:1093E00010F066F80022B8F1200FB2607B6897F8A1
:1093F0000C80BE683DD0B8F1000F11D1194633681A
:109400004A461B6B3046984781454AD133685946D6
:109410001B6B524630469847824518BF4FF00108F3
:10942000BE6187F81C8007F1200313E90300B860D0
:109430003973AEE7D0E907BAB3689A45C0DB0023B9
:10944000B3603E7BD7F808804EB9D8F80030594653
:109450001B6B524640469847824518BF0126C7F805
:1094600018803E7707F1200313E90300B8603973D1
:109470008FE7B8F1000FD3D1326859463046D2F8A1
:1094800030B05246D84782457B680AD119463368C6
:109490004A461B6B30469847814518BF4FF001087C
:1094A000BEE74FF00108BBE72DE9F04F8DB004AFE8
:1094B0000C46D7F84880D7F854A03C6007F110015B
:1094C00081E80C0006463B6DBB6008F16C0107F1BA
:1094D0001800FFF725FED8F80C9009F04A0BA8B049
:1094E000BBF1400F054604A90BD0BBF1080F08D013
:1094F000BB68012B7AF10002C0F29A800123FB6065
:1095000001E00023FB60BA685346F8687960CDE952
:10951000019005F12C00009001F1A000FFF7AAFCDA
:1095200079682B7CF861C0F12802044601EB8201C6
:10953000002B4AD1FB68002B5FD0BAF1000F3DDB56
:1095400019F4006F1BD1D8F80820A24222DC3D7D1F
:109550000023C8F80830D7F8108045B9D8F8003093
:1095600022461B6B40469847844218BF012530466F
:109570002437C6F800803571BD46BDE8F08FD8F8B5
:1095800008202B6B41F8043C0134A242FC61A1F19C
:109590000401DCDD9300073323F00703ADEB030D7B
:1095A00004AD07F11C0301910293F96C3868009532
:1095B0004346FFF7F3FAFC692946C8E7EB6A41F82E
:1095C000043C0134FC610439BDE7C4000834D5E92A
:1095D0000202ADEB040DAB6A029106AC014607F145
:1095E0001C0001940390CDF800803868FEF7D0FD90
:1095F000FB682146FC69002B9FD119F4007FA2D0A3
:10960000BB6853EA0A039ED0BBF1400F17D0C9F3E1
:10961000803909F1020905F12C03023453F829308D
:1096200041F8043CEB6B41F8083CFC6108398AE7DF
:109630005A424FF001006AEB4A03F86065E7EB6BB2
:1096400041F8043C0134FC6104397CE72DE9104801
:1096500087B00DF1100C8CE80C000A9B00939CE87D
:109660000C00DDF82CC0CDF804C0DDE90CBCCDE960
:1096700002BC0446FFF718FF204607B0BDE810887B
:109680002DE9F04F91B004AF07F10805BC6D04F16E
:109690006C0B06468A4607F11400594685E80C0013
:1096A00097F86050FFF73CFDD4F804902A46B9F1D2
:1096B000000F804607F120012046B8BF4FF0060991
:1096C00007F074FBE36803F482738CB0B3F5827F18
:1096D00004AD00F0BC80DFF7ADFFD7E91A23F861D5
:1096E0002946CDE90223CDF8009007F120032D2271
:1096F00007F11C00E6F726FF2C28B86142DC58462B
:10970000FDF786F9BA690368D3F82C909300073304
:1097100023F00703ADEB030D0DF1100B29462A448E
:109720005B46C847D7F81890B9F1000F46D04A46B3
:109730002E2128460AF044F8002800F0B580401B8E
:1097400098F81030D8F824204BF820200BEB80003C
:10975000002B38D1A2684A4563DC3D7B0023A3601F
:10976000BC6845B9236859461B6B4A462046984752
:10977000814518BF01253046343734603571BD4608
:10978000BDE8F08F00F1080323F00703ADEB030DF4
:10979000421C7A60DFF74EFFD7E91A2304ADCDE90A
:1097A0000223CDF800907A68F86107F1200307F1F1
:1097B0001C002946E6F7C6FEB861A0E798F810300D
:1097C000002BC7D048466A462B78A2EBC9029546C3
:1097D0002D2B0DF1100C05D02B2B03D065464FF02F
:1097E000000909E065465BF8043B45F8043B09F1D4
:1097F000FF32BA614FF00109D8E90212D8F82830D7
:10980000009007F11800CDE9015B03905046E34654
:10981000FEF78EFCBA699144A268C7F818904A45D1
:109820009BDD9300073323F00703ADEB030D04A981
:1098300007F11803CDF804B0029300912346504677
:109840008B46F96DFFF7AAF9D7F8189085E7DFF78F
:10985000F1FED7E91A23F8612946CDE9002307F183
:109860001C0007F120032D22E6F76CFE2C28B861BE
:109870007FF745AF00F1080323F00703ADEB030DBD
:1098800000F10109DFF7D6FED7E91A2304ADCDE9CF
:1098900000232946F86107F120034A4607F11C001E
:1098A000E6F750FEB8612AE798F81030002B3FF435
:1098B00051AFB9F1020F86DD6B78303B092B3FF6D3
:1098C00049AFAB78303B092B3FF644AF7BE700BF95
:1098D00070B588B00DF1180C8CE80C000C9B0D9D38
:1098E00000939CE80C00019500250295DDE90E56D9
:1098F000CDE904560446FFF7C3FE204608B070BD0C
:109900002DE9F04F91B004AF07F10805BC6D04F1EB
:109910006C0B06468A4607F11400594685E80C0090
:1099200097F86050FFF7FCFBD4F804902A46B9F191
:10993000000F804607F120012046B8BF4FF006090E
:1099400007F034FAE36803F482738CB0B3F5827FD6
:1099500004AD00F0BC80DFF76DFED7E91A23F86193
:109960002946CDE90223CDF8009007F120032D22EE
:1099700007F11C00E6F7E6FD2C28B86142DC5846EA
:10998000FDF746F8BA690368D3F82C9093000733C3
:1099900023F00703ADEB030D0DF1100B29462A440C
:1099A0005B46C847D7F81890B9F1000F46D04A4631
:1099B0002E21284609F004FF002800F0B580401B46
:1099C00098F81030D8F824204BF820200BEB8000BA
:1099D000002B38D1A2684A4563DC3D7B0023A3609D
:1099E000BC6845B9236859461B6B4A4620469847D0
:1099F000814518BF01253046343734603571BD4686
:109A0000BDE8F08F00F1080323F00703ADEB030D71
:109A1000421C7A60DFF70EFED7E91A2304ADCDE9C8
:109A20000223CDF800907A68F86107F1200307F16E
:109A30001C002946E6F786FDB861A0E798F81030CB
:109A4000002BC7D048466A462B78A2EBC902954640
:109A50002D2B0DF1100C05D02B2B03D065464FF0AC
:109A6000000909E065465BF8043B45F8043B09F151
:109A7000FF32BA614FF00109D8E90212D8F8283054
:109A8000009007F11800CDE9015B03905046E346D2
:109A9000FEF74EFBBA699144A268C7F818904A4590
:109AA0009BDD9300073323F00703ADEB030D04A9FF
:109AB00007F11803CDF804B00293009123465046F5
:109AC0008B46F96DFFF76AF8D7F8189085E7DFF74E
:109AD000B1FDD7E91A23F8612946CDE9002307F142
:109AE0001C0007F120032D22E6F72CFD2C28B8617D
:109AF0007FF745AF00F1080323F00703ADEB030D3B
:109B000000F10109DFF796FDD7E91A2304ADCDE98D
:109B100000232946F86107F120034A4607F11C009B
:109B2000E6F710FDB8612AE798F81030002B3FF4F3
:109B300051AFB9F1020F86DD6B78303B092B3FF650
:109B400049AFAB78303B092B3FF644AF7BE700BF12
:109B500070B588B00DF1180C8CE80C000C9B0D9DB5
:109B600000939CE80C0001954C250295DDE90E560A
:109B7000CDE904560446FFF7C3FE204608B070BD89
:109B800010B504460068636882B008B15A1C14D04E
:109B9000D1E90020A3F1FF34B4FA84F464090AB1D6
:109BA000431C14D0A0F1FF30B0FA80F04009001B34
:109BB000B0FA80F0400902B010BDD0E90232934201
:109BC0000FD21B685A1C04BF00222260E0E7D2E9D2
:109BD000023083420CD21868431C04BF00230B6080
:109BE000E0E7036801915B6A984701990346E9E75A
:109BF000136801915B6A104698470199ECE700BF32
:109C000010B50446D0E900300BB1421C00D010BDA5
:109C1000D3E902218A4205D21068431C04BF002305
:109C2000236010BD1A681846536A9847F5E700BFCD
:109C30002DE9F04F87B000AF01467C6DFE6C3960B6
:109C400004F16C0007F1100484E80C003B6C7B60AD
:109C5000FCF7DEFE3B6D9B0082460733D7E9040428
:109C600023F00703ADEB030D6D4610B1621C00F04D
:109C700045817B6CBB60A4F1FF341A467B68B4FA63
:109C800084F464091BB11346013300F02B81BB68D7
:109C9000A3F1FF33B3FA83F35B09A34211D1BB6D88
:109CA000BA6D1B6843F00403136007F1100393E8D7
:109CB00003003B681C3783E803001846BD46BDE837
:109CC000F08F07F11000FFF79BFF3B6D002BE6D0F4
:109CD0004FF00009A6F1040B4C46C846FE64D7F8C5
:109CE0005090064608E0DAF800309B6998478642B3
:109CF00008D00134A1450CD05BF8043F1968B1428B
:109D00005046F0D145F828400134A14508F101083A
:109D1000F2D144460023012CFE6CFB6070D9AA46A8
:109D2000DAF8005056F825000FF0F2F9D0468346D5
:109D30004FF0010958F8043F56F823000FF0E8F9F6
:109D400009F10109834528BF8346A145F2D33A6949
:109D5000D2E90203984280F0BB8004309060FB6837
:109D600001334FF0FF325B45FB607A6197D238696F
:109D7000002800F09980D0E90213994280F0CE804B
:109D80000868013000F0A9804FF000087B681BB123
:109D9000BB68013300F08B80BB68A3F1FF33B3FADB
:109DA00083F35B0943453FF47AAFFB6899004FF0BA
:109DB000000889460DE09D4217BF04F1FF3408F109
:109DC00001085AF824304AF82830444515D95AF881
:109DD000285056F8253053F80950D7E904030028D5
:109DE000E9D05A1CE7D1D0E902239A426BD213681A
:109DF000591C04BF00223A61DDE7012C90D855467A
:109E0000012C7FF44CAF3869FBF768FD2D6856F8DC
:109E100025404FF0FF3A2046C7F814A00FF078F91C
:109E2000FB685E1C8642814638D204EB830BFD60E2
:109E30007C697D68D7F808908046386910B1621C4B
:109E400000F08480A4F1FF34B4FA84F4640915B1FD
:109E5000B9F1FF3F71D04A46A2F1FF32B2FA82F265
:109E60005209A2423FF41BAF38695BF8044F7A698C
:109E700008B1511C74D094427FF411AF3869D0E915
:109E80000212914276D20431816001364645C7F80C
:109E900014A04FF0FF34D0D3FD68C1464E457FF487
:109EA000FEAEBB6C1D6000E74FF001086EE77B68FB
:109EB000D3E9021399422BD20B687A68591C08BF68
:109EC00000227A6069E703685B6A984703468FE778
:109ED000136810469B6A984741E700233B614FF0A7
:109EE000010853E77B68D3E902239A421AD2136828
:109EF0007A68581C08BF00227A60C9E6D0E90223BC
:109F00009A4215D21468631C04BF00233B61B0E67B
:109F1000786803685B6A98470346CEE703685B6A24
:109F200098472EE7786803685B6A98470346DFE73F
:109F300003685B6A98470446E5E7D5E90212914257
:109F400021D20A68501C08BF002585E7D0E902121B
:109F500091421ED20C68631C04BF00233B6171E771
:109F6000D0E90212914209D20A68531C04BF0023AF
:109F70003B6180E70268926A904786E70268526A0E
:109F800090470246F1E72A682846526A90470246FF
:109F9000D8E70268526A90470446DCE72DE9F04FA3
:109FA0009DB00CAD85E80C00289B089003F16C0473
:109FB000204689462B9EFDF729FE0346204609933D
:109FC000FCF726FD044630460FF0A2F80023804639
:109FD0000E939A46DDE90C0308B15A1C7CD0DDE9EA
:109FE0002602A3F1FF37B7FA87F77F0910B1511C9A
:109FF00000F0AB80A2F1FF32B2FA82F25209BA420B
:10A0000000F09280D04540F28F800E9F002F40F0EC
:10A010008D80236856F82A101B6B3A4620469847D5
:10A02000252806EB8A0B63D12368DBF804101B6B31
:10A030003A462046984745280F970AF1010769D00C
:10A040004F2867D04138382800F29580DFE810F0BB
:10A05000CE02E002AA00010393009300930067027E
:10A060008D029300930093009A0293009300930053
:10A070009300C1023901B601930093009300DC0103
:10A08000AA00E101930093009300930093009300D2
:10A090008301F10063025D010C0393009300F10062
:10A0A00093009300930093002903D700930093003B
:10A0B0009300930093008800930093009300500353
:10A0C000AA00FBF70BFC0C984FF0FF330AF1010AD2
:10A0D0000D93002800F0AA80D0E90232934280F06C
:10A0E0000B831B68581C7FF47AAF00220C9276E732
:10A0F0000C9856F82A700D9B08B1591C45D09F4208
:10A10000DFD00E9B43F004030E930D9B574607F1DF
:10A11000010A61E72368DBF808101B6B0022204668
:10A120000AF1020798478DE70E9B5BB3299B299A9A
:10A130001B6843F00403136095E80300089B83E861
:10A14000030018461DB0BDE8F08FD0E902239A4203
:10A1500080F0D7821268531C04BF0023269349E77E
:10A160002846FFF74DFD236801461B6B0022204661
:10A17000984709284ED00E9B43F004030E930D9B85
:10A180000C98C4E7D045D1D1D6E7D0E902239A4252
:10A1900080F0CE8213685A1C09BF00220C980C92E2
:10A1A0001046ACE7289B0693002303930EAB07935E
:10A1B0004FF0040C42F20F73CDE9043C0FAB029355
:10A1C00026AB93E803008DE803000DF1280A95E81B
:10A1D0000C0049465046FCF739FC9AE803000E9BF8
:10A1E00085E80300002B40F08E800F9B2A9A002BFD
:10A1F000B4BF6433A3F26C7353610D9BC0E7284670
:10A20000FFF7FEFC236801461B6B0022204698479F
:10A210000A28B0D10C98FBF761FB0C984FF0FF3384
:10A2200007F1010A0D9300287FF456AF4FF0FF337A
:10A23000D5E6099B9B68D3F894201092D3F8982018
:10A240001192D3F89C201292D3F8A0201392D3F845
:10A25000A4201492D3F8A8201592D3F8AC2016921B
:10A26000D3F8B0201792D3F8B4201892D3F8B820BE
:10A270001992D3F8BC201A92D3F8C0300DF1280AF5
:10A280001B93289B05930EAB06930C23049310ABF2
:10A2900003930FAB029326AB93E803008DE8030012
:10A2A000494695E80C005046FFF7C2FC9AE80300C7
:10A2B0000E9B85E8030033BB2A9A0F9B13610D9B0D
:10A2C0005EE7289B0693002303930EAB07934FF0A2
:10A2D000020E3D23CDE9043E0FAB029326AB93E87B
:10A2E00003008DE803000DF1280A95E80C004946AB
:10A2F0005046FCF7ABFB9AE803000E9B85E8030091
:10A30000002B00F003820D9B3AE7289B06930EABCF
:10A3100007934FF0020E1F23CDE9043E0DF1280AEA
:10A32000012303930FAB029326AB93E803008DE860
:10A330000300494695E80C005046FCF787FB9AE875
:10A3400003000E9B85E80300002BDCD12A9A0F9BAB
:10A35000D3600D9B14E7099B9B689A6C1092DA6C92
:10A3600011921A6D12925A6D13929A6D1492DA6DBF
:10A3700015921B6E0DF1280A1693289B05930EABC0
:10A3800006930723049310AB03930FAB029326AB02
:10A3900093E803008DE80300494695E80C00504619
:10A3A000FFF746FC9AE803000E9B85E80300002BAC
:10A3B000A9D12A9A0F9B93610D9BE1E6A64A2368D7
:10A3C0000DF1400BD3F82CA0A2F109015B46204609
:10A3D000D047CDF814B02A9B0493289B02930EAB70
:10A3E000039326AB93E803008DE803000DF1280AE0
:10A3F00095E80C0049465046FFF7D0FD9AE8030067
:10A4000085E803000D9BBBE6099B9B681B690593D0
:10A41000E1E72846FFF7F4FB236802469B68012129
:10A420002046984700283FF4A6AE289B05938B4B07
:10A4300003930EAB06930E23049310AB029326AB4B
:10A4400093E803008DE803000DF1280A49465046C1
:10A4500095E80C00FFF7ECFB9AE8030085E80300A1
:10A4600026A92846FFF78CFB00287FF44CAF0E9AF4
:10A47000109B13437FF447AF2846FFF7C1FB2368C7
:10A4800083469B6A2D212046984783450BD028465A
:10A49000FFF7B6FB236883469B6A2B21204698472B
:10A4A00083457FF430AF0EAB0793289B06930023C0
:10A4B00003934FF0020B1723CDE9043B10AA02923D
:10A4C00026AA92E803008DE80300494695E80C00AF
:10A4D0005046FCF7BBFA0EAA00203B23CDE903034C
:10A4E000079210AA0292289ACDF814B006929AE820
:10A4F000030026AB85E8030093E803008DE8030022
:10A500004946504695E80C00FCF7A0FA9AE803008B
:10A5100085E80300F7E6099B9B689B6977E7289B22
:10A520000693002303930EAB079302201723CDE974
:10A5300004300DF1280A0FAB029326AB93E8030019
:10A540008DE80300494695E80C005046FCF77EFA7A
:10A550009AE803000E9B85E80300002B7FF4D3AE3E
:10A560002A9A0F9B93600D9B0AE6289B06930EABDD
:10A57000079302210C23CDE9043101230DF1280AB0
:10A580000393D8E7289B0693002303930EAB07930E
:10A590004FF0020B3B23CDE9043B0FAB029326ABFC
:10A5A00093E803008DE803000DF1280A95E80C00FC
:10A5B00049465046FCF74AFA9AE803000E9B85E8A4
:10A5C0000300002B7FF49FAE2A9A0F9B53600D9BD4
:10A5D000D6E52368224AD3F82CA00DF1400B911F39
:10A5E0005B462046D047CDF814B0F4E6099B9B6843
:10A5F000DA6A10921A6B11925A6B12929A6B13923A
:10A60000DA6B14921A6C15925B6C0DF1280AB3E6A2
:10A61000099B9B685A6E10929A6E1192DA6E129292
:10A620001A6F13925A6F14929A6F1592DA6F1692EC
:10A63000D3F880201792D3F884201892D3F888207A
:10A640001992D3F88C201A92D3F890300DF1280A81
:10A6500016E6044AB3E600BFBD530400F4C9050082
:10A66000B2530400A95304002846FFF7C9FA23682F
:10A6700002469B6808212046984700284BD00C983A
:10A68000FBF72CF94FF0FF330D93289B0693012322
:10A69000059303930EAB079309230DF1280A049346
:10A6A00040E6289B06930EAB079302220C23CDE9CC
:10A6B0000432012303930FAB029326AB93E803000C
:10A6C0008DE803000DF1280A95E80C004946504634
:10A6D000FCF7BCF99AE803000E9B85E80300002B09
:10A6E0007FF411AE0F9B2A9A013B13610D9B47E546
:10A6F000099B9B689B688AE603685B6A98470346E8
:10A70000F0E403685B6A9847024624E52A9A0F9BA7
:10A7100013600D9B34E5289B06930EAB07934FF017
:10A72000020C1F23CDE9043C0DF1280A0A23F8E5A9
:10A7300003685B6A984703462DE500BF2DE9F041A9
:10A740008CB0DDE914670AAC054606F16C0084E8BC
:10A750000C008846FDF75AFA83681B690593169B1F
:10A760000296CDE9037312AB93E803008DE8030072
:10A7700008AE304694E80C004146FFF70FFC96E81F
:10A78000030084E8030002460E4608B14B1C1DD0AE
:10A79000DDE91203A6F1FF36B6FA86F6760908B1AE
:10A7A000591C1CD0A3F1FF33B3FA83F35B09B34206
:10A7B00003D13B6843F002033B600A9294E8030034
:10A7C00085E8030028460CB0BDE8F081D0E90231ED
:10A7D0008B420AD21E68701C08BF0022D8E7D0E95D
:10A7E00002318B4208D21B68DCE7036807905B6A82
:10A7F0009847079A0646EEE7036807925B6A984710
:10A80000079A0346CEE700BF2DE9F0418CB0DDE9A1
:10A8100014670AAC054606F16C0084E80C00884613
:10A82000FDF7F4F983689B680593169B0296CDE9C2
:10A83000037312AB93E803008DE8030008AE3046C3
:10A8400094E80C004146FFF7A9FB96E8030084E872
:10A85000030002460E4608B14B1C1DD0DDE9120371
:10A86000A6F1FF36B6FA86F6760908B1591C1CD057
:10A87000A3F1FF33B3FA83F35B09B34203D13B681F
:10A8800043F002033B600A9294E8030085E803006A
:10A8900028460CB0BDE8F081D0E902318B420AD2E3
:10A8A0001E68701C08BF0022D8E7D0E902318B4235
:10A8B00008D21B68DCE7036807905B6A9847079A31
:10A8C0000646EEE7036807925B6A9847079A0346D5
:10A8D000CEE700BF2DE9F04F8DB0044618991A9DC0
:10A8E000049406A880E80C006C3109A8FEF718FC57
:10A8F00016A9064606A8FFF743F98146002800F08E
:10A90000C7820024337CA2462746854A05920B92D3
:10A91000002B40F0128396F824310293002B40F074
:10A920000381B9F1000F40F036844B46CDF800901A
:10A93000DFF8F0910193A4F13003092B7AD82B684A
:10A940005FFA84FB53E90342671C974204D853F82B
:10A95000042C002A40F3C380394628460DF12C0808
:10A96000E4F71EF92B6853F80C2C03F802B02A68A0
:10A97000A2F10C034B4508BF012740F0BD800698AB
:10A98000D0E90232934280F09C80043383604FF020
:10A99000FF330793D0E90232934280F0DC821868DB
:10A9A000013003BF0023069301240024DDE91603D0
:10A9B00010B15A1C00F09580A3F1FF33B3FA83F372
:10A9C0005B09A34226D10B9C54F80C3C002B00F0F1
:10A9D000A480019B002B00F0E0820DF12C08D6E949
:10A9E0000201424606F088FA002840F09680199944
:10A9F0004C4B04220A6006AA92E80300049A82E8FB
:10AA00000300A4F10C00984240F0A28304980DB01A
:10AA1000BDE8F08FDDE9060400288CD0611C8AD1E6
:10AA2000D0E90232934280F0A2831C68621C82D17A
:10AA300000230693736AA34200F09A82D6F8043189
:10AA4000A34203D0D6F81C31A342BCD1009B002BFB
:10AA500040F0F183002FB6D0652128460DF12C0877
:10AA6000E4F7A8F90698D0E90232934280F0868391
:10AA7000043383604FF0FF3316A906A807930DF146
:10AA80002C08FFF77DF8009000289CD106A8FFF75E
:10AA9000B7F8D6F8C0308342044600F08B82D6F86F
:10AAA000BC30834240F08C822D2128460DF12C08C9
:10AAB000E4F780F906980097D0E902329342FFF458
:10AAC00064AF03689B6A0DF12C08984706984FF015
:10AAD000FF330793012400283FF468AF5AE722466A
:10AAE00043E7D0E90232934280F03B821B68581C56
:10AAF00004BF002216925FE72344002142F80C7C39
:10AB000042F8041C4FF000025A73012737E70B9CF0
:10AB100054F80C3C002B7FF460AF024B6BE700BF96
:10AB200050E9050044E90500B9F1000F40F0338316
:10AB300006F1CC02337CDFF8A4B2CDF8009003928A
:10AB4000CDF804901BB1B36AA34200F00F81736A81
:10AB5000A34271D1019B002BD9D1009B002BD6D1F0
:10AB60000B9B53F80C4CF4B153F8082C04F1010979
:10AB70005FFA8AF19145019104D853F8042C002A18
:10AB800040F357810BA849468046E4F709F80B9B30
:10AB900053F80C2C5FFA8AF199540B9AA2F10C032A
:10ABA0005B4540F095822B6853E9039209F101045B
:10ABB000944204D853F8042C002A40F326812146FD
:10ABC00028460DF12C08E3F7EBFF2B6853F80C1C1B
:10ABD0002E225A542A68A2F10C035B4540F04C81A6
:10ABE000029B01930698D0E90232934256D2043375
:10ABF00083604FF0FF330793D0E90232934280F035
:10AC00009A821868013000F0D7810024DDE916032C
:10AC100010B15A1C00F0D680A3F1FF33B3FA83F3CE
:10AC20005B09A3423FF4CFAEDDE9060410B1621C1C
:10AC300000F01781337C85E7DDF80C800A2221467D
:10AC400040460EF017FC002835D04346C41A2B6846
:10AC500053E90392A41009F1010730349742E4B29A
:10AC600004D853F8042C002A40F3D18039462846F2
:10AC70000DF12C08E3F794FF2B6853F80C2C9C542F
:10AC80002A68A2F10C035B4540F0C9800698029F38
:10AC9000D0E9023293420AF1010AA8D303689B6A01
:10ACA0000DF12C08984706984FF0FF3307930028C2
:10ACB000A2D1029CAAE7D6F80431A34204D0D6F868
:10ACC0001C31A3427FF47FAE009B002B7FF47BAE50
:10ACD000002F3FF478AE0B9B53F80C3C1BB1019B4B
:10ACE000002B00F031812B6853E9039209F1010434
:10ACF000944204D853F8042C002A40F39C80214647
:10AD000028460DF12C08E3F74BFF2B6853F80C2C69
:10AD1000652199542A68A2F10C035B4540F0E28159
:10AD20000698D0E90232934280F0EB8104338360CD
:10AD30004FF0FF3316A906A807930DF12C08FEF774
:10AD40001FFF009000287FF43EAEDDE9060410B13D
:10AD5000631C00F03781D6F8C010A14240D0D6F86D
:10AD6000BC30A3423CD0337C0097EBE6019B002B28
:10AD70007FF4CDAE009B002B7FF4C9AEBAF1000F7B
:10AD800000F030820B9B53E9039209F101049442D5
:10AD90005FFA8AFA03D853F8042C002A4DDD0BA879
:10ADA00021468046E3F7FCFE0B9B53F80C2C03F87E
:10ADB00002A00B9AA2F10C035B4546D1002301933C
:10ADC0009A460FE7D0E90232934280F0BA811B68BD
:10ADD000591C04BF002216921EE700BF44E905007B
:10ADE000337C1BB1B26AA24200F0BE81726AA242F9
:10ADF00000F06C81A1420CBF2B212D2128460DF1C2
:10AE00002C08E3F7D7FF0097ECE64946E0E64A4610
:10AE10009C542A68A2F10C035B453FF437AF4B44C6
:10AE2000002142F80C7C42F8041C4FF000025A73D7
:10AE30002CE72246AEE64A466AE74A4603F802A0F5
:10AE40000B9AA2F10C035B45B8D000214B4442F8A9
:10AE50000C4C42F8041C4FF000025A7301918A46D0
:10AE6000C0E6D0E90232934280F0B0811C68631CD6
:10AE700004BF00230693DDE64B44002142F80C4C4E
:10AE800042F8041C4FF000025A73029B0193A9E69A
:10AE900006A8FEF7B5FED6F8C0108142044600F0C1
:10AEA0009C80D6F8BC30834200F09780337C00272A
:10AEB000BA464FF030081BB1B26AA24200F02781B7
:10AEC000726AA2423FF421ADD6F8CC20A2427FF4B0
:10AED0001CAD002F00F0A4800698D0E90232934206
:10AEE0000AF1010A80F0C88004334FF0FF3283601A
:10AEF0000792D0E90232934280F014811868013041
:10AF000003BF0023069301270027DDE9160310B1D4
:10AF1000591C00F0C580A3F1FF33B3FA83F35B093A
:10AF2000BB4240F0B580337CAC4A05924FF001093A
:10AF30004F460B92002B3FF4EEAC0DF12C08202174
:10AF40004046E3F72DFEE6E40BA85FFA8AF180465F
:10AF5000E3F730FFC7E603685B6A0DF12C089847FA
:10AF60001EE503685B6A0DF12C0898470346BEE5B1
:10AF7000019B002B7FF462AD009B002B00F017813A
:10AF8000D6F80431A3423FF4C2AD009AD6F81C3182
:10AF9000A34208BF0122009215E5009B002B7FF41D
:10AFA0001CAD5FFA8AF10DF12C084046E3F702FF71
:10AFB0000B9C14E52B2178E50023029C069325E6E3
:10AFC0000097B8E4D0E90232934280F0DD801C683B
:10AFD000611C04BF00230693BDE6337C1BB1B26A3B
:10AFE000A2423FF464AF726AA2423FF460AFA14252
:10AFF0000CBF2B212D212846E3F7DCFE0698FAF73B
:10B000006DFC4FF0FF3316A906A80793FEF7B8FDB5
:10B01000002800F0D6800027337C8146BA4674E4CD
:10B020002B6853E9037207F1010B934503D853F8DA
:10B03000042C002A3EDD59462846E3F7B1FD2B6873
:10B0400053F80C2C03F802802A686549A2F10C031E
:10B050008B423FF441AF3B44002142F80CBC42F824
:10B06000041C4FF000025A730698D0E90232934252
:10B070000AF1010AFFF438AF03689B6A9847069803
:10B080004FF0FF330793012700283FF43EAF30E72E
:10B09000DDE9060408B1671C0ED0337C01270AE7FE
:10B0A000D0E902239A4241D213685A1C04BF0022FD
:10B0B000169230E73A46C5E7D0E90232934271D2A0
:10B0C0001C68611CE9D100230693E6E7009739E587
:10B0D0002344002142F80C9C42F8041C4FF000026B
:10B0E0005A7360E54B44002142F80C4C42F8041CB2
:10B0F0004FF000025A730698D0E902329342FFF4EF
:10B1000015AE03689B6A0DF12C08984710E60DF107
:10B110002C08324B0593202140460B93E3F740FD6A
:10B12000FFF7F9BB03685B6A9847E8E603685B6A68
:10B1300098470346B9E703685B6A0DF12C08984706
:10B1400060E503685B6A0DF12C08984703463FE60B
:10B1500054F8043C5A1E002B44F8042C3FF756AC1C
:10B160000AA9E3F7AFFB51E400931F46EAE4036842
:10B170005B6A0DF12C089847044657E403689B6A04
:10B180000DF12C08984775E403685B6A0DF12C08F3
:10B19000984704461CE70B9C54F80C3C002B7FF4AA
:10B1A00000AFBAE403685B6A9847044689E7012365
:10B1B0002E21284601930DF12C08E3F7FBFDFFF744
:10B1C000DEBB06A8FEF71CFD04466FE603685B6A5B
:10B1D0000DF12C089847044649E600BF50E90500E8
:10B1E00044E905002A68184B52F8041C002911DDB7
:10B1F000A2F10C0098421CBF01F1FF3142F8041C7F
:10B20000059A2A600B9C54F80C2C002A3FF4F3ABEF
:10B210000021C8E6A2F10C019942F3D082F800A007
:10B220000B9C42F80CAC42F804AC54F80C2C002AED
:10B23000EED1FFF7E0BB01230093FFF7C4BB40460C
:10B24000E3F768FCDDF7B6FA44E905002DE9F043C1
:10B250008DB008AC0DF1280984E80C0005463F4B81
:10B260000A93884648462021DDE91667E3F798FCF3
:10B27000CDE90379029614AB93E803008DE803004F
:10B2800006AE94E80C0041463046FFF723FB96E8F3
:10B2900003000A9E84E803008046DEF7CBF90B909A
:10B2A000189930460BAB3A4605F03CFA099EB8F1C6
:10B2B000000F01D0701C24D0DDE91403A6F1FF3685
:10B2C000B6FA86F6760908B15A1C24D0A3F1FF33EA
:10B2D000B3FA83F35B09B34203D13B6843F0020343
:10B2E0003B60CDF8208094E803000A9B1C4A85E867
:10B2F0000300A3F10C00904213D128460DB0BDE825
:10B30000F083D8E9023293421BD21E68711C08BF39
:10B310004FF00008D0E7D0E9023293420CD21B680C
:10B32000D4E753F8042C511E002A43F8041CE4DC33
:10B330000BA9E3F7C7FAE0E703685B6A984703469F
:10B34000C4E7D8F8003040465B6A98470646DDE718
:10B350004846E3F7DFFBDDF72DFA00BF50E90500B3
:10B3600044E905002DE9F0438DB008AC0DF1280942
:10B3700084E80C0005463F4B0A9388464846202146
:10B38000DDE91667E3F70CFCCDE90379029614AB0F
:10B3900093E803008DE8030006AE94E80C004146F4
:10B3A0003046FFF797FA96E803000A9E84E8030008
:10B3B0008046DEF73FF90B90189930460BAB3A46C2
:10B3C00005F004FA099EB8F1000F01D0701C24D0DA
:10B3D000DDE91403A6F1FF36B6FA86F6760908B160
:10B3E0005A1C24D0A3F1FF33B3FA83F35B09B342B1
:10B3F00003D13B6843F002033B60CDF8208094E822
:10B4000003000A9B1C4A85E80300A3F10C0090424C
:10B4100013D128460DB0BDE8F083D8E9023293423B
:10B420001BD21E68711C08BF4FF00008D0E7D0E99E
:10B43000023293420CD21B68D4E753F8042C511EFD
:10B44000002A43F8041CE4DC0BA9E3F73BFAE0E72D
:10B4500003685B6A98470346C4E7D8F80030404663
:10B460005B6A98470646DDE74846E3F753FBDDF79E
:10B47000A1F900BF50E9050044E905002DE9F043BA
:10B480008DB008AC0DF1280984E80C0005463F4B4F
:10B490000A93884648462021DDE91667E3F780FBDA
:10B4A000CDE90379029614AB93E803008DE803001D
:10B4B00006AE94E80C0041463046FFF70BFA96E8DA
:10B4C00003000A9E84E803008046DEF7B3F80B9081
:10B4D000189930460BAB3A4605F0DAF9099EB8F1F7
:10B4E000000F01D0701C24D0DDE91403A6F1FF3653
:10B4F000B6FA86F6760908B15A1C24D0A3F1FF33B8
:10B50000B3FA83F35B09B34203D13B6843F0020310
:10B510003B60CDF8208094E803000A9B1C4A85E834
:10B520000300A3F10C00904213D128460DB0BDE8F2
:10B53000F083D8E9023293421BD21E68711C08BF07
:10B540004FF00008D0E7D0E9023293420CD21B68DA
:10B55000D4E753F8042C511E002A43F8041CE4DC01
:10B560000BA9E3F7AFF9E0E703685B6A9847034686
:10B57000C4E7D8F8003040465B6A98470646DDE7E6
:10B580004846E3F7C7FADDF715F900BF50E90500B3
:10B5900044E905002DE9F04F8FB00DF1200B1A9C06
:10B5A000049004F16C010BA88BE80C00FDF7B8FDCA
:10B5B000E36803F04A0ABAF1400F054600F08282C0
:10B5C000BAF1080F43D04FF00A0918A95846FEF700
:10B5D000D7FA002840F0E681DDE9080410B1661CC6
:10B5E00000F0B682D5F8BC30A3420CBF0123002383
:10B5F000069303D0D5F8C030A34236D12B7C13B1CB
:10B60000AA6AA24232D06A6AA2422FD00898FAF7F8
:10B6100065F94FF0FF3318A958460993FEF7B0FAC1
:10B620000746F0B14FF00008B9F1100F2B7C4646E9
:10B6300070D1162205920192A04A0D92002B71D072
:10B640000DAB202118460293E3F7AAFA6AE018A985
:10B650005846FEF795FA002840F055824FF0100941
:10B66000BAE75846FEF7CCFA04462B7C4FF00008A8
:10B67000464657461BB1AA6AA24200F01C816A6A7C
:10B68000A24200F01881D5F8CC20A24200F0FD8043
:10B69000002E00F01081D5F8C420A24204D0D5F8C5
:10B6A000C820A24240F02C82002F00F0D780B9F1D0
:10B6B000100F40F057824FF0000846460898D0E936
:10B6C00002239A4280F0D48004324FF0FF3382602C
:10B6D0000993D0E902239A4280F020821068013059
:10B6E00003BF002308934FF0010A4FF0000ADDE981
:10B6F000180310B1591C00F01681A3F1FF33B3FAFF
:10B7000083F35B09534540F0CC802B7C0127B9F1D2
:10B71000100F8ED0CDF81490CDF80490674A0D929A
:10B72000002B8DD1069B95F824A1CDF81C90002B01
:10B7300014BF4FF000436FF000430393B3FBF9F3E2
:10B740000093BAF1000F40F04581002F40F04C8289
:10B75000059B303305935746019B0A2B00F3B280BB
:10B760002F2C40F21781059BA34240F21381303CFD
:10B77000009BBB4280F0AF800898D0E90232934230
:10B780004FF0010A80F0B880043383604FF0FF333C
:10B790000993D0E90232934280F0EB8118680130BE
:10B7A00003BF0023089301240024DDE9180310B12E
:10B7B0005A1C00F0E480A3F1FF33B3FA83F35B0972
:10B7C000A34240F0BB8001240D9B53F80C2C52BBCC
:10B7D000B8F1000F01D1002E3ED0BAF1000F00F0F9
:10B7E0007481069A002A14BF4FF000426FF00042A5
:10B7F0001C990A601B9904220A602CB11B9A1B99A0
:10B80000126842F002020A609BE803002C4C049D7F
:10B81000A3F10C02A24285E8030040F08C81049859
:10B820000FB0BDE8F08F5FFA88F14FF000090DAB63
:10B8300018460293E3F7BEFAD5E90201029A05F031
:10B840005BFB002800F047810D9BB8F1000F00F072
:10B850004A81B9F1000FC0D00022C9E70898D0E9A9
:10B8600002239A42B8463E464FF01009FFF42CAF2F
:10B8700003689B6A984708984FF0FF3309934FF08D
:10B88000010A00283FF433AF23E7002E42D0B9F17C
:10B890000A0F7FF400AF002F41D1B8464FF00809DE
:10B8A0000CE7DDE9080410B1631C00F0FB802B7C81
:10B8B000002E7FF4DFAE002729E700BF50E9050026
:10B8C00044E90500A4F1300009284DD8009BBB4293
:10B8D0000446FFF451AF039B089807FB09F71B1BB5
:10B8E000BB4238BF4AF0010AD0E90232934208F164
:10B8F00001082744FFF448AF03680DAA9B6A02922F
:10B90000984708984FF0FF330993012400283FF42B
:10B910004CAF3EE777B3B9F1080F00F0D08008F1E3
:10B9200001080126CAE6D0E902239A4280F0F1809C
:10B9300013685A1C04BF00221892DEE6DDE90804F1
:10B9400000283FF409AF621C7FF406AFD0E9023251
:10B95000934280F025811C68631C7FF4FDAE0023B8
:10B960000893019B0A2B15DDA4F16103052B13D865
:10B97000573CFDE6B84601264FF008099EE6D0E99F
:10B980000232934280F0FB801B68591C04BF0022E6
:10B99000189210E7002417E7A4F14103052BF9D80A
:10B9A000373CE5E62E7CCDF814904A46924B0D9339
:10B9B000002E40F0B78095F8247107926FF0004395
:10B9C000B3FBF2F20092002F00F0E08003930696A2
:10B9D0003446B046002F40F0EA8095F8109005F10B
:10B9E000CC03BA460193B9F1000F02D0AB6AA3426F
:10B9F00041D06B6A9C42CDD02146019C059A2046DD
:10BA00000DF038FD0028C5D0001B009A3C284FEAF5
:10BA1000A003C8BF063BBA424ED3079A02FB07F702
:10BA2000039AD21ABA4238BF4AF0010A08F1010853
:10BA30001F440898D0E9023293422DD20433836028
:10BA40004FF0FF33099318A90DAB58460293FEF748
:10BA500097F8044600287FF4B7AE0DAB5846029322
:10BA6000FEF7CEF895F810900446B9F1000FC0D05B
:10BA7000AB6AA342BDD1B8F1000F00F0A1800DA8C0
:10BA80005FFA88F10290E3F795F90898D0E902325D
:10BA900093424FF00008D1D303680DAA9B6A02922B
:10BAA0009847CDE7D0E90232934274D21C68611CFA
:10BAB00004BF00230893FAE64FF0010AB9E7B04645
:10BAC0000126FBE54FF008097FE5069A02B17F42A7
:10BAD0001C9A176091E61B9A042313600D9BB8F122
:10BAE000000F7FF4B6AE002E7FF4B3AE53F80C2CEB
:10BAF000002A3FF4B1AEB9F1000F7FF4ADAE6CE6B1
:10BB00000027012603E616232E7C05931022994672
:10BB10004CE703685B6A984703460AE703685B6A79
:10BB20009847DCE500243746CDF804902646914638
:10BB3000A046069484E553F8041C481E002943F8E7
:10BB4000040C3FF76CAE0CA91046E2F7BBFE66E6AC
:10BB5000D0E9023293422ED21C68601C04BF00233D
:10BB600008933FE5CDF81490CDF804900027012606
:10BB7000D4E503680DAA5B6A029298470FE6036852
:10BB80000DAA5B6A029298470346FEE60696B24605
:10BB90003746B04617E603685B6A9847044686E76F
:10BBA00003680DAA5B6A029298470446D4E63C46B5
:10BBB0000027BA4608E603685B6A98470446CCE764
:10BBC0000D9B53F80C2C3AB91C9A46B11B99C2F83C
:10BBD000008004220A6017E64446414627E61B9986
:10BBE000166004220A600FE63C465746ECE50298D0
:10BBF000E2F790FFDCF7DEFD50E9050010B588B0F4
:10BC00000DF1180C8CE80C000C9A02920AAA04465A
:10BC10000B4692E803008DE803000D9A0E980392FC
:10BC200019469CE80C0004902046FFF7B3FC204620
:10BC300008B010BD2DE9F04F8FB00DF1280989E84B
:10BC40000C001A9A0B46D1688246C80720D402928B
:10BC50001B9A039218AA92E803008DE80300194684
:10BC60000DAB08AC04934FF0FF3599E80C0020466B
:10BC70000D95FFF78FFC94E803000D9B012B89E8DD
:10BC8000030000F2A1801C9A03F00103137055E039
:10BC900002F16C010DA8FDF743FA046A836980463E
:10BCA000002C40F0F880002B00F02C8101250123AE
:10BCB0000B9E00271A464FF0FF3B0A9810B1711CEB
:10BCC00000F0C980DDE91801A6F1FF36B6FA86F664
:10BCD000760918B1B1F1FF3F00F09B80A1F1FF316F
:10BCE000B1FA81F14909B14200F0A680DDE90A010B
:10BCF00008B14E1C5DD04DBBD8F81C2052F827204F
:10BD00008A4225D1002C00F0F480002B71D1002D47
:10BD100040F0B4800A98D0E90232934207F101075B
:10BD20002BD204338360CDF82CB06CBB002D68D1CE
:10BD30001C9900220A701B9A0423136099E80300DF
:10BD40008AE8030050460FB0BDE8F08F002AD9D131
:10BD5000002C40F0C080D8F8143053F827308B42C4
:10BD600045D0002D40F08780002CE1D00A98D0E922
:10BD70000232934207F10107D3D303689B6A9847C5
:10BD8000CDF82CB0002CD1D0D8F82010002D33D015
:10BD9000D8F81830BB4268D9B9428CBF00210121C4
:10BDA0002C4600202B4622460D4604464FF0FF3617
:10BDB00083E7D0E902618E4280F084803168481CBC
:10BDC00004BF00200A9096E71C9901220A701B9A72
:10BDD0000423136018A94846FDF7D2FE0028ADD011
:10BDE0001B9B1B9A1B6843F002031360A6E7012507
:10BDF00090E71D461C468DE7B94241D920462946A9
:10BE0000D0E7D8F818309F42F8D391D1002F8FD0C7
:10BE10006AE0D0E9021C61454BD20968481CA1F1D7
:10BE2000FF31B1FA81F108BF00204FEA511108BF7C
:10BE30001890B1427FF45AAF1AB1D8F82020BA4214
:10BE40006AD023B1D8F818309F4200F082801C9A43
:10BE50000023137066E0D0E902618E4220D236687A
:10BE6000711C04BF00210A912CE7B9425ED9284613
:10BE70002C46002196E7002C3FF45AAFD8F820104A
:10BE8000B9427FF455AF002935D01C9A00231370B6
:10BE90001B9A136052E7B3FA83F46409002506E79E
:10BEA0000168CDE90623496A8847DDE9062306468D
:10BEB000D6E70168CDE90623496A8847DDE906230C
:10BEC0000146ABE70168CDE90623496A8847DDE909
:10BED0000623014673E7002B3FF42AAFD8F8183049
:10BEE0009F427FF425AF9FB11C9A0123137000235A
:10BEF000CEE701242FE71C9A11701B9A04231360CC
:10BF00001CE72BB91C990B701B9B04221A6015E7C8
:10BF10001C9A04231770BBE76FB91C9A002B18BF3B
:10BF20003B4613701B9A0623136007E716D0BB42EB
:10BF30007FF4FEAED7E71C9900220A700BB90223EA
:10BF4000A6E7D8F81830BB42F9D11B9A0423136036
:10BF5000F4E65FB11C9A01231370F0E7002FD0D0F4
:10BF60001C990022BB420A70C1D1EEE71C9B1F70D6
:10BF7000D8E700BF2DE9F04F8FB008A91A9C0390B5
:10BF800081E80C000BA804F16C01FDF7C9F8E36827
:10BF900003F04A0ABAF1400F054600F06A82BAF18E
:10BFA000080F49D018A908A8FDF7EAFD4FF00A09C3
:10BFB0000646002840F06782DDE9080410B1661CDF
:10BFC00000F0AA82D5F8BC30A3420CBF01230023A5
:10BFD000079303D0D5F8C030A3423CD12B7C13B1DA
:10BFE000AA6AA24238D06A6AA24235D00898D0E93B
:10BFF0000232934280F0B782043383604FF0FF3304
:10C0000018A908A80993FDF7BBFD0646F8B14FF043
:10C010000008B9F1100F2B7C474671D1162204920B
:10C0200093469B4A0D92002B71D00DAB20211846F0
:10C030000293E2F7B5FD6AE018A908A8FDF7A0FD94
:10C040000646002840F047824FF01009B4E708A8E0
:10C05000FDF7D6FD04462B7C4FF0000847465646B8
:10C060001BB1AA6AA24200F010816A6AA24200F0E3
:10C070000C81D5F8CC20A24200F0F180002F00F016
:10C080000481D5F8C420A24204D0D5F8C820A24229
:10C0900040F01E82002E00F0CB80B9F1100F40F06E
:10C0A00045824FF0000847460898D0E902239A429B
:10C0B00080F0C88004324FF0FF3382600993D0E9EA
:10C0C00002239A4280F012821068013003BF0023DD
:10C0D00008934FF0010A4FF0000ADDE9180310B190
:10C0E000591C00F00D81A3F1FF33B3FA83F35B0910
:10C0F000534540F0C0802B7C0126B9F1100F8DD044
:10C10000CDF81090CB46624A0D92002B8DD195F858
:10C11000243105934FF6FF72B2FBF9F20192002B26
:10C1200040F02D81002E40F01982049B3033B2463E
:10C130000493BBF10A0F00F3AF802F2C40F217815C
:10C14000049B9C4280F01381303C019BB34280F001
:10C15000AC800898D0E9023293424FF0010A80F097
:10C16000B880043383604FF0FF330993D0E9023283
:10C17000934280F0E8811868013003BF00230893E0
:10C1800001240024DDE9180310B15A1C00F0E480FA
:10C19000A3F1FF33B3FA83F35B09A34240F0BB8002
:10C1A00001240D9B53F80C2C32BBB8F1000F01D1C8
:10C1B000002F3BD0BAF1000F00F06E814FF6FF72F6
:10C1C0001C990A801B9904220A602CB11B9A1B99A6
:10C1D000126842F002020A6008AA92E803002D4C9D
:10C1E000039DA3F10C02A24285E8030040F0878181
:10C1F00003980FB0BDE8F08F5FFA88F14FF0000BA5
:10C200000DAB184699460293E2F7D4FDD5E9020139
:10C210004A4604F071FE002800F045810D9BB8F1FC
:10C22000000F00F04881BBF1000FC3D00022C7E728
:10C230000898D0E902239A42B04637464FF01009D9
:10C24000FFF438AF03689B6A984708984FF0FF33B4
:10C2500009934FF0010A00283FF43FAF2FE7002F6A
:10C2600045D0B9F10A0F7FF40CAF002E44D1B0468F
:10C270004FF0080918E7DDE9080410B1631C00F06D
:10C28000E8802B7C002F7FF4EBAE002635E700BF63
:10C2900050E9050044E90500A4F13000092850D810
:10C2A000019BB3420446FFF454AF089819FB06F60D
:10C2B000C4F57F43B6B2FF339E42C8BF4AF0010ABD
:10C2C000D0E902322644934208F10108B6B2FFF4E5
:10C2D00048AF03680DAA9B6A0292984708984FF0EE
:10C2E000FF330993012400283FF44CAF3EE776B3B7
:10C2F000B9F1080F00F0BA8008F101080127D3E670
:10C30000D0E902239A4280F0F58013685A1C04BFDA
:10C3100000221892E7E6DDE9080400283FF409AF9F
:10C32000621C7FF406AFD0E90232934280F01F8195
:10C330001C68631C7FF4FDAE0023BBF10A0F089359
:10C3400015DDA4F16103052B13D8573CFDE6B0467B
:10C3500001274FF00809A7E6D0E90232934280F0A6
:10C36000EB801B68591C04BF0022189210E70024C0
:10C3700017E7A4F14103052BF9D8373CE5E6002E79
:10C3800040F0FC8095F810B005F1CC03B24606935E
:10C39000BBF1000F02D0AB6AA34243D06B6A9C4250
:10C3A000E5D02146069C049A20460DF063F800284B
:10C3B000DDD0001B019A3C284FEAA003C8BF063B12
:10C3C000B24250D319FB06F6C3F57F42B6B2FF3234
:10C3D0009642C8BF4AF0010A1E4408F10108B6B2ED
:10C3E0000898D0E9023293422DD2043383604FF093
:10C3F000FF33099318A90DAB08A80293FDF7C0FB02
:10C40000044600287FF4CDAE0DAB08A80293FDF7DB
:10C41000F7FB95F810B00446BBF1000FBED0AB6A35
:10C42000A342BBD1B8F1000F00F0B1800DA85FFAB4
:10C4300088F10290E2F7BEFC0898D0E902329342FC
:10C440004FF00008D1D303680DAA9B6A0292984767
:10C45000CDE7D0E9023293427BD21C68611C04BF55
:10C46000002308930DE7DDF814A0B9E7B8460127CB
:10C470001AE618A908A8FDF783FB4FF0080906463D
:10C4800000283FF499AD00242B7CCDF81090CB46CA
:10C49000A0462746079436E6079A0AB17642B6B216
:10C4A0001C9A168091E61B9A042313600D9BB8F129
:10C4B000000F7FF4B8AE002F7FF4B5AE53F80C2C0C
:10C4C000002A3FF4B3AEBBF1000F7FF4AFAE71E6CC
:10C4D0000026012711E6002416239B460493A0465C
:10C4E0002B7C079427464FF010090CE603685B6A23
:10C4F0009847EAE503685B6A9847034606E753F8FE
:10C50000041C481E002943F8040C3FF771AE0CA927
:10C510001046E2F7D7F96BE6D0E90232934231D206
:10C520001C68601C04BF002308934BE5CDF81090F5
:10C53000CB4600260127E6E503680DAA5B6A029256
:10C54000984703460EE703680DAA5B6A0292984774
:10C5500012E603685B6A984704467FE7DDF814A09B
:10C56000344656461DE603689B6A984746E50368CD
:10C570000DAA5B6A029298470446DAE63446002622
:10C58000B2460EE603685B6A98470446C9E70D9B0E
:10C5900053F80C2C3AB91C9A47B11B99A2F80080A9
:10C5A00004220A6018E64446414629E61B99178092
:10C5B00004220A6010E60298E2F7ACFADCF7FAF817
:10C5C00010B588B00DF1180C8CE80C000C9A029292
:10C5D0000AAA04460B4692E803008DE803000D9A70
:10C5E0000E98039219469CE80C0004902046FFF731
:10C5F000C1FC204608B010BD2DE9F04F8FB008A94E
:10C600001A9C039081E80C000BA804F16C01FCF764
:10C6100087FDE36803F04A0ABAF1400F054600F0CF
:10C620005C82BAF1080F43D018A908A8FDF7A8FA50
:10C630004FF00A098046002840F05982DDE90804DD
:10C6400010B1661C00F09E82D5F8BC30A3420CBF2E
:10C6500001230023079303D0D5F8C030A34236D17D
:10C660002B7C13B1AA6AA24232D06A6AA2422FD0AE
:10C670000898F9F733F94FF0FF3318A908A8099380
:10C68000FDF77EFA8046F0B10027B9F1100F2B7C40
:10C690003E4673D11622049293469F4A0D92002B78
:10C6A00073D00DAB202118460293E2F779FA6CE0C3
:10C6B00018A908A8FDF764FA8046002840F04182D6
:10C6C0004FF01009BAE708A8FDF79AFA04462B7C48
:10C6D00000273E46B84657461BB1AA6AA24200F060
:10C6E0008E816A6AA24200F08A81D5F8CC20A242EB
:10C6F00000F0F080002E00F08281D5F8C420A24224
:10C7000004D0D5F8C820A24240F01682002F00F0D5
:10C71000CA80B9F1100F40F03F824FF00008464642
:10C720000898D0E902239A4280F0C78004324FF083
:10C73000FF3382600993D0E902239A4280F011828C
:10C740001068013003BF002308934FF0010A4FF037
:10C75000000ADDE9180310B1591C00F01181A3F1A2
:10C76000FF33B3FA83F35B09534540F0BF802B7C62
:10C7700047464FF00108B9F1100F8BD0CDF810905B
:10C78000CB46654A0D92002B8BD195F82431059349
:10C790004FF0FF32B2FBF9F20192002B40F03381EF
:10C7A000B8F1000F40F01682049B3033C246049368
:10C7B000BBF10A0F00F3B4802F2C40F21881049BC8
:10C7C0009C4280F01481303C019B434580F0B18055
:10C7D0000898D0E9023293424FF0010A80F0B98004
:10C7E000043383604FF0FF330993D0E90232934260
:10C7F00080F0DE811868013003BF00230893012414
:10C800000024DDE9180310B15A1C00F0E580A3F103
:10C81000FF33B3FA83F35B09A34240F0BC800124E9
:10C820000D9B53F80C2C22BB0FB9002E39D0BAF156
:10C83000000F00F065814FF0FF321C990A601B99D0
:10C8400004220A602CB11B9A1B99126842F0020262
:10C850000A6008AA92E80300304C039DA3F10C0281
:10C86000A24285E8030040F0808103980FB0BDE844
:10C87000F08FF9B24FF0000B0DAB184699460293BA
:10C88000E2F798FAD5E902014A4604F035FB0028A0
:10C8900000F03E810D9B002F00F04181BBF1000FA5
:10C8A000C5D00022C9E70898D0E902239A42B846C9
:10C8B0003E464FF01009FFF439AF03689B6A984772
:10C8C00008984FF0FF3309934FF0010A00283FF416
:10C8D00040AF30E7002E4AD0B9F10A0F7FF40DAF18
:10C8E000002F49D1B8464FF0080919E7DDE90804DF
:10C8F00008B1631C04D0002E00F056812B7CEBE6BF
:10C90000D0E90232934280F060811C68611C04BF50
:10C9100000230893EFE700BF50E9050044E9050054
:10C92000A4F1300009284CD8019B43450446FFF48C
:10C930004FAF089808FB09F8E343434538BF4AF076
:10C94000010AD0E90232934207F10107A044FFF443
:10C9500047AF03680DAA9B6A0292984708984FF068
:10C96000FF330993012400283FF44BAF3DE777B331
:10C97000B9F1080F00F0AE8008F101080126CFE6FA
:10C98000D0E902239A4280F0E78013685A1C04BF62
:10C9900000221892E3E6DDE9080400283FF408AF1E
:10C9A000621C7FF405AFD0E90232934280F0178118
:10C9B0001C68631C7FF4FCAE0023BBF10A0F0893D4
:10C9C00015DDA4F16103052B13D8573CFCE6B846EE
:10C9D00001264FF00809A3E6D0E90232934280F025
:10C9E000ED801B68591C04BF002218920FE7002439
:10C9F00016E7A4F14103052BF9D8373CE4E6474696
:10CA00004FF00008B7E6B8F1000F40F0EF8095F85E
:10CA100010B005F1CC03C2460693BBF1000F02D063
:10CA2000AB6AA3423ED06B6A9C42E0D02146069C92
:10CA3000049A20460CF01EFD0028D8D0001B019A55
:10CA40003C284FEAA003C8BF063B42453FD308FB42
:10CA500009F8DA43424538BF4AF0010A01379844E1
:10CA60000898D0E9023293422BD2043383604FF00E
:10CA7000FF33099318A90DAB08A80293FDF780F8BE
:10CA8000044600287FF4CCAE0DAB08A80293FDF756
:10CA9000B7F895F810B00446BBF1000FC3D0AB6AED
:10CAA000A342C0D1002F00F0AB800DA8F9B20290D4
:10CAB000E2F780F90898D0E9023293424FF000077C
:10CAC000D3D303680DAA9B6A02929847CFE7DDF89B
:10CAD00014A0C5E7B046012622E618A908A8FDF76C
:10CAE0004FF84FF00809804600283FF4A7AD002416
:10CAF0002B7CCDF81090CB4627462646079440E67F
:10CB0000079A0AB1C8F100081C9AC2F8008099E699
:10CB10001B9A042313600D9B002F7FF4BFAE002EE1
:10CB20007FF4BCAE53F80C2C002A3FF4BAAEBBF134
:10CB3000000F7FF4B6AE7AE6474601264FF00008B4
:10CB400019E6002416239B46049327462B7C079462
:10CB500026464FF0100914E603685B6A98470346BF
:10CB600014E703685B6A9847EBE553F8041C481E1A
:10CB7000002943F8040C3FF778AE0CA91046E1F702
:10CB8000A1FE72E6D0E90232934234D21C68601CE6
:10CB900004BF0023089357E54746CDF81090CB46D5
:10CBA0004FF000080126ECE547462B7CB046E2E555
:10CBB00003680DAA5B6A029298471CE603680DAAF7
:10CBC0005B6A0292984703460CE703685B6A9847E2
:10CBD00004469BE6DDF814A04446D04620E60368F0
:10CBE0000DAA5B6A029298470446E2E644464FF07B
:10CBF0000008C24614E603685B6A98470446C6E725
:10CC00000D9B53F80C2C32B91C9A3EB11B9917603E
:10CC100004220A601DE63C4639462DE61B99166043
:10CC200004220A6015E60298E1F774FFDBF7C2FD03
:10CC300010B588B00DF1180C8CE80C000C9A02921B
:10CC40000AAA04460B4692E803008DE803000D9AF9
:10CC50000E98039219469CE80C0004902046FFF7BA
:10CC6000CBFC204608B010BD2DE9F04F8FB008A9CD
:10CC70001A9C039081E80C000BA804F16C01FCF7EE
:10CC80004FFAE36803F04A0ABAF1400F054600F094
:10CC90006082BAF1080F48D018A908A8FCF770FF05
:10CCA0004FF00A098046002840F05D82DDE9080463
:10CCB00010B1661C00F0A282D5F8BC30A3420CBFB4
:10CCC00001230023079303D0D5F8C030A3423BD102
:10CCD0002B7C13B1AA6AA24237D06A6AA24234D02E
:10CCE0000898D0E90232934280F0B5820433836021
:10CCF0004FF0FF3318A908A80993FCF741FF8046BD
:10CD0000F0B10027B9F1100F2B7C3E4673D11622EB
:10CD1000049293469E4A0D92002B73D00DAB2021B6
:10CD200018460293E1F73CFF6CE018A908A8FCF74D
:10CD300027FF8046002840F040824FF01009B5E7F9
:10CD400008A8FCF75DFF04462B7C00273E46B8464A
:10CD500057461BB1AA6AA24200F08D816A6AA242BC
:10CD600000F08981D5F8CC20A24200F0F080002E9E
:10CD700000F08181D5F8C420A24204D0D5F8C820A3
:10CD8000A24240F01582002F00F0CA80B9F1100FC6
:10CD900040F03E824FF0000846460898D0E9022352
:10CDA0009A4280F0C78004324FF0FF3382600993CB
:10CDB000D0E902239A4280F010821068013003BF4C
:10CDC000002308934FF0010A4FF0000ADDE9180331
:10CDD00010B1591C00F01081A3F1FF33B3FA83F3B3
:10CDE0005B09534540F0BF802B7C47464FF001085C
:10CDF000B9F1100F8BD0CDF81090CB46644A0D924C
:10CE0000002B8BD195F8243105934FF0FF32B2FB04
:10CE1000F9F20192002B40F03281B8F1000F40F09E
:10CE20001582049B3033C2460493BBF10A0F00F312
:10CE3000B3802F2C40F21781049B9C4280F0138119
:10CE4000303C019B434580F0B0800898D0E9023225
:10CE500093424FF0010A80F0B880043383604FF0B2
:10CE6000FF330993D0E90232934280F0E4811868DD
:10CE7000013003BF0023089301240024DDE91803D7
:10CE800010B15A1C00F0E480A3F1FF33B3FA83F32E
:10CE90005B09A34240F0BB8001240D9B53F80C2C8E
:10CEA00022BB0FB9002E39D0BAF1000F00F0648117
:10CEB0004FF0FF321C990A601B9904220A602CB1C2
:10CEC0001B9A1B99126842F002020A6008AA92E8B3
:10CED0000300304C039DA3F10C02A24285E803003D
:10CEE00040F07F8103980FB0BDE8F08FF9B24FF0AA
:10CEF000000B0DAB184699460293E1F75BFFD5E9AD
:10CF000002014A4603F0F8FF002800F03D810D9B26
:10CF1000002F00F04081BBF1000FC5D00022C9E70F
:10CF20000898D0E902239A42B8463E464FF01009CD
:10CF3000FFF439AF03689B6A984708984FF0FF33B6
:10CF400009934FF0010A00283FF440AF30E7002E6C
:10CF500049D0B9F10A0F7FF40DAF002F48D1B84680
:10CF60004FF0080919E7DDE9080408B1631C04D093
:10CF7000002E00F055812B7CEBE6D0E90232934283
:10CF800080F05F811C68611C04BF00230893EFE7F9
:10CF900050E9050044E90500A4F1300009284CD807
:10CFA000019B43450446FFF450AF089808FB09F87D
:10CFB000E343434538BF4AF0010AD0E902329342C5
:10CFC00007F10107A044FFF448AF03680DAA9B6A6C
:10CFD0000292984708984FF0FF33099301240028E4
:10CFE0003FF44CAF3EE777B3B9F1080F00F0AE80E5
:10CFF00008F101080126D0E6D0E902239A4280F028
:10D00000E78013685A1C04BF00221892E4E6DDE9A9
:10D01000080400283FF409AF621C7FF406AFD0E992
:10D020000232934280F01B811C68631C7FF4FDAECA
:10D030000023BBF10A0F089315DDA4F16103052B52
:10D0400013D8573CFDE6B84601264FF00809A4E680
:10D05000D0E90232934280F0E7801B68591C04BF7C
:10D060000022189210E7002417E7A4F14103052BD2
:10D07000F9D8373CE5E647464FF00008B8E6B8F186
:10D08000000F40F0F38095F810B005F1CC03C246D4
:10D090000693BBF1000F02D0AB6AA3423ED06B6A8D
:10D0A0009C42E0D02146069C049A20460CF0E2F90E
:10D0B0000028D8D0001B019A3C284FEAA003C8BF23
:10D0C000063B42453FD308FB09F8DA43424538BFE7
:10D0D0004AF0010A013798440898D0E90232934295
:10D0E0002BD2043383604FF0FF33099318A90DABA3
:10D0F00008A80293FCF744FD044600287FF4CDAE57
:10D100000DAB08A80293FCF77BFD95F810B0044620
:10D11000BBF1000FC3D0AB6AA342C0D1002F00F017
:10D12000AF800DA8F9B20290E1F744FE0898D0E96B
:10D13000023293424FF00007D3D303680DAA9B6AD3
:10D1400002929847CFE7DDF814A0C5E7B046012664
:10D1500023E618A908A8FCF713FD4FF0080980463C
:10D1600000283FF4A3AD00242B7CCDF81090CB46D3
:10D1700027462646079441E6079A0AB1C8F10008F7
:10D180001C9AC2F800809AE61B9A042313600D9B38
:10D19000002F7FF4C0AE002E7FF4BDAE53F80C2CF0
:10D1A000002A3FF4BBAEBBF1000F7FF4B7AE7BE6C5
:10D1B000474601264FF000081AE6002416239B4636
:10D1C000049327462B7C079426464FF0100915E65A
:10D1D00003685B6A9847034614E703685B6A9847ED
:10D1E000ECE553F8041C481E002943F8040C3FF7F3
:10D1F00079AE0CA91046E1F765FB73E6D0E902327F
:10D20000934238D21C68601C04BF0023089353E586
:10D210004746CDF81090CB464FF000080126EDE5CB
:10D2200047462B7CB046E3E503680DAA5B6A029291
:10D230009847034612E703680DAA5B6A0292984773
:10D2400016E603685B6A984704469CE6DDF814A07E
:10D250004446D04621E603689B6A984748E5036840
:10D260000DAA5B6A029298470446DEE644464FF0F8
:10D270000008C24611E603685B6A98470446C2E7A5
:10D280000D9B53F80C2C32B91C9A3EB11B991760B8
:10D2900004220A601AE63C4639462AE61B991660C3
:10D2A00004220A6012E60298E1F734FCDBF782FA06
:10D2B00010B588B00DF1180C8CE80C000C9A029295
:10D2C0000AAA04460B4692E803008DE803000D9A73
:10D2D0000E98039219469CE80C0004902046FFF734
:10D2E000C3FC204608B010BD2DE9F0418CB008AC5D
:10D2F00084E80C00149E159BCDE90263D6F80C80DF
:10D3000028F04A0343F00803F3600BAB049312AB1D
:10D3100005460A4693E803008DE8030006AF114670
:10D32000384694E80C00FFF79FFC169A0B9BC6F852
:10D330000C80136097E8030084E8030085E803008D
:10D3400028460CB0BDE8F0812DE9F04F93B00CA950
:10D350001E9C069081E80C000FA804F16C01FBF7FD
:10D36000DFFEE36803F04A08B8F1400F054600F01D
:10D37000C482B8F1080F43D04FF00A0B1CA90CA8C7
:10D38000FCF7FEFB002840F00E82DDE90C0410B132
:10D39000671C00F00083D5F8BC30A3420CBF01230A
:10D3A0000023099303D0D5F8C030A34236D12B7C9B
:10D3B00013B1AA6AA24232D06A6AA2422FD00C9854
:10D3C000F8F78CFA4FF0FF331CA90CA80D93FCF76B
:10D3D000D7FB0646F0B14FF00009BBF1100F2B7CD4
:10D3E0004F4670D1162208920292AD4A1192002B3C
:10D3F00071D011AB202118460393E1F7D1FB6AE00D
:10D400001CA90CA8FCF7BCFB002840F09F824FF041
:10D41000100BBAE70CA8FCF7F3FB04462B7C4FF08B
:10D4200000094F4646461BB1AA6AA24200F0358168
:10D430006A6AA24200F03181D5F8CC20A24200F005
:10D440001681002F00F02981D5F8C420A24204D013
:10D45000D5F8C820A24240F07682002E00F0F0807D
:10D46000BBF1100F40F0A1824FF000094F460C981D
:10D47000D0E902239A4280F0ED8004324FF0FF336E
:10D4800082600D93D0E902239A4280F06582106891
:10D49000013003BF00230C934FF001084FF0000848
:10D4A000DDE91C0310B15A1C00F03E81A3F1FF33EB
:10D4B000B3FA83F35B09434540F0E5802B7C0126FA
:10D4C000BBF1100F8ED0CDF820B0CDF808B0744A63
:10D4D0001192002B8DD1099B4FEAEB78002B15BFE1
:10D4E00000204FF0FF304FF000416FF000415A46EE
:10D4F000434604900591CDF81C8015F085FD95F804
:10D5000024A1CDE90001CDE90AB8BAF1000F40F03D
:10D510006C81002E40F08982089B30330893D046FE
:10D520005646029B0A2B00F3BF802F2C40F233811A
:10D53000089BA34240F22F81303C009B4345019B56
:10D54000B34180F0BC800C98D0E9023293424FF096
:10D55000010A80F0D280043383604FF0FF330D93D3
:10D56000D0E90232934280F027821868013003BF6D
:10D5700000230C9301240024DDE91C0310B1591C85
:10D5800000F0FE80A3F1FF33B3FA83F35B09A342FB
:10D5900040F0D5800124119B53F80C2C002A2DD18A
:10D5A000B9F1000F01D1002F41D0BAF1000F00F006
:10D5B000A781099A002A40F0C2814FF0FF306FF036
:10D5C0000041209AC2E900011F9904220A602CB18F
:10D5D0001F9A1F99126842F002020A600CAA92E890
:10D5E0000300304C069DA3F10C02A24285E8030023
:10D5F00040F0C481069813B0BDE8F08F5FFA89F15E
:10D600004FF0000B11AB18460393E1F7D3FBD5E9BC
:10D610000201039A03F070FC002800F07B81119B4B
:10D62000B9F1000F00F07E81BBF1000FBDD0209D4D
:10D6300000210020C5E900011F9904220A60C6E705
:10D640000C98D0E902239A42B14637464FF0100BAE
:10D65000FFF413AF03689B6A98470C984FF0FF33B1
:10D660000D934FF0010800283FF41AAF0AE7002F8E
:10D6700051D0BBF10A0F7FF4E7AE002E50D1B14676
:10D680004FF0080BF3E6DDE90C0410B1621C00F06A
:10D6900024812B7C002F7FF4C6AE002610E700BF4C
:10D6A00050E9050044E90500A4F1300009285CD8E0
:10D6B000009B4345019BB3410446FFF444AF079BE5
:10D6C0000C980BFB06F608FB0366ABFB08831E44B5
:10D6D000049B1A1B059B63EBE4734245B341D0E9FD
:10D6E000023238BF4AF0010A14EB080846EBE47630
:10D6F000934209F10109FFF42EAF036811AA9B6A56
:10D70000039298470C984FF0FF330D9301240028A3
:10D710003FF432AF24E776B3BBF1080F00F0EA80A4
:10D7200009F101090127A2E6D0E902239A4280F01B
:10D73000178113685A1C04BF00221C92B6E6DDE96B
:10D740000C0400283FF4EDAE631C7FF4EAAED0E990
:10D750000232934280F047811C68611C7FF4E1AE85
:10D7600000230C93029B0A2B15DDA4F16103052B0A
:10D7700013D8573CE1E6B14601274FF0080B76E697
:10D78000D0E90232934280F01D811B685A1C04BF0D
:10D7900000221C92F6E60024FDE6A4F14103052BCD
:10D7A000F9D8373CC9E62F7CCDF820B05A46A34BB8
:10D7B0001193002F40F0D980D3174FF0FF306FF056
:10D7C0000041CDE90A2315F01FFC95F82461099763
:10D7D000CDE90001002E00F0FC804FF0FF326FF029
:10D7E0000043CDE904233C46B946002E40F00281B7
:10D7F00095F810B005F1CC03B2460293B046BBF1E8
:10D80000000F02D0AB6AA34250D06B6A9C42C2D0D8
:10D810002146029C089A20460BF02CFE0028BAD024
:10D82000009A001B3C284FEAA003C8BF063B4245B4
:10D83000019AB2415BD30A9A0B9902FB06F608FBE8
:10D840000166A2FB08821644049AD11A059A62EB7B
:10D85000E3724145B24138BF4AF0010A13EB0808B0
:10D8600009F1010946EBE3760C98D0E902329342C4
:10D870002DD2043383604FF0FF330D931CA911ABFD
:10D880000CA80393FCF77CF9044600287FF483AED0
:10D8900011AB0CA80393FCF7B3F995F810B004464C
:10D8A000BBF1000FB1D0AB6AA342AED1B9F1000F0A
:10D8B00000F0AB8011A85FFA89F10390E1F77AFAE2
:10D8C0000C98D0E9023293424FF00009D1D303689B
:10D8D00011AA9B6A03929847CDE7D0E9023293429E
:10D8E0007CD21C68631C04BF00230C93D1E64FF06C
:10D8F000010AB9E7B9460127B9E54FF0080B3DE544
:10D90000099A1AB1D8F1000866EB4606209AC2E9D6
:10D9100000865CE61F9A04231360119BB9F1000F87
:10D920007FF482AE002F7FF47FAE53F80C2C002AD8
:10D930003FF47DAEBBF1000F7FF479AE35E60020F9
:10D940004FF000413DE600260127B9E516232F7C64
:10D95000089310229B462AE703685B6A984797E57D
:10D9600003685B6A98470346E4E600243E46CDF828
:10D9700008B027469346A14609943AE553F8041C9B
:10D98000481E002943F8040C3FF734AE10A9104696
:10D99000E0F798FF2EE6D0E90232934230D21C68BD
:10D9A000661C04BF00230C93F5E4CDF820B0CDF83D
:10D9B00008B0002601278AE5036811AA5B6A039272
:10D9C0009847D3E5036811AA5B6A03929847034618
:10D9D000DCE6BA46B8463E46B946DBE503685B6A14
:10D9E000984704467EE7036811AA5B6A039298474A
:10D9F0000446B2E64FF000083446C2464646CAE541
:10DA000003685B6A98470446CAE7119B53F80C2CDD
:10DA100042B9209C00210020C4E900011F99042282
:10DA20000A60DBE54C464946ECE53446D0465646AE
:10DA3000B1E50398E1F76EF8DAF7BCFE50E90500AE
:10DA400010B588B00DF1180C8CE80C000C9A0292FD
:10DA50000AAA04460B4692E803008DE803000D9ADB
:10DA60000E98039219469CE80C0004902046FFF79C
:10DA70006BFC204608B010BD2DE9F04F91B00AA90B
:10DA80001C9C059081E80C000DA804F16C01FBF7CB
:10DA900047FBE36803F04A0ABAF1400F054600F07D
:10DAA0008982BAF1080F42D01AA90AA8FCF768F8CF
:10DAB0000A278046002840F08682DDE90A0410B17A
:10DAC000661C00F0CD82D5F8BC30A3420CBF012308
:10DAD0000023099303D0D5F8C030A34235D12B7C65
:10DAE00013B1AA6AA24231D06A6AA2422ED00A9821
:10DAF000F7F7F4FE4FF0FF331AA90AA80B93FCF7CF
:10DB00003FF88046E8B14FF00009102F2B7C4E46BD
:10DB100072D1162206920392A94A0F92002B71D05D
:10DB20000FAB202118460493E1F73AF86AE01AA9EE
:10DB30000AA8FCF725F88046002840F070821027DC
:10DB4000BBE70AA8FCF75CF804462B7C4FF0000901
:10DB5000B8464E4657461BB1AA6AA24200F0AF81B2
:10DB60006A6AA24200F0AB81D5F8CC20A24200F054
:10DB70000581002E00F0A381D5F8C420A24204D074
:10DB8000D5F8C820A24240F04582002F00F0DF8087
:10DB9000B8F1100F40F06E824FF000094E460A981F
:10DBA000D0E902239A4280F0DC8004324FF0FF3348
:10DBB00082600B93D0E902239A4280F04082106881
:10DBC000013003BF00230A934FF0010A4FF0000A0F
:10DBD000DDE91A0310B1591C00F03281A3F1FF33C3
:10DBE000B3FA83F35B09534540F0D4802B7C47465E
:10DBF0004FF00108102F8CD006970397704A0F92B0
:10DC0000002B8DD1FB173A464FF0FF304FF0FF311C
:10DC100015F0FAF995F824310793CDE90101002BAD
:10DC200040F05181B8F1000F40F04382069B303341
:10DC3000C2460693C346039B0A2B00F3C5802F2CD4
:10DC400040F23581069B9C4280F03181303C019B43
:10DC50004345029B73EB0B0380F0C2800A98D0E926
:10DC6000023293424FF0010A80F0D3800433836084
:10DC70004FF0FF330B93D0E90232934280F00782DA
:10DC80001868013003BF00230A9301240024DDE952
:10DC90001A0310B15A1C00F0FF80A3F1FF33B3FA4E
:10DCA00083F35B09A34240F0D68001240F9B53F815
:10DCB0000C2C4ABBB9F1000F01D1002E3ED0BAF1B5
:10DCC000000F00F088811E9D4FF0FF314FF0FF30B4
:10DCD000C5E900011D9904220A602CB11D9A1D9905
:10DCE000126842F002020A600AAA92E80300354C68
:10DCF000059DA3F10C02A24285E8030040F0A38138
:10DD0000059811B0BDE8F08F00235FFA89F1039305
:10DD10000FAB18461F460493E1F74CF8D5E9020112
:10DD20003A4603F0E9F8002800F05F810F9BB9F153
:10DD3000000F00F06281039A002AC0D01E9D0021CE
:10DD40000020C5E900011D9904220A60C5E70A9870
:10DD5000D0E902239A42B9463E464FF01008FFF43C
:10DD600024AF03689B6A98470A984FF0FF330B93E0
:10DD70004FF0010A00283FF42BAF1BE7002E56D0CE
:10DD8000B8F10A0F7FF4F8AE002F55D1B9464FF025
:10DD9000080804E7DDE90A0408B1631C04D0002E7A
:10DDA00000F071812B7CD6E6D0E90232934280F0FC
:10DDB0007B811C68611C04BF00230A93EFE700BF4E
:10DDC00050E9050044E90500A4F13000092858D8BD
:10DDD000019B4345029B73EB0B030446FFF43EAFEC
:10DDE000A7FB0883E217E14307FB0B3341456FEACA
:10DDF000020199410A9838BF4AF0010A14EB080859
:10DE000043EB020BD0E90232934209F10109FFF41E
:10DE10002DAF03680FAA9B6A049298470A984FF0A7
:10DE2000FF330B93012400283FF431AF23E777B38E
:10DE3000B8F1080F00F0BB8009F101090126AEE638
:10DE4000D0E902239A4280F0F58013685A1C04BF7F
:10DE500000221A92C2E6DDE90A0400283FF4EBAE84
:10DE6000621C7FF4E8AED0E90232934280F0278151
:10DE70001C68631C7FF4DFAE00230A93039B0A2B0C
:10DE800015DDA4F16103052B13D8573CDFE6B94635
:10DE900001264FF0080882E6D0E90232934280F072
:10DEA000FC801B68591C04BF00221A92F5E600246E
:10DEB000FCE6A4F14103052BF9D8373CC7E64746F9
:10DEC0004FF0000896E6B8F1000F40F0FF8005F132
:10DED000CC0308932B7C0393C246C34613B1AB6AB1
:10DEE000A3424AD06B6A9C42E1D02146089C069A24
:10DEF00020460BF0BFFA0028D9D0019A001B3C281D
:10DF00004FEAA003C8BF063B4245029A72EB0B02E0
:10DF10004AD3A7FB0882D917D843404507FB0B22F9
:10DF20006FEA0100904138BF4AF0010A13EB08087C
:10DF300009F1010942EB010B0A98D0E90232934240
:10DF40002CD2043383604FF0FF330B931AA90FAB2D
:10DF50000AA80493FBF714FE044600287FF4A6AE3B
:10DF60000FAB0AA80493FBF74BFE2B7C03930446EC
:10DF7000002BB7D0AB6AA342B4D1B9F1000F00F0C7
:10DF8000B0800FA85FFA89F10490E0F713FF0A98B8
:10DF9000D0E9023293424FF00009D2D303680FAAAE
:10DFA0009B6A04929847CEE7DDF81CA0C4E7B1460F
:10DFB0000126F4E51AA90AA8FBF7E2FD0827804626
:10DFC00000283FF47AAD00242B7C06970397A146E6
:10DFD0002646099412E6099A1AB1D8F100086BEBAB
:10DFE0004B0B1E9AC2E9008B77E61D9A042313603F
:10DFF0000F9BB9F1000F7FF49EAE002E7FF49BAE15
:10E0000053F80C2C002A3FF499AE039A002A7FF4AF
:10E0100095AE54E6474601264FF00008EAE5162380
:10E0200000241A460693A1462B7C09942646102705
:10E030000392E3E503685B6A9847034606E70368D3
:10E040005B6A9847BCE553F8041C481E002943F856
:10E05000040C3FF755AE0EA91046E0F733FC4FE62F
:10E06000D0E90232934237D21C68601C04BF0023FF
:10E070000A9328E54746CDF81880CDF80C80012694
:10E080004FF00008BAE547462B7CB046B2E503687E
:10E090000FAA5B6A04929847F3E503680FAA5B6ACC
:10E0A000049298470346FDE603685B6A9847044676
:10E0B00080E6DDF81CA04446D346D046F6E503686A
:10E0C0000FAA5B6A049298470446D2E644464FF092
:10E0D0000008C346C246E9E503685B6A9847044600
:10E0E000C3E70F9B53F80C2C42B91E9C0021002063
:10E0F000C4E900011D9904220A60F5E54C46494631
:10E1000006E60498E0F706FDDAF754FB10B588B090
:10E110000DF1180C8CE80C000C9A02920AAA044625
:10E120000B4692E803008DE803000D9A0E980392C7
:10E1300019469CE80C0004902046FFF79DFC204601
:10E1400008B010BD2DE9F04F91B01C99069001F177
:10E150006C0738460AA981E80C00F8F759FC80469C
:10E160009348DBF7FDFC1C9BDB6EDE6856F8205005
:10E17000002D00F03683AB6A05F1400204921BB11A
:10E180002B6B003B18BF012309932B7C894C0D940A
:10E1900023B10DAE20213046E0F702FD20210EA86C
:10E1A0000E940DAEE0F7FCFC4FF0000BEB6B0F9301
:10E1B00005F1440ACDF80CB05C46CDF81CB0CDF8A2
:10E1C00014B0CDF820B00FAB13F80B30042B00F2D5
:10E1D000BA80DFE813F00500F500A3004C014B0006
:10E1E0004FF00109BBF1030F00F0F880DDE90A07E9
:10E1F00008B17E1C2FD0DDE91A03A7F1FF37B7FA6B
:10E2000087F77F0910B1591C00F0C781A3F1FF33D4
:10E21000B3FA83F35B09BB4200F09780DDE90A02A1
:10E2200010B1561C00F0C481D8F8003008219B685A
:10E2300040460DAE9847002800F087800A98D0E944
:10E240000232934280F04182043383604FF0FF3703
:10E250000B970028CFD0D0E90232934280F061833F
:10E260001F68781C04BF00230A93C4E7DDE90A078E
:10E2700010B17E1C00F05B81DDE91A03A7F1FF37C6
:10E28000B7FA87F77F0910B1591C00F05B81A3F141
:10E29000FF33B3FA83F35B09BB4200F06781DDE92A
:10E2A0000A0610B1731C00F06B810A2231465046F9
:10E2B0000BF0E0F8002800F0E680049B3E4AC01A0C
:10E2C00012680E9B8010125C029253E9039209F1CE
:10E2D0000107974204D853F8042C002A40F3258103
:10E2E00039460EA80DAEE0F75BFC0E9B53F80C2CE4
:10E2F000029999540E9A3149A2F10C038B4240F0D5
:10E30000628101340A98D0E90232934280F0FC80A5
:10E31000043383604FF0FF370B97A9E71C9BDB6842
:10E32000990500F18D81059B012B00F28981BBF1DC
:10E33000000F00F08581BBF1010F00F04483BBF1B9
:10E34000020F00F052834FF001090BF1010BBBF1FA
:10E35000040F43D0B9F1000F7FF435AF1D9B1D9A18
:10E360001B6843F0040313601AA90AA80DAEFBF75B
:10E3700007FC28B11D9B1D9A1B6843F00203136024
:10E380000AAB93E80300069A0E9B0C4C82E803004C
:10E39000A3F10C00A04240F0B8820D9BA3F10C0049
:10E3A000A04240F0A682069811B0BDE8F08F00BFF1
:10E3B000A8EA050050E90500B8C9050044E90500D0
:10E3C0001AA90AA80DAEFBF7DBFB002800F0C081FC
:10E3D000BBF1030F4FF000097FF408AF059B012B41
:10E3E00040F2FB80B9F1000FB8D0089B002B40F041
:10E3F000C581D5F82490DDE90A074FF001084FF0F8
:10E40000000B4FF0FF3A10B17A1C00F0CE81DDE92D
:10E410001A03A7F1FF37B7FA87F77F0910B15E1C1F
:10E4200000F0B881A3F1FF33B3FA83F35B09BB4279
:10E43000059B00F05A82984500F0D380DDE90A037D
:10E4400010B1591C00F0BC8159F8042F9A4285D1B3
:10E450000A98D0E90232934280F0BD810433836090
:10E46000CDF82CA008F101084FF0FF37CBE7AB6ADD
:10E47000002B40F056812B6B002B40F0F181099B63
:10E4800083F0010961E76B69B34243D095F81090BE
:10E49000B9F1000F6AD0AB69B34269D1039B002B7D
:10E4A00040F04B82002C00F051820D9B5FFA84F902
:10E4B00053E90342671C974203D853F8042C002AFF
:10E4C00069DD0DAE39463046E0F76AFB0D9B53F827
:10E4D0000C2C03F802900D9A9C49A2F10C038B427C
:10E4E00008BF00243FF40EAF2344002142F80C7C07
:10E4F00042F8041C4FF000025A730A98D0E9023225
:10E5000093420C46FFF404AF03689B6A0DAE984734
:10E510000A98FFE6039B002BB8D16B6B002B25DD1F
:10E520000123079403930446ECE64A46E0E6D0E96B
:10E530000232934280F0A5811F68781C04BF00233B
:10E540000A9399E6D0E90232934280F0A0811B68D9
:10E550005A1CA3F1FF33B3FA83F308BF00224FEA3A
:10E56000531308BF1A92BB427FF499AE4FF00109D2
:10E570000E9B53F80C3C002B08BF4FF00009E4E65B
:10E58000D0E90232934280F088811E68771C04BF74
:10E5900000230A9389E622469BE7D0E902329342A0
:10E5A00080F0C5811B685A1C04BF00221A922DE618
:10E5B000D0E90232934280F0C3811A68511C04BF33
:10E5C00000230A9330E64B44002142F80C7C42F8C9
:10E5D000041C4FF000025A7393E6B9F1000F3FF4A8
:10E5E000BDAE0E9B53F80C3C012B00F21F81089B23
:10E5F000002B40F058810D9B53F80C3CABB1039BB2
:10E60000002B00F0C5809DF81C100DAE3046E0F7E1
:10E61000D1FBD5E90201324602F06EFC28B91D9B00
:10E620001D9A1B6843F004031360039B1BB16B6BC3
:10E63000A3427FF493AE1E980EA9E0F7A1F893E6EB
:10E640000A982B6A0B9F0293002800F04C817A1CD9
:10E650004FF000092ED0DDE91A03A7F1FF37B7FA12
:10E6600087F77F0908B15E1C35D0A3F1FF33B3FAF9
:10E6700083F35B09BB42029B00F02D814B453FF4C5
:10E6800062AEDDE90A0308B15A1C2FD0EA6952F8DC
:10E6900029209A4239D10A98D0E9023293423AD2DB
:10E6A000043383604FF0FF330B9309F101091F46D8
:10E6B0000028D0D0D0E90232934280F0AA811F68AE
:10E6C0007B1CC8D100230A93C5E703689B6A0DAE83
:10E6D00098470A98BAE5D0E90232934280F09381D4
:10E6E0001B68591C04BF00221A92BEE7D0E902320F
:10E6F000934280F094811B685F1C04BF00220A9241
:10E70000EA6952F829209A42C5D0B9F1000F38D0F1
:10E710004FF0000919E603689B6A0DAE98470A9806
:10E72000C0E71AA90AA80DAEFBF72AFA002800F0E4
:10E730000F812B6B002B40F09380AB6A002B3FF4D2
:10E740009EAE012308939946FFE500BF44E905000A
:10E750000AA80DAEFBF754FAD8F8003002469B68C1
:10E76000082140469847814600283FF431AE0A9878
:10E77000F7F7B4F84FF0FF330B9333E5D5F82C904F
:10E7800039E61C9BDB6883F40073C3F34029DCE5A6
:10E79000E1B23AE7D0E90232934280F04C811B6843
:10E7A000581C08BFCDF868B03CE6D0E9023293426D
:10E7B00080F03B811F687B1C08BFCDF828B026E69F
:10E7C000D0E90232934280F03C811B685A1C08BF9A
:10E7D000CDF828B038E603689B6A0DAE98470A98D2
:10E7E0003EE604467020DAF729FC0023C0E9013335
:10E7F000C0E90533C0E90733C0E90933C0E90B3389
:10E80000C0E90D33C3600374C36380F86C309C4B64
:10E81000036039460546F8F7BFFD1C9B2946D86EB4
:10E820002246DBF723F956F82450A4E400223021D5
:10E830000EA8DFF7BBFF00283FF4D9AE0E9B53F8BC
:10E840000C2C431C08BF02F1FF3082424FF0000342
:10E8500028BF024619460EA80DAEE0F735F8C6E609
:10E860001AA90AA80DAEFBF78BF9002800F09480D6
:10E87000AB6A002B3FF403AE2B6B002B7FF4FFAD94
:10E880005FE703685B6A0DAE9847074655E6036885
:10E890005B6A0DAE984703465AE603685B6A0DAEA5
:10E8A0009847064672E60E9B53F8042C002A62DA5B
:10E8B0001B78302B3FF49FAE2D230022009311468E
:10E8C00001230EA80DAEE0F79BF80E9B4FF0FF3230
:10E8D00043F8042C8FE64B453FF435ADB9F1000FFA
:10E8E0007FF416AF4DE78146B5E698457FF436AD27
:10E8F00077E653F8042C511E002A43F8041C3FF716
:10E9000052AD0EA9DFF7DEFF4DE553F8042C511E82
:10E91000002A43F8041C3FF740AD0CA9DFF7D2FFF3
:10E920003BE503685B6A0DAE9847074699E40368C8
:10E930005B6A0DAE9847034635E6DDF80C9017E6A6
:10E9400003685B6A0DAE9847024637E6A1460FE6BC
:10E950000AA8FBF755F96B6A1B6883427FF4E9AE9E
:10E96000AB6A0A980593F6F7B9FF4FF0FF330B93A4
:10E970004FF00109E9E40EA80DAEE0F723F80E9B75
:10E980001A78302A3FF437AE53F8043C002B93DB5F
:10E990000EA8E0F717F88FE70AA80DAEFBF730F9DD
:10E9A000EB6A1B6883427FF463AF2B6B0A98059375
:10E9B0000DAEF6F793FF4FF0FF334FF001090B93C5
:10E9C000CDF82090C1E4099B002B7FF439AE9DF86F
:10E9D0003C30032B3FF434AE9DF83E30012B3FF426
:10E9E0002FAE4FF0020BFFF7EEBB9DF83F30042B2C
:10E9F0003FF426AE099A12B1032B3FF421AE4FF03B
:10EA0000030BFFF7E0BB03685B6A0DAE9847034654
:10EA100067E603685B6A0DAE9847074650E60368F1
:10EA20005B6A0DAE9847034666E603685B6A0DAE07
:10EA300098470746BFE603685B6A0DAE98470346F2
:10EA4000AEE603685B6A0DAE98470346BEE6304605
:10EA5000E0F760F8D9F7AEFE01F004FA01F0F6FA3B
:10EA600001F03EFAD9F7A6FE0EA8E0F753F8EEE75C
:10EA700001F0F8F92B6828465B689847EEE700BF7D
:10EA8000304504002DE9F04F91B01C99069001F13A
:10EA90006C0738460AA981E80C00F7F7B9FF8046F1
:10EAA0009348DBF75DF81C9BDB6EDE6856F8205060
:10EAB000002D00F03683AB6A05F1400204921BB1D1
:10EAC0002B6B003B18BF012309932B7C894C0D94C1
:10EAD00023B10DAE20213046E0F762F820210EA8C8
:10EAE0000E940DAEE0F75CF84FF0000BEB6B0F935C
:10EAF00005F1440ACDF80CB05C46CDF81CB0CDF859
:10EB000014B0CDF820B00FAB13F80B30042B00F28B
:10EB1000BA80DFE813F00500F500A3004C014B00BC
:10EB20004FF00109BBF1030F00F0F880DDE90A079F
:10EB300008B17E1C2FD0DDE91A03A7F1FF37B7FA21
:10EB400087F77F0910B1591C00F0C781A3F1FF338B
:10EB5000B3FA83F35B09BB4200F09780DDE90A0258
:10EB600010B1561C00F0C481D8F8003008219B6811
:10EB700040460DAE9847002800F087800A98D0E9FB
:10EB80000232934280F04182043383604FF0FF37BA
:10EB90000B970028CFD0D0E90232934280F06183F6
:10EBA0001F68781C04BF00230A93C4E7DDE90A0745
:10EBB00010B17E1C00F05B81DDE91A03A7F1FF377D
:10EBC000B7FA87F77F0910B1591C00F05B81A3F1F8
:10EBD000FF33B3FA83F35B09BB4200F06781DDE9E1
:10EBE0000A0610B1731C00F06B810A2231465046B0
:10EBF0000AF040FC002800F0E680049B3E4AC01A60
:10EC000012680E9B8010125C029253E9039209F184
:10EC10000107974204D853F8042C002A40F32581B9
:10EC200039460EA80DAEDFF7BBFF0E9B53F80C2C38
:10EC3000029999540E9A3149A2F10C038B4240F08B
:10EC4000628101340A98D0E90232934280F0FC805C
:10EC5000043383604FF0FF370B97A9E71C9BDB68F9
:10EC6000990500F18D81059B012B00F28981BBF193
:10EC7000000F00F08581BBF1010F00F04483BBF170
:10EC8000020F00F052834FF001090BF1010BBBF1B1
:10EC9000040F43D0B9F1000F7FF435AF1D9B1D9ACF
:10ECA0001B6843F0040313601AA90AA80DAEFAF713
:10ECB00067FF28B11D9B1D9A1B6843F00203136078
:10ECC0000AAB93E80300069A0E9B0C4C82E8030003
:10ECD000A3F10C00A04240F0B8820D9BA3F10C0000
:10ECE000A04240F0A682069811B0BDE8F08F00BFA8
:10ECF000ACEA050050E90500B8C9050044E9050083
:10ED00001AA90AA80DAEFAF73BFF002800F0C0814F
:10ED1000BBF1030F4FF000097FF408AF059B012BF7
:10ED200040F2FB80B9F1000FB8D0089B002B40F0F7
:10ED3000C581D5F82490DDE90A074FF001084FF0AE
:10ED4000000B4FF0FF3A10B17A1C00F0CE81DDE9E4
:10ED50001A03A7F1FF37B7FA87F77F0910B15E1CD6
:10ED600000F0B881A3F1FF33B3FA83F35B09BB4230
:10ED7000059B00F05A82984500F0D380DDE90A0334
:10ED800010B1591C00F0BC8159F8042F9A4285D16A
:10ED90000A98D0E90232934280F0BD810433836047
:10EDA000CDF82CA008F101084FF0FF37CBE7AB6A94
:10EDB000002B40F056812B6B002B40F0F181099B1A
:10EDC00083F0010961E76B69B34243D095F8109075
:10EDD000B9F1000F6AD0AB69B34269D1039B002B34
:10EDE00040F04B82002C00F051820D9B5FFA84F9B9
:10EDF00053E90342671C974203D853F8042C002AB6
:10EE000069DD0DAE39463046DFF7CAFE0D9B53F87B
:10EE10000C2C03F802900D9A9C49A2F10C038B4232
:10EE200008BF00243FF40EAF2344002142F80C7CBD
:10EE300042F8041C4FF000025A730A98D0E90232DB
:10EE400093420C46FFF404AF03689B6A0DAE9847EB
:10EE50000A98FFE6039B002BB8D16B6B002B25DDD6
:10EE60000123079403930446ECE64A46E0E6D0E922
:10EE70000232934280F0A5811F68781C04BF0023F2
:10EE80000A9399E6D0E90232934280F0A0811B6890
:10EE90005A1CA3F1FF33B3FA83F308BF00224FEAF1
:10EEA000531308BF1A92BB427FF499AE4FF0010989
:10EEB0000E9B53F80C3C002B08BF4FF00009E4E612
:10EEC000D0E90232934280F088811E68771C04BF2B
:10EED00000230A9389E622469BE7D0E90232934257
:10EEE00080F0C5811B685A1C04BF00221A922DE6CF
:10EEF000D0E90232934280F0C3811A68511C04BFEA
:10EF000000230A9330E64B44002142F80C7C42F87F
:10EF1000041C4FF000025A7393E6B9F1000F3FF45E
:10EF2000BDAE0E9B53F80C3C012B00F21F81089BD9
:10EF3000002B40F058810D9B53F80C3CABB1039B68
:10EF4000002B00F0C5809DF81C100DAE3046DFF799
:10EF500031FFD5E90201324601F0CEFF28B91D9BF1
:10EF60001D9A1B6843F004031360039B1BB16B6B7A
:10EF7000A3427FF493AE1E980EA9DFF701FC93E63F
:10EF80000A982B6A0B9F0293002800F04C817A1C90
:10EF90004FF000092ED0DDE91A03A7F1FF37B7FAC9
:10EFA00087F77F0908B15E1C35D0A3F1FF33B3FAB0
:10EFB00083F35B09BB42029B00F02D814B453FF47C
:10EFC00062AEDDE90A0308B15A1C2FD0EA6952F893
:10EFD00029209A4239D10A98D0E9023293423AD292
:10EFE000043383604FF0FF330B9309F101091F468F
:10EFF0000028D0D0D0E90232934280F0AA811F6865
:10F000007B1CC8D100230A93C5E703689B6A0DAE39
:10F0100098470A98BAE5D0E90232934280F093818A
:10F020001B68591C04BF00221A92BEE7D0E90232C5
:10F03000934280F094811B685F1C04BF00220A92F7
:10F04000EA6952F829209A42C5D0B9F1000F38D0A8
:10F050004FF0000919E603689B6A0DAE98470A98BD
:10F06000C0E71AA90AA80DAEFAF78AFD002800F039
:10F070000F812B6B002B40F09380AB6A002B3FF489
:10F080009EAE012308939946FFE500BF44E90500C1
:10F090000AA80DAEFAF7B4FDD8F8003002469B6816
:10F0A000082140469847814600283FF431AE0A982F
:10F0B000F6F714FC4FF0FF330B9333E5D5F82C90A3
:10F0C00039E61C9BDB6883F40073C3F34029DCE55D
:10F0D000E1B23AE7D0E90232934280F04C811B68FA
:10F0E000581C08BFCDF868B03CE6D0E90232934224
:10F0F00080F03B811F687B1C08BFCDF828B026E656
:10F10000D0E90232934280F03C811B685A1C08BF50
:10F11000CDF828B038E603689B6A0DAE98470A9888
:10F120003EE604467020D9F789FF0023C0E9013389
:10F13000C0E90533C0E90733C0E90933C0E90B333F
:10F14000C0E90D33C3600374C36380F86C309C4B1B
:10F15000036039460546F8F74BFB1C9B2946D86EE1
:10F160002246DAF783FC56F82450A4E4002230212A
:10F170000EA8DFF71BFB00283FF4D9AE0E9B53F817
:10F180000C2C431C08BF02F1FF3082424FF00003F9
:10F1900028BF024619460EA80DAEDFF795FBC6E65E
:10F1A0001AA90AA80DAEFAF7EBFC002800F094802B
:10F1B000AB6A002B3FF403AE2B6B002B7FF4FFAD4B
:10F1C0005FE703685B6A0DAE9847074655E603683C
:10F1D0005B6A0DAE984703465AE603685B6A0DAE5C
:10F1E0009847064672E60E9B53F8042C002A62DA12
:10F1F0001B78302B3FF49FAE2D2300220093114645
:10F2000001230EA80DAEDFF7FBFB0E9B4FF0FF3284
:10F2100043F8042C8FE64B453FF435ADB9F1000FB0
:10F220007FF416AF4DE78146B5E698457FF436ADDD
:10F2300077E653F8042C511E002A43F8041C3FF7CC
:10F2400052AD0EA9DFF73EFB4DE553F8042C511EDD
:10F25000002A43F8041C3FF740AD0CA9DFF732FB4E
:10F260003BE503685B6A0DAE9847074699E403687F
:10F270005B6A0DAE9847034635E6DDF80C9017E65D
:10F2800003685B6A0DAE9847024637E6A1460FE673
:10F290000AA8FAF7B5FC6B6A1B6883427FF4E9AEF3
:10F2A000AB6A0A980593F6F719FB4FF0FF330B93FF
:10F2B0004FF00109E9E40EA80DAEDFF783FB0E9BCA
:10F2C0001A78302A3FF437AE53F8043C002B93DB16
:10F2D0000EA8DFF777FB8FE70AA80DAEFAF790FCD0
:10F2E000EB6A1B6883427FF463AF2B6B0A9805932C
:10F2F0000DAEF6F7F3FA4FF0FF334FF001090B9321
:10F30000CDF82090C1E4099B002B7FF439AE9DF825
:10F310003C30032B3FF434AE9DF83E30012B3FF4DC
:10F320002FAE4FF0020BFFF7EEBB9DF83F30042BE2
:10F330003FF426AE099A12B1032B3FF421AE4FF0F1
:10F34000030BFFF7E0BB03685B6A0DAE984703460B
:10F3500067E603685B6A0DAE9847074650E60368A8
:10F360005B6A0DAE9847034666E603685B6A0DAEBE
:10F3700098470746BFE603685B6A0DAE98470346A9
:10F38000AEE603685B6A0DAE98470346BEE63046BC
:10F39000DFF7C0FBD9F70EFA00F064FD00F056FE6F
:10F3A00000F09EFDD9F706FA0EA8DFF7B3FBEEE7F3
:10F3B00000F058FD2B6828465B689847EEE700BFD1
:10F3C000404504002DE9F0418CB008AC84E80C0005
:10F3D000169F159A9DF85060CDE902270B4612AA98
:10F3E00025490A91054692E803008DE80300194675
:10F3F00036B30DF1280806AECDF8108094E80C0065
:10F400003046FEF79FFE96E803000A9E84E803005C
:10F41000DAF710F9034617990B933A4630460BABCF
:10F4200001F036FA94E803000A9B144A85E80300C9
:10F43000A3F10C0090420ED128460CB0BDE8F0813B
:10F440000DF1280806AECDF8108094E80C00304687
:10F45000FFF718FBD7E753F8042C511E002A43F896
:10F46000041CE9DC0BA9DFF72DFAE5E74046DFF7DE
:10F4700051FBD9F79FF900BF50E9050044E90500A9
:10F480002DE9F04F8DB008AC199F9DF860B0DDF804
:10F490006C90054607F16C0084E80C008846F7F78D
:10F4A000B7FA2E4B0B931A9BCDE902730DF12C0A80
:10F4B000CDF810A016AB064693E803008DE80300D4
:10F4C00006AF94E80C0041463846BBF1000F2BD044
:10F4D000FEF738FE0B9B97E8030053F80C7C84E89A
:10F4E0000300A7B1002239464846DFF7FBFFD9F8F1
:10F4F0000030DDF82C8053F8042C002A474416DA3B
:10F500003A46376830464146FE6AB0470B9B94E85E
:10F510000300134CA3F10C02A24285E803000CD1B6
:10F5200028460DB0BDE8F08FFFF7ACFAD2E74846A9
:10F53000DFF7F0FDD9F80030E2E753F8041C481E6D
:10F54000002943F8040CEBDC0AA91046DFF7BAF9EE
:10F55000E6E75046DFF7DEFAD9F72CF950E9050067
:10F5600044E905000868B0F1805F08B51AD29042FE
:10F5700012D9B0EB420F4FEA42030DD2B3F1805FD4
:10F5800008D36FF070430B604FF08040BDE8084037
:10F59000D9F754BD0B6018460130BDE80840800023
:10F5A000D9F74CBD0148D8F783FD00BF706C04004B
:10F5B00030B583B0032901910446154610D8006880
:10F5C0000B463BB1012B13D01A46294609F070FFB8
:10F5D000019B20686360002240F8232003B030BD07
:10F5E000002201A9FFF7BEFF019B2060A360E8E7AE
:10F5F0000560019BEEE700BF2DE9F04F83B047683F
:10F60000DDF830B081469A46ABEB02033B440193F0
:10F6100059F8083B994501EB02060D4614BF826874
:10F62000032201A90446FFF79DFFBF1B80462DB1B1
:10F63000012D21682AD02A4609F032FFBAF1000FC5
:10F640000BD0BBF1000F08D0BBF1010F08EB850018
:10F6500024D051465A4609F023FF5FB120685D442B
:10F66000012F08EB850300EB860112D03A461846BD
:10F6700009F016FF2068814501D000F0D3FA019B04
:10F68000C4F80080A36003B0BDE8F08F0B6803608E
:10F69000D4E750F8263048F82530ECE7DAF80030A7
:10F6A00048F82530D9E700BF70B50546466882B0F6
:10F6B000044655F8080B0191B14236BF33460B465C
:10F6C0000196854214BFA26803229A420FD010D33C
:10F6D000032B0ED885420AD0721C2EB322B10146EC
:10F6E000284609F0DDFE206800F09CFA256002B093
:10F6F00070BD01A92046FFF735FF63682168064603
:10F700005A1C73B14AB98D4202D0084600F08AFAF9
:10F71000019B2660A36002B070BD09F0C1FE2168A4
:10F72000F1E70B680360EEE70368A360DCE700BF66
:10F73000F0B51D46044602F180534068013B1B1A98
:10F740009D4283B045D823460F4653F8081B994283
:10F7500018BFA368A5EB0206064408BF0323B34203
:10F7600022D3D319C31A0ED0AA420CD001EB870CB6
:10F77000012B0CEB85000CEB820E1FD071461A4654
:10F7800009F092FE216845B1012D01EB87001CD0E4
:10F7900008992A4609F08CFE2168666000232046FD
:10F7A00041F8263003B0F0BD3946009500232046CD
:10F7B000FFF722FF2168002DEFD0E5E75CF822304B
:10F7C0004CF82530002DE8D0DEE7089B41F82730C3
:10F7D000E3E70148D8F76CFC9C51040010B544687D
:10F7E0008C4282B00B4607D304D9026843600021E3
:10F7F00042F8231002B010BD00920B1B00222146DC
:10F80000FFF796FF02B010BD2DE9F04F154685B009
:10F8100042680E9E1F4605F18053013B9B1A9E4293
:10F8200000F2C3800346A6EB050B53F808AB9A45DC
:10F8300018BF836802EB0B0908BF03234B4504463E
:10F84000884643D36B18BA450AEB8101A2EB030348
:10F8500002911FD963B1B5420AD00AEB8802012B8D
:10F8600002EB860002EB850156D01A4609F01CFE19
:10F8700036B1012E30D002983246394609F010FEDA
:10F880002368C4F804900022204643F8292005B0DC
:10F89000BDE8F08F0AEB82029742DBD856B3B5423F
:10F8A0001ED25BBB0AEB880303EB850207EB8601E4
:10F8B0008A424FEA86053DD3012E0DD0002EDFD0BF
:10F8C00002983246394609F0EFFDD9E700963B46EB
:10F8D0002A46FFF791FED3E73B684AF82830CFE786
:10F8E000012E4ED0324639460AEB8800039309F0C8
:10F8F000DBFD039B002BC3D0B542C1D00AEB8802CD
:10F90000012B02EB860002EB85010DD01A4609F0AF
:10F91000CBFDB542C6D3B3E7134652F8252043F8D2
:10F920002620002EACD0A4E7134652F8252043F839
:10F930002620EEE7BA420AD8012E07EB8B012AD027
:10F94000002E9DD00298324609F0AAFD98E7A2EB5E
:10F95000070B4FEAAB02012A19D02AB10298039291
:10F96000394609F0A1FD039A029BB21A012A03EB62
:10F97000050103EB0B0013D0002A81D009F090FDA4
:10F980007EE73A684AF82820002BC2D0B4E73968ED
:10F990004AF82810E8E757F82B304AF828306FE784
:10F9A00053F8262043F80B206AE70148D8F780FB7C
:10F9B000886C0400F0B54768044650F8086B86422E
:10F9C00018BFA36807EB020508BF03239D4283B05D
:10F9D0000ED832B1012A06EB870012D009F060FD83
:10F9E000266865600023204646F8253003B0F0BD48
:10F9F00000920B46002239462046FFF7FDFD26689F
:10FA0000EFE70B6846F82730EBE700BF10B5446816
:10FA1000A3429C4616D8E41A944228BF144654B117
:10FA20008646012CDEF80030084603EB8C0104D03A
:10FA3000224609F035FD204610BD53F82C300360F6
:10FA4000204610BD0249034823466246EBF7C0FB3F
:10FA5000705104003851040070B5044682B011B3EF
:10FA6000521A96100C2A0D4601960BD8012E0068EA
:10FA700011D12B680360019B6360002240F82320B2
:10FA800002B070BD002201A9FFF76CFD019B206050
:10FA9000012EA360EDD0002EEDD03246294609F0AC
:10FAA000FFFC2068E7E712B900680192E3E701482C
:10FAB000D8F7E6FA5453040000487047B8720400BF
:10FAC00010B5034B03600446D8F73EFF204610BD37
:10FAD000EC72040010B5054B03600446D8F734FF00
:10FAE00020460421D8F764FE204610BDEC720400C5
:10FAF00000487047F872040010B5034B03600446D9
:10FB0000D8F722FF204610BD2873040010B5054B1E
:10FB100003600446D8F718FF20460421D8F748FEB2
:10FB2000204610BD2873040070B5036884B000241B
:10FB30009E690394102315460293CDE900446B4659
:10FB40001268B0479DF8043003F00603062B03BF8C
:10FB5000009B2B600120204604B070BD00989042AD
:10FB600014BF01200620704710B5034B0360044604
:10FB7000D9F714FB204610BD6C73040010B5054B7B
:10FB800003600446D9F70AFB20460821D8F710FE87
:10FB9000204610BD6C7304002DE9F041069F0899C2
:10FBA000099E8F42044690461D460CD029462046A9
:10FBB000D9F7F8FA20B10123376086F80480B371D1
:10FBC0000020BDE8F0810799D9F7ECFA0028EDD0C4
:10FBD00086F805800020BDE8F08100BF38B51546E5
:10FBE0001C46D9F7DFFA00B938BD08220623256084
:10FBF000E260237138BD00BF2DE9F041064617468B
:10FC00001D460C46D9F7CEFA48B9032D07D823680C
:10FC10003A46314620465B69BDE8F0411847BDE8E9
:10FC2000F08100BF03F0AEBAFFF7FCBF2DE9F04151
:10FC300005680446174655E9020288B01E460023AF
:10FC4000CDE905332358251853F8040C10239042AE
:10FC5000079322D103680095CDE9011405AA039208
:10FC6000DD69062288463B463146A847059A10467C
:10FC70009AB19DF81A5005F00603062B0ED09DF898
:10FC800019109DF818300B4003F00603062B05D021
:10FC900001F00501042900D01DB1002008B0BDE825
:10FCA000F081002E06DB1644B442F6D1104608B0AF
:10FCB000BDE8F081B31CF0D000943C684346246A50
:10FCC00031463846A04700F006000628E5D1059ADF
:10FCD0001046ECE720494B6830B5A0F108046BB33F
:10FCE00050F8085C04EB050E734527D821D05A68FC
:10FCF00001F1040C32B90FE0516803F1040C21B397
:10FD000013460A469645F7D304BFDEE90021596041
:10FD1000DCF8003008BFAD181A6899188C4211D071
:10FD20005B6840F8043CDCF8003040F8085C5C603C
:10FD300030BD1A685B682A4440F8082C40F8043C3F
:10FD40004C6030BD2A441A6030BD5B681A6899184F
:10FD50008C42E5D1F6E700BFB0EA0500154900F195
:10FD600008034868082B38BF0823A0B1073323F0E5
:10FD70000703043102E0011D4068C8B102689342E4
:10FD8000F9D810B4D41A072C06D84368026010BC06
:10FD90000B60083070477047C218D0F804C0C2F832
:10FDA00004C0C450086810BC036008300A60704783
:10FDB000704700BFB0EA050010B500F1800420468E
:10FDC00003F0D8F9034630B180220021184603F031
:10FDD00091FE803010BD2046FFF7C0FF034600288B
:10FDE000F2D1D9F703F900BF064A936880389842E8
:10FDF00005D9D2681344984201D2FFF76BBF03F0D4
:10FE0000C1B900BFB0EA05000378472B01D000203C
:10FE1000704743784E2BFAD18378552BF7D1C378AE
:10FE2000432BF4D10379432BF1D143792B2BEED122
:10FE300083792B2BEBD1C07901288CBF00200120C6
:10FE4000704700BF10B530B1044600F00BF82046F3
:10FE5000FFF7DAFF08B9D9F7C9F854F8140CD9F745
:10FE6000B1F800BF38B50446D8F786FD22460568CC
:10FE700012F82039472B03D085BB0260284638BDD5
:10FE800063784E2BF8D1A378552BF5D1E378432B2B
:10FE9000F2D12379432BEFD163792B2BECD1A379CA
:10FEA0002B2BE9D1E379012BE6D854F80C3C002B3D
:10FEB00011DB013344F80C3C4368013B436095423D
:10FEC00018BF44F8105C656A18BF0260204613F042
:10FED0000FFC284638BDC3F10103EBE7D9F786F8DC
:10FEE00008B5D8F745FD03687BB393F82020472A6F
:10FEF00007D00022026003F12000BDE8084013F0A3
:10FF0000F9BB93F821204E2AF3D193F82220552AE9
:10FF1000EFD193F82320432AEBD193F82420432AEE
:10FF2000E7D193F825202B2AE3D193F826202B2A1A
:10FF3000DFD193F82720012ADBD85A69002A05DB94
:10FF4000013A08D0511C0ED05A6108BD0132FBD1D4
:10FF500019690160F8E71A69026003F12000BDE841
:10FF6000084013F0C7BBD9F741F800BF08B5D8F770
:10FF700003FD4068003818BF012008BD012810B5F6
:10FF80001AD8BFF35B8FA1F1280353E8002F013A81
:10FF900043E800200028F8D1BFF35B8F5AB951F82D
:10FFA0001C3C01F158040BB1204698472046BDE89F
:10FFB0001040FFF719BF10BD51F8140CD9F702F823
:10FFC00038B5002540E91E1240F8805C0446D9F798
:10FFD0002DF844F8700CD9F721F843222B23472140
:10FFE00004F8552C04F8542C04F8533C04F8523C03
:10FFF0004E22552304F8581C04F8515C054904F8B6
:020000023000CC
:10000000572C04F8563C44F86C0C44F8501CA4F1EE
:10001000800038BD7DFF020070B504460D461646CF
:10002000D8F7AAFC4368013332462946436020468C
:10003000FFF7C6FF0446012344F8283B204613F08F
:1000400003FF2046FFF70EFFD8F7D0FF10B5D8F713
:1000500093FCD0E900420132426064B194F8202060
:10006000472A0AD0002202602034204613F010FFF5
:100070002046FFF7F7FED8F7B9FF94F821204E2A63
:10008000F0D194F82220552AECD194F82320432A69
:10009000E8D194F82420432AE4D194F825202B2A8F
:1000A000E0D194F826202B2ADCD194F82720012ACD
:1000B000D8D8626952426261D6E700BF0368DB07A5
:1000C00005D443782BB901234370184670470020AC
:1000D000704710B50420FFF76FFE044600F026F8C5
:1000E000024A03492046FFF797FF00BFFD000300C7
:1000F0009073040001230360704700BF10B5034BE9
:1001000003600446D8F720FC204610BDC8730400E5
:1001100010B5054B03600446D8F716FC20460421B1
:10012000D8F746FB204610BDC8730400014B03609E
:10013000704700BFC8730400024B1868BFF35B8FA1
:10014000704700BFC0EA0500D8F778BF10B5034B71
:1001500003600446FFF708FD204610BD107404003C
:1001600010B5054B03600446FFF7FEFC204618213E
:10017000D8F71EFB204610BD107404002DE9F04F87
:1001800083B00546DDF830A0524591460F469846AB
:1001900031D0E868461E10B305EBC005EC6814F0DA
:1001A000020F4346394606F1FF364FEA242212D0A9
:1001B00014F0010404D0F81C0DD0D9F800008258C6
:1001C000A868D0F800C0CDF800A0DCF820B04A4400
:1001D000D847032807D8741CA5F10805DED10120F3
:1001E00003B0BDE8F08F002CFAD040F00100C0B29F
:1001F00003B0BDE8F08F1946D8F7D4FF0028C8D067
:100200000620EDE72DE9F04F93B098461F9CDDF8EE
:1002100070B0A3680B90DB0644BF8368A3601E9B8D
:1002200009929B45894600F08B810B984146D8F78F
:10023000B9FF002840F06D81B9F1000FA9BF1E9BE6
:100240000790A3EB09030793002306930C93022363
:100250000D9301230893099B43F0010349460A9338
:10026000C1460B9BDE68771E002E00F08E8003EBEC
:10027000C6064FF0000A0497F068A5681195C707F5
:10028000CDE90FAA48BFDBF80020079F58BF099AA5
:100290004FEA202344BFD3580A9A5B444FB19F4290
:1002A000089F2CBF4FF0000C4FF0010CBC4500F034
:1002B0009380800704D48F1C00F08B8002F0FD0235
:1002C000B0680591056800931E9B02930DF13C0CEC
:1002D0001D9B0193CDF80CC0ED694B46A847627990
:1002E0009DF841309DF842501343062D637100F094
:1002F0003881022D059900F03481069A002A5FD1D9
:100300002268002A00F09D80DDF83CC0944500F092
:100310008C80BCF1000F00F0A380032B94F80680C2
:100320003ED9DF0702D5A068800739D4B8F1010FA4
:1003300038BF4FF00108012D38BF01255FFA88F85A
:10034000EDB285EA0803DBB2032B40F29480032D63
:1003500040F2DB800F9A05F0020322609DF84020F6
:10036000227100220692A571002B40F0AE80EB07AF
:1003700040F1AB806379042B5FD0049B013B049375
:100380000133A6F108067FF477AF0C9B002B54D005
:100390000D9B012B51D001230D930023089360E79F
:1003A000B8F1000F2AD1032D78D9EF0772D485F068
:1003B0000103DBB2032B64D9624605F00203CCE7EC
:1003C0002268002AA0D1DDF83CC0BCF1000FA4D106
:1003D000D1E7A807D1D071E701230C93CDE78F1C9B
:1003E00000F0E7801E9B0093D9F800300591D3F808
:1003F00020801D9B4846C04705998046002DA0D10E
:10040000B8F1030F67D918F0010F57D00B9B9B6809
:100410009D0760D488F00103DBB2032B31D918F0BB
:10042000020F84F80680A5D04FE022799DF84000A5
:10043000042B42EA000222719FD1069813B0BDE856
:10044000F08F0F9A9DF8405022602571002A00F02D
:100450008680EBB10B9A06909268D207EDD58AE7B9
:1004600000287FF45AAF86E788F00603DBB2032B3F
:1004700000F2AA80062505EA0805EDB2032D00F278
:100480009C806379C4F800A00122A271069272E7F1
:10049000069072E70B988068800788D500299EDB5C
:1004A0001E980A4490427DD0002D6DD085F0010247
:1004B000D2B2032AE6D94FF0010848E788F00103D9
:1004C000DBB2032BDDD984F806800023069306985F
:1004D00013B0BDE8F08F00290F9A0DDA881C0FD0F9
:1004E0001E9B0093D9F8003005911D6A1D9B48465C
:1004F000A8470599054624E71E9853189842B3D09B
:1005000088F00103DBB2032BBBD908F00203454698
:1005100029E7099BC4F800B0B9F1000F23712BDB68
:100520001E9BD9444B450CBF4FF006094FF0010903
:1005300000230693069884F8069013B0BDE8F08F68
:100540001D990B98D8F72EFE00283FF46EAE099B3C
:10055000637100230693069813B0BDE8F08F0690F0
:1005600009E706900F9A9DF84030069822602371A3
:10057000A57113B0BDE8F08F19F1020FA5D10123C9
:10058000A3710023069358E71E9A0CEB01039A42CD
:100590007FF477AF9DF84020C4F800C00623227195
:1005A000A37192E715B14FF00608CAE60623A371BE
:1005B0008BE7002D7FF47AAF63E702230022A3715B
:1005C00001232260069338E79DF84010226006233D
:1005D0002171A37179E700BF2DE9F04F8BB0CDE910
:1005E0000410044691469A46FFF7F8FA054600289B
:1005F0005ED1DAF808300293DE0644BFA3680293A6
:10060000059BDC68671E002C4DD003EBC404029BE5
:1006100003F00103039300260DF1180BE268029B1F
:100620000696CDE9083602F001030193039B8DF88D
:100630001C6002F0020853EA08032FD0B9F1000F42
:100640003AD0019B121213B1D9F800309A584A449B
:10065000A06801685B468D690499A8470546E8B122
:10066000099B082B2AD09DF81C30032B06D9B8F122
:10067000000F03D123F002038DF81C30DAF80C10C0
:1006800011B3DAF80030069A934240D15BB39AF87E
:1006900004309DF81C2013438AF80430013F7D1C70
:1006A000A4F10804BAD19AF80450003D18BF0125FE
:1006B00028460BB0BDE8F08F4A46C9E7019B002BE6
:1006C000D1D0A3680993CEE79BE80F008AE80F001A
:1006D0009AF80430032BEBD9980711D5059B9B683A
:1006E000D907DBD4E4E70998082805D0082903D006
:1006F000D8F758FD0028CAD102238AF80430D7E77A
:10070000DA07D5D5059B9B689B07C7D4D0E70022A5
:1007100002232846CAF800208AF804300BB0BDE84E
:10072000F08F00BF2DE9F0430F46002183B005464E
:100730000846904602F05EFC814604F0C1FF461C6C
:100740003046FFF701FD32464946044603F0BCF847
:100750001B49002002F04EFC01A9284606F026F8AD
:10076000019B3860AB42064601D01B7873B1002272
:1007700004233A60C8F800302146002002F03AFC19
:100780002046FFF751FA03B0BDE8F0834FF0FF4178
:1007900012F0F2FB60B90B49304612F0EDFB002875
:1007A000EAD06FF4000204233A60C8F80030E3E7AF
:1007B000054AF8E7013101D1D7F7CAFCD7F7FAFFAC
:1007C00080530400000080FFFFFF7F7F2DE9F0478A
:1007D0000F46002182B005460846924602F00AFC08
:1007E000804604F06DFF461C3046FFF7ADFC3246F4
:1007F0004146044603F068F82149002002F0FAFB64
:1008000001A9284605F076FF019B80468946AB4248
:10081000C7E900894FF0000201D01B787BB10023AB
:10082000C7E900230423CAF800302146002002F063
:10083000E1FB2046FFF7F8F902B0BDE8F087114B65
:1008400012F076FA88B9104B40464946002212F061
:100850006FFA0028E9D04FF0FF326FF48013C7E938
:1008600000230423CAF80030DFE7084B4FF0FF32C3
:10087000F5E7013101D1D7F76BFCD7F79BFF00BF3C
:10088000805304000000F07F0000F0FFFFFFEF7FC7
:100890002DE9F8430C46002107460846904602F031
:1008A000A9FB814604F00CFF461C3046FFF74CFCC8
:1008B00032464946054603F007F82049002002F079
:1008C00099FB1F492246384603F004FC01300128F9
:1008D00019D9D4E900671B4B00223046394612F083
:1008E00027FA00BB184B30463946002212F020FA96
:1008F00080B14FF0FF326FF48013C4E9002304236A
:10090000C8F8003006E000230022C4E900230423D5
:10091000C8F800302946002002F06CFB2846BDE8EC
:10092000F843FFF781B9094B4FF0FF32E5E701319A
:1009300001D1D7F70DFCD7F73DFF00BF805304006E
:10094000347404000000F07F0000F0FFFFFFEF7F31
:1009500008B5002303600B78432B02D00348D7F778
:10096000BFFB4B78002BF9D108BD00BF38740400E1
:1009700000230360704700BF0098039B0199026049
:1009800003201960704700BF009B03201A60704766
:100990000098039B0199026003201960704700BF13
:1009A000012070470120704700989B1A984228BF89
:1009B00018467047009B03201A607047002070475C
:1009C0000A4B10B5044640F8083BFFF7D1FF084B2F
:1009D00023602046D8F718FE204610BD044B236044
:1009E0002046D8F711FED7F7E5FE00BFC474040017
:1009F000186604000A4B10B5044640F8083BFFF7A0
:100A0000B7FF084B23602046D8F7FEFD204610BDF7
:100A1000044B23602046D8F7F7FDD7F7CBFE00BF85
:100A2000F07404003C6E04000D4B10B5044640F811
:100A3000083BFFF79DFF0B4B23602046D8F7E4FDF2
:100A40002046FFF7EFF8204610BD064B23602046F6
:100A5000D8F7DAFD2046FFF7E5F8D7F7ABFEF9E760
:100A6000F07404003C6E04000D4B10B5044640F8D1
:100A7000083BFFF77DFF0B4B23602046D8F7C4FDF2
:100A80002046FFF7CFF8204610BD064B23602046D6
:100A9000D8F7BAFD2046FFF7C5F8D7F78BFEF9E780
:100AA000C4740400186604000039094B18BF012102
:100AB00010B5C0E900310446D8F7BCFDA06020465F
:100AC00010BD044B23602046D8F79EFDD7F772FE79
:100AD000C4740400186604000039094B18BF0121D2
:100AE00010B5C0E900310446D8F7A4FDA060204647
:100AF00010BD044B23602046D8F786FDD7F75AFE79
:100B0000F07404003C6E04002DE9F04F8846D1E9F2
:100B1000000185B0DDE90F4A02AF1646994687E825
:100B2000030002F061FAA9EB06039A10A4EB0A0392
:100B300000FB0233002B32DDB14525D9A24523D974
:100B4000B3460DE0AB4243D302F0BEFE97E803008C
:100B5000D94588E803002C445E4615D9A24513D92F
:100B6000DBF800103A4601A807F0A4FB0546B5F1F2
:100B7000FF3F5E4601A920462A46AAEB04030BF17B
:100B8000040BDFD1022003E0B14594BF0020012017
:100B90000E9B1E60119B1C6005B0BDE8F08FB14537
:100BA000F2D9354607E097E80300A94588E8030035
:100BB0001C442E46E8D929683A46204607F07AFBBD
:100BC000421C2E46034605F10405ECD10220DFE766
:100BD0000120DDE72DE9F0478846D1E9000182B028
:100BE000EA469A428AE803000B9EDDF830901546EB
:100BF0001F461DD24E4510D31AE0831C23D008B9DE
:100C0000306001249AE803002544AF4288E80300DD
:100C100006F104060CD9B1450AD97A1B294630469B
:100C2000534602F083FD421C0446E6D1022003E055
:100C3000AF4294BF002001200A9B1D600D9B1E60E7
:100C400002B0BDE8F0870120F6E700BF08B502F06A
:100C5000CBF9A0F10100B0FA80F0400908BD0131E4
:100C600001D1D7F775FAD7F7A5FD00BF08B502F097
:100C7000BBF908BD013101D1D7F76AFAD7F79AFD60
:100C80002DE9F0430E46D1E9000183B0E9469A42CE
:100C900089E803000A9D23D22DB314461F464FF066
:100CA00000080DE0BCF1010F38BF4FF0010C99E8CE
:100CB00003006444A74286E80300E0440CD95DB118
:100CC00021463A1B4B46002002F030FD10F1030F85
:100CD000844605F1FF35E5D9404603B0BDE8F08311
:100CE0004FF00008F8E7A846F6E700BF08B5084649
:100CF000114603F003FC031E18BF012343EAA07052
:100D000008BD00BF084611461A4605F057BE00BF91
:100D100008B50846114607F0F5FA031E18BF01236F
:100D200043EAA07008BD00BF084611461A4608F005
:100D3000CBBA00BF08B50846114603F0DFFB031E1F
:100D400018BF012343EAA07008BD00BF0846114642
:100D50001A4605F033BE00BF08B50846114607F035
:100D6000D1FA031E18BF012343EAA07008BD00BFDB
:100D7000084611461A4608F0A7BA00BF10B500226F
:100D800082B041F202030621C0E90112C3600446A9
:100D900001A8D9F7CBFA01A904F16C00D8F7E0FC5F
:100DA00001A8D8F7C5FC02B010BD00BF10B4C468DC
:100DB000252320050B7049BF2B23481C881C4B7032
:100DC000630504D50346232103F8011B184604F4E8
:100DD0008271B1F5827F1CD003464FF02E0C03F8D0
:100DE00002CB4FF02A0C80F801C0A2B9042916D01A
:100DF000B1F5807F1AD0B1F5827F22D014F4804FF4
:100E000014BF4722672203F8012B00221A7010BC7E
:100E10007047BAB10346042903F8012BE8D16622D2
:100E200003F8012B00221A7010BC704714F4804F95
:100E300014BF4522652203F8012B00221A7010BC52
:100E40007047184614F4804F034614BF41226122B4
:100E500003F8012B00221A7010BC70472DE9F041F5
:100E60005C1E4F1EA74228BF27468046D7B31344B7
:100E700000F1FF3CDE1B01E075452CD1194613F84B
:100E8000015D1CF801EF0239B342A1EB0204F3D17A
:100E9000A5EB0E00B0FA80F04009F4B1754526D1FB
:100EA000611C114418F8074001E0A04218D18B1EC4
:100EB0009A4211F8010DF8D1001BB0FA80F04009F8
:100EC00063B2002B05DD1378A3428CBF002000F035
:100ED0000100BDE8F08120464CB918F80740EFE763
:100EE0000020EDE7002CDBD104780120E8E718F8BA
:100EF00007400020E4E700BF126852F80C3CFFF7FF
:100F0000ADBF00BF70B582B000F10803079A03605F
:100F1000D2E900650446E6B10F2D019509D8012DEF
:100F20001CD1327802720022204665605A5502B008
:100F300070BD002201A9F4F7F3FC019A206003467A
:100F4000A2602A461846314602F0BEFC019D236885
:100F5000E9E7002DE7D00348D7F792F8002DE2D05B
:100F6000EFE700BF5453040070B582B000F10803EE
:100F7000079A0360D2E90062044692001EB39510FE
:100F80000C2A01950DD8012D08D0ADB9019A6260E7
:100F90000021204643F8221002B070BD32681A606A
:100FA000F4E7002201A9FEF7DDFA019A2060012D85
:100FB0000346A260E9D1F1E718462A46314608F017
:100FC0006FFA2368E2E70AB90192DFE70148D7F731
:100FD00057F800BF5453040010B503990446DDF7D9
:100FE00013FF204610BD00BF10B503990446DEF77D
:100FF000B9FA204610BD00BF08B5D2E90023FFF7BB
:101000002DFF08BD013101D1D7F7A2F8D7F7D2FBE8
:101010004068704710B543680C4A0D490446A3F177
:101020000C00904282B0216005D12046D7F78CFC9D
:10103000204602B010BD53F8042C511E002A43F87C
:10104000041CF2DC01A9DDF73DFCEEE744E90500F4
:101050003477040010B543680C4A0D490446A3F1E7
:101060000C00904282B0216005D12046D7F76CFC7D
:10107000204602B010BD53F8042C511E002A43F83C
:10108000041CF2DC01A9DDF71DFCEEE744E90500D4
:10109000F876040010B543680E4A0F490446A3F1E0
:1010A0000C00904282B0216008D12046D7F74CFC5A
:1010B0002046FEF7B7FD204602B010BD53F8042CC1
:1010C000511E002A43F8041CEFDC01A9DDF7FAFBEE
:1010D000EBE700BF44E905003477040010B543682E
:1010E0000C4A0D490446A3F10C00904282B02160E5
:1010F00005D12046D7F728FC204602B010BD53F892
:10110000042C511E002A43F8041CF2DC01A9DDF76F
:10111000D9FBEEE744E90500F876040010B5436812
:101120000C4A0D490446A3F10C00904282B02160A4
:1011300005D12046D7F708FC204602B010BD53F871
:10114000042C511E002A43F8041CF2DC01A9DDF72F
:10115000B9FBEEE744E90500F876040010B54368F2
:101160000E4A0F490446A3F10C00904282B0216060
:1011700008D12046D7F7E8FB2046FEF753FD20466E
:1011800002B010BD53F8042C511E002A43F8041C71
:10119000EFDC01A9DDF796FBEBE700BF44E90500B2
:1011A000F876040010B543680E4A0F490446A3F1CF
:1011B0000C00904282B0216008D12046D7F7C4FBD2
:1011C0002046FEF72FFD204602B010BD53F8042C38
:1011D000511E002A43F8041CEFDC01A9DDF772FB65
:1011E000EBE700BF44E90500F876040010B543685A
:1011F0000E4A0F490446A3F10C00904282B02160D0
:1012000008D12046D7F7A0FB2046FEF70BFD20466D
:1012100002B010BD53F8042C511E002A43F8041CE0
:10122000EFDC01A9DDF74EFBEBE700BF44E9050069
:10123000F87604002DE9F0470E4600218146084665
:101240001746984601F0D6FE824604F039FA451C4E
:101250002846FEF779FF2A465146044602F034FB41
:10126000D9F81010002001F0C5FE089B424639460F
:10127000304604F00DFA21460546002001F0BAFE82
:101280002046FEF7D1FC05B93570BDE8F087013185
:1012900001D1D6F75DFFD7F78DFA00BF38B5836867
:1012A000002B5AD04B4A4C484C4C4D494D4D1D6279
:1012B000C3E90942C3E90200C3E906224A484B4A8E
:1012C0004B4C4C4DC3E90B024B4A4C48C3E90D4211
:1012D0004B4A4C4CC3E90F024B4A4C48C3E91142FC
:1012E0004B4A4C4CC3E913024B4A4C48C3E91542E4
:1012F0004B4A4C4CC3E917024B4A4C48C3E91942CC
:101300004B4A4C4CC3E91B024B4A4C48DA67C3E9D1
:1013100004114B4A4B49C3E92002C3E91D144A4A50
:101320004A4C4B48C3E922424A4A4B4CC3E9240287
:101330004A484B4AC3E926404A484B4CC3E9282156
:101340004A4A4B49C3E92A504A48C3E92C424A4A0F
:10135000C3F8C020C3E92E0138BD0446C820D7F722
:101360006DFE46490022C0E90012C0E90222C0E930
:101370000422C0E90622C0E90822C0E90A22C0E925
:101380000C22C0E90E22C0E91022C0E91222C0E9F5
:101390001422C0E91622C0E91822C0E91A22C0E9C5
:1013A0001C22C0E91E220346C0E92022C0E92222F5
:1013B000C0E92422C0E92622C0E92822C0E92A2265
:1013C000C0E92C22C0E92E22C0F8C02080F8C42039
:1013D000A06067E7786B0400A05304004477040022
:1013E000B4530400407704004877040050770400A9
:1013F0005877040024780400607704006C770400B8
:1014000078770400807704008C77040090770400DC
:1014100094770400987704009C770400A077040078
:10142000A4770400A8770400B0770400BC77040018
:10143000C4770400D0770400D8770400E077040074
:10144000E8770400CC770400FC770400F47704000C
:101450000878040014780400187804001C7804004C
:1014600020780400287804002C78040030780400E8
:1014700038780400347804003C7804007465040073
:101480002DE9F0470E46002181460846174698464A
:1014900001F0B0FD824604F013F9451C2846FEF722
:1014A00053FE2A465146044602F00EFAD9F81010AF
:1014B000002001F09FFD089B42463946304607F068
:1014C00023FE21460546002001F094FD2046FEF74C
:1014D000ABFB05B93560BDE8F087013101D1D6F726
:1014E00037FED7F767F900BF38B58368002B5AD0AD
:1014F0004B4A4C484C4C4D494D4D1D62C3E9094285
:10150000C3E90200C3E906224A484B4A4B4C4C4D02
:10151000C3E90B024B4A4C48C3E90D424B4A4C4CC1
:10152000C3E90F024B4A4C48C3E911424B4A4C4CA9
:10153000C3E913024B4A4C48C3E915424B4A4C4C91
:10154000C3E917024B4A4C48C3E919424B4A4C4C79
:10155000C3E91B024B4A4C48DA67C3E904114B4A02
:101560004B49C3E92002C3E91D144A4A4A4C4B487F
:10157000C3E922424A4A4B4CC3E924024A484B4A37
:10158000C3E926404A484B4CC3E928214A4A4B4903
:10159000C3E92A504A48C3E92C424A4AC3F8C0204A
:1015A000C3E92E0138BD0446C820D7F747FD464998
:1015B0000022C0E90012C0E90222C0E90422C0E909
:1015C0000622C0E90822C0E90A22C0E90C22C0E9CB
:1015D0000E22C0E91022C0E91222C0E91422C0E99B
:1015E0001622C0E91822C0E91A22C0E91C22C0E96B
:1015F0001E220346C0E92022C0E92222C0E924229B
:10160000C0E92622C0E92822C0E92A22C0E92C220A
:10161000C0E92E22C0F8C02080F8C420A06067E78F
:10162000309004004078040094780400647804004A
:1016300088780400A0780400BC780400D8780400FE
:101640008C7B0400F87804002079040044790400BD
:10165000607904008479040094790400A47904007A
:10166000B4790400C4790400D4790400E479040056
:10167000F4790400147A0400387A0400507A0400E3
:10168000787A04008C7A0400A07A0400BC7A040002
:10169000687A0400047B0400E47A0400287B0400D8
:1016A0004C7B04005C7B04006C7B04007C7B0400AE
:1016B0009C7B0400AC7B0400BC7B0400DC7B04004E
:1016C000CC7B0400EC7B0400986D0400F0B51B4B50
:1016D000036083B0044649B308460D4603F0F0FFAB
:1016E0000746A8B101AA0021DDF780F8012F0646C0
:1016F00000F10C0311D0184629463A4602F0E4F8EE
:1017000003460F4A96420BD12046636003B0F0BDFA
:101710000C4B6360204603B0F0BD2A780273F0E7FB
:101720000022B26037603E443273EDE70648D6F7D8
:10173000A7FC2046D7F708F9D7F73CF8F87604005D
:1017400044E9050050E905000452040010B50446C0
:10175000FFF7BCFF014B2360204610BD0C7704004F
:1017600010B50446FFF7B2FF014B2360204610BDC1
:1017700020770400F0B51B4B036083B0044649B3E7
:1017800008460D4603F09CFF0746A8B101AA0021B8
:10179000DDF72CF8012F064600F10C0311D0184696
:1017A00029463A4602F090F803460F4A96420BD17A
:1017B0002046636003B0F0BD0C4B6360204603B06D
:1017C000F0BD2A780273F0E70022B26037603E4431
:1017D0003273EDE70648D6F753FC2046D7F7B4F846
:1017E000D6F7E8FF3477040044E9050050E9050026
:1017F0000452040010B582B001AB0446DDF754FB7F
:10180000204602B010BD00BF00487047FC7B0400BA
:1018100010B50B4C2378BFF35B8FDB0701D509486C
:1018200010BD2046FEF74AFC0028F8D0064A0749BA
:101830000448D6F7B7FF2046FEF75CFC014810BD10
:10184000CCEA05002CCA0500A0C905005118030008
:1018500010B5034B0360044600F078FA204610BD33
:10186000F87C040010B5054B0360044600F06EFAE6
:101870002046FEF7D7F9204610BD00BFF87C0400D3
:10188000FFF7C6BB10B5034B0360044600F0F4F944
:10189000204610BD207D040010B5054B03600446B2
:1018A00000F0EAF92046FEF7BDF9204610BD00BF62
:1018B000207D040010B5034B03600446D7F7E0FB1E
:1018C000204610BD347D040010B5054B036004466E
:1018D000D7F7D6FB2046FEF7A5F9204610BD00BF7E
:1018E000347D040070B5064608460D46144600F0E7
:1018F0001BFB18B123681033236070BD22462946B4
:101900003046BDE87040FEF70FB900BF10B5064B7A
:10191000044640F8103B00F0DFFA044B23602046F9
:1019200000F0AAF9204610BD547C0400207D04007C
:1019300010B5084B044640F8103B00F0CDFA064BBA
:101940002360204600F098F92046FEF76BF9204608
:1019500010BD00BF547C0400207D040030B5002180
:1019600000F10805012AC0E9005183B00446017264
:1019700008D00D2300930A460A4BF4F747F9204696
:1019800003B030BD0E2300930A46074BF4F73EF92F
:10199000204603B030BD2068854201D0FEF742F9F1
:1019A000D6F708FF187C0400087C04002DE9F043FA
:1019B00097B002AE86E80600114612689946136990
:1019C000534A93420446029876D100220DF148080A
:1019D000012810AD11928DF84820CDF8408063D0D9
:1019E0000D23009311464B4B2846F4F70FF90223C1
:1019F000002200932846484B1146F4F707F90546A4
:101A00000CAF0A9755F8083BAB42844663D00A9363
:101A100083680C93DCF804300B93CCF8005000255D
:101A2000CCF804508CF80850484603F049FE4B4669
:101A300000902A4629460AA8F4F7E8F805460DF171
:101A40001809CDF8109055F8083BAB4284463AD0BF
:101A5000049383680693DCF8043005930023CCF8E4
:101A60000050CCF804308CF8083004A9204600F06F
:101A700059F80498484501D0FEF7D4F80A98B842BE
:101A800001D0FEF7CFF81098404501D0FEF7CAF814
:101A9000234696E80300214A43F8082B83E8030015
:101AA000204617B0BDE8F0830E23009311461C4B6F
:101AB0002846F4F7ABF89AE710AD02462846984757
:101AC0000DF1480893E780686968AA68EB68CE461C
:101AD000AEE80F00BFE780686968AA68EB68BE4699
:101AE000AEE80F0096E71098404501D0FEF79AF84F
:101AF000D6F760FE0A98B842F5D0FEF793F8F2E701
:101B0000F1E704984845F5D0FEF78CF8F2E700BFFE
:101B10005D190300187C0400287C0400747E040016
:101B2000087C0400074B10B5D1E90012044640F8C8
:101B3000043BFFF75FFE204610BD2046D6F704FFAA
:101B4000D6F738FE3477040000487047587D04000B
:101B500000487047607D0400531E8D2B4CD8DFE891
:101B600003F04747474747474747474747474747A0
:101B70004B474747474747474747474747474747F1
:101B80004747474747474B4B4B4B4B4B4B4B4747C5
:101B90004B4B4B4B4B4B4B4B4B4B4B4B4B474747A1
:101BA000474B4B4B474B4B4B474B4B4B4B4B474B95
:101BB0004B4B4B4B4B4B4B4B4B474B4747474B4B85
:101BC000474B4B4B4B4B4B4B4B4747474747474B81
:101BD0004747474747474B4747474747474B47478D
:101BE00047474B4B4B4B4B474B4B4B474747474765
:101BF000034BC0E900237047024BC0E90023704744
:101C000034CA050030CA0500C0E90021704700BF92
:101C100010B5036882B014465B690A4601466846FF
:101C20009847019A63689A4202D0002002B010BD22
:101C300000982368C01AB0FA80F0400902B010BDC5
:101C40004B68834201D0002070470868801AB0FAC0
:101C500080F04009704700BF704700BF704700BF69
:101C600010B50446FDF7DEFF204610BD10B5044652
:101C7000FDF7D8FF204610BD10B5034B03600446A6
:101C8000FFF7C8F9204610BD747E040010B5054B5F
:101C900003600446FFF7BEF92046FDF7C3FF204668
:101CA00010BD00BF747E040010B50B6886B00446FA
:101CB0001B6968469847DDE900122046FFF79AFD48
:101CC000009802AB984201D0FDF7ACFF204606B069
:101CD00010BD009802AB984201D0FDF7A3FFD6F7E4
:101CE00069FD00BFF0B5044683B0104602F0F0FD78
:101CF00004F10806266020B3074603F0E1FC0F2834
:101D0000054601900CD8012807D13B7823720023A7
:101D100020466560735503B0F0BD0028F7D008E099
:101D2000002201A92046F3F7FBFD019B2060064637
:101D3000A3602A463046394601F0C6FD019D26685B
:101D4000E5E70148D6F79CF954530400704700BFFB
:101D500000487047807E040010B5034B03600446C2
:101D6000FDF7AEFE204610BDCC7E040010B5054B3D
:101D700003600446FDF7A4FE20460421D6F718FDB3
:101D8000204610BDCC7E04004068704710B5436803
:101D90000C4A0D490446A3F10C00904282B0216028
:101DA00005D12046D6F7D0FD204602B010BD53F82D
:101DB000042C511E002A43F8041CF2DC01A9DCF7B4
:101DC00081FDEEE744E90500047F040010B5436897
:101DD0000E4A0F490446A3F10C00904282B02160E4
:101DE00008D12046D6F7B0FD2046FDF71BFF204660
:101DF00002B010BD53F8042C511E002A43F8041CF5
:101E0000EFDC01A9DCF75EFDEBE700BF44E905006C
:101E1000047F040038B50A4B044640F8043BDCF765
:101E2000F3FF204638BD03460D4620461C46D6F734
:101E30008BFD013502D12046D6F78AF9D6F7BAFCD8
:101E4000047F0400F0B585B000293CD00646084662
:101E50000C4603F035FC0546E8B101AA0021DCF789
:101E6000C5FC012D074600F10C0318D01846214689
:101E70002A4601F029FD0346144CA7421DD103A9AF
:101E800030460393FFF7C6FF039BA3F10C00A0426B
:101E900008D105B0F0BD0E4BA3F10C04EFE722789A
:101EA0000273E9E753F8042C511E002A43F8041C7E
:101EB000EFDC02A9DCF706FDEBE73D603D440022C4
:101EC000BA602A73DBE70348D6F7DAF844E905007D
:101ED00050E90500045204000368104A1B6893424D
:101EE00010D110B543680E4A0E490446A3F10C0008
:101EF000904282B0216006D1204602B0BDE8104079
:101F0000D6F722BD184753F8042C511E002A43F877
:101F1000041CF1DC01A9DCF7D5FCEDE78D1D030005
:101F200044E90500047F04000149D7F73BB900BF2D
:101F3000D87E040008B5062002F00CF8012012F04B
:101F4000D5F900BF002301461A46184607F03ABBF0
:101F5000431C1ED030B587B004AC034608220021D4
:101F600020468DF80B3001F0C5FD0B4A0B4B106875
:101F7000D3F8E450009401230DF10B0203A9A84704
:101F8000012802D8039807B030BD4FF0FF3007B0EA
:101F900030BD4FF0FF30704738CA050068CE0500ED
:101FA00013460A460146022007F00CBB014B186895
:101FB000704700BF38CA050008B50021044607F085
:101FC00035FB044B1868C36B03B19847204612F0E9
:101FD0008DF900BF1480040070B50C46064600F071
:101FE00065F8E36A054633B1E16930469847002851
:101FF000B8BF4FF0FF35A3891B0619D4216B41B13F
:1020000004F14003994202D0304600F049FB00231E
:102010002363616C21B1304600F042FB002363640E
:1020200000F002FA0023A38100F000FA284670BDF8
:102030002169304600F034FBE0E700BFB1B138B5AC
:1020400005460C4608B1836B4BB1B4F90C300BB9A3
:10205000002038BD21462846BDE83840BCE700F0E6
:10206000DFF9B4F90C30002BF2D0F3E70020704711
:10207000C0B138B50C4B1D6804460DB1AB6B4BB10C
:10208000B4F90C300BB9002038BD21462846BDE814
:102090003840A1E7284600F0C3F9B4F90C30002B12
:1020A000F1D0F2E70020704738CA0500B1F90C20E2
:1020B000F8B50C461107074642D4636842F4006243
:1020C000002BA28159DDA56A002D54D000233E6863
:1020D0003B6093B212F4805253D1E1690123384638
:1020E000A847421C63D0A389A56A5B0705D563682E
:1020F000C01A236B0BB1E36BC01AE16902460023DF
:102100003846A847411C3ED13B68002B3BD01D2BD5
:1021100001D0162B52D1A3892269226023F40063D7
:1021200000216160A381216B3E6021B304F1400373
:10213000994202D0384600F0B3FA00202063F8BD7F
:102140002669C6B193B2256826609A070CBF6369F9
:102150000023AD1BA3600CE0D4F824C0E1692B463A
:1021600032463846E047B0F1000CA5EB0C0566445A
:1021700016DD002DF0DC0020F8BDE36B002BA2DCA7
:10218000F9E7206DB1E7B4F90C302269226023F43D
:102190000063A3810022DB046260C4D52065C2E72E
:1021A000A38943F040034FF0FF30A381F8BD3B68A3
:1021B000002B98D01D2B06D0162B04D0A38943F0FA
:1021C0004003A381F8BD3E60D5E700BF38B50D469A
:1021D000044608B1836B1BB1B5F90C0030B938BDAA
:1021E00000F01EF9B5F90C000028F8D02946204669
:1021F000BDE83840FFF75ABF38B5B8B10F4B1D687E
:1022000004460DB1AB6B4BB1B4F90C0000B938BD4D
:1022100021462846BDE83840FFF748BF284600F071
:10222000FFF8B4F90C000028F1D0F1E7044B0549A0
:102230001868BDE8384000F023BD00BF38CA05006B
:1022400014800400CD21030000207047014900F0F4
:1022500017BD00BF3D200300002070472DE9F84F57
:102260002D4A4668C26300240323C0E9B8430746E9
:1022700000F53B720423C0F8E8222146C6E9024378
:102280000822C6E90044C6E904447466B46106F154
:102290005C0001F02FFCDFF884B0BD68DFF880A09F
:1022A000DFF88090DFF88080204BC6F824A0C6E9D4
:1022B000076BC6F82890C6F82C800822EB60C5E9A9
:1022C0000044C5E904446C66AC60AC61214605F18C
:1022D0005C0001F00FFCC5E9075BC5E909A9C5F879
:1022E0002C80FD68124BEB60C5E90044C5E904444D
:1022F0006C66AC60AC612146082205F15C0001F01F
:10230000F9FB0123C5E9075BC5E90A98C5F824A0D4
:10231000BB63BDE8F88F00BF4D2203007D41030081
:10232000A5410300E5410300054203000900010047
:102330001200020070B568224D1E02FB05F50E4624
:1023400005F1740100F026FF044640B100210C3075
:10235000C4E90016A06005F1680201F0CBFB20463D
:1023600070BD00BF274B2DE9F0411E68B36B0746D7
:102370005BB306F538764FF00408D6E90134013B2B
:1023800004D51EE05A1C04F168041AD0B4F90C50AC
:10239000013B002DF6D11C4B6566C4E90055C4E92C
:1023A0000253C4E90455A5610822294604F15C00E2
:1023B00001F0A0FBC4E90C55C4E911552046BDE865
:1023C000F08135682DB12E46D7E73046FFF746FF3E
:1023D000CFE74FF4D671384600F0DCFE044668B112
:1023E0000560C0F804800C302946A06025464FF4F3
:1023F000D07201F07FFB34602E46BEE70C233060C4
:102400003B60DBE7148004000100FFFF024B03493F
:10241000186800F035BC00BF148004003D200300A4
:10242000836B03B1704719E7704700BF704700BF67
:10243000704700BF704700BF024B0349186800F0A7
:10244000FFBB00BF38CA050049220300024B034905
:10245000186800F0F5BB00BF38CA05005922030018
:1024600038B5084B084D5B1B9C1007D0043B1D443E
:10247000013C55F804399847002CF9D1BDE83840A3
:1024800011F036BFA0C905009CC905002DE9F04F29
:1024900083B002FB03F8CDE900320C9CB8F1000FC9
:1024A0003ED006468B4618B1836B002B00F0888027
:1024B000B4F90C3099049AB207D443F40053A381C1
:1024C0009AB2636E23F4005363666768002FB7BF48
:1024D00000253D4665602F46930725D445460FE00D
:1024E000216801F0F1F923683B442360214630461E
:1024F00001F0C0FBBB44EB1B002857D167681D46A9
:10250000BD423A465846EBD82A462168DDF800809D
:1025100001F0DAF9D4E90032521B2B44C4E900324D
:10252000404603B0BDE8F08F454528BF45462168C9
:102530002A46584601F0C8F92368216B2B442360D2
:1025400063685B1B6360A8EB050751B1002F40D0A7
:1025500004F14003994202D0304600F0A1F8002374
:1025600023635D44B14600E01F462146484687B3D9
:10257000D4F810B02668D4F814A02560C4E9045734
:1025800001F078FB616826600022C4E904BA7B1A76
:102590000D4462600028E7D0019B8844A8EB07083F
:1025A000B8FBF3F8404603B0BDE8F08F019BB84498
:1025B000A8EB0508B8FBF3F8404603B0BDE8F08F80
:1025C000FFF72EFFB4F90C3099049AB23FF57DAFB6
:1025D00073E7DDF80080404603B0BDE8F08F00BF30
:1025E00010B5064C82B084460093206813460A4614
:1025F0006146FFF74BFF02B010BD00BF38CA0500AF
:10260000F8B5244F0C46064601F0C6FABA6855687C
:10261000C4F57E630F3325F003052B4423F47F6359
:1026200023F00F03A3F58054B4F5805F07DB00218E
:10263000304601F0E1FBBB682B44984204D03046A1
:1026400001F0ACFA0020F8BD6142304601F0D4FB45
:1026500001300DD0104ABB682D1B45F001055D60AF
:10266000136830461B1B136001F098FA0120F8BD77
:102670000021304601F0C0FBBA68831A0F2BDEDD63
:1026800043F001035360054B03491B68C01A0860FF
:10269000D5E700BFD4CF0500D4EA0500DCD30500A0
:1026A000002961D0F8B50C46064601F075FA54F8D9
:1026B000042C7B4FA4F1080522F0010105EB010C6D
:1026C000B868DCF80430604523F0030300F08B8029
:1026D000D207CCF8043032D454F8082CAD1A114487
:1026E000AA6807F1080082426AD00CEB0304D4F810
:1026F00004E0EC68D4601EF0010FA26000F0978047
:1027000041F001036B60CCF80010B1F5007F35D2C9
:102710007A68CB084809012101338140114379606F
:1027200007EBC30257F83310083AC5E9021247F81D
:102730003350CD603046BDE8F84001F02FBA0CEBC5
:1027400003025268D00710D4194407F10800DCF8DE
:102750000830834273D0DCF80C20DA60936041F0DB
:1027600001036B606950D0E7704741F00103B1F598
:10277000007F44F8043CCCF80010C9D3B1F5206FB9
:102780004FEA512348D28B0903F1390003F1380293
:10279000C300F818FB580838984259D05A6822F0FC
:1027A00003028A4202D99B689842F7D1D868C5E9EA
:1027B00002308560DD603046BDE8F84001F0EEB9DA
:1027C0000CEB03025268D20763D40B44DCE902121B
:1027D000CA60916043F001026A603046EB50BDE888
:1027E000F84001F0DBB90B44D10707D454F8082CAA
:1027F000AD1A1344D5E90212CA60916043F0010298
:102800006A60284ABD6012689A4293D8264B3046C7
:102810001968FFF7F5FE8DE7142B0AD9542B1FD842
:102820000B0B03F16F0003F16E02C300B1E7194413
:102830008DE703F15C0003F15B02C300A9E741F0FF
:102840000103C7E90455C5E902006B60695071E7EF
:1028500079689210012404FA02F20A437A60A6E72A
:10286000B3F5AA7F06D8CB0B03F1780003F177020A
:10287000C3008EE740F25452934206D88B0C03F10A
:102880007D0003F17C02C30083E74FF47E737E2258
:102890007FE741F001036B60CCF800104AE700BF0E
:1028A000D4CF0500E0D30500D0EA050000F00CB855
:1028B00010B4044C84461346206810BC0A46614696
:1028C00000F002B838CA05002DE9F04F0C4697B069
:1028D00017461E46054608B1836BC3B1A38903F4AE
:1028E0008473B3F5847F1AD0D4F82890B9F1000F1F
:1028F00000F02781012E17D036F002085BD0162396
:102900002B604FF0FF38404617B0BDE8F08FFFF75F
:1029100087FDA38903F48473B3F5847FE4D1214652
:102920002846FFF753FCDFE72146284600F03CF934
:10293000B0F1FF3F8046E4D02369B3460744002648
:10294000002B3CD0B4F90C3040F61A02134299B275
:1029500007D1490551D47D4A914535D043F40063F0
:10296000A38121462846FFF731FC80460028C8D1C4
:10297000E16933463A462846C8470130C1D0216B49
:1029800041B104F14003994202D02846FFF788FE86
:1029900000232363A3892269002123F40263C4E98D
:1029A0000021A381082204F15C0001F0A3F8404655
:1029B00017B0BDE8F08F2369C346002BC2D1214672
:1029C000284600F037FBBDE7B4F90E100029C5DB3F
:1029D0006A46284600F0C8F8002840F09180019B24
:1029E00003F47043B3F5004F40F08A80A38943F4A9
:1029F0008063A3814FF48063E364002E5AD1BA460A
:102A0000BBF1000F65D1A389DA0471D5206D62682E
:102A1000216BA0EB02081346002961D0D4F83CC01A
:102A2000A8EB0C08A36B206990441B1AA8EB0308C1
:102A30006344C24503DB08EB0302524563D8E26CF2
:102A4000E169524202EA0A08002342462846C84782
:102A5000013086D02369216B23600023636041B17C
:102A600004F14003994202D02846FFF719FE0023E3
:102A70002363A389BAEB080A23F02003A38110D0B3
:102A80002146284601F0F6F800287FF46AAF636813
:102A90005345FFF466AF2268A3EB0A035244C4E92E
:102AA00000230822002104F15C0001F023F84FF01C
:102AB000000828E7B4F90E106A46284600F054F8DA
:102AC00000287FF44EAF049B07EB030ABBF1000F15
:102AD00099D0216B19B16268D4F83CC0A2E7636851
:102AE00022682069121AA8EB020813440021A0E70B
:102AF0000123E1695A462846C847431C87D130E77D
:102B0000B4F90C302AE7AAEB08084044A3EB080309
:102B1000C4E9000341B104F14003994202D02846C0
:102B2000FFF7BEFD00232363A38923F020030822BF
:102B3000A381002104F15C0000F0DCFF4FF00008ED
:102B4000E1E61D232B604FF0FF38DCE6E541030092
:102B500010B4044C84461346206810BC0A466146F3
:102B6000FFF7B2BE38CA050070B50C46084D0346E3
:102B70000026204611461C462E6011F071FB431CB6
:102B800000D070BD2B68002BFBD0236070BD00BF50
:102B900004EB050000F008B8024B0146186800F08D
:102BA00003B800BF38CA050070B50C46054608B129
:102BB000836B4BB3A66A002E35D0A38903F00C02B9
:102BC000082A24D013F4805212D10123E169284647
:102BD000B047411C08BF4FF0FF3008D0A3895A0707
:102BE00009D56268236B801A0BB1E36BC01A70BD04
:102BF0005A07206DF5D41B07F9D52368002BF6D0B2
:102C000022699B1A184470BDFFF70AFCD2E72268BC
:102C1000002AD7D02169521A002AD3DDD805D1D590
:102C200002230022D2E71D232B604FF0FF3070BD3E
:102C3000024B01461868FFF7B7BF00BF38CA05004E
:102C40002DE9F041884600F538770026D7E9015490
:102C5000013D0FD4A389012B05F1FF3506D9B4F945
:102C60000E300133204601D0C04706436B1C04F1EF
:102C70006804EFD13F68002FE8D13046BDE8F0810D
:102C80002DE9F8430746884600F538764FF00009ED
:102C9000D6E90154013D11D4A389012B05F1FF357B
:102CA00008D9B4F90E300133214603D03846C04765
:102CB00049EA00096B1C04F16804EDD13668002E66
:102CC000E6D14846BDE8F8832DE9F04186B002FB25
:102CD00003F61C4601AB039301230C9F0191904620
:102CE000029605960493054608B1836BBBB1B7F90C
:102CF0000C309A0406D443F40053BB817B6E23F45A
:102D000000537B663946284603AA06F0F9FD48B110
:102D10000598361AB6FBF8F006B0BDE8F081FFF76B
:102D20007FFBE4E7204606B0BDE8F081F0B5194C22
:102D300089B01546226803901C4603AB05FB01F6DB
:102D4000059301230F460496079606930AB1936BE9
:102D5000B3B1B4F90C30990406D443F40053A38101
:102D6000636E23F4005363661046214605AA06F0FD
:102D7000C7FD58B10798361AB6FBF7F009B0F0BD99
:102D800010460192FFF74CFB019AE2E7284609B092
:102D9000F0BD00BF38CA050038B50C46054608B17D
:102DA000836B4BB16368013B002B63600BDB2368D3
:102DB0005A1C2260187838BDFFF732FB6368013B6C
:102DC000002B6360F3DA21462846BDE8384000F066
:102DD000DBBF00BF38B50F4B1D6804460DB1AB6BB0
:102DE0004BB16368013B002B63600CDB23685A1C0A
:102DF0002260187838BD2846FFF712FB6368013B54
:102E0000002B6360F2DA21462846BDE8384000F026
:102E1000BBBF00BF38CA050006F0C0BC06F0CCBC82
:102E200070B50D4E0D4D761BB61006D0002455F82A
:102E3000043B01349847A642F9D1094E094D761B4F
:102E4000D5F7DEF8B61006D0002455F8043B01345F
:102E50009847A642F9D170BD74C9050074C9050030
:102E60009CC9050074C9050001390B291FD8DFE88A
:102E700001F0080A0C0E10121416181A1C0600F0A5
:102E800085B807F02FBB07F03BBB07F047BB07F047
:102E90005BBB00F00FB800F013B800F025B800F0ED
:102EA00037B800F043B800F04FB800F05BB800202E
:102EB000704700BF303809288CBF002001207047C0
:102EC000002100F001B800BF38B504460D4600F0FF
:102ED00023F800B938BD2946204600F039F8B0FA89
:102EE00080F0400938BD00BF002100F001B800BFEC
:102EF000FF2809D8054BC05C00F00300A0F10200D8
:102F0000B0FA80F04009704700207047117F04003C
:102F1000002100F001B800BFFF289DBF024BC05C3C
:102F200000F0970000207047117F0400002100F09E
:102F300001B800BFFF289DBF024BC05C00F010002D
:102F400000207047117F0400002100F001B800BF8D
:102F5000FF289DBF024BC05C00F0080000207047B6
:102F6000117F0400002100F001B800BFFF2809D83C
:102F7000054BC05C00F00300A0F10100B0FA80F046
:102F80004009704700207047117F0400A0F1300312
:102F9000092B07D920F02000413805288CBF0020DC
:102FA000012070470120704742B110B50B4910460F
:102FB000144601F039F918B9094810BD084870479E
:102FC0000749204601F030F90028F5D00549204690
:102FD00001F02AF90028EFD0002010BD188004006D
:102FE00080530400786B0400014B93F8280170476C
:102FF00068CE050041B110B50C4620460A4901F0E3
:1030000013F918B9094810BD084870470749204608
:1030100001F00AF90028F5D00549204601F004F92D
:103020000028EFD0002010BD188004008053040059
:10303000786B04002DE9F0418B890C46990796B016
:1030400008D504F143030122C4E90432236016B019
:10305000BDE8F081B4F90E100029064627DB6A4668
:10306000FFF782FD002821DB019D05F47045A5F5E1
:103070000055B5FA85F54FF480686D094FF4006787
:103080004146304600F086F8B4F90C30F0B1204AE1
:10309000F26343F08003C4F81480A38120602061B0
:1030A00035BB3B43A38116B0BDE8F081A38913F083
:1030B000800519D04FF040084146304600F06AF8CC
:1030C0000025B4F90C302F460028E0D19A05BED473
:1030D00023F0030304F1430243F002030121C4E996
:1030E0000421A3812260B2E74FF480682F46C7E72E
:1030F000B4F90E10304607F0E3F910B9B4F90C300A
:10310000CFE7A38923F0030343F001031BB2C8E711
:103110004D22030070B50C46B1F90E10002996B08F
:1031200015461E4614DB6A46FFF71EFD00280FDB1E
:10313000019A02F47042A2F50052B2FA82F24FF400
:10314000806352094FF4006032602B6016B070BD8E
:10315000B4F90C10002311F08000336004D0402239
:1031600018462A6016B070BD4FF480632B6016B00D
:1031700070BD00BF024B0146186800F00BB800BFDD
:1031800038CA0500024B01461868FFF789BA00BF2C
:1031900038CA05002DE9F04F01F10B06162E83B059
:1031A000044624D8102900F2BA8000F0F5FC10265D
:1031B00018220220B74F3A44A2F1080153688B420B
:1031C00000F0BA805A68D96822F003021A449D6858
:1031D000E9608D60516841F001012046516003F1C2
:1031E000080500F0DBFC284603B0BDE8F08F36F0A0
:1031F000070600F19480B14200F2918000F0CCFC0F
:10320000B6F5FC7FC0F09681730A00F08F80042B26
:1032100000F26B81B30903F1390003F1380CC300EC
:103220009C4F3B44A3F108055B689D4206D10CE02E
:10323000002980F22B81DB689D4206D05A6822F07B
:103240000302911B0F29F3DD60463D69DFF848C298
:1032500065457CD06A6822F00302931B0F2B00F3B4
:103260007781002BC7E904CC80F26881B2F5007F3A
:1032700080F01681D308796801334FEA521E01228B
:1032800002FA0EF20A4357F833E0C5F808E007EBFC
:10329000C3010839E9607A6047F83350CEF80C5022
:1032A000831001219940914257D8114206D120F054
:1032B00003004900114200F10400FAD007EBC009F5
:1032C0004D468646D5F80C80454508D119E1002BBE
:1032D00080F22081D8F80C80454500F01281D8F8A2
:1032E000042022F00302931B0F2BF0DD2046D8E9C7
:1032F000025408EB060146F00106C8F80460EC60D1
:10330000A56043F00104C7E90411C1E902CC4C6097
:1033100048F8023000F042FC08F1080502E00C23F6
:1033200023600025284603B0BDE8F08F4FF40073FA
:1033300040204FF03F0C73E7D3689A4208BF023039
:103340007FF440AF3D69DFF850C1654582D17A68AE
:103350008310012199409142A7D9BD686B6823F081
:103360000308464503D8A8EB06030F2B7EDCDFF8E5
:103370002C91D7F80824D9F800300132334405EBFA
:10338000080A00F02F8103F580530F3323F47F6B7D
:103390002BF00F0B5946204600F02EFD411C024633
:1033A00000F0EF80824500F2EA80D9F80410594419
:1033B000C9F804100B4600F04B81D7F8081401310E
:1033C0001BBFA2EB0A0A5344C7F80824C9F804300B
:1033D00012F0070300F01281C3F108010A44C3F59B
:1033E000805193440831A1EB0B01C1F30B0A514604
:1033F00020460192009300F0FFFC421CDDE9003200
:1034000000F04B81831A03EB0A0BD9F80400BA6071
:103410004BF001030AEB0001BD425360C9F80410F0
:1034200000F02281B8F10F0F40F220816B68A8F103
:103430000C0020F0070003F0010303436B604FF022
:10344000050C2B180F28C3E901CC00F22D8153681D
:103450001546D9F82C208A42D9F8302038BFC9F84F
:103460002C108A4238BFC9F830108CE0AA1943F0FA
:10347000010346F001066E602046BA60536000F01A
:103480008DFB0835284603B0BDE8F08FD9681A4493
:103490009DE600BFD4CF0500DCCF0500D0EA0500D3
:1034A000B2F5206F4FEA522363D3142B00F2B88099
:1034B00003F15C01C9005B3307EB010E7958AEF1F3
:1034C000080E8E4500F091804B6823F00303934271
:1034D00002D989688E45F7D1D1F80CE07A68C5E940
:1034E000021ECEF80850CD60DAE6142B59D9542BC1
:1034F00000F29E80330B03F16F0003F16E0CC300EA
:103500008EE60EF1010E1EF0030F05F108057FF4A3
:10351000D9AE51E0424445465368D8F80C1043F008
:103520000103536055F8083F2046D9608B6000F0D6
:1035300035FBF7E6F00806F108023BE62A44204690
:10354000536843F001035360083500F027FBE9E6B8
:10355000A919204646F0010643F001046E60C7E950
:103560000411C1E902CC4C60AB5000F017FB0835E8
:10357000D8E6930903F13901C90038339CE7BD420D
:1035800060D0BD686B6823F0030B5E45ABEB0603B0
:1035900002D80F2B3FF76AAF204600F0FFFA002554
:1035A000C0E603F15C0003F15B0CC30038E659F898
:1035B00008394B4540F0968010F0030F00F1FF30C2
:1035C000F5D17B6823EA01037B60490099423FF60D
:1035D000C4AE19B9C1E649000EF1040E1942FAD081
:1035E00070466BE603F1100BD4E69A104FF0010819
:1035F0007B6808FA02F21A437A6070E702EB0B016B
:103600004942C1F30B0A514620460193009200F053
:10361000F3FB431CDDE900237FF4F4AE9A46F4E6A5
:10362000542B26D8130B03F16F01C9006E3343E707
:10363000B3F5AA7F26D8F30B03F1780003F1770CDA
:10364000C300EDE5D9F804305B44C9F80430B4E6B2
:10365000CAF30B0000287FF4B0AEBD6808EB0B0383
:1036600043F001036B60F4E61546F2E60123536074
:1036700092E7B3F5AA7F21D8D30B03F17801C900F3
:10368000773319E740F25452934221D8B30C03F137
:103690007D0003F17C0CC300C2E5083B9B44ABEB0F
:1036A000020B4FF0000AB0E605F108012046FEF7D4
:1036B000F7FFBD68D9F804106B68CAE640F25451B0
:1036C0008B420BD8930C03F17D01C9007C33F3E6E8
:1036D0004FF47E737F204FF07E0CA1E54FF47E7196
:1036E0007E23E9E67B6870E770B582B00546069CEC
:1036F00042B10C4E0094D6F8E460B047431C0BD0A6
:1037000002B070BD074B0094D3F8E460114601236A
:10371000054AB047431CF3D100228A2322602B6064
:1037200002B070BD68CE0500786B040070B51C4611
:10373000104B82B01D6869B194460A4601460E4896
:103740000094D0F8E46063462846B047431C0BD091
:1037500002B070BD084B0094D3F8E460074A01231F
:103760002846B047431CF3D100228A2322602B60F5
:1037700002B070BD38CA050068CE0500786B040041
:1037800010B4034CD4F8E440A44610BC604700BF1A
:1037900068CE050082B049B15AB16BB113780B60A5
:1037A0001278101E18BF012002B0704701A9002A2C
:1037B000F3D1104602B070476FF00100F4E700BF8C
:1037C00001F0FF01102A2BDB10F0070F08D010F8D2
:1037D000013B013A8B422DD010F0070F42B3F6D1D6
:1037E000F0B441EA012141EA014122F007047FF0EF
:1037F00000070023F0E80256083C85EA010586EA46
:10380000010685FA47F5A3FA87F586FA47F6A5FA81
:1038100087F68EB9EED1F0BC01F0FF0102F007028D
:1038200032B110F8013B013A83EA010313B1F8D138
:103830000020704701387047002D06BF3546033819
:10384000073815F0010F07D1013015F4807F02BF52
:10385000013015F4C03F0130F0BC0138704700BFA3
:10386000032A10B517D940EA010C1CF0030F0446D7
:103870000B4623D119462046D1F800E0D0F800C00D
:10388000F44504F1040403F1040317D1043A032AB4
:1038900020461946EED8541EA2B100F1FF3C013972
:1038A00001E0C3180CD01CF801EF11F8012F964568
:1038B000A4EB0C03F5D0AEEB020010BD541EECE7F8
:1038C000184610BD104610BD844641EA000313F0AF
:1038D00003036DD1403A41D351F8043B40F8043B17
:1038E00051F8043B40F8043B51F8043B40F8043BDA
:1038F00051F8043B40F8043B51F8043B40F8043BCA
:1039000051F8043B40F8043B51F8043B40F8043BB9
:1039100051F8043B40F8043B51F8043B40F8043BA9
:1039200051F8043B40F8043B51F8043B40F8043B99
:1039300051F8043B40F8043B51F8043B40F8043B89
:1039400051F8043B40F8043B51F8043B40F8043B79
:1039500051F8043B40F8043B403ABDD2303211D319
:1039600051F8043B40F8043B51F8043B40F8043B59
:1039700051F8043B40F8043B51F8043B40F8043B49
:10398000103AEDD20C3205D351F8043B40F8043B19
:10399000043AF9D2043208D0D2071CBF11F8013B17
:1039A00000F8013B01D30B8803806046704700BFDD
:1039B000082A13D38B078DD010F003038AD0C3F1EC
:1039C0000403D21ADB071CBF11F8013B00F8013BCE
:1039D00080D331F8023B20F8023B7BE7043AD9D38D
:1039E000013A11F8013B00F8013BF9D20B78037062
:1039F0004B7843708B7883706046704788420DD94E
:103A00008B1883420AD900EB020CBAB1624613F854
:103A100001CD02F801CD9942F9D170470F2A0ED895
:103A2000034602F1FF3C4AB10CF1010C013B8C440E
:103A300011F8012B03F8012F6145F9D1704740EAD5
:103A400001039B0750D1A2F1100370B501F1200CC6
:103A500023F00F0501F1100E00F11004AC441B0916
:103A60005EF8105C44F8105C5EF80C5C44F80C5C8A
:103A70005EF8085C44F8085C5EF8045C44F8045C9A
:103A80000EF1100EE64504F11004E9D1013312F0F5
:103A90000C0F01EB031102F00F0400EB031327D00E
:103AA000043C24F003064FEA940C1E441C1F8E466F
:103AB0005EF8045B44F8045FB442F9D10CF10104F0
:103AC00002F0030203EB840301EB840102F1FF3CEB
:103AD0004AB10CF1010C013B8C4411F8012B03F8A5
:103AE000012F6145F9D170BD02F1FF3C03469BE710
:103AF0002246EBE7830730B548D0541E002A3FD05A
:103B0000CAB2034601E0013C3AD303F8012B9D07FA
:103B1000F9D1032C2DD9CDB245EA05250F2C45EA64
:103B2000054536D9A4F1100222F00F0C03F1200E46
:103B3000E6444FEA121C03F1100242E9045542E93F
:103B4000025510327245F8D10CF1010214F00C0F3D
:103B500003EB021204F00F0C13D0ACF1040323F0BA
:103B600003030433134442F8045B9342FBD10CF08B
:103B700003042CB1CAB21C4403F8012B9C42FBD1B4
:103B800030BD64461346002CF4D1F9E703461446D1
:103B9000BFE71A46A446E0E7704700BF704700BF82
:103BA00070B50E461446054608B1836B7BB1A36819
:103BB000013B002BA36011DAA269934214DBF0B23F
:103BC0000A2811D023685A1C22601E7070BDFEF7AF
:103BD00027FCA368013B002BA360EDDB23685A1C84
:103BE00022601E70F0B270BD224631462846BDE804
:103BF000704004F0DDBA00BF164B70B51E68054674
:103C00000C460EB1B36B7BB1A368013B002BA360E4
:103C100012DAA269934215DBE8B20A2812D02368AF
:103C20005A1C22601D7070BD3046FEF7F9FBA36878
:103C3000013B002BA360ECDB23685A1C22601D7043
:103C4000E8B270BD224629463046BDE8704004F017
:103C5000AFBA00BF38CA050005F020BE05F030BE7F
:103C6000838903F00903092B01D000207047FEF778
:103C7000C3BA00BFF8B50C46054610B1836B002BE4
:103C800041D0B4F90C309F049AB207D4626E43F469
:103C9000005322F400526266A3819AB20021960674
:103CA000616062D450071BD4D10661D512073ED49F
:103CB00043F00403A3812369002B44D0B4F90C60C2
:103CC000B307B7B222D12269266A6369E16922602B
:103CD0002846B04700286060C8BF002038DDF8BD26
:103CE000216B0029E7D004F14003994202D0284615
:103CF000FEF7D6FCE36B636000202063002BDAD074
:103D0000A36B2360F8BDFEF78BFBBAE70123A38109
:103D10001B4B1C49186807F00907FEF791FF092F94
:103D2000A681D0D121462846FEF7C0F9CBE721462F
:103D30002846FEF74BFAC0B9B4F90C30A06023F066
:103D40000803A061B4E721462846FFF773F9B5E7F9
:103D5000A38905D143F020034FF0FF30A381F8BDC4
:103D6000002243F040036260A3814FF0FF30F8BDB2
:103D7000092243F040032A604FF0FF30A381F8BDD1
:103D800014800400613C030038B50C46054608B1B8
:103D9000836B63B121462846FFF76CFF50B9D4E925
:103DA0000023511C013BC4E90013107838BDFEF715
:103DB00037FBEFE74FF0FF3038BD00BF38B50D4B94
:103DC0001D6804460DB1AB6B63B121462846FFF771
:103DD00051FF58B9D4E90023511C013BC4E9001339
:103DE000107838BD2846FEF71BFBEEE74FF0FF309A
:103DF00038BD00BF38CA050038B5074D002204465B
:103E000008462A6010F05CFA431C00D038BD2B68CD
:103E1000002BFBD0236038BD04EB050038B5D0F88B
:103E2000DC420CB1002038BD80210546FFF7B2F915
:103E30000246C5F8DC0230B1031F7C3243F8044F60
:103E40009342FBD1EEE74FF0FF3038BD1F29F8B5A4
:103E5000054609D8D0F8DC620C4617464EB156F834
:103E6000240046F82470F8BD162303604FF0FF309D
:103E7000F8BD8021FFF78EF90646C5F8DC0240B197
:103E8000031F00F17C05002143F8041F9D42FBD174
:103E9000E5E74FF0FF30F8BD1F2938B5054621D8BA
:103EA000D0F8DC220C466AB152F8213053B1012B14
:103EB00016D0591C10D00025204642F824509847AF
:103EC000284638BD284600F003F922460146284618
:103ED000BDE8384000F0E6B816230360012038BD85
:103EE000002038BD162303604FF0FF3038BD00BFFF
:103EF0001F292CD8D0F8DC2238B50C46054682B1F3
:103F000052F8243002EB84024BB1591C1AD0012B19
:103F100016D00025204615609847284638BD012058
:103F200038BD8021FFF736F90246C5F8DC0258B1EA
:103F3000031F00217C3043F8041F9842FBD1DFE7C8
:103F4000032038BD022038BD4FF0FF3038BD4FF0A0
:103F5000FF30704738B5154B1F281D6820D8D5F89D
:103F6000DC22044662B152F820304BB1012B15D04F
:103F7000591C0FD0002542F820509847284638BDDC
:103F8000284600F0A5F8224601462846BDE83840FC
:103F900000F088B816232B60012038BD002038BD02
:103FA00016232B604FF0FF3038BD00BF38CA050024
:103FB000134B1F2870B51E6809D80D46D6F8DC12C1
:103FC000044649B151F8240041F8245070BD16232D
:103FD00033604FF0FF3070BD80213046FFF7DAF8D4
:103FE0000146C6F8DC0240B1031F00F17C0C002240
:103FF00043F8042F6345FBD1E4E74FF0FF3070BD79
:1040000038CA050038B50C4B1D68D5F8DC420CB138
:10401000002038BD80212846FFF7BCF8C5F8DC0237
:1040200038B1031F00F17C0243F8044F9342FBD1E7
:10403000EEE74FF0FF3038BD38CA050038B5184BF1
:104040001F281D6828D8D5F8DC22044682B152F812
:10405000243002EB84024BB1591C1BD0012B17D02A
:104060000025204615609847284638BD012038BDF8
:1040700080212846FFF78EF80246C5F8DC0258B1C9
:10408000031F00217C3043F8041F8342FBD1DEE78D
:10409000032038BD022038BD4FF0FF3038BD00BFCF
:1040A00038CA050070B50C46084D03460026204668
:1040B00011461C462E6010F0EBF8431C00D070BD7A
:1040C0002B68002BFBD0236070BD00BF04EB050004
:1040D00010F0CEB80EB430B59CB01FAC4FF40172E6
:1040E00054F8045BADF814200290069001F0E8FA51
:1040F000039007900A480B490A9100234FF6FF7C72
:104100000E9313932A46234602A90068ADF816C001
:10411000019402F071FC1CB0BDE8304003B0704760
:1041200038CA0500A14103000CB470B59CB020ACA6
:104130004FF401730546084654F8046BADF814308B
:104140000291069101F0BCFA0B490A9103460393D0
:1041500007934FF6FF7100230E931393ADF81610DB
:1041600032462846234602A9019402F045FC1CB0C1
:10417000BDE8704002B07047A141030010B50C4685
:10418000B1F90E1006F05CFF002803DB236D034439
:10419000236510BDA38923F48053A38110BD00BF04
:1041A000002070472DE9F0410C46B1F90C101F4674
:1041B000CB05054616460BD421F48051A1813B4620
:1041C000B4F90E1032462846BDE8F04105F07AB940
:1041D000B4F90E100223002206F0D2F9B4F90C1043
:1041E000EAE700BF10B50C46B1F90E1006F0C8F9A9
:1041F000A389421C0EBF23F4805343F480532065EF
:10420000A38110BDB1F90E1005F06CBA00000000DA
:10421000000000000000000000000000000000009E
:10422000A2EB0300704700BF02780B78012A28BF79
:104230009A42F5D16DE9044540EA0104CDE90267EF
:104240006FF0000C4FEA447212B380EA010414F0DC
:10425000070F6AD100F0070420F0070004F00305FF
:1042600021F007014FEAC505F0E8042314F0040F1C
:10427000F1E804670CFA05F462EA040266EA04064F
:104280000AD063EA0403624667EA0407664603E06D
:10429000F0E80423F1E8046782FA4CF582EA0604A8
:1042A000A4FA8CF46CBB83FA4CF583EA0705A5FAF3
:1042B0008CF595B950E9022351E9026782FA4CF571
:1042C00082EA0604A4FA8CF483FA4CF583EA070523
:1042D000A5FA8CF52543DBD09CB92DBAB5FA85F447
:1042E00024F0070427FA04F1DDE9026723FA04F356
:1042F00003F0FF0001F0FF01FDE80445A0EB010021
:10430000704724BAB4FA84F424F0070426FA04F1BE
:10431000DDE9026722FA04F202F0FF0001F0FF017A
:10432000FDE80445A0EB0100704714F0030F3CD1F9
:1043300010F0030428D150F8082B51F8083B82FAFA
:104340004CF582EA0305A5FA8CF55DB950F8042C0A
:1043500051F8043C82FA4CF582EA0305A5FA8CF583
:10436000002DE8D02DBAB5FA85F424F0070423FA1D
:1043700004F122FA04F202F0FF0001F0FF01FDE86F
:104380000445A0EB010070474FEAC40420F003008D
:1043900050F8082B21F0030151F8083B0CFA04F403
:1043A00062EA040263EA0403C9E710F003041AD0C6
:1043B000A1EB040120F00300E40750F8042B06D021
:1043C0000FD28B785FFAA2F4E41A06D12BB1CB7826
:1043D0005FFAB2F4E41A00D11BB920465DF8104B25
:1043E000704701F1040150F8042BCC0721F00301C0
:1043F00051F8043B48D824D222F07F4482FA4CF58D
:1044000094EA1325A5FA8CF50AD165B951F8043B55
:1044100084EA0204B4EB036F0ED150F8042BEBE7EF
:104420004FEA132355E035F07F454DD10878FDE87C
:104430000445C0F1000070474FEA126203F0FF0329
:1044400047E002EA1C4482FA4CF594EA1345A5FAC7
:104450008CF50AD165B951F8043B84EA0204B4EB47
:10446000034F0CD150F8042BEBE74FEA134330E035
:1044700015EA1C4528D10B884FEA124229E04FEA81
:10448000124203EA1C4324E002F0FF0482FA4CF5D6
:1044900094EA1365A5FA8CF50AD165B951F8043B85
:1044A00084EA0204B4EB032F09D150F8042BEBE7A4
:1044B0004FEA13630DE015F0FF0F05D10B684FEACB
:1044C000122223F07F4304E04FF00000FDE8044592
:1044D000704712BA1BBA82FA4CF482EA0304A4FAB7
:1044E0008CF5B5FA85F402FA04F203FA04F34FEA04
:1044F0001260FDE80445A0EB13607047FFF794BE1F
:104500008C461146BCF18E0F00F29180DFE81CF062
:1045100039013B0137013501330131012F012D01F3
:104520002B01290127012501230121011F018F00F2
:104530001D011B01190117011501130111010F01C3
:104540000D010B0109010701050103010101FF0034
:10455000FD00FB00F900F700F5008F008F008F00D1
:104560008F008F008F008F008F00F300F1008F000D
:104570008F008F008F008F008F008F008F008F00C3
:104580008F008F008F008F00EF00ED00EB00E9003F
:104590008F008F008F00E7008F008F008F00E500F5
:1045A0008F008F00E3008F008F00E1008F008F00ED
:1045B0008F008F008F008F008F008F008F008F0083
:1045C000DF008F00DD00DB00D9008F008F00D700F7
:1045D0008F008F008F008F008F008F008F008F0063
:1045E000D500D300D100CF00CD00CB008F00C90093
:1045F000C700C500C300C100BF00BD00BB00B900BB
:10460000B700B500B300B1008F00AF00AD00AB0044
:10461000A9008F008F008F008F008F00A7008F00F0
:104620008F008F00A500A300A1009F009D00002B1C
:1046300014BF1A46024608B5604603F03FFC024626
:104640005248002A18BF104608BD514870475148CB
:10465000704751487047514870475148704751481A
:10466000704751487047514870475148704751480A
:1046700070475148704751487047514870475148FA
:1046800070475148704751487047514870475148EA
:1046900070475148704751487047514870475148DA
:1046A00070475148704751487047514870475148CA
:1046B00070475148704751487047514870475148BA
:1046C00070475148704751487047514870475148AA
:1046D000704751487047514870475148704751489A
:1046E000704751487047514870475148704751488A
:1046F000704751487047514870475148704751487A
:104700007047514870475148704751487047514869
:104710007047514870475148704751487047514859
:104720007047514870475148704751487047514849
:104730007047514870475148704751487047514839
:104740007047514870475148704751487047514829
:104750007047514870475148704751487047514819
:104760007047514870475148704751487047514809
:1047700070475148704751487047514870475148F9
:104780007047514870475148704700BF786B04002C
:10479000908604007886040064860400C8860400BD
:1047A000C0830400F88204003086040048860400B8
:1047B00034820400F485040068840400F086040058
:1047C000FC800400C4800400CC810400CC8204007E
:1047D000BC8104000487040010820400E483040008
:1047E0000C860400DC850400AC850400948504007C
:1047F00074850400548504002485040000850400A9
:10480000C0850400A4860400E8840400CC8404006D
:10481000B88404009C840400908404007C84040018
:1048200058840400408404002C8404001484040090
:104830001C85040004840400FC830400D883040065
:10484000AC830400908304007C8304004C83040048
:1048500040830400308304001883040008830400AC
:10486000E0820400BC820400AC8204009482040054
:104870007482040054820400FC810400EC81040072
:10488000AC8104009C810400888104007C810400C8
:1048900064810400588104004481040030810400D4
:1048A0001C810400F0800400E0800400B08004005B
:1048B0009C80040080800400748004005C800400FC
:1048C0004C800400308004001C8704002480040015
:1048D000034A0023014610681A46FFF711BE00BFC5
:1048E00038CA0500034A0023014610681A46FFF73C
:1048F00007BE00BF38CA05004269002A40F26C7347
:10490000A8BF6FF063031344920710B408D14B4C57
:104910004B4A4C4904FB0322B1EBB20FC0F08B8031
:10492000474A464C484904FB0323B1EB331F2CBFD5
:1049300001220022D0E906315B0003EB011313448E
:10494000212B23DDA3F5B553023B352B20D8352B86
:104950001ED8DFE803F06D1D1D1D1D1D1D1D1D1D35
:104960001D1D1D1D1D1D6D6D6D1D1D1D1D1D1D1D87
:104970001D1D1D1D1D1D6D6D6D6D6D1D1D1D1D1DD7
:104980001D1D1D1D1D1D1D6D1D6D1D6D002B02DAD4
:10499000002010BC7047212BFAD801A252F823F056
:1049A000294A0300294A0300914903009149030061
:1049B0009149030091490300914903009149030083
:1049C0009149030091490300294A0300294A030041
:1049D000294A0300294A0300914903009149030031
:1049E000294A0300294A0300914903009149030021
:1049F0009149030091490300914903009149030043
:104A00009149030091490300914903009149030032
:104A1000294A0300294A03009149030091490300F0
:104A2000294A0300294A03004FF0FF3010BC7047A9
:104A3000012010BC704701227CE700BF295C8FC2B7
:104A400050B81E05285C8F020AD7A3002DE9F04F4D
:104A5000144612788FB083460E4652B91546002E82
:104A600000F0C480002328460BF805300FB0BDE8E5
:104A7000F08F1F46252A4FF0000302931D460CD0ED
:104A8000731EAB4240F2B1800BF8052001340135B2
:104A90002278002AE3D0252AF2D194F80180B8F1D7
:104AA000300F00F0AA80B8F12B0F00F0A68041462D
:104AB000A1F13103082B04F101044FF0000840F28A
:104AC000A4804FF00009452900F094804F2900F0A0
:104AD0009180A1F12502552A00F28780DFE812F0CB
:104AE0001002850085008500850085008500850011
:104AF000850085008500850085008500850085008E
:104B0000850085008500850085008500850085007D
:104B100085008500850085005302740219014C014F
:104B200085006D01A001B400BB00850085008500F3
:104B3000300285008500560085000302200423040E
:104B40003204F5015B036B03720393038500850058
:104B500085008500850085003302D10019029E0082
:104B60009E008500ED00D10085001101B400BB005E
:104B7000150194028500560085009D02A4023903A8
:104B80004E0385003704C503CC03DA03BB680B2B47
:104B9000954BD4BF0022012203EB8203D3F8A480FB
:104BA000404600F08DFD002848D006F1FF3EAE459E
:104BB0001BD94346691EDFF83482284459442278C1
:104BC000502A1A7808D112F808C00CF0030CBCF176
:104BD000010F04BF2032D2B20135854201F8012F06
:104BE00003F101032AD07545E9D3002528460FB00B
:104BF000BDE8F08F617801346BE7A178A1F1310352
:104C0000082B04F102043FF65CAF204606A90A22F5
:104C100001F0C8FE069C8146217854E7744B754A22
:104C2000642918BF1A46FB68711B0BEB050006F0E0
:104C3000EDFC0028D9DB0544AE42D6D92378002B01
:104C40003FF40DAF013423E76A4B694A6B2918BF63
:104C50001A46BB68E8E7BB68002B00F0A5830C2B65
:104C600009D0654A82FB0320DA17C2EB600202EB2F
:104C70004202A3EB82035F485D4A492908BF02460E
:104C8000D2E73A69584B53F82280404600F018FDAD
:104C90000028D3D006F1FF3CAC45A6D96A1E08F126
:104CA000FF3328445A44013513F8011F02F8011F4D
:104CB0008542C3D06545F6D397E73846FFF71CFE1B
:104CC000804678690028C0F26F844C4B83FB002338
:104CD000C217C2EB6312642303FB1202DFF81CC18C
:104CE00042448CFB0213D1176420C1EB631100FB1B
:104CF00011220244ACFB02135B0900FB13233D4A63
:104D000092E7FB693E4A01338EE73B69394A01333A
:104D10008AE73C49D7F814A08A45ACBF002101219D
:104D2000BAF1000FC0F22884344B83FB0A234FEA08
:104D3000EA72C2EB631303F1130CB8F1000F00F039
:104D40007E83BCF1630F40F3D1832F4A2F4BB8F120
:104D50002B0F18BF13462E4ADFF8A8E02D48B9F1F3
:104D6000020F38BF4FF00209F245B8BF03460BEB04
:104D70000500A6EB050E6DE378693B69002803F199
:104D800001080BEB0509FB68A6EB050AC0F2E483FA
:104D90001A4A82FB0021C217C2EB6112642101FB97
:104DA0001202CDE9003251461B4A4346484606F0FE
:104DB0002DFC0028BFF63FAF17E725238DF81830EC
:104DC000B8F1000F40F0CD822B238DF81930042369
:104DD0000DF11A08114A1E21404606F017FC002862
:104DE00040F3CC824044CAE26C880400117F040086
:104DF000448704003C870400ABAAAA2A1F85EB5114
:104E00006887040094F8FFFF786B0400348704007F
:104E1000248704003887040048870400588704006A
:104E2000D04BD7F814A09A45ACBF002301233846D5
:104E30000393FFF761FDBAF1000F0146C0F26283F0
:104E4000C94B4FEAEA7083FB0A23C0EB63131333A9
:104E50005246C548A0FB02C040094FF0640E0EFB4D
:104E600010200029C0F2BF8200F0D983DFF8F4C21D
:104E7000E245C0F2FB82002203920844421C00F08B
:104E8000BB82642804BF01330020642202FB0303B9
:104E9000039A002A40F09C81B8F12B0F40F08082E9
:104EA00042F20F72934240F2C2838DF81880B9F13A
:104EB000000F40F06A820DF119000DF1180A252249
:104EC000027030224270023094E13846FFF714FD40
:104ED000BA69002A00F06A82013A002840F38F8202
:104EE0000123A24AA0E67B680093BB68A04A711B1D
:104EF0000BEB050006F08AFB0028BFF69CAE74E6BB
:104F0000731EAB427FF671AE25230BF805300135D9
:104F100094E6984BD3F8A080404600F0D1FB98F877
:104F20000030002B3FF48AAE42463B46711B0BEB30
:104F30000500FFF78BFD00287FF757AE05447DE69F
:104F40007B688A4A70E6BB698A4A183352F8238024
:104F5000404600F0B5FB00283FF470AE06F1FF3C80
:104F6000AC457FF642AE6A1E08F1FF3328445A442E
:104F7000013513F8011F02F8011F85423FF45EAEB0
:104F80006545F5D331E6BA697A4B03EB8203D3F872
:104F90007C80404600F094FB00283FF44FAE06F1C1
:104FA000FF3C6545BFF421AE6A1E08F1FF3328447B
:104FB0005A44013513F8011F02F8011F85423FF4DE
:104FC0003DAE6545F5D310E63B696A4A0C3352F8AD
:104FD0002380404600F074FB00283FF42FAE06F11A
:104FE000FF3C6545BFF401AE6A1E08F1FF3328445B
:104FF0005A44013513F8011F02F8011F85423FF49E
:105000001DAE6545F5D3F0E5731EAB427FF6EDAD01
:105010000A230BF80530013510E6564BD3F8E4802F
:10502000404600F04DFB7AE73B6A002B80F2C081DE
:105030004FF00009CDF81090D7F814C0BCF145032B
:105040004FEAEC7868F10008B8F1000FA6EB050113
:105050000BEB050002DA033348F10008DFF808A182
:105060000CF1FF3E0CF22B12ACF1460CCDF80CC04B
:105070009B088AFB0ECA4FEAEE7ECEEB6A1E43EA1D
:105080008873DFF8E4A04FEAA808B3EB0E0368EBDF
:10509000EE7E8AFB02C8D217C2EBE812DDF80CC024
:1050A0009B184EEBE27240F26D1E0EFB0CFE13EBF2
:1050B0000E0C42EBEE73FA691CEB020C43EBE2734D
:1050C0001CEB0C0243EB030E12EB0C0243EB0E0342
:1050D000D7F808C0DB0043EA5273D20012EB0C0E83
:1050E00043EBEC731A014FEA0E1CBCEB0E0C42EAC8
:1050F0001E7262EB03039A0042EA9C724FEA8C0331
:10510000D7F804C013EB0C0E42EBEC7C4FEA0C1208
:105110004FEA0E13B3EB0E0342EA1E7262EB0C026F
:105120009200D7F800C042EA93729B0013EB0C0385
:1051300042EBEC72DDF810C0B3EB090362EB0C023A
:10514000CDE900320C4A06F061FA0028BFF673ADD3
:105150004BE5731EAB427FF648AD09230BF80530D3
:1051600001356BE594F8FFFF1F85EB513C87040088
:10517000708704006C8804007C870400731EAB42B7
:105180007FF633ADBB69002B40F0E68037230BF888
:105190000530013552E5BA69002A00F0F980013A7C
:1051A000FB6907339A1ABF4B83FB02131344D217D0
:1051B000C2EBA30395E6BC4BD3F89880404600F0C1
:1051C0007FFAACE67B69B94A934280F2E380D31A56
:1051D0002D228DF81820B9F1000F40F0D6800DF186
:1051E00019000DF1180A25220270B8F1000F7FF4A2
:1051F00068AE0130AE49039306F088FA039B009332
:1052000052464B4673E63B6A002BFFF61BAD02F09D
:10521000A1FC029B002B00F01B823B6AA54A002BDD
:10522000D4BF0023012352F82380404600F048FAFF
:10523000002800F01A8206F1FF3CAC4540F2F381F1
:105240006A1E08F1FF335A4400EB050802E0654589
:1052500080F0E981013513F8011F02F8011F45456F
:10526000F5D102F079FC454657E08F4BD3F89C808E
:10527000404600F025FA52E678690028C0F26781BE
:105280008D4B83FB0032C317C3EB6213642202FB16
:10529000130326E63B6A002BFFF6D4AC02F05AFC5F
:1052A000029B002B00F0FA8005F006F93B6ADFF85C
:1052B0000CA2002BD4BF00230123013303EB830393
:1052C00050F83330C3F1000802F046FC8AFB083086
:1052D0004FEAE8794044C9EB601005F043F98AFBD6
:1052E00000230344C217C2EB6312754BC2EB0212D8
:1052F000A0EB820083FB082343440090714AC9EB72
:10530000E3230BEB0500711B06F080F90028FFF684
:105310006CAC0544AE427FF668AC012302938DE489
:105320003B68694A80E43B6801937B680093BB68F3
:10533000664A711B0BEB050006F068F90028BFF602
:105340007AAC52E4FA69BB690732D21A2BE7731EB2
:10535000AB427FF64AACBB6930330BF80530013500
:105360006CE4B9F1060F38BF4FF00609B9F1060336
:105370008DF819807FF42CAD0DF11A084046544980
:1053800006F0C4F93B4606AAD0E509F1FF3926E745
:10539000062205E7B8F12B0F03F26C7300F01E81B3
:1053A0000DF1180A50461EE70C2364E4062294E52A
:1053B00002F0D0FB029B002B6DD005F07DF83B6A1C
:1053C000002BD4BF00230123013303EB830350F8E8
:1053D0003330C3F1000902F0BFFB012302934FEA0F
:1053E000E973049328E63B4AD7F814C094454FDB91
:1053F0000844411C7FF449AD013B632045E5FB694E
:105400003CD079690029A2EB030340F26B72A8BF7C
:105410006FF064021144880740F0F2802E48DFF8F4
:10542000BCC02F4A0CFB0100B2EBB00F80F0E8804B
:1054300001229B1A052BB4BF3523342351E5B9F162
:10544000020F284A284B38BF4FF002090BEB05002A
:10545000A6EB050EA9EB0101CDE9001C714606F093
:10546000D5F80028BFF6E7ABFFF7BFBB421E002808
:1054700000F0E880642101FB0323A9E60A339B1AAC
:10548000084A82FB03121A44DB17C3EBA20328E588
:1054900001210391F1E402F061FB8EE702F05EFB73
:1054A00002E700BF932449926C88040094F8FFFF40
:1054B00064870400E4D305001F85EB518988888840
:1054C000C5B3A291948704003C870400848704003C
:1054D0005C87040095F8FFFF50B81E05295C8FC259
:1054E000285C8F022C870400786B0400B9F1020F4E
:1054F0005F4A604B38BF4FF002090BEB0500A6EB8B
:10550000050EA7E704900AF26C7004F0E7F85A4B16
:105510007A69049983FB003E002A4FEAE073C3EBEB
:105520006E13BFF696AC02F26C70CDE9043104F054
:10553000D5F8514B844683FB003EC017C0EB6E107C
:105540004FF0640EDDE904310EFB10C089E400F277
:105550006C7004F0C3F893E600F26C70039304F0EF
:10556000BDF8454BC21783FB0031C2EB61126421C9
:10557000039B01FB120214E40AF26C70039104F025
:10558000ADF83D4B039983FB003CC317C3EB6C1C88
:10559000B8F1000F3FD042F20F7398423FF7D5ABFE
:1055A000344B334AFFF7D8BB00F26C7004F096F826
:1055B000314B83FB0023C217C2EB6312B8F1000F1B
:1055C0004FF0640303FB120245DA7969A3F2CF734B
:1055D0009942B8BF4FF00108FFF780BB42F20F724B
:1055E000934228D98DF81880B9F1000F7FF4CDAE21
:1055F00025228DF819200DF119000DF1180A60E42B
:105600001E4A1F4800FB01211E4AB2EB311F2CBF6E
:10561000012200220DE7174B1B4AFFF79DBB421CDE
:105620007FF433ACE8E602F097FAFFF7DEBA0DF14B
:10563000180A504643E425220DF1180A8DF8182067
:1056400050463EE4013B642202FB03F36333BFE5B3
:1056500002F084FAE1E53FF441AB0C4B79699942E1
:10566000B8BF4FF0FF38FFF739BBA846F9E500BFD8
:1056700024870400786B04001F85EB5150B81E0589
:10568000295C8FC20AD7A3002C87040094F8FFFF7F
:10569000FFF7DCB9FFF7DAB90000000000000000F6
:1056A00000000000000000000000000000000000FA
:1056B00000000000000000000000000000000000EA
:1056C00090F800F06DE9024520F007016FF0000C42
:1056D00010F0070491F820F040F049804FF00004EA
:1056E0006FF00700D1E9002391F840F000F10800C5
:1056F00082FA4CF2A4FA8CF283FA4CF3A2FA8CF3FD
:105700004BBBD1E9022382FA4CF200F10800A4FA63
:105710008CF283FA4CF3A2FA8CF3E3B9D1E90423B7
:1057200082FA4CF200F10800A4FA8CF283FA4CF3EE
:10573000A2FA8CF37BB9D1E9062301F1200182FAA8
:105740004CF200F10800A4FA8CF283FA4CF3A2FAAE
:105750008CF3002BC6D0002A04BF04301A4612BABC
:10576000B2FA82F2FDE8024500EBD2007047D1E9BF
:10577000002304F00305C4F100004FEAC50514F04E
:10578000040F91F840F00CFA05F562EA05021CBF1F
:1057900063EA050362464FF00004A9E70000000039
:1057A0002DE9F04F1C46984B1B68A1B0002581469F
:1057B0001846884608921C950493FFF781FF002144
:1057C00083460020CDE90601CDF86C80424617469D
:1057D00012F8013B2D2B2FD8DFE813F0A1002E008B
:1057E0002E002E002E002E002E002E002E00AF00C8
:1057F000AF00AF00AF00AF002E002E002E002E0035
:105800002E002E002E002E002E002E002E002E0028
:105810002E002E002E002E002E002E00AF002E0097
:105820002E002E002E002E002E002E002E002E0008
:105830002E0006042E00FC0300220A92302B7ED09C
:10584000002209922F2B1C4640F233854FF0000AAC
:1058500038465646554612E00130082D1B90C8BF09
:105860000AEB8A0A0478C6BF03EB4A03A3F1300AA5
:10587000A2F130062F2C05F10105234670DD06EB61
:105880008602392C03EB4202E6DD04995A4605F004
:105890009BFF0346002835D11B9A11465A441B92A0
:1058A00011F80B40002D40F0AC85302C40F06485A1
:1058B000C2F10101531801321B921478302CF9D037
:1058C000A4F13102082A00F23883A4F1300E1B9CA7
:1058D00003F1010B002301252746049306EB8606FE
:1058E0000EEB46060023621C1B926478A4F1300183
:1058F000092900F2ED8201338E46002940F0B88478
:105900001B9CF0E70023652C04959B469E4601D026
:10591000452C32D1002D7CD1099A1A4378D1089BAD
:1059200013B1089BC3F800804FF0000BCDF810B006
:105930000499584621B0BDE8F08F1B9247E77B7869
:1059400003F0DF03582B00F0748401371B973B787A
:10595000302BFAD0002B00F0CC800122099271E7A5
:1059600004995A4605F030FF0346002800F0D6801F
:1059700004954FF0000B5B46DE4600220B92002D93
:1059800000F09380049A1346002A08BF2B46304645
:1059900004930CF0EBFE0B460246CDE906230B9B6D
:1059A000102DA3EB0B032C46A8BF1024092D0E933A
:1059B00013DD164B03EBC40353E912230CF050FF25
:1059C000CDE9060150460CF0D1FE02460B46DDE95A
:1059D00006010CF08FFDCDE906010F2D00F3A78025
:1059E0000E9B002B00F018840E9B40F39283162B25
:1059F00040F3F9840E9AC5F12503934280F20C8599
:105A00000E9B2C1B1C4498E06C8C0400C08C040082
:105A10000025DDF86C8008F101021B9298F8014026
:105A20002B2C00F087822D2C00F0218200220E9278
:105A3000A4F13002092A00F21582302C05D11B9AFC
:105A400001321B921478302CFAD0A4F13102082ACA
:105A500093D81B990B914A1C1B92A4F130004C78EF
:105A60002F2C09DC00F034BC01321B929CF8014061
:105A70002F2CA1F1300006DD00EB8001392C94467B
:105A800004EB4101F0DD0B99521A082A40F32084FF
:105A900044F61F620B920E9A002A3FF470AF0B9AE5
:105AA00052420B92002D7FF46DAF099A134320D11F
:105AB000BEF1000F7FF433AF692C00F03B8400F39C
:105AC0004183492C00F036844E2C7FF428AFAC493A
:105AD0001BA804F0B9FB00283FF421AF1B9B1B78E7
:105AE000282B00F06D85A74805F0ACFC8346049197
:105AF00003E04FF0000BCDF810B0089A0AB11B9BE1
:105B000013600A9B002B3FF413AF049901F100438B
:105B100004930499584621B0BDE8F08F1B9A049570
:105B200002EB0B011B9112F80B409B46DEE60E9B2D
:105B30002C1B1C44002C40F30A8314F00F000AD0E5
:105B4000914901EBC001DDE90623D1E900010CF028
:105B500087FECDE9060134F00F0340F08B8200236D
:105B60000993049A00962B463946484604F0B2FD44
:105B70001390002800F055830B9BABEB03000E9BAA
:105B8000002BB4BF024600220F9223EAE3730022E7
:105B9000934612939046139C4846616804F01AFDA0
:105BA0000746002800F0418122690232920004F188
:105BB0000C010C30FDF788FEDDE9060104910B466F
:105BC0001EA901911DA90B9002460091484605F0BF
:105BD0002DF91C90002800F018810121484604F09E
:105BE00021FE8046002800F020811D9B002BC0F282
:105BF0000F810F9A129D9E18099A1E9C9B1A23448E
:105C0000624A013B9342C4F1360480F2AE80D21A5C
:105C10001F2AA4EB020400F31D814FF0010A0023A8
:105C20000AFA02FA0C93099B25443444A6421D4407
:105C30003346A8BF2346AB42A8BF2B46002B02DD4C
:105C4000E41AED1AF61A0F9B002B00F3BE80002C0D
:105C500000F3D2800E9B002B00F3DE80002D00F3BA
:105C6000EF80002E08DD41463246484604F016FF1C
:105C70008046002800F0D9801C993A46484604F036
:105C8000A5FF8346002800F0D0800026C368C660C8
:105C90004146109304F07AFFB042C0F2638400F0F2
:105CA000D2834146584605F023F900224FF0804345
:105CB00004460D460DF050F800286FD0109B002BC5
:105CC00000F0E180079B1193314B314C0022CDE96C
:105CD0000C2335462F4E119A2F4B02EA060A9A459D
:105CE00000F0FC80099B93B1BAF1D46F0FD822A3C6
:105CF000D3E90023284621460DF02EF8002840F075
:105D000087810D9B03F1D663A3EB0A030D93049ED9
:105D10000B98DDE90C233146CDE9042304F0FCFFA8
:105D200002460B46DDE904010CF09AFD33460B9A5E
:105D30000CF0E0FBCDE906010E46099B23B9154B9B
:105D400033409A4500F002811C99484604F068FCF3
:105D50003946484604F064FC4146484604F060FC7D
:105D60005946484604F05CFC15E700230C934FF0BD
:105D7000010A58E7AFF300800000C0FFFFFFDF41DA
:105D8000AC870400786B0400C08C040002FCFFFFA9
:105D90000000F03F0000F07F0000E07FAE4B2046A7
:105DA000294600220CF05CFD109B024605460C467D
:105DB000002B64D101F1004314901593079B1193BC
:105DC000DDE91423CDE90C2384E741461A46484611
:105DD00004F004FE804640B301461C9A484604F095
:105DE0004FFD10B310901C99484604F019FC109B0D
:105DF0001C93002C7FF72EAF1C992246484604F0D6
:105E00004DFE1C9000287FF425AFBA465E460FE099
:105E1000129A0F9ED51AEFE63946129A484604F0B8
:105E2000DDFD074600287FF419AFBA465E461C9890
:105E30002223C9F80030894B04934FF0000BB4E0E3
:105E400039462A46484604F029FE074600287FF4D2
:105E500008AFEAE7824A4FF0010AD31A0AFA03F3BD
:105E60000C93E0E60022CDF86C800B9287E50122CE
:105E70000E9208F102021B9298F80240D8E50B46F8
:105E8000CDE914239AE7DDE90612002940F0AF803E
:105E9000C2F313031192002B40F0AF80714B00222C
:105EA000204629460CF04EFF002840F0AE826A4B97
:105EB0002046294600220CF0D3FC01F100430546A0
:105EC0000C4618901993DDE91823CDE90C2301E75E
:105ED000652C4FF0010E3FF49CAD19E5A2F154730F
:105EE0000793DDE90623DDE90C01CDE90601104643
:105EF0001946CDE90C2304F00FFF02460B46DDE9FD
:105F000006010CF0ADFCDDE90C230CF0F3FA564A67
:105F10000E409642CDE9060176D9049A534B9A4237
:105F200002D10B9B013380D0504A4FF0FF33CDE9B3
:105F3000063209E700220E929BE7652C00F0FB80F9
:105F4000452C00F0F8804FF0010EAEE528462146C2
:105F50000DF072F80CF056FC0B460246214628461E
:105F60000CF0C6FA109C069DC6F3130644EA050C15
:105F70005CEA060304460D4600F0C28032A3D3E972
:105F800000230CF0DFFE48B931A3D3E900232046FB
:105F900029460CF0F5FE00283FF4D6AEDDE90634C4
:105FA0001C9804945E46BA469B460146484604F057
:105FB00037FB5146484604F033FB4146484604F05F
:105FC0002FFB1399484604F02BFB3146484604F05A
:105FD00027FB92E501230A937A1C1B927B78002B06
:105FE0003FF49DAC174629E400230A93F4E7DDE96A
:105FF0000612012900F0748111921D4B194C0022E8
:10600000CDE90C23002565E601F15476079694E668
:10601000214628460CF0FCFE012838BF01200CF078
:10602000A5FB109B024605460C46002B40F06981FB
:1060300001F1004316901793DDE91623CDE90C23F7
:106040005FE600BFAFF300809535A094FFFFDF3F10
:1060500035E5AF350000E03F0000E03F0000F07F95
:10606000E2FBFFFF0000F03FFFFF9F7CFFFFEF7FA1
:106070000000F0BFB3F59A7F00F3D380102B4FEAF6
:106080002314A54B40F3C682DDE906019846099327
:1060900000239A4614F0010F0AF1010A4FEA640442
:1060A00004D0D8E900230CF0DBFB0123012C08F11C
:1060B0000808EFD10BB1CDE90601099B03EBCA013A
:1060C000079BA3F154730793DDE90623D1E900018F
:1060D0000CF0C6FB914BCDE906010B400A469049F6
:1060E0008B4200F29E80A1F580118B4240F21C820F
:1060F0008C494FF0FF33CDE906310023099330E599
:1061000083A3D3E900230CF01DFE00283FF41CAE4E
:1061100044E71633FFF60BAD0B9BABEB0302824B50
:1061200003EBC203DDE90601D3E900230CF0C2FC56
:1061300083460491E1E40022049293464FF0010E5D
:10614000FFF7EABB6E2C3FF4C2ACFFF7E8BB3FF4AD
:1061500006AD644214F00F020AD0734B03EBC20386
:10616000DDE90601D3E900230CF0A4FCCDE906012A
:1061700024113FF4F4AC1F2C35DC14F01003DDE9DE
:10618000060118BF6A23DFF8A48109930023E20700
:1061900004D5D8E900230CF063FB0123641008F157
:1061A0000808F4D10BB1CDE90601099B93B1DDE9F3
:1061B0000601C1F30A52C2F16B03002B0ADD1F2B4B
:1061C00040F350820020342B069040F356824FF06B
:1061D0005C730793DDE90601002200230CF0A8FDA3
:1061E00000283FF4BEAC22234FF0000BC9F800306A
:1061F000CDF810B081E41E9B06931D9B03F2334241
:106200001F9B23F4801343EA02530793200742BFE6
:10621000079B43F000430793DDE906349B46049453
:106220006BE43E4A04922223C9F800304FF0000B81
:1062300063E40A9B01931CAB029400933C4A1DABA0
:106240001BA9484603F022FD10F0070504463FF461
:1062500050AC062D40F09380089B0137002B3FF493
:1062600063AB4FF0000B1F60CDF810B0FFF760BBC1
:106270006A1C012B1B9C9B44104615D02B4403F138
:10628000FF3C03E0460094450DD001322B46082B1D
:10629000154606EB8600F5D9102ADCBF0AEB8A0A00
:1062A0004FEA4A0AEFE7981C082D5BDC0546FFF72A
:1062B00015BB04995A46384605F086FA002800F0C6
:1062C000888000231D4604939A461E46FFF751BB63
:1062D00044F61F629042A8BF10460B90FFF7DBBB4D
:1062E000DDE906341194002C7FF487AEBA465E4691
:1062F00022234FF0000B1C98C9F80030CDF810B0E5
:1063000053E60B46CDE9162396E600BFAFF30080B7
:106310009535A094FFFFCF3FB08D04000000F07FC3
:106320000000A07CFFFFEF7FC08C0400D887040032
:10633000B0870400AD491BA803F086FF00283FF496
:10634000EEAA1B9BAA49013B1BA81B9303F07CFFF1
:1063500010B91B9B01331B93A64B04934FF0000B0A
:10636000FFF7CBBB1028DCBF0AEB8A0A01EB4A0A15
:1063700005460023FFF7B7BA0023FFF7A1BA1C9A1E
:106380003AB135211EA804F0FDFD1C99484604F0E1
:1063900047F9013D042D3FF639AF01A353F825F02D
:1063A000F7610300C9630300C3630300B56303001F
:1063B000F76103004FF0FF336FF00045CDE906357C
:1063C00024E78C4B079321E71E9B06931F9B0793A3
:1063D0001CE71B9A13465A441B9213F80B400646BF
:1063E0008246FFF762BA0E98834901EBC001DDE9EE
:1063F0000623D1E900010CF033FA83460491FFF73C
:106400007CBB04958346FFF771BA7C4B7C4C109D96
:106410000022CDE9182356E5774CC5F10F0504EBB2
:10642000C501DDE90623D1E900010CF019FA0E9B44
:106430005D1B04EBC504D4E900230CF011FA83467C
:106440000491FFF75ABB109B5E46D446BA46DDE97D
:106450000BB7002B6FD0DDE906456A4BC5F313017E
:1064600099422A463CD0002F00F0A380DDE90623A4
:106470001F421C4621D0109B04995846002B00F067
:10648000CD8004F049FC099D02460B467DB1C4F362
:106490000A54C4F16B04002C09DD240504F17F5378
:1064A000002203F540130CF0DBF902460B46049979
:1064B00058460CF01FF883460491099B73B1049968
:1064C000514B584600220CF0CBF903460B4308BF52
:1064D00022238346049108BFC9F800301C9864E564
:1064E000099B0699002B00F0C580424B2B40B3F16D
:1064F000D46F00F2BF801B0DC3F16B034FF0FF3070
:1065000000FA03F39942AED1404B9A4200F0D88092
:10651000384B134003F58013079300230693DDE9FE
:1065200006349B460494C8E702F154730793002392
:106530000993FFF716BBDDE90612C2F313030B4301
:10654000144690D1099B002B40F0AF80294B23408B
:10655000A3F580136FEA13536FEA035307934FF0C9
:10656000FF33DBE7DDE90612109B0B4358465E461E
:10657000BA46DDF82CB0A0D1C2F313031446002BA9
:106580009BD122F000431B0D1B05B3F1D66F94D9AC
:10659000436913B90369012B8FDD31460122484657
:1065A00004F07CFA4146064604F0F0FA002884DD47
:1065B000C8E7DDE906341CEA030F3FF47EAF5AE773
:1065C00013491BA81EAA03F059FE05287FF48BAAC5
:1065D0001F9B43F0FF4343F4E00307931E9B069386
:1065E000DDE906349B460494FFF787BAA0870400D0
:1065F000A48704000000F07FC08C04000000E0BF0E
:106600000000E03FFFFF0F0000005039FFFFEF7F69
:10661000C487040009934FF0000A4EE504F07CFBA8
:10662000099D02460B4695B3C4F30A54C4F16B04AA
:10663000002C09DD240504F17F53109A03F5401363
:106640000CF00EF902460B46049958460BF050FF29
:1066500000220023834604910CF06AFB00283FF4DB
:106660002EAF45E64FF0FF3202FA03F3069A1A40C6
:106670000692AFE54FF0FF3344E74FF0FF33C2F12E
:106680004B0203FA02F202EA01030793A2E504991E
:1066900058460BF02DFF00220023834604910CF096
:1066A00047FB00283FF41AAF22E6084B2340B3F122
:1066B000D66F3FF74DAFB3F15C7F3FF700AF17E602
:1066C00001317FF425AFFFF7B2BB00BF0000F07FC0
:1066D000014BFFF765B800BF68CE050010B4044C4D
:1066E00084461346206810BC0A466146FFF758B836
:1066F00038CA050010B4044C044B84460A4620688E
:1067000010BC6146FFF74CB838CA050068CE0500DA
:106710002DE9F041214F0446134638680A462146C8
:10672000FFF73EF802460B4605460C460CF032FBDE
:1067300040BB214628460CF08BFB20F00048064663
:10674000174940460CF04AFCC8B9154940460CF0C0
:1067500027FCA0B924F00044124B284621464FF0F4
:10676000FF320CF017FB38B90E4B284621464FF08C
:10677000FF320CF0F1FA10B13B6822221A60304669
:10678000BDE8F081002C084804DA04F0A7FE00F10F
:106790000046F4E7BDE8F04104F0A0BE38CA0500A9
:1067A000FFFF7F7FFFFFEF7F786B04002DE9F04153
:1067B000214F224B04460A4638682146FEF7F0FF77
:1067C00002460B4605460C460CF0E4FA40BB214657
:1067D00028460CF03DFB20F000480646184940468C
:1067E0000CF0FCFBC8B9164940460CF0D9FBA0B927
:1067F00024F00044134B284621464FF0FF320CF0A2
:10680000C9FA38B90F4B284621464FF0FF320CF039
:10681000A3FA10B13B6822221A603046BDE8F0812D
:10682000002C094804DA04F059FE00F10046F4E7B0
:10683000BDE8F04104F052BE38CA050068CE05003C
:10684000FFFF7F7FFFFFEF7F786B04002DE9F047AC
:1068500007464B480E46354616F801CB10F80C405B
:1068600014F00804F7D1BCF12D0FE64658D0BCF166
:106870002B0F04BF96F800E0AE1C5BB1102B54D078
:106880004FF0FF38B8FBF3F803FB08FA6FEA0A0A87
:10689000994608E0BEF1300F5AD00A23DFF8E480B1
:1068A0004FF0050A99460025284607E0404515D8CF
:1068B00029D009FB00C0012516F801EBAEF1300C20
:1068C000BCF1090F06D9AEF1410CBCF1190F08D883
:1068D000AEF1370C63450DDD002DE7DA4FF0FF35E3
:1068E000EAE7AEF1610CBCF1190F03D8AEF1570C19
:1068F0006345F1DC002D0BDB04B140420AB16DB9F8
:106900001160BDE8F087D445D3DD4FF0FF35D3E704
:1069100022233B604FF0FF30002AF2D0711EEFE7D8
:1069200096F800E00124AE1CA7E7BEF1300F21D19C
:10693000307800F0DF00582816D14FF0100996F893
:1069400001E04FF00F0A02366FF070484B46AAE79D
:10695000337803F0DF03582BEFD008234FF0070AFA
:106960006FF0604899469EE799466FF070484FF087
:106970000F0A98E74FF00F0A6FF07048994692E7B8
:10698000117F04009999991960E700BF10B4044C75
:1069900084461346206810BC0A46614656E700BF8D
:1069A00038CA050010B4044C84461346206810BC55
:1069B0000A4661464AE700BF38CA05007AB100F1CD
:1069C000FF3C0A44002003E0914200F1010008D09E
:1069D00011F8013B0CF8013F002BF5D17047104630
:1069E0000A461378002BF9D00130811A881812F862
:1069F000013F002BFAD170472DE9F04F8B46B1F9DA
:106A00000C10ADF5317D8E048146089309D4DBF876
:106A1000643041F4005123F40053ABF80C10CBF870
:106A2000643092461AF8012B1392002A00F028874E
:106A30000023734F09930A93079398460493BB5C12
:106A400013F0080372D1252A60D19AF800001E467F
:106A50001D46A0F125020AF10101532A61D8DFE8A1
:106A600012F0540060006000600060007504600077
:106A70006000600060006000AE00AE00AE00AE00DE
:106A8000AE00AE00AE00AE00AE00AE006000600032
:106A900060006000600060006000600060006000F6
:106AA0001104BA006000BA0060006000600060007D
:106AB0003604600060000804600060006000600050
:106AC0006000600060006000A303600060001A04C2
:106AD00060006000600060006000600060002404EE
:106AE0001304BA00BA00BA0040044A04600060000F
:106AF000510460005E040A042904600060002C0454
:106B000060002F0460006000A3038A46DBF80430B5
:106B1000002B3DDDDBF800301AF8012C197891428A
:106B200025D004980DF5317DBDE8F08FDBF8042009
:106B30000EE0DBF800301A78BA5C150703F10103A8
:106B40000ED5DBF80420013ACBE9003208F1010848
:106B5000002AEEDC5946484605F0DCFE0028E8D065
:106B60001AF8012B1392002A7FF469AFD9E7013399
:106B7000CBF80030DBF80430013BCBF804301AF8D6
:106B8000012B139208F10108002A7FF458AFC8E7DF
:106B90005946484605F0BEFE0028BBD0049A002A9C
:106BA00000F0C986BBF80C3013F0400F18BF4FF04F
:106BB000FF32049204980DF5317DBDE8F08F16F098
:106BC0008F0FAED105EB850500EB4505303D9AF8FA
:106BD00001008A463DE78A460424DBF80420002AA7
:106BE00040F3F082710640F1F982621E032A00F23E
:106BF000E686DFE812F0CE018901D300070000BF6E
:106C0000117F04004846039303F0B2FC6A1E036838
:106C10000D93B2F5AE7F039B40F2F8836FF4AE7C28
:106C200005EB0C02109240F25D15002258A946F4C3
:106C3000F0660B910C46CDF838A05946CA46119221
:106C40000F9206920C920396994693460B68187819
:106C5000A0F12B0EBEF14E0F50D8DFE81EF0E80178
:106C60004F00E8014F004F008E02970097009700F9
:106C70009700970097009700970097004F004F00EC
:106C80004F004F004F004F004F00E1014F004F00F9
:106C90004F006A0263024F004F0009024F004F008D
:106CA0004F004F00F0014F004F004F004F004F00CA
:106CB000DA014F004F004F004F00D3014F004F004B
:106CC0004F004F004F004F004F00E1014F004F00B9
:106CD0004F006A0263024F004F0009024F004F004D
:106CE0004F004F00F0014F004F004F004F004F008A
:106CF000DA014F004F004F004F00D3010D9A92F878
:106D000000E0864516D1039A960513D522F4207229
:106D10000392069A0C9204F8010B013D4868013871
:106D2000002808F10108486040F32983581C0860D6
:106D3000002D8BD15A468B460699039E4B46D14671
:106D4000DDF838A0002940F05E83013A012A40F2C4
:106D5000E4855A1E062A00F2A481022B40F218860E
:106D6000032B00F09E81043BDBB2DD4303932544FB
:106D700014F8011D5A46484605F08CFDA542F7D18E
:106D8000039B08F1FF38A8EB03088AE11BEB090F0E
:106D9000D0D1039A22F4C0720392BCE76B1EB3F504
:106DA000AE7F40F226836FF4AE72AB18069340F2CA
:106DB0005D1558AC00235946D346C246DDF81C8009
:106DC0000B9446F4586603930A681078A0F12B03DD
:106DD0004D2B60D8DFE813F03F025F003F025F00F9
:106DE0005F00C302CB01CB01CB01CB01CB01CB01B7
:106DF000CB01450245025F005F005F005F005F005E
:106E00005F005F004E004E004E004E004E004E00F0
:106E10005F005F005F005F005F005F005F005F007A
:106E20005F005F005F005F005F005F005F005F006A
:106E30005F0032025F005F005F005F005F005F0085
:106E40005F005F004E004E004E004E004E004E00B0
:106E50005F005F005F005F005F005F005F005F003A
:106E60005F005F005F005F005F005F005F005F002A
:106E70005F003202B8F10A0F0DDD26F4386604F81F
:106E8000010B4B68013B002B4B6040F384820132C5
:106E90000A60013D98D1F005CDF81C80D046DA4655
:106EA0008B4607D50B9B9C4200F2B5840B9B9C4202
:106EB0003FF437AE16F0100240F07E820B99079B2C
:106EC000099D22704846A847B10600F16D827207FD
:106ED00000F14F8416F0010240F06682B30740F1E2
:106EE0006382AF4B099999424846079B0B9900F082
:106EF000378504F025FE02460B46089951F8040B2D
:106F00000891C0E9002354E2002D08BF4FF0FF357F
:106F1000F10700F18582F10640F13383DBF80030A0
:106F20001A78BA5C12073FF51BAE0133CBF800307C
:106F3000DBF80430012D03F1FF33CBF8043008BF38
:106F400008F101083FF40CAE012412E0DBF8003038
:106F50001A78BA5C160703F1010312D4CBF800309B
:106F6000DBF804300134013BA542CBF8043000F0DB
:106F70006384002BEADC5946484605F0CBFC002828
:106F8000E4D0A0441AF8012B1392002A7FF457ADE5
:106F9000C7E5002D08BF4FF0FF35F10700F1398339
:106FA000F00640F1A382DBF8003018AE1A78B25C2C
:106FB000002A3FF4B6AD0133CBF80030DBF80430E3
:106FC000012D03F1FF33CBF8043011D1D9E7DBF801
:106FD00000301A78B25C0133002AD2D0CBF80030EE
:106FE000DBF804300134013BA542CBF80430C8D0B3
:106FF000002BECDC5946484605F08CFC0028E6D016
:10700000A044BFE7B9F1070F7FF494AE4FF0080931
:1070100081E6B9F1060F7FF48DAE4FF007097AE6ED
:10702000BBF1010F7FF486AE4FF0020B73E6039ABB
:1070300016067FF57FAE22F0800203926BE6BBF16D
:10704000000F40F0CF81069A32B9039A02F4E06E45
:10705000BEF5E06F00F0FA83B9F1010F03D0B9F18A
:10706000040F7FF467AE09F101095FFA89F952E66E
:10707000B9F1000F40F0AD81069A002A40F0BC81C2
:10708000039A02F4E06EBEF5E06F00F0D8835A4632
:10709000013A012AD146039EDDF838A08B4640F222
:1070A0003C84F00513D5710500F14A8414F8011CE5
:1070B000652904F1FF3308F1FF3502D0452940F07E
:1070C00033835A464846A8461C4605F0E3FB16F0B3
:1070D00010027FF445AD06F4C063B3F5806F2270F3
:1070E00000F092830F9B002B40F0658300220B99E8
:1070F0004846FFF7EDFAF20704460D4602D4B307FF
:1071000040F13D83089B53F8042BC2E900450893E6
:10711000049B1AF8012B139201330493002A7FF485
:107120008EACFEE4B9F1020F7FF404AE4FF0030918
:10713000F1E5039A02F4A06EBEF5806F06D0560505
:107140007FF5F8AD069A002A00F0DE83039A9205D7
:1071500004D4069A0C9E1194921B0F92039A22F467
:10716000F06646F4C072039200220692D3E50D4BFE
:1071700026F4386633F9188081E6039AD6057FF540
:1071800005AE22F080020392069A01320692109A0E
:10719000002A3FF4C2AD109A013A1092BEE500BF3A
:1071A000896903000888040046F40076994A099228
:1071B00010220792DBF80420002A8A464FF00304CD
:1071C0003FF710AD59464846039305F0A3FB039BD8
:1071D00000287FF4E3AC71063FF507ADDBF8001043
:1071E0000A78BA5C12077FF500AD03935B460A4646
:1071F000CB46C146A0461C4604E022601378FB5CE7
:107200001B0714D56368013B002B09F1010963607A
:1072100002F10102F1DC2146584605F07BFB002813
:1072200040F0F48122681378FB5C1B07EAD4224605
:10723000039B4446C846D9469346D6E406F4C06349
:10724000B3F5007F7FF427AE26F4007646F4A066FF
:107250004FF0100813E633067FF51DAE26F08006CA
:107260000DE66D4B33F91880B8F1080F3FF705AE06
:1072700011E646F00106674A099208228A460792FB
:107280000324AAE446F00106644A09920A228A46C7
:1072900007920324A1E418A8039304F0D9F846F058
:1072A0004006039B8246012497E446F040068A4646
:1072B000002492E446F4087678E78A4602248CE4B7
:1072C000544A09920A228A460792032485E4300729
:1072D0007FF427AC9AF8010046F002068A46FFF7D1
:1072E000B8BB32077FF41DAC9AF8010046F00406E3
:1072F0008A46FFF7AEBB494A099200228A460792A6
:1073000003246AE434077FF40CAC9AF801006C287B
:1073100000F08A8246F001068A46FFF79ABBF30620
:1073200000F1FC81750700F13D82F40700F1AB82AA
:10733000B00740F1A882089B53F8042B08934FEA4A
:10734000E8738A46C2F80080536009E435437FF44D
:10735000E8AB9AF8010010268A46FFF77ABB33059E
:107360007FF58DADB8F1000F03D146F400764FF0F4
:107370000808730540F1C68126F4B0667FE55046E3
:10738000059105F0C7FA059900287FF4D3AC002DCC
:107390007FF45CACCEE44846059105F0BBFA059954
:1073A00000283FF476AD76E5089B53F8042B106077
:1073B0000893049B013304930B9B1AF8012B13923F
:1073C000E41A039B23449844002A7FF438ABFFF768
:1073D000A8BBB9F1030F3FF446AEB9F1050F3FF476
:1073E00042AEA7E4BBF1020F7FF436AE4FF0030BC1
:1073F00091E400230693DCE44B46039ED146DDF87E
:1074000038A05A468B4626F480769EE400221092DD
:107410000BE400BF896903000888040069B9030010
:1074200016F0100640F07D81089B53F8042B039260
:107430000893DBF800301B78FB5C13F0080440F085
:10744000D981CDE9056AFBF7CFFDA042AA463FF4FA
:10745000A5ABDBE9003213F8011B013ACBE900329E
:107460000A9B58A8032B015504F1010616AD02D161
:107470002B68042B04D0082200212846FCF73AFB95
:1074800058AA0399009533464846FCF72DF9421C4B
:107490000A903FF483AB002840F0DF81039A10602C
:1074A000FBF752FD002840F00582B0440AF1FF3A94
:1074B000059E002E40F01082039B04330393DBF8FB
:1074C0000430002B40F3E881DBF800301B78FB5CD4
:1074D000180700F18D81BAF1000F00F08981FBF7E8
:1074E00083FD3446A042B4D1FFF758BBDBF800203F
:1074F0000898137850F8041B039118AE0590F35CBC
:10750000002B3FF40EABDBF80430013BCBF804302A
:10751000531CCBF800300C46137804F8013B012DC6
:1075200021D00D4411E0DBF800301A78B25CD2B102
:10753000DBF80420013ACBF804205A1CCBF80020D9
:107540001B7804F8013BAC420DD0DBF80430002B73
:10755000E9DC5946484605F0DDF90028E3D0039BF5
:10756000A3423FF41BAB039BE61A3FF4DAAA049B49
:1075700001330493059B08930023B0442370FFF765
:10758000EFBA089B1A46DBF8003052F8046B0392FE
:107590001A78BA5C100700F1E181DBF80420013AA7
:1075A000CBF804205A1CCBF8002034461B7804F892
:1075B000013B012D00F0DA81354412E0DBF80030A8
:1075C0001A78BA5C110716D4DBF80420013ACBF81C
:1075D00004205A1CCBF800201B7804F8013BAC4275
:1075E00009D0DBF80430002BE8DC5946484605F0AA
:1075F00091F90028E2D0A61BB044049B0133049308
:10760000039B089300232370FFF7AABAA346FFF752
:10761000C5BA16F010030B9340F0A880089B53F8EE
:10762000042B039208930A9CCDF814800026CDF811
:1076300030A0FBF7D9FCB0423FF4B0AADBE900323E
:1076400058A813F8011B8155013A032CCBE90032ED
:1076500006F1010A0DF1500803D1D8F80030042BCF
:1076600004D0082200214046FCF744FA58AA0399A6
:10767000CDF8008053464846FCF736F8421C0446D5
:107680003FF48CAA002859D1039B0690186016ABD2
:107690000822002118460A93FCF72CFAB949069AE9
:1076A000D1F8E01006910A9BDDF818C012A94846EF
:1076B000E047012800F09380002218AB9B5C002B70
:1076C00000F00C81059B032C5344059300F08A8045
:1076D000013D0B9B13B9039B04330393DBF8043088
:1076E000002B4FF0000632DD002DA2D1DDF8148012
:1076F000DDF830A00A940B9B002B7FF431AA039A8B
:10770000136005E5069B26F4607613B1013B0693F2
:107710000135039B01330393FFF7B3BB8A46FFF7A1
:107720001FBA13AB039384E65A46484605F0B2F8F5
:10773000A8F1020514F8021CA31EC2E4831C40F049
:107740003681DBF80430002B56463FF772AF5946BE
:10775000484605F0DFF80028C6D0DDF81480DDF8D3
:1077600030A00A94002EC6D0FFF718BA13AB0393CB
:1077700059E7089B53F8042B0893108019E6089EDC
:1077800056F8043B039302460B460BF003FB00281C
:1077900040F0EF80204629460BF05AFB039B0896E9
:1077A0001860B5E4089B53F8042B08938A46A2F8A6
:1077B0000080FFF7D5B9119C21460A2301314846C4
:1077C00004F0D2F80F9BC21A0DF2B3239C4228BFDB
:1077D0000DF2B2246C49204603F078FF86E49DF850
:1077E00048206AE7D8F80030042B7FF471AF70E7C7
:1077F000DDE9056A002E7FF4B3A9039B1E60049B9C
:1078000001330493FFF7ACB90C9B06998B42A3EBB1
:107810000102D9D16AE414F8011C5A464846013CD9
:1078200005F038F8FFF742BB9AF8020046F002066E
:107830000AF1020AFFF70DB9A844FFF791B922F443
:10784000F06203924FF00109FFF765BA22F4F0628B
:1078500003924FF0010BFFF75EBA0A9B02333FF42D
:107860002EAE039B1868FBF76FFB18BB0A9B032B1C
:10787000B0447FF41BAE2B68042B7FF417AE17E6E1
:107880000492FFF74EB9089B53F8042B8A46C2F8BE
:1078900000800893FFF764B95946484605F03AF866
:1078A00000283FF411AE3346DDE9056A002B7FF472
:1078B00075A99FE73346DDE9056A002B9AD058ABDE
:1078C0001C44C3F1010514F801195A46484604F056
:1078D000E1FFE542F7D18DE70026F0E55346DDF8FC
:1078E0001480DDF830A00A94002B3FF404AF58ABAD
:1078F0001E44C3F1010416F801195A46484604F023
:10790000C9FFF442F7D1F6E65A464B46039ED146EC
:107910008B46DDF838A0FFF718BA0B9DAC427FF616
:1079200000A914F8011D5A46484604F0B3FFAC42C2
:10793000F7D1FFF7F6B84FF0FF330493FFF7F1B834
:107940000B9DAC427FF6EDA814F8011D5A4648463F
:1079500004F0A0FFAC42F7D1FFF7E3B834464CE6A1
:1079600004F0D4F902460B46FFF7C7BA08F1010844
:1079700043E60648089603F0B1FD039B1860FFF745
:10798000C7BB00BF68CE050000880400786B040008
:107990000B9B9C427FF6C5A814F8011D5A46484629
:1079A00004F078FF0B9B9C42F6D1FFF7BAB8039B1B
:1079B0001B68069301337FF46AAE069A7DE6012DBB
:1079C00038BF012516F0010415D1F00676D4089CC5
:1079D0002B4654F8041BCDF800B00122484604F0B1
:1079E000B7FF00283FF4DAA8049B089401338044D1
:1079F0000493FFF7B5B816F01003039308BF089B74
:107A0000CDF814A008BF53F8046BDDF828A00CBF14
:107A1000089300260024FBF7E7FAA0423FF4BEA833
:107A2000DBE9003158AA13F8010B10550139BAF1FE
:107A3000030FCBE9003104F1010316AC02D1226837
:107A4000042A06D00822002120460693FCF752F8AB
:107A5000069B009458AA314648460693FBF744FE1D
:107A6000B0F1FF3F82463FF499A8069B00283BD126
:107A7000039A02B932609844013D039B03B904366E
:107A8000DBF80430002B4FF0000435DD002DC2D1AF
:107A9000CDF828A0DDF814A0039B002B3FF438ABF1
:107AA000FFF75EB8DBF800201A44CBF800205946F7
:107AB00048461C44ED1A04F02DFF78B9DBF8043079
:107AC0009D42EFDC5B1BCBF80430DBF800302C442C
:107AD0001D44CBF80050A044FFF754BA002C3FF4EB
:107AE0005DA8A044FFF74EBA10F1020F12D1DBF8E7
:107AF000041000291C468EDC5946484604F00AFF53
:107B00000028C3D0CDF828A0DDF814A0002CC3D0E5
:107B1000FFF744B803289844AED12368042BABD1B7
:107B2000ABE700BFFE2806D8034BC35C03F003039A
:107B3000012B08BF20307047117F0400FE2806D8B3
:107B4000034BC35C03F00303022B08BF20387047CC
:107B5000117F0400704700BF704700BF014B1868D9
:107B600000F010B838CA050008B5FFF7F3FF044B62
:107B7000186800F007F8BDE80840FFF7EDBF00BF48
:107B800038CA05002DE9F04F8BB0054602F094FC91
:107B9000B9490446284602F087FC0646002800F052
:107BA0000281B64F396829B1FCF73EFB002800F08E
:107BB000DF8039680846FBF7E5FA3046FDF780FDBF
:107BC000411C2846FBF7E6FA386010B1314603F055
:107BD0009DFD3378AA4AAB493A2B08BF013608AB62
:107BE000304603F07FFC002840F3C280089BF51864
:107BF000F35C2D2B00F0BF802B2B08BF01354FF01D
:107C0000010908AB06AF0DF116064FF000089E49BA
:107C1000039301930297009605AA2846ADF81680B3
:107C2000ADF8188003F05EFC404540F3A180BDF83C
:107C3000163008989249C3EB0312BDF8183003EBD5
:107C40008203BDF8142005444FF4616000FB023349
:107C500009FB03F3DFF83492A36201F10C0AC9F8BF
:107C6000001008AB87495246284603F03BFC4045CC
:107C700040F3EE80089BC9F804A0EA5C2D2A1D445D
:107C80007DD02B2A08BF01354FF0010808ABCDE9A4
:107C90000273CDE900630023ADF81430ADF816305F
:107CA000ADF818300893784908AB05AA284603F0C8
:107CB00019FC002840F38580BDF81630C3EB031291
:107CC000BDF8183003EB8203BDF814204FF4616156
:107CD00001FB023308FB03F32365089BDFF8B0B117
:107CE0001D44A1464FF0000A95F80080B8F12C0F12
:107CF00004BF95F801800135B8F14D0F65D0B8F19A
:107D00004A0F08BF01354FF00A0209A9284618BFDB
:107D10004FF04408FEF746FE099BADF81E00AB424B
:107D200034D080B289F80880C9F814001D460023B9
:107D3000ADF81630ADF8183008930223ADF81430C2
:107D40002B782F2B69D04FF4E153C9F8183009F183
:107D50002809BAF1000F16D0606807F08DF8A26A02
:107D6000236D4C484C4902609B1A18BF01230B60DD
:107D70000BB0BDE8F08F01354FF0FF3941E7013519
:107D80004FF0FF3882E74FF0010AADE7BAF1000F7C
:107D900069D04D2284F830200B210122C4E90D1254
:107DA0000022E263C2E73C4A344C1060374B394949
:107DB0003A4A0860C3E900222068FBF7E3F926602D
:107DC000D6E7A36AA3F5616386E708AB0393019343
:107DD0000DF11E03029307AB00930DF11A0208ABDD
:107DE0005946284603F07EFB0328C1D1BDF81A305E
:107DF0005A1E0B2ABCD8BDF81C20511E0429B7D826
:107E0000BDF81E100629B3D8C9E9033289F80880E5
:107E1000C9F81410089B1D4489E708ABCDE902732B
:107E2000CDE900631E49284605AA03F05BFBBDF8B7
:107E300016300899C3EB0312BDF8183003EB820328
:107E4000BDF814200D444FF4616101FB02337CE75F
:107E5000D9F800100F4A104BC9F80410A16A11603C
:107E6000C3F8008084E74D22227203200222C4E975
:107E70000302C4F814A059E76889040008EB050060
:107E80000CEB05006C8904007C890400E4D3050038
:107E90009089040024EB050028EB050064750400BC
:107EA000A489040010B50446FFF754FE2046FFF7EE
:107EB00069FEBDE81040FFF74FBE00BF00207047CD
:107EC00001F140032DE9F0410C46096B994214D0B1
:107ED000666B77003A4603F0C9F8054640B300EBFD
:107EE0000608014632464046FBF7EEFCC4E90C5753
:107EF000C4F800800020BDE8F0814FF48061FBF7FA
:107F000049F9A8B194F842304FF48062C4E90C02F8
:107F100080F8FF3394F8413080F8FE3394F8402025
:107F200080F8FD2300F2FD3323600020BDE8F081DE
:107F30004FF0FF30DFE700BF70B54C1C34D00E4669
:107F40000546144610B1836B002B30D0B4F90C30C9
:107F50009A0405D4626E22F4005243F40053626620
:107F600023F020035807A3819AB206D4D1061BD56B
:107F700012073CD443F00403A381236BF6B2EBB1A8
:107F80006268636B9A4209DA23685A1E226003F81A
:107F9000016C636801336360304670BD214628463A
:107FA000FFF78EFF0028EFD04FF0FF36F4E7FAF727
:107FB00037FAB4F90C309A04D2D4CBE7236922689B
:107FC0002BB1934203D212F8013CB3421CD061683A
:107FD000E1632346A26304F140010322626321634B
:107FE00003F8426F0122C4E90032304670BD2146D9
:107FF0002846FAF7EBF80028D6D1B4F90C30A06087
:1080000023F00803A061B5E76368013A0133C4E9CE
:108010000023C1E710B4044C03460A46206810BC94
:108020001946FFF789BF00BF38CA05002DE9F041A6
:10803000B2F90C300546980482B014460F4606D4B7
:10804000526E43F4005342F40052A3816266791CDD
:1080500016D001AE3A4604F15C033146284600F0E2
:108060000BF9421C10D006EB000805E018F8011DC2
:10807000FFF762FF431C04D0464522462846F5D14F
:10808000384602B0BDE8F081A38943F04003A381E4
:1080900002B0BDE8F08100BF0C4B70B51E6804460D
:1080A0000D460EB1B36B33B12A4621463046BDE8CA
:1080B0007040FFF7BBBF3046FAF7B2F92A462146B7
:1080C0003046BDE87040FFF7B1BF00BF38CA0500B9
:1080D00010B51A4C002924689AB02ADB009004904D
:1080E0004FF40270ADF80C0013D001394FF6FF7059
:1080F00002910591ADF80E006946204605F01CFC82
:10810000421C01DA8B232360009B00221A701AB0F4
:1081100010BD4FF6FF7002910591ADF80E00694653
:10812000204605F009FC431C01DA8B2323601AB0BA
:1081300010BD8B2323604FF0FF30F8E738CA0500ED
:1081400030B51446002C9BB005462BDB1A464FF485
:10815000027300910491ADF80C3013D04FF6FF7309
:10816000013CADF80E3069461E9B0294059405F063
:10817000E3FB421C01DA8B232B60009B00221A7068
:108180001BB030BD4FF6FF73ADF80E3069461E9B35
:108190000294059405F0D0FB431C01DA8B232B607D
:1081A0001BB030BD8B2303604FF0FF30F8E700BFFA
:1081B000F8B50D461446064610B1836B002B43D02C
:1081C000B4F90C20A369A360170790B21BD52369EB
:1081D000CBB1EDB281042F4622D522686169D31A52
:1081E000994229DD0133A1680139A160511C216048
:1081F000157062699A422AD0A389DB0701D50A2D3E
:1082000025D03846F8BD2146304601F071F920BB33
:10821000B4F90C20236990B2EDB281042F46DCD46E
:1082200042F40052A281626E616922F400526266D9
:108230002268D31A9942D5DC21463046F9F7C6FFA9
:1082400058B922680123CEE7FAF7EAF8B8E72146E1
:108250003046F9F7BBFF0028D3D04FF0FF37D0E707
:1082600010B4044C03460A46206810BC1946FFF7B8
:108270009FBF00BF38CA050070B5054684B01C46D4
:1082800039B10B4ED6F8E060B047431C09D004B0BA
:1082900070BD0A460649D1F8E06001A9B047431C09
:1082A000F5D100228A2322602B6004B070BD00BF8C
:1082B00068CE050070B5114B84B01D6814460B469E
:1082C000014650B10E481A46D0F8E06023462846D1
:1082D000B047431C0BD004B070BD094A2346D2F806
:1082E000E06001A902462846B047431CF3D10022B2
:1082F0008A2322602B6004B070BD00BF38CA05001D
:1083000068CE050006F088BE4269002A40F26C7310
:10831000A8BF6FF063031344920710B408D14B4C0D
:108320004B4A4C4904FB0322B1EBB20FC0F08B80E7
:10833000474A464C484904FB0323B1EB331F2CBF8B
:1083400001220022D0E906315B0003EB0113134444
:10835000212B23DDA3F5B553023B352B20D8352B3C
:108360001ED8DFE803F06D1D1D1D1D1D1D1D1D1DEB
:108370001D1D1D1D1D1D6D6D6D1D1D1D1D1D1D1D3D
:108380001D1D1D1D1D1D6D6D6D6D6D1D1D1D1D1D8D
:108390001D1D1D1D1D1D1D6D1D6D1D6D002B02DA8A
:1083A000002010BC7047212BFAD801A252F823F00C
:1083B0003984030039840300A1830300A1830300EF
:1083C000A1830300A1830300A1830300A183030011
:1083D000A1830300A18303003984030039840300CF
:1083E0003984030039840300A1830300A1830300BF
:1083F0003984030039840300A1830300A1830300AF
:10840000A1830300A1830300A1830300A1830300D0
:10841000A1830300A1830300A1830300A1830300C0
:108420003984030039840300A1830300A18303007E
:1084300039840300398403004FF0FF3010BC7047CB
:10844000012010BC704701227CE700BF295C8FC26D
:1084500050B81E05285C8F020AD7A3002DE9F04F03
:108460001568ADF29C4D83460E468DB11F462B46D6
:10847000002514460295252B15D0721EAA4240F203
:10848000AD804BF82530043401352368002BF2D140
:10849000002E00F0A480002328464BF825300DF272
:1084A0009C4DBDE8F08FD4F80480B8F1300F00F097
:1084B0009E80B8F12B0F00F09A804146A1F1310364
:1084C000082B04F104044FF0000840F298804FF0AC
:1084D0000009452900F088804F2900F08580A1F12E
:1084E0002502552A7AD8DFE812F044027900790093
:1084F00079007900790079007900790079007900B4
:1085000079007900790079007900790079007900A3
:108510007900790079007900790079007900790093
:1085200079006D0294024C017F017900A001D50110
:10853000A900B0007900790079006A027900790019
:10854000C6007900370249044C045B0429027F030A
:108550008F039C03BC0379007900790079007900CE
:1085600079005600FC004D02930093007900200131
:10857000FC0079004401A900B0004801BB02790069
:10858000C6007900C402C8025D0366037900600476
:10859000F103F5030304BB69B14A183326A852F866
:1085A00023100023FF22CDF8943401F0FFFF431E77
:1085B00003333DD806F1FF3CAC450FD905F18042AD
:1085C000013A26AB28440BEB8202013553F8041B19
:1085D00042F8041F85422BD06545F6D30025284676
:1085E0000DF29C4DBDE8F08F6168043477E7A16817
:1085F000A1F13103082B04F108043FF668AF2046CF
:1086000006A90A2200F04EFE069C8146216860E71A
:10861000944B954A642918BF1A46FB68711B0BEBF3
:10862000850006F0EDFB0028D8DB0544AE42D5D925
:108630002368002B3FF42CAF043426E78A4B894A89
:108640006B2918BF1A46BB68E8E7BB68002B00F02F
:10865000D9830C2B09D0854A82FB0320DA17C2EBA1
:10866000600202EB4202A3EB82037F487D4A492964
:1086700008BF0246D2E7BB680B2B794BD4BF002260
:10868000012203EB820326A8D3F8A410FF220023C3
:10869000CDF8943401F08AFF431E0333C8D8721E0C
:1086A000AA429BD905F1804909F1FF3903960DF1E2
:1086B000980800EB050A0BEB8909164609E001351D
:1086C000554549F8040F08F1040800F0C684B54286
:1086D00084D22368D8F80000502BF0D1FFF722FA9B
:1086E000EDE73A695E4B26A853F822100023FF22DB
:1086F000CDF8943401F05AFF431E033398D806F1A5
:10870000FF3CAC457FF66AAF05F18042013A26ABEB
:1087100028440BEB8202013553F8041B42F8041F76
:10872000854285D06545F6D358E73846FFF7ECFD1E
:10873000804678690028C0F265844D4B83FB002396
:10874000C217C2EB6312642303FB1202DFF820C1DD
:1087500042448CFB0213D1176420C1EB631100FB70
:1087600011220244ACFB02135B0900FB13233E4AB7
:1087700054E7FB693F4A013350E73B693A4A01330A
:108780004CE73D49D7F814A08A45ACBF0021012130
:10879000BAF1000FC0F20984354B83FB0A234FEA7C
:1087A000EA72C2EB631303F1130CB8F1000F00F08F
:1087B0007483BCF1630F40F3C783304A304BB8F188
:1087C0002B0F18BF13462F4ADFF8ACE02E48B9F143
:1087D000020F38BF4FF00209F245B8BF03460BEB5A
:1087E0008500A6EB050E63E378693B69002803F179
:1087F00001080BEB8509FB68A6EB050AC0F2ED83C7
:108800001B4A82FB0021C217C2EB6112642101FBEB
:108810001202CDE9003251461C4A4346484606F052
:10882000EFFA0028BFF601AFD8E60DF1180A2523AC
:10883000CAF80030B8F1000F40F0C1822B23CAF80B
:10884000043004230DF12008114A1E21404606F091
:10885000D7FA002840F3C08208EB8000BDE200BFD9
:108860006C880400F48904002C8A0400ABAAAA2AAC
:108870001F85EB51808A040094F8FFFF786B040099
:1088800034870400B889040038870400048A04008F
:10889000408A0400CE4BD7F814A09A45ACBF002301
:1088A000012338460393FFF72FFDBAF1000F01466D
:1088B000C0F25683C74B4FEAEA7083FB0A23C0EB32
:1088C000631313335246C348A0FB02C040094FF064
:1088D000640E0EFB10200029C0F2B38200F0CF839B
:1088E000DFF8ECC2E245C0F2EF82002203920844B6
:1088F000421C00F0AF82642804BF013300206422D0
:1089000002FB0303039A002A40F09181B8F12B0F78
:1089100040F0748242F20F7293420DF1180A40F255
:10892000BB83CAF80080B9F1000F40F05C8207A851
:108930002522026030224260083089E13846FFF784
:10894000E3FCBA69002A00F05F82013A002840F394
:1089500084820123A04A61E67B680093BB689F4A3A
:10896000711B0BEB850006F04BFA0028BFF65DAEDD
:1089700034E6731EAB427FF631AE25234BF825302B
:10898000013555E6964BD3F8A0100DF19808002359
:10899000C8F8FC33FF22404601F008FED8F800304A
:1089A000002B3FF445AE42463B46711B0BEB850066
:1089B000FFF754FD00287FF711AE054438E67B68C9
:1089C000854A2BE6BA69864B03EB820326A8D96F4A
:1089D000FF220023CDF8943401F0E8FD431E033359
:1089E0003FF626AE06F1FF3CAC457FF6F7AD05F14C
:1089F0008042013A26AB28440BEB8202013553F842
:108A0000041B42F8041F85423FF412AE6545F5D3BE
:108A1000E4E53B69724A0C3326A852F82310002380
:108A2000FF22CDF8943401F0C1FD431E03333FF61D
:108A3000FFAD06F1FF3CAC457FF6D0AD05F18042BD
:108A4000013A26AB28440BEB8202013553F8041B94
:108A500042F8041F85423FF4EBAD6545F5D3BDE513
:108A6000731EAB427FF6BAAD0A234BF825300135B1
:108A7000DEE55B4BD3F8E41087E73B6A002B80F21E
:108A8000C5814FF00009CDF81090D7F814C0BCF1A3
:108A900045034FEAEC7868F10008B8F1000FA6EB47
:108AA00005010BEB850002DA033348F10008DFF81B
:108AB00024A10CF1FF3E0CF22B12ACF1460CCDF8C8
:108AC0000CC09B088AFB0ECA4FEAEE7ECEEB6A1EF4
:108AD00043EA8873DFF8FCA04FEAA808B3EB0E0363
:108AE00068EBEE7E8AFB02C8D217C2EBE812DDF813
:108AF0000CC09B184EEBE27240F26D1E0EFB0CFE9A
:108B000013EB0E0C42EBEE73FA691CEB020C43EB19
:108B1000E2731CEB0C0243EB030E12EB0C0243EB73
:108B20000E03D7F808C0DB0043EA5273D20012EB01
:108B30000C0E43EBEC731A014FEA0E1CBCEB0E0C4F
:108B400042EA1E7262EB03039A0042EA9C724FEA09
:108B50008C03D7F804C013EB0C0E42EBEC7C4FEA0D
:108B60000C124FEA0E13B3EB0E0342EA1E7262EBD5
:108B70000C029200D7F800C042EA93729B0013EBFC
:108B80000C0342EBEC72DDF810C0B3EB090362EBAF
:108B90000C02CDE90032134A06F032F90028BFF684
:108BA00044AD1BE5731EAB427FF618AD09234BF8AD
:108BB000253001353CE5731EAB427FF60FADBB6936
:108BC000002B40F0F78037234BF8253001352FE597
:108BD00094F8FFFF1F85EB512C8A0400BC8A040027
:108BE0006C880400948A0400BA69002A00F0FE80B0
:108BF000013AFB6907339A1AC14B83FB02131344F2
:108C0000D217C2EBA303A5E6BE4B0DF19808D3F82B
:108C10009810FF2200234046CDF8943401F0C6FCA2
:108C2000BCE67B69B84A934280F2E280D31A0DF128
:108C3000180A2D22CAF80020B9F1000F40F0D380A5
:108C400007A825220260B8F1000F7FF473AE04304C
:108C5000AE49039306F0ECF9039B009352464B4652
:108C60007EE63B6A002BFFF6E7ACFEF773FF029B44
:108C7000002B00F019823B6AA54A002BD4BF0023C9
:108C8000012352F823804046FCF71AFD002800F02B
:108C9000188206F1FF3C654580F0F58105F18043BF
:108CA000013B08F1FF320BEB830300EB050802E008
:108CB000654580F0E881013512F8011F43F8041F73
:108CC0004545F5D1FEF748FF454654E08D4BD3F8B6
:108CD0009C105AE678690028C0F28F818D4B83FB87
:108CE0000032C317C3EB6213642202FB130331E6A5
:108CF0003B6A002BFFF6A0ACFEF72CFF029B002B7B
:108D000000F0FA8001F0D8FB3B6ADFF80CA2002BE0
:108D1000D4BF00230123013303EB830350F8333026
:108D2000C3F10008FEF718FF8AFB08304FEAE87924
:108D30004044C9EB601001F015FC8AFB002303449A
:108D4000C217C2EB6312754BC2EB0212A0EB82009A
:108D500083FB082343440090714AC9EBE3230BEBE8
:108D60008500711B06F04CF80028FFF637AC05446F
:108D7000AE427FF633AC0123029359E43B68694A63
:108D80004CE43B6801937B680093BB68664A711BA7
:108D90000BEB850006F034F80028BFF646AC1DE466
:108DA000FA69BB690732D21A26E7731EAB427FF617
:108DB00015ACBB6930334BF82530013538E4B9F1D7
:108DC000060F38BF4FF00609B9F10603CAF8048050
:108DD0007FF438AD0DF120084046544906F028F9DB
:108DE0003B465246E1E509F1FF3929E7062200E753
:108DF000B8F12B0F03F26C7300F01E810DF1180A0D
:108E000050461EE70C2330E406229FE5FEF7A2FE43
:108E1000029B002B6DD001F04FFB3B6A002BD4BFAF
:108E200000230123013303EB830350F83330C3F1F4
:108E30000009FEF791FE012302934FEAE9730493C0
:108E400023E63B4AD7F814C094454FDB0844411C45
:108E50007FF455AD013B632051E5FB693CD0796956
:108E60000029A2EB030340F26B72A8BF6FF064020B
:108E70001144880740F0F4802E48DFF8BCC02F4A28
:108E80000CFB0100B2EBB00F80F0EA8001229B1ACC
:108E9000052BB4BF352334235CE5B9F1020F284A12
:108EA000284B38BF4FF002090BEB8500A6EB050EEF
:108EB000A9EB0101CDE9001C714605F0A1FF0028D6
:108EC000BFF6B3ABFFF78ABB421E002800F0E68076
:108ED000642101FB0323AAE60A339B1A084A82FB9A
:108EE00003121A44DB17C3EBA20333E501210391FC
:108EF000FDE4FEF733FE8EE7FEF730FE02E700BF2B
:108F0000932449926C88040094F8FFFF708A04004F
:108F1000E4D305001F85EB5189888888C5B3A291E9
:108F2000E48A04002C8A0400A88A0400508A040001
:108F300095F8FFFF50B81E05295C8FC2285C8F0290
:108F4000D8890400786B0400B9F1020F5E4A5F4BC8
:108F500038BF4FF002090BEB8500A6EB050EA7E723
:108F600004900AF26C7000F0B9FB594B7A690499CD
:108F700083FB003E002A4FEAE073C3EB6E13BFF69B
:108F8000A2AC02F26C70CDE9041300F0A7FB504BC9
:108F9000844683FB003EC017C0EB6E104FF0640E9A
:108FA000DDE904130EFB10C095E40AF26C70039126
:108FB00000F094FB464B039983FB003CC317C3EBC3
:108FC0006C1CB8F1000F56D042F20F7398423FF775
:108FD000F4AB3E4B3C4AFFF7F7BB00F26C700393D7
:108FE00000F07CFB3A4BC21783FB0031C2EB6112ED
:108FF0006421039B01FB12020BE400F26C7000F091
:109000006DFB6BE600F26C7000F068FB304B83FB8D
:109010000023C217C2EB6312B8F1000F4FF06403D4
:1090200003FB120243DA7969A3F2CF739942B8BF06
:109030004FF00108FFF78ABB42F20F7293420DF125
:10904000180A24D9CAF80080B9F1000F7FF4CBAE1A
:109050002522CAF8042007A86CE4039EFFF7E8BAAB
:109060001C4A1D4800FB01211C4AB2EB311F2CBFDA
:10907000012200220BE7154B194AFFF7A5BB421C42
:109080007FF43DACE6E6FEF767FDFFF7A7BA2522C1
:10909000CAF8002050464DE4504649E4013B6422A2
:1090A00002FB03F36333C2E5FEF758FDE3E53FF44B
:1090B0004DAB0C4B79699942B8BF4FF0FF38FFF7C1
:1090C00045BBA846FEE500BFB8890400786B0400E4
:1090D0001F85EB5150B81E05295C8FC20AD7A3002B
:1090E000D889040094F8FFFF38B500231546C0F86E
:1090F000FC33FF22044601F059FA431C08BF00204C
:109100002860204638BD00BFFFF7A8B9FFF7A6B911
:109110000146006830B10B4653F8042F002AFBD1FA
:10912000581A8010704700BF2DE9F84FDDF828B0BD
:109130000E468046174699460D46AA4655F8044BFA
:1091400059462046F9F704FF0028F6D12D2C5ED0B1
:109150002B2C08BF2C68864608BF0AF10805B9F118
:10916000000F0CD0B9F1100F57D04FF0FF32B2FB07
:10917000F9F209FB02FA6FEA0A0A494607E0302CC5
:109180005BD04FF00A09394A4FF0050A49460023DF
:1091900007E0934215D82CD001FB03C3012055F8FA
:1091A000044BA4F1300CBCF1090F06D9A4F1410C19
:1091B000BCF1190F08D8A4F1370CE1450DDD0028EA
:1091C000E7DA4FF0FF30EAE7A4F1610CBCF1190FC8
:1091D00003D8A4F1570CE145F1DC00280EDBBEF109
:1091E000000F00D05B420FB178B93E601846BDE871
:1091F000F88FD445D0DD4FF0FF30D0E72223C8F8F8
:1092000000304FF0FF33002FF0D02E1FEDE72C6819
:109210004FF0010E0AF10805A1E7302C20D12B6890
:1092200023F02003582B15D110216C684FF00F0A42
:1092300008356FF070428946A9E72B6823F02003B8
:10924000582BF1D04FF008094FF0070A6FF0604239
:1092500049469CE749466FF070424FF00F0A96E787
:109260004FF00F0A6FF07042494690E799999919AB
:1092700010B582B0024C0094FFF756FF02B010BD4B
:1092800068CE050010B5064C82B084460093206875
:1092900013460A466146FFF747FF02B010BD00BF04
:1092A00038CA050010B5064C82B084461346054AFC
:1092B000009220680A466146FFF736FF02B010BDF3
:1092C00038CA050068CE050005F0C0BE431C1AD0A0
:1092D00030B5082285B0044600210DEB0200FAF7F4
:1092E00009FC0A4A0A4B1068D3F8E050224602AB48
:1092F00001A9A847012803D19DF8040005B030BD9D
:109300004FF0FF30FAE74FF0FF30704738CA0500E2
:1093100068CE050010B4034CD4F8E040A44610BC5D
:10932000604700BF68CE050049B1FF2A02D80A7025
:10933000012070478A2303604FF0FF3070470846D2
:10934000704700BF38B50B78613B0C460546172BBC
:1093500013D8DFE803F01E0C262E1212361212125A
:10936000123E12121246121253125B121216314999
:109370002046FAF759FF002858D016232B6000200A
:1093800038BD2D492046FAF74FFF0028F5D10C20B3
:1093900038BD2A492046FAF747FF00283ED1012070
:1093A00038BD27492046FAF73FFF0028E5D10420C1
:1093B00038BD24492046FAF737FF0028DDD10520C3
:1093C00038BD21492046FAF72FFF0028D5D10620C5
:1093D00038BD1E492046FAF727FF0028CDD10720C7
:1093E00038BD1B492046FAF71FFF08B3194920462C
:1093F000FAF71AFF0028C0D1092038BD16492046C7
:10940000FAF712FF0028B8D10A2038BD13492046C8
:10941000FAF70AFF0028B0D10B2038BD10492046CA
:10942000FAF702FF0028A8D1022038BD032038BD7A
:10943000082038BD148B04003C530400445304003E
:109440000C5304002C5304004C5304001C53040020
:109450000453040034530400FC5204001453040069
:1094600024530400024B01461868FFF76BBF00BF8E
:1094700038CA050092B110B403464FF0000C01E069
:10948000624508D0184653F8044B8C420CF1010C8D
:10949000F6D110BC7047002010BC704710467047D2
:1094A0009200FAF711BA00BF9200FAF7A7BA00BF0C
:1094B00032B18446002301339A424CF8041BFAD19E
:1094C000704700BF38B50C46084D8446114620460B
:1094D0001A4600232B6064460AF000FF431C00D0AC
:1094E00038BD2B68002BFBD0236038BD04EB050092
:1094F00038B5334B1B6805460C460BB19A6B12B35B
:10950000B4F90C3018079AB225D5216900292DD05D
:1095100012F0010007D00020A06060694042A06105
:1095200039B1002038BD950758BF6069A060002997
:10953000F7D1120658BF0846F4D543F04003A38183
:109540004FF0FF3038BD1846F8F76AFFB4F90C3019
:1095500018079AB2D9D4D1062AD5520714D4216952
:1095600043F00803A3819AB20029D1D102F42070FC
:10957000B0F5007FCCD021462846F9F75BFDB4F961
:109580000C3021699AB2C3E7216B51B104F140025A
:10959000914204D02846F9F783F8B4F90C30002240
:1095A000226321690022C4E9001223F02403D7E7D3
:1095B000092243F040032A604FF0FF30A38138BDF9
:1095C00038CA050070B4184C2568D5F848411CB35A
:1095D00065681F2D25DC38B9AB1C0135656044F882
:1095E0002310002070BC704704EB850C0228CCF8D7
:1095F0008820D4F888614FF0010202FA05F246EAA9
:109600000206C4F88861CCF80831E5D1D4F88C3171
:109610001343C4F88C31DFE705F5A674C5F848415B
:10962000D6E74FF0FF30DDE7148004002DE9F04F5E
:10963000294B1F6883B0D7F848610190B6B18B46BB
:109640004FF001084FF000097468651E0ED4013414
:1096500006EB8404BBF1000F0BD0D4F800315B455E
:1096600007D0013D6B1CA4F10404F3D103B0BDE8A5
:10967000F08F73682268013BAB420CBF7560C4F881
:109680000090002AEDD0D6F88801D6F804A008FA98
:1096900005F101420BD190477268524512D1D7F8BB
:1096A0004831B342DDD01E46002ECDD1DEE7D6F8DC
:1096B0008C0101420BD1D4F8801001989047726858
:1096C0005245ECD0D7F84861002EBDD1CEE7D4F892
:1096D00080009047E0E700BF148004000028B8BF76
:1096E0004042704738B5074D0022044608462A60BC
:1096F0000AF0AEFD431C00D038BD2B68002BFBD018
:10970000236038BD04EB050070B54B68002B84B0B6
:109710000C46054620DDF9F767FC012823D004F14B
:109720005C06D4E9002303A900962846F9F7DCFF7C
:10973000421C27D0831C1FD0D4E9002330B102443F
:109740001B1A03982260636004B070BD0132013BB4
:10975000C4E9002304B070BDFAF78CFA0028DAD00F
:109760004FF0FF30F0E7D4E90023511C216010785E
:10977000013B636004B070BD21462846FAF77AFACF
:109780000028CED0A38943F04003A381F8F70EFC54
:109790008A2303604FF0FF30D6E700BFB1F90C30E9
:1097A0009A0406D44A6E43F4005342F400528B816B
:1097B0004A66FFF7A9BF00BF38B50D4B1D680446C8
:1097C0000DB1AB6B83B1B4F90C309A0406D4626E60
:1097D00043F4005342F40052A381626621462846B6
:1097E000BDE83840FFF790BF2846F8F719FEEAE7D2
:1097F00038CA05002DE9F04383B007468846144671
:10980000F9F7F2FB012803D108F1FF33FE2B37D91A
:10981000424604F15C0301A93846FEF72DFD421CC7
:10982000064633D038B39DF804C00DF10509002574
:1098300009E023685A1C226083F800C00135B54254
:1098400019D219F801CBA368013B002BA360F0DA11
:10985000D4F818E0734561462246384602DBBCF175
:109860000A0FE6D1FEF7A4FC431CE7D106463046BA
:1098700003B0BDE8F0834646304603B0BDE8F08350
:109880005FFA88FC8DF804C00646CEE7A38930460F
:1098900043F04003A38103B0BDE8F083B2F90C307C
:1098A00013F4005F0AD110B4546E43F4005344F42F
:1098B00000545466938110BCFFF79CBFFFF79ABF1A
:1098C0000E4B70B51E6805460C460EB1B36B8BB1DE
:1098D000B4F90C309A0406D4626E43F4005342F497
:1098E0000052A3816266224629463046BDE8704098
:1098F000FFF780BF3046F8F793FDE9E738CA050067
:109900009368002B00F081802DE9F04FB1F90C3005
:109910000C461907804683B0174698B223D52369B1
:109920000BB310F002033D682BD04FF0000ADFF8B4
:10993000B4B256465E453346524628BF5B46404663
:10994000002E4FD0E169D4F824C0E047002852DD52
:10995000BB681B1A8244361ABB60002BEAD1002078
:1099600003B0BDE8F08F21464046FFF7C1FD002857
:1099700040F03481B4F90C303D6898B210F0020325
:10998000D3D110F0010942D14E463EB38205D4F83E
:1099900008B040F18180B3455A4600F2B18010F41E
:1099A000906F40F0BE80206801924946FAF726F891
:1099B000A3682168019AA3EB0B030A44B246A36093
:1099C00022600026B868A0EB0A00D144B8600028E5
:1099D000C5D0B4F90C0080B2002ED7D1D5E90096DD
:1099E0000835D2E7D5E900A60835A3E72146404669
:1099F000F8F7ECFB80B3B4F90C3043F040034FF0C0
:109A0000FF30A38103B0BDE8F08F002070471E46F1
:109A1000AA46994618461D4656B388B34A46D4E925
:109A200004132068B24228BF3246884205D9A16893
:109A300003EB010B5A4500F3A780934264DCE16914
:109A4000D4F824C02A464046E047B0F1000BD2DDEE
:109A5000B9EB0B09CAD00120BB68A3EB0B035D4433
:109A6000A6EB0B06BB60002B3FF479AF002ED4D1E0
:109A70000AF1080353E902569A460833002EF9D03A
:109A800032460A212846F9F79BFE002800F09D8007
:109A90000130A0EB0509C1E720682369984217D877
:109AA0006369B34214D86FF00042B24228BF324615
:109AB000E16992FBF3F2D4F824C002FB03F34046C1
:109AC0004A46E047B0F1000A95DDA6EB0A0679E7C1
:109AD000B345DA4628BFB24652464946F9F78EFFEB
:109AE000A3682268A3EB0A035244A3602260002B00
:109AF000EBD121464046F8F769FB0028E5D07AE72C
:109B00002068B34632464FE729460192F9F776FFBF
:109B1000019AA3689B1AA3602368134423609346A9
:109B200096E723682169A3EB010B636903EB430A02
:109B30000AEBDA7A0BF101034FEA6A0A3344534520
:109B4000524684BF9A46524643052CD5114640469C
:109B5000F9F720FB00283BD05A4621690190F9F71C
:109B6000B3FEA289019B22F4906242F08002A2819E
:109B700003EB0B002361AAEB0B03C4F814A0A36052
:109B80002060B34632460FE729465A46F9F736FFBA
:109B900023685B44236021464046F8F717FB002802
:109BA0003FF456AF27E7404601F060FA034600282D
:109BB000DED121694046F8F773FDB4F90C300C2270
:109BC00023F08003C8F8002017E7721C914626E7AF
:109BD0000C22B4F90C30C8F800200EE74FF0FF302B
:109BE000BEE600BF00FCFF7F2DE9F0410469B4EB45
:109BF000611F2FDD00F1140E4E1111F01F0C0EEB42
:109C000084050EEB86032BD05EF8262004339D429C
:109C100022FA0CF1CCF1200818D977461A6802FA1A
:109C200008F20A4347F8042B53F8041B9D4221FA1B
:109C30000CF1F3D8A41BA300053B9B0801330EEBEA
:109C400083044EF82310C9B1043417E0416174460F
:109C50000029F9D10023036100234361BDE8F081AD
:109C60009D4288BF00F11002F4D953F8041B42F85A
:109C7000041F9D42F9D8A41B0EEB8404A4EB0E0331
:109C80009B1074450361E7D0BDE8F0812DE9F04FEA
:109C9000A84C8BB024680590204689460292079311
:109CA0000394FBF70DFD21460144D9F8003011F86B
:109CB00001BC99783029024640F0DA816FF001004A
:109CC000C01A033300EB030A1C4613F8011B3029AA
:109CD000F8D0DFF8648218F80130002B00F0F08033
:109CE0002378002718F803303D4626462BB116F896
:109CF000013F18F80330002BF9D103990192304647
:109D000001F062FD019A0090002800F09180002D82
:109D100040F091803378009503F0DF03502B3546F7
:109D200000F09380C9F80060002F40F0AB802B1B3F
:109D3000013B072B394604DD5B10072B01F10101C4
:109D4000FADC0598049200F045FC049A0190002882
:109D500000F06782019BAC4203F11406069680F086
:109D6000DC810027C2F10103B946049310E0202FE3
:109D700000F091803946043715F8013C18F803309B
:109D8000554603F00F038B40A54249EA030916D953
:109D900015F8013C5B4505F1FF3AE8D1049B5344BB
:109DA000A342E4D3184603990992089301F00CFDED
:109DB000DDE908320028DAD11D46A542E8D846F888
:109DC000049B069BF61A019BB6101E61484600F0E4
:109DD000DBFC029B76011C68301AA04200F3AE80C7
:109DE000C0F226810027029B009A9B689342C0F232
:109DF00089810299009A4B6893427EDD9D1AAC429C
:109E000000F3BC80CA68022A00F0BC81032A00F07B
:109E1000B481012A00F098810598019900F000FCB6
:109E20005025149A0023284613600BB0BDE8F08F2C
:109E3000002D00F00B81AD1BAB000093337803F0D5
:109E4000DF03502B35467FF46DAF6B782B2B00F082
:109E5000ED802D2B6AD06E1C002018F803104B1ECD
:109E6000182B61D8737818F803301039013623BBEA
:109E700000B14942009BC9F800600B440093002FD9
:109E80003FF455AFBAF1000F14BF00250625284650
:109E90000BB0BDE8F08F002146F8049B04278946EB
:109EA0006AE701EB810103EB4103A3F1100116F80E
:109EB000013F18F80330002BDAD0192BF1DDD7E77A
:109EC00003990092204601F07FFC009A002873D18C
:109ED000A15C18F80130A518002B6FD030292C4652
:109EE00005D114F8013F302BFBD018F80330B3FA3A
:109EF00083F77F094FF0010AF7E6012557B1029B6E
:109F0000DB68022B62D0032B64D0012B00F085802C
:109F100045F01005149B019A1A60079B009A1A607D
:109F200028460BB0BDE8F08F2E46FBE60120AB784B
:109F3000AE1C92E76C8C04006C8B0400019D061B28
:109F40003146284601F04CF8074678B1721E53118D
:109F50000699012751F8231002F01F0307FA03F3B3
:109F60000B4203D0BA4200F3E2800227009B019823
:109F7000334431460093FFF737FE34E76E1E002F5F
:109F800040F0C980002E40F0CC807311069A0198F1
:109F900052F8232006F01F06012303FA06F61642A4
:109FA000294618BF47F00207FFF71EFE029B5B68B9
:109FB0000093641B0225A1E72178254601F0DF010B
:109FC000502900F0BD80C9F800505BE7159BC3F134
:109FD00001031593159B002B9AD0019BDDF8189077
:109FE0001E6900214B464FEA860809EB860003E014
:109FF000984243F8041C3FD91F4653F8042BB2F192
:10A00000FF3FF5D00132022D3A6000F0C08014F01D
:10A010001F0440F0E08021257CE7BA077FF578AF88
:10A02000069B1B681F43FB07D7D471E700207EE720
:10A03000DDE90031221A9B1A0598009300F02EFDED
:10A0400003461433019006930027CCE6B35C18F85E
:10A050000310B018064600293FF45EAE16F8013F23
:10A0600018F803100029F9D1801B8100009153E6F4
:10A070009C1C4FF0000A2CE6019B9B689E4280F2DC
:10A080008D803346019901EB830201330B61022D70
:10A090004FF0010151617AD09E42B8DA002B40F3B3
:10A0A000A780019A09EB8303516902F118008342EA
:10A0B0004FEA510140F2AF804C46026841EAC2715A
:10A0C00044F8041B50F8041B83424FEA5101F4D8B2
:10A0D000019A9B1A193B9B08013349F8231009EB9D
:10A0E0008303002940F09B800199A3EB09029210A1
:10A0F0004B450A617FD0029B009A9B6801329342D4
:10A10000009288DA0199059800F08AFA149A0023DF
:10A110001360A325BBE6012737E7069E4FF0000931
:10A120004DE60198314600F05BFF07462DE7B11E72
:10A13000284600F055FF00283FF417AF032715E726
:10A1400000230093012780E6AC427FF465AE012C2A
:10A1500008D00198611E00F043FF00283FF45CAE78
:10A16000029B5B6807990B60019B069901221A61AB
:10A170000A60149A6225136089E6159A002A3FF452
:10A180004BAEEFE7159A002A7FF446AEEAE7029B52
:10A190001B68013BA34232D02225BBE6019B0598F8
:10A1A0005968013100F016FA074600283FD0DDF863
:10A1B0000490D9F81030494602339A000C310C3023
:10A1C000F9F782FB4946059800F02AFA07F11409CD
:10A1D0003B69019756E7C844C4F1200458F8040CC1
:10A1E00000F0D2FAA042BFF616AF019B1B6955E7FB
:10A1F000019A00231361019A002353617BE76311E5
:10A2000004F01F0459F823200123A34013420CBF7C
:10A21000222521257EE6C9F800104B4669B104339A
:10A2200062E7074B0748019ADE2104F039FF044B2F
:10A2300004483A46842104F033FF019B1961DAE7B0
:10A240001C8B0400308B040010B4046809E014F87F
:10A25000013FA3F1410CBCF1190F98BF2033934289
:10A2600008D111F8012B002AF1D10134046001203A
:10A2700010BC7047002010BC704700BF2DE9F04FA4
:10A28000096885B04B1111F01F01029002EB8303A6
:10A29000039140F08E801D1F0193029B01991C6861
:10A2A000002341F8043C61780134002900F09780D4
:10A2B000DFF87091A846AC469A461E460EE020296B
:10A2C00000F28B80B24506DAC44501D2072B5BDD74
:10A2D000624551D3082314F8011FA1B119F80100F8
:10A2E0000028ECD00133082B06F101063ADCDCF83B
:10A2F0000010090100F00F000843CCF8000014F82A
:10A30000011F0029EAD1002E69D0E04501D9072BB1
:10A3100073DD624551D2111F634653F8040B41F8B7
:10A32000040F9D42F9D2A5EB0C0323F00303691C33
:10A3300004330CF1010C614538BF042313440021A0
:10A3400043F8041B9D42FBD2019B53F8043C2BB9FC
:10A35000AA4248D055F8043D002BF9D0052005B09D
:10A36000BDE8F08F6245B6D200234CF8043C194694
:10A37000ACF1040C0123BDE70023ACF104084CF858
:10A38000043CB246C446A6E7C3F108018900DCF8E4
:10A390000030C1F1200E60468B46416801FA0EF78D
:10A3A0003B43036021FA0BF340F8043F4045F4D3EC
:10A3B0008EE7191D01911D466FE7039B002BC3D04B
:10A3C000039B0198C3F120014FF0FF33CB4050F8BD
:10A3D000041C0B4040F8043CB9E7292909D00420AB
:10A3E00005B0BDE8F08F012305202B6005B0BDE866
:10A3F000F08F029901340C6085E7C3F108039B00DC
:10A40000DCF80010C3F120076446666806FA07F01E
:10A410000143216026FA03F144F8041FA045F4D853
:10A4200077E700BF6C8B04002DE9F047DFF87480FC
:10A4300006468946174605F07DFED8F8005055B10E
:10A4400099F800301C4673B14C4602E014F8013F05
:10A450003BB13D2BFAD1304605F06EFE0020BDE841
:10A46000F087A4EB090428680028F4D02246494666
:10A4700001F0AAF928B92B681A5D3D2A03EB040AFA
:10A4800004D055F8040F0028F0D1E4E7D8F80030E4
:10A49000ED1AAD1030463D6005F04EFE0AF10100A8
:10A4A000BDE8F0874CD4050000B583B001AAFFF7E2
:10A4B000BBFF03B05DF804FB00487047F0D3050014
:10A4C00038B5074D0022044608462A6009F0D8FE38
:10A4D000431C00D038BD2B68002BFBD0236038BD57
:10A4E00004EB0500002100F001B800BFFF289DBF6C
:10A4F000024BC05C00F0070000207047117F040091
:10A50000002100F001B800BFFF289DBF024BC05CD6
:10A5100000F0030000207047117F0400002100F0CC
:10A5200001B800BFFF2809D8064BC356002B07DB34
:10A53000A0F10900B0FA80F0400970470020704790
:10A5400001207047117F0400002100F001B800BF16
:10A55000FF289DBF024BC05C00F020000020704728
:10A56000117F04000028B8BF40427047F0307047A8
:10A570000048704758CF05000048704758CF050085
:10A5800038B50C46084D8446114620461A4600232D
:10A590002B60644609F084FE431C00D038BD2B6854
:10A5A000002BFBD0236038BD04EB050000B58646C8
:10A5B00010466AB14FF0000C03E00CF1010C844529
:10A5C00006D011F8013B4EF8043B002BF5D1604654
:10A5D0005DF804FBC36C70B505460C464BB153F8EF
:10A5E000240080B1026843F824200023C0E903332B
:10A5F00070BD2122042104F079FD0346E86400289F
:10A60000EDD1002070BD012101FA04F6721D920007
:10A61000284604F06BFD0028F3D0C0E90146E4E7CA
:10A6200031B1C36C4A6853F82200086043F8221025
:10A63000704700BF2DE9F0410D6907460E461C46E4
:10A6400001F1140E0020DEF800108BB202FB034370
:10A650004FEA134C090C02FB01CC01309BB203EB17
:10A660000C4385424EF8043B4FEA1C44EBDC3CB102
:10A67000B368AB4207DD06EB850301355C613561EC
:10A680003046BDE8F081716838460131FFF7A2FF1E
:10A690008046A8B13269023206F10C0192000C30FA
:10A6A000F9F712F9FB6C726853F82210316043F825
:10A6B0002260464606EB850301355C613561DFE7C4
:10A6C000024B03484246B52104F0EAFC1C8B04000F
:10A6D000788C04002DE9F8430C4628491E4617469D
:10A6E00003F1080281FB0231092E4FEAE2730546AD
:10A6F000C3EB610339DD4FF0010C00214FEA4C0C34
:10A70000634501F10101F9DC2846FFF763FF0146CB
:10A7100068B3089B4361092F4FF00103036112DC0A
:10A720000A340927BE420BDDF61B264414F8013B10
:10A730000A22303B2846FFF77DFFA6420146F5D1AD
:10A740000846BDE8F88304F10909C8463C4418F8F6
:10A75000013B0A22303B2846FFF76CFFA04501462B
:10A76000F5D1A7F108044C44DCE70021CCE70A4608
:10A77000034B0448CE2104F093FC00BF398EE3382C
:10A780001C8B0400788C0400020C12040346CAB926
:10A790000304102013F07F4F04BF1B02083013F096
:10A7A000704F04BF1B01043013F0404F04BF9B00E7
:10A7B0000230002B05DB13F0804F00F1010008BFD1
:10A7C000202070470020E5E70368024613F00700E9
:10A7D00007D0D9071DD498071FD55B081360012047
:10A7E000704799B209B91B0C1020D9B209B90830C9
:10A7F0001B0A190704BF1B090430990704BF9B08F3
:10A800000230D90703D45B0800F1010003D01360C4
:10A81000704700207047202070479B08136002207B
:10A82000704700BF38B5C36C04460D464BB158683D
:10A83000B0B102685A6000220123C0E90435C26049
:10A8400038BD2122042104F051FC0346E0640028B5
:10A85000EDD1094B094800224FF4A07104F020FC0F
:10A860001C220121204604F041FC0028F1D00122E5
:10A870000223C0E90123DEE71C8B0400788C04006E
:10A880002DE9F04F0E691569AE4285B08846144631
:10A8900005DB2A46234635460C4616469846A368ED
:10A8A0006168AF19BB42B8BF0131FFF793FE019059
:10A8B000002800F08780019B03F1140909EB870A47
:10A8C000D14505D24B46002243F8042B9A45FBD8CC
:10A8D00008F1140808EB860B04F11403D8451A4656
:10A8E00003EB85055FD22B1B153B23F003030433D9
:10A8F0001534A54238BF0423CDE902A7AC461F4654
:10A90000924605E0000C29D1C34509F1040948D954
:10A9100058F8040B85B2002DF4D056464C4600235F
:10A9200056F8040B216882B21FFA81FE05FB02EE85
:10A93000000C0A0C734405FB002202EB13429BB28D
:10A9400043EA0243B44544F8043B4FEA1243E7D8D4
:10A9500049F8073058F8040C000CD5D0D9F800306D
:10A96000544619464D4600222688090C00FB061164
:10A970000A449BB243EA024345F8043B54F8046B93
:10A980002968360C8BB200FB063303EB1243A44557
:10A990004FEA1342E8D8C34549F8073009F10409E2
:10A9A000B6D8DDE902A7002F02DC05E0013F03D0A5
:10A9B0005AF8043D002BF9D0019B18461F6105B0E1
:10A9C000BDE8F08F034B0448019A40F25D1104F09A
:10A9D00067FB00BF1C8B0400788C040012F003039B
:10A9E0002DE9F0411446064632D10D46A41020D080
:10A9F000D6F84880B8F1000F33D0E3074FF00007D6
:10AA000007D4641015D0D8F80000A8B18046E30739
:10AA1000F7D5424629463046FFF732FFB5B169689F
:10AA2000F36C641053F821202A6043F82150054646
:10AA3000E9D12846BDE8F081424641463046FFF75D
:10AA40001FFFC8F8000007608046E0E70546D8E72A
:10AA5000013B0F4A52F823200023FFF7EBFD054688
:10AA6000C4E701213046FFF7B5FD804640B1012320
:10AA700040F27122C0E904320023B0640360BCE7F5
:10AA8000044B054842464FF4A07104F009FB00BF97
:10AA9000B08C04001C8B0400788C04002DE9F04776
:10AAA0000C4690462669A368496806EB6216751C39
:10AAB0009D4207464FEA621904DD5B009D4201F1A9
:10AAC0000101FADC3846FFF785FD8446002851D0A5
:10AAD000B9F1000F00F114000EDD09F105024FEA93
:10AAE000820E03460CEB8202002143F8041B9342C2
:10AAF000FBD1AEF114031844216904F1140318F0DA
:10AB00001F0803EB81012DD0C8F1200986464FF0C4
:10AB1000000A1A6802FA08F242EA0A024EF8042B06
:10AB200053F8042B994222FA09FAF2D80B1B153B71
:10AB300023F00303043304F11502914238BF0423C8
:10AB4000BAF1000F18BF2E4640F803A0FB6C6268F4
:10AB5000CCF8106053F822102160604643F8224080
:10AB6000BDE8F087043853F8042B40F8042F9942CD
:10AB7000F9D8EBE7034B0448624640F2D91104F0E0
:10AB80008FFA00BF1C8B0400788C04000B6984468C
:10AB90000069C01A15D10CF1140C14310CEB8302AE
:10ABA00010B401EB830301E0944508D252F8044D40
:10ABB00053F8041D8C42F7D004D24FF0FF3010BC84
:10ABC00070477047012010BC704700BF2DE9F84F57
:10ABD0000F691369FF1A002F0E4690467AD101F1D2
:10ABE0001405143202EB830205EB830301E09D425E
:10ABF00073D253F8041D52F8044DA142F7D064D328
:10AC00007168FFF7E7FC8146002872D03569D8F8F3
:10AC10001020C76008F1140E06F1140009F1140A9F
:10AC200006F1100C0EEB820200EB85075646002160
:10AC30005EF8044B5CF804BFA3B211FA8BF1CB1A97
:10AC4000210CC1EB1B4101EB23419BB243EA0143C1
:10AC5000724546F8043B4FEA2141E9D8A2EB0804CB
:10AC6000153C08F11508424524F0030606F10406D8
:10AC700038BF0426304424F0030238BF0022874244
:10AC80005244B24416D95646044654F8043B11FACD
:10AC900083F10A1402EB134289B241EA0243A7424C
:10ACA00046F8043B4FEA2241EFD87A1E101A20F0F2
:10ACB0000302524423B952F8043D013D002BFAD05F
:10ACC000C9F810504846BDE8F88F3346012746467C
:10ACD000984695E7F9DB002792E70021FFF77AFC19
:10ACE000814668B101220023C9E904234846BDE832
:10ACF000F88F074B07484A464FF4107104F0D0F91B
:10AD0000034B04484A4640F2322104F0C9F900BF1F
:10AD10001C8B0400788C04000F4B0B40A3F1507384
:10AD2000002B02DD0020194670475B42B3F1A07F83
:10AD30004FEA235205DA4FF40023002043FA02F1D0
:10AD40007047143A1E2ADABF4FF0004323FA02F28A
:10AD500001220021104670470000F07F2DE9F843E2
:10AD6000066900F1140808EB8606A6F1040956F8F6
:10AD7000047C3846FFF708FDC0F120030A280B6069
:10AD800036DDC8451ED2B0F10B0356F8082C26D08C
:10AD9000C3F1200C22FA0CF19F400F43A6F10801E9
:10ADA00047F07F55884545F440153AD202FA03F042
:10ADB00056F80C3C23FA0CF303431C462046294664
:10ADC000BDE8F883B0F10B0308D007FA03F343F0B2
:10ADD0007F55002345F440151C46EFE71A4647F01F
:10ADE0007F5545F44015144620462946BDE8F883B2
:10ADF000C0F10B0327FA03F2C84542F07F553CBF70
:10AE000056F8082CDA4000F1150328BF002207FA93
:10AE100003F345F4401543EA020420462946BDE801
:10AE2000F88302FA03F31C46C8E700BF70B501219E
:10AE300082B016461D46FFF7CDFB044600284BD0D6
:10AE40002B46C5F30A55C3F313030DB143F4801326
:10AE5000002E019322D068460096FFF7B5FC00282B
:10AE600036D0019B0099C0F1200203FA02F20A4396
:10AE7000C34001936261002B14BF02210121A36131
:10AE80002161ADB1069AA5F2334303441360079BD9
:10AE9000C0F135001860204602B070BD01A8FFF770
:10AEA00093FC019B0121C4E904132030002DE9D15A
:10AEB00004EB8102A0F232431069069A1360FFF797
:10AEC00063FC079BC0EB41112046196002B070BDC6
:10AED000DDE900236261CEE7034B0448224640F2DD
:10AEE0000A3104F0DDF800BF1C8B0400788C0400EC
:10AEF0002DE9F04383B00F4669468046FFF72EFFE9
:10AF000004460D46384601A9FFF728FFD8F810304F
:10AF10003A690F469A1ADDE90013CB1A03EB421384
:10AF2000002B06460BDD05EB03594D4632463B46EA
:10AF30002046294607F0BEFD03B0BDE8F083C3EB11
:10AF4000033307EB03510F46F0E700BF172870B536
:10AF500006460ADD0849094D0020002422462B46FA
:10AF600007F07EFC013EF9D170BD054B03EBC00636
:10AF7000D6E9040170BD00BF0000F03F000024408E
:10AF8000B08C04000139491101F1010C116902F181
:10AF9000140303EB81018B4200EB8C0C16D210B52D
:10AFA000A0F1040E53F8044B4EF8044F9942F9D81F
:10AFB0008B1A153B23F0030304331844844504D94A
:10AFC000002340F8043B8445FBD810BD844505D9D7
:10AFD000002340F8043B8445FBD87047704700BF0E
:10AFE00003694A11934200F1140009DA00EB83036C
:10AFF00002E053F8042DC2B98342FAD8002070470A
:10B0000010DD11F01F010DD010B450F8224000EBFC
:10B01000820324FA01F202FA01F18C420BD00120E2
:10B0200010BC704700EB8203E6E70120704753F83D
:10B03000042D002AF3D18342F9D8002010BC7047B8
:10B0400038B50C46084D8446114620461A46002362
:10B050002B60644609F02CF9431C00D038BD2B68E6
:10B06000002BFBD0236038BD04EB05002DE9F84F21
:10B070001746002900F0988007F10B0580460C4622
:10B08000F8F78AFD162D5DD810252A46AF425ED806
:10B0900054F8041C21F003069642A4F1080962DA70
:10B0A000BC4BD3F808C009EB0600844500F097803C
:10B0B000D0F804C02CF0010303445B68DB0768D4BC
:10B0C0002CF0030C06EB0C03934247DACB0710D4A9
:10B0D00054F8083CA9EB030ADAF8043023F0030122
:10B0E0008C44B444944580F211817318934280F2E9
:10B0F000E88039464046F8F74DF80746E0B154F885
:10B10000043C23F001034B44A0F10802934200F0F9
:10B11000D280321F242A00F2F580132A00F2AC807C
:10B1200003462246116819605168596092689A6016
:10B1300021464046F7F7B4FA4046F8F72FFD384667
:10B14000BDE8F88F25F00705002D2A469EDA0C236E
:10B15000C8F8003000273846BDE8F88F1E46D0E911
:10B160000223D3609A60731B0F2B22D8D9F80430C6
:10B1700003F0010333434E44C9F80430736843F0CD
:10B180000103736040462746F8F708FD3846BDE8DE
:10B19000F88FC907ADD454F8083CA9EB030ADAF8D4
:10B1A000041021F00301A0E7BDE8F84F1146F7F7BE
:10B1B000F1BFD9F8041001F001012943C9F80410C6
:10B1C00009EB05014E4443F001034B60736843F003
:10B1D0000103083173604046F7F762FAD2E7DCF802
:10B1E000040020F0030B06EB0B0C05F11000844566
:10B1F0004DDAC9073FF57DAF54F8081CA9EB010AE9
:10B20000DAF8041021F003018B44B34458453FF7AA
:10B210006CAF5746DAF80C1057F8080F321F242A83
:10B22000C160886000F2DB80132A40F2D68021687A
:10B23000CAF808106168CAF80C101B2A00F2DF80F7
:10B2400008340AF110022168116061685160A16838
:10B2500091600AEB0501ABEB050242F00102996037
:10B260004A60DAF8043003F001031D434046CAF88F
:10B270000450F8F793FC6EE723680360636843604B
:10B280001B2A68D804F1080200F108034AE709EB19
:10B2900005029A60ACEB050343F00103536054F8D8
:10B2A000043C03F001031D43404644F8045CF8F7F6
:10B2B00075FC27464FE750F8043C23F003031E4477
:10B2C00051E75746DAF80C1057F8080F321F242AB6
:10B2D000C16088604CD8132A48D92168CAF8081080
:10B2E0006168CAF80C101B2A56D808340AF11002FB
:10B2F0001E462368136063685360A3689360D14659
:10B300003C4630E72146F8F779FB11E7D0E9021314
:10B310005746CB60996057F8081FDAF80C30CB60BD
:10B32000321F242A99602DD8132A29D92368CAF8F4
:10B3300008306368CAF80C301B2A42D808340AF176
:10B34000100322681A6062685A60A2689A606646B2
:10B35000D1463C4607E7A3688360E368C360242ABC
:10B3600026D004F1100200F11003DBE63A46BFE7F5
:10B37000214638461E46D146F8F740FB3C46F2E6E9
:10B380003B46DEE7214638466646D146F8F736FBAF
:10B390003C46E8E6D4CF0500A168CAF81010E16881
:10B3A000CAF81410242A20D010340AF118029FE79A
:10B3B000236903616169416104F1180200F1180316
:10B3C000B0E6A368CAF81030E368CAF81430242A3B
:10B3D00021D010340AF11803B3E73A4633E7214687
:10B3E0003846F8F70BFB164B33E72269CAF81820EA
:10B3F0006269CAF81C2018340AF1200278E7A168B3
:10B40000CAF81010E168CAF81410242A0DD01034BC
:10B410000AF1180217E72369CAF818306369CAF8F5
:10B420001C3018340AF120038BE72269CAF818206F
:10B430006269CAF81C2018340AF1200203E700BF31
:10B44000D4CF050001490020704700BF0000F87FFD
:10B45000F0B50D785E2D044621D0002201F1010CDB
:10B460009646631E04F1FF0103F8012F8B42FBD1C6
:10B4700095B18EF00102E64362550CF1010E1EF803
:10B48000013C2D2B704610D05D2B04D013B11D460E
:10B49000F446F1E76046F0BD0CF1FF30F0BD01224B
:10B4A0004D7801F1020C9646DBE79CF801005D281F
:10B4B000EDD08542EBDC6F1C0CF1020CE31903F8B4
:10B4C000012BF1188842FADC431B013B8542A8BFDF
:10B4D00000230EF1020EDD19D1E700BF00487047CE
:10B4E0000000C07F0EB430B59CB01FAC4FF40172A9
:10B4F00054F8045BADF8142002900690FAF7E0F8D7
:10B50000039007900A480B490A9100234FF6FF7CED
:10B510000E9313932A46234602A90068ADF816C07D
:10B52000019401F06FFA1CB0BDE8304003B07047E1
:10B5300038CA0500A14103000CB470B59CB020AC22
:10B540004FF401730546084654F8046BADF8143007
:10B5500002910691FAF7B4F80B490A910346039356
:10B5600007934FF6FF7100230E931393ADF8161057
:10B5700032462846234602A9019401F043FA1CB042
:10B58000BDE8704002B07047A141030008B410B597
:10B59000002A9DB0044633DB4FF40273ADF814303B
:10B5A0000291069120AB17D0013A4FF6FF71049239
:10B5B0000792ADF816101F9A019302A900F03CFC07
:10B5C000421C01DA8B232360029B00221A701DB0FB
:10B5D000BDE8104001B070474FF6FF71049207922A
:10B5E000ADF816101F9A019302A900F025FC431C28
:10B5F00001DA8B2323601DB0BDE8104001B0704715
:10B600008B2303604FF0FF30F5E700BF0CB410B59B
:10B610001F4B00291C689CB035DB4FF40273ADF85A
:10B620001430029006901FAB18D001394FF6FF720C
:10B6300004910791ADF8162002A91E9A01932046A5
:10B6400000F0FAFB421C01DA8B232360029B0022EC
:10B650001A701CB0BDE8104002B070474FF6FF7280
:10B6600004910791ADF8162002A91E9A0193204675
:10B6700000F0E2FB431C01DA8B2323601CB0BDE821
:10B68000104002B070478B2323604FF0FF30F5E786
:10B6900038CA05000CB410B59CB01EAB6FF0004466
:10B6A000CDE906140291084953F8042B059102A92B
:10B6B0000193049402F040F9029B00221A701CB01E
:10B6C000BDE8104002B070470802FFFF0EB410B58D
:10B6D0009DB06FF000411FABCDE90601049109490F
:10B6E00053F8042B0290084C0868019302A90594B2
:10B6F00002F022F9029B00221A701DB0BDE8104032
:10B7000003B0704738CA05000802FFFF80EA010253
:10B71000844612F0030F4FD111F0030F32D14DF8D0
:10B72000044D11F0040F51F8043B0BD0A3F101328A
:10B730009A4312F0803F04BF4CF8043B51F8043B9D
:10B7400016D100BF51F8044BA3F101329A4312F015
:10B75000803FA4F101320BD14CF8043BA24312F01C
:10B76000803F04BF51F8043B4CF8044BEAD0234619
:10B770000CF8013B13F0FF0F4FEA3323F8D15DF8CB
:10B78000044B704711F0010F06D011F8012B0CF893
:10B79000012B002A08BF704711F0020FBFD031F80B
:10B7A000022B12F0FF0F16BF2CF8022B8CF8002092
:10B7B00012F47F4FB3D1704711F8012B0CF8012B15
:10B7C000002AF9D1704700BFA2B330B540EA0104A6
:10B7D000A40784460B462AD09CF800000C788442CB
:10B7E0002FD1012A0DD0E64660B11EF8010F11F8E5
:10B7F000014F6FEA0E03A042134422D11CEB030356
:10B80000F2D1002030BD0468194653F8045BA4F15E
:10B81000013EAC4284462EEA040E00F104000BD136
:10B82000043A84461946ECD01EF0803FE9D1032A41
:10B83000E9D8D1E7104670479CF800000C78A04288
:10B84000D1D0001B30BD00BF2DE9F04F81464548E7
:10B850008E4675461EF801CB10F80C4014F0080413
:10B86000F7D1BCF12D0FE34654D0BCF12B0F08BF2C
:10B870009EF800B06FF0004808BF05F1020E1BB142
:10B88000102B4FD01F4604E0BBF1300F55D00A23D8
:10B890001F460025B8FBF7F6284607FB168A07E087
:10B8A000864215D329D007FB00C001251EF801BB35
:10B8B000ABF1300CBCF1090F06D9ABF1410CBCF176
:10B8C000190F08D8ABF1370C63450DDD002DE7DA11
:10B8D0004FF0FF35EAE7ABF1610CBCF1190F03D86B
:10B8E000ABF1570C6345F1DC002D0BDB04B140429A
:10B8F0000AB195BB1160BDE8F08FE245D3DA4FF095
:10B90000FF35D3E72223C9F800301AB30EF1FF3117
:10B910004046EFE79EF800B04FF0004805F1020EF8
:10B920000124ACE7BBF1300FACD19EF8000000F071
:10B93000DF00582807D01F46ABE79EF8003003F021
:10B94000DF03582B0BD110279EF801B03B460EF1B8
:10B95000020E9EE74046BDE8F08F8046D6E70823FA
:10B960001F4696E7117F0400012B02D0242B00D83C
:10B970006AE710B5F6F71AFB16230360002010BD26
:10B98000012A08D0242A134605D8064A844610689E
:10B990000A46614658E710B5F6F708FB1623036020
:10B9A000002010BD38CA0500012A08D0242A1346F9
:10B9B00005D8064A844610680A46614644E710B531
:10B9C000F6F7F4FA16230360002010BD38CA05000C
:10B9D0002DE9F04F85B01F46584B03908A460092E0
:10B9E0000D462A4615F8014B1E5D16F00806F8D1E3
:10B9F0002D2C76D02B2C05BF2C7802960296951C08
:10BA00004FF0FF366FF0004B2FB1102F70D0B846BB
:10BA10004FEAE77905E0302C75D04FF00A08B946B7
:10BA2000474642464B463046594607F0EDFA00235A
:10BA3000019284460A461846194611E08A4208BF18
:10BA400084453ED000FB09F308FB0131A0FB08034D
:10BA500019441EEB000041EBEE71012315F8014B78
:10BA6000A4F1300EBEF1090F06D9A4F1410EBEF1CA
:10BA7000190F0CD8A4F1370E774511DD5C1CEDD001
:10BA8000844572EB0103D9D24FF0FF33E6E7A4F10E
:10BA9000610EBEF1190F03D8A4F1570E7745EDDC06
:10BAA0005A1C14D0029A12B1404261EB4101009A33
:10BAB00022B1002B39D1009BC3F800A005B0BDE82E
:10BAC000F08F019B7345BDDA4FF0FF33C6E7039A51
:10BAD00022231360009B1BB305F1FF3A3046594601
:10BAE000E9E701232C780293951C4FF0004B8BE77C
:10BAF000302C04D12B7803F0DF03582B08D0B84644
:10BB00004FF000098DE72B7803F0DF03582B0FD19E
:10BB10004FF010086C784FF000090235474680E777
:10BB20003046594605B0BDE8F08F06468B46D3E750
:10BB30004FF00808B946474673E700BF117F04007D
:10BB400046E700BF10B4044C84461346206810BC7E
:10BB50000A4661463CE700BF38CA050010B4044CF1
:10BB600084461346206810BC0A46614630E700BF91
:10BB700038CA05002DE9F04F85B08A460192614A26
:10BB800003901E460D46294615F8014B135D13F030
:10BB90000803F8D12D2C7ED02B2C03BF2C780293D8
:10BBA0008D1C0293C6B1102E7AD04FEAE67B324646
:10BBB0005B464FF0FF304FF0FF3107F025FA324679
:10BBC000074688465B464FF0FF304FF0FF3107F0E5
:10BBD0001BFAB14694460BE0302C76D04FF00A09A0
:10BBE000DFF82481B3464FF0050C4FF099374E46ED
:10BBF00000221046114614E0874278EB01021ED362
:10BC0000414508BFB84235D000FB0BF209FB0121CA
:10BC1000A0FB09021144181841EBE371012215F849
:10BC2000014BA4F13003092B05D9A4F14103192BD1
:10BC300008D8A4F137039E420CDD002ADCDA4FF06D
:10BC4000FF32ECE7A4F16103192B03D8A4F15703E9
:10BC50009E42F2DC002A12DB029B13B1404261EBF0
:10BC60004101019B1BB19AB9019BC3F800A005B02B
:10BC7000BDE8F08F6345C7DD4FF0FF32CFE7039A91
:10BC800022231360019B4FF0FF300146002BEED0C2
:10BC900005F1FF3AE8E701232C7802938D1C81E738
:10BCA000302C25D12B7803F0DF03582B1DD14FF01A
:10BCB00010096C784FF00F0C02354FF0FF376FF022
:10BCC00070484FF0000B4E4692E72B7803F0DF03ED
:10BCD000582BECD04FF00809B3464FF0070C4FF04B
:10BCE000FF376FF060484E4682E74FF0000B5EE78B
:10BCF0004FF00F0C4FF0FF376FF07048B1464FF028
:10BD0000000B75E7117F04009999991932E700BF7C
:10BD100010B4044C84461346206810BC0A466146A1
:10BD200028E700BF38CA050010B4044C8446134607
:10BD3000206810BC0A4661461CE700BF38CA0500EF
:10BD40002DE9F04F936883B09146002B6DD01768B2
:10BD50008D6880460C460868083743E0A38913F4D1
:10BD6000906F2ED0D4E90415A0EB010A05EB450530
:10BD700005EBD5750AEB06006D100130A8422A4686
:10BD800084BF05462A465B0536D511464046F7F77F
:10BD900001FA00283AD0524621690190F7F794FD44
:10BDA000A289019B22F4906242F08002A281A5EB5D
:10BDB0000A0203EB0A006561A26023612060354638
:10BDC000B24659465246F7F719FED9F80830A1682D
:10BDD00020684D1B50449E1BA5602060C9F8086078
:10BDE0001EB3083757E902B6002EFAD0B542AA466C
:10BDF000B4D93546B246E4E74046FFF737F9034683
:10BE00000028D4D121694046F6F74AFC0C23C8F833
:10BE10000030A389002243F040034FF0FF30A3819C
:10BE2000C9E9012203B0BDE8F08F0020C9F8040081
:10BE300003B0BDE8F08F00BF2DE9F04FABB017465F
:10BE400006938B891A068846834603D50B69002B17
:10BE500000F0A5841AAB0D930023CDE90E330993AE
:10BE60000DF1680903935E463B78002B00F03681A4
:10BE70003C4604E014F8013F002B00F05781252BCD
:10BE8000F8D1E51B40F054812378002B00F0268187
:10BE900000214FF0000263788DF82F20671C0846C0
:10BEA0004FF0FF3B05918A460137A3F12002582A43
:10BEB00000F25881DFE812F0AB0256015601A702EA
:10BEC0005601560156015601560156019D0299022E
:10BED00056013601800256017C0259005900590072
:10BEE000590059005900590059005900560156018E
:10BEF000560156015601560156015601560156018A
:10BF0000620256015601560156015601560156016C
:10BF1000560156015601230156015601560156019C
:10BF20005601680056015601160256015601560187
:10BF30005601560156015601560156015601070297
:10BF400085015601560156015E02850156015601D2
:10BF5000540256013E0225012D02E2015601C101A3
:10BF600056016A0056015601E601A3F13002002491
:10BF700017F8013B04EB840402EB4404A3F1300204
:10BF8000092AF5D9059490E74AF0100A1AF0200121
:10BF900000F00981069B073323F00703596853F823
:10BFA000080B069301234FF000028DF82F2000228A
:10BFB0000792BBF1FF3F00F033822AF08002029229
:10BFC00050EA010240F02A82BBF1000F40F00E84DB
:10BFD000002B40F08A831AF00103049300F087835A
:10BFE00030238DF867300DF16704049A079B5A459A
:10BFF000B8BF5A46019213B1134601330193029B15
:10C0000013F00203079302D0019B02330193029BBA
:10C0100013F08403089305D1059B019A9D1A002D06
:10C0200000F3CB82DDE90E219DF82F0080B10132B3
:10C030000DF12F000131C9F80000072A4FF001006F
:10C04000CDE90E21C9F8040000F3F18209F10809D5
:10C05000079B7BB101320CAB0231C9F80030072AD3
:10C060004FF00203CDE90E21C9F8043000F3EC8251
:10C0700009F10809089B802B00F00882049BABEBB8
:10C080000305002D00F34582049BC9F800400132EE
:10C090001944072ACDE90E21C9F8043000F378824B
:10C0A00009F10809029B5B0705D5059B019A9C1ABB
:10C0B000002C00F3D682039B059A01988242ACBF04
:10C0C0009B181B180393002940F06E8200230E93E7
:10C0D0003B780DF16809002B7FF4CAAE0F9B002B53
:10C0E00040F0A083B8F80C3013F0400F039B18BF4A
:10C0F0004FF0FF33039303982BB0BDE8F08F4AF065
:10C10000100A1AF0200141D0069B073323F00703E1
:10C11000596853F8080B0693002344E7059A5242E6
:10C12000CDE905233B784AF0040ABDE6E51BD5D0EE
:10C130000F9B2B440F930E9B0133072BC9E900750E
:10C140000E9305DC09F10809039B2B4403939BE63E
:10C150000DAA41463046FFF7F3FD0028C2D10DF18C
:10C160006809F1E7002940F06383002BB6D08DF811
:10C1700040304FF000038DF82F30012301930493DA
:10C1800010ACCDF808A04FF0000B38E71AF0100300
:10C1900047D11AF0400144D0069A52F8040B069297
:10C1A000194680B2FFE61AF0100340D11AF04001A0
:10C1B0003DD0069A52F8040B0692194680B201232C
:10C1C000F1E6002940F04B831AF0200F069B00F0A7
:10C1D000DF80073323F007031A465B6852F8080B29
:10C1E00006921946002BC0F28E82BBF1FF3F00F091
:10C1F000F9829DF82F30079350EA01032AF0800A54
:10C2000000F06D820A2871F1000380F092823030D4
:10C2100001238DF86700CDF808A004930DF16704A1
:10C22000E3E6069B53F8040B06930B46BBE6069B1E
:10C2300053F8040B06930123B5E6069D55F8044B0D
:10C240004FF000038DF82F30002C00F0E282BBF19C
:10C25000FF3F00F097825A4600212046F7F7B0FAD8
:10C26000002800F0E882031B04939DF82F30069508
:10C27000CDF808A007934FF0000BB6E63B784AF0E4
:10C28000200A11E6002940F0ED82A74A09921AF02F
:10C2900020012FD0069A073222F00702516852F887
:10C2A000080B06921AF0010F0BD050EA010208D0D9
:10C2B0008DF8313030238DF830304AF0020A0223F5
:10C2C00071E602236FE6069B4FF000028DF82F20E7
:10C2D00053F8042B069301238DF840200193049317
:10C2E00010AC4EE7002940F0B182904A09921AF052
:10C2F0002001CFD11AF0100240F0FB811AF040016A
:10C3000000F0F781069C54F8040B0694114680B2A5
:10C31000C8E7069B53F8040B069330238DF83030A2
:10C3200078238DF83130804B09934AF0020A0021BE
:10C33000022338E6002940F08C821AF0200F40F0EA
:10C3400017821AF0100F40F038821AF0400F00F0F8
:10C350003482069B039953F8042B0693118083E5DE
:10C360003B786C2B03BF7B784AF0200A01374AF0F8
:10C37000100A99E53B784AF0400A95E5002940F01B
:10C380006B824AF0100A1AF0200F069B7FF421AF4F
:10C3900053F8040B06931AF0100F40F0AF811AF017
:10C3A000400F00F0AB8140F3C0310B4600B219E7FB
:10C3B0003B784AF0800A77E53C4614F8013B2A2B8B
:10C3C00000F05382A3F13002092A27464FF0000BF8
:10C3D0003FF66BAD17F8013B0BEB8B0B02EB4B0BF6
:10C3E000A3F13002092AF5D95FE53B7801212B2022
:10C3F0005AE5069B53F8042B0592002AFFF68EAEF1
:10C4000006933B7850E53B784AF0010A4CE53B78CF
:10C4100000287FF449AD0121202045E5DDF808A082
:10C42000012B3FF4EFAE022B1AAC12D1099A00F0A7
:10C430000F030009D35C04F8013D40EA01700909CB
:10C4400050EA0103F3D11AAB1B1BCDF808A00493EB
:10C45000CBE500F00703C00840EA4170C90830335B
:10C4600050EA0105224604F8013DF2D11AF0010F0D
:10C47000E9D0302BE7D03023023A04F8013C1AAB64
:10C480009B1ACDF808A004931446AEE5059B0198CD
:10C490001D1A002D7FF7F2AD102DDFF894A025DDD9
:10C4A00050461023A246044604E0103D102D09F129
:10C4B000080918DD01321031072AC9E90043CDE926
:10C4C0000E21F2DD0DAA414630460DF16809FFF755
:10C4D00037FC00287FF406AE103D102DDDE90E215B
:10C4E0004FF01003E6DC234654469A4601322944B5
:10C4F000072ACDE90E21C9F800A0C9F8045000F3BD
:10C500007B81049BABEB0305002D09F108097FF744
:10C51000BBAD102DDFF818A02CDD0B4651464FF0B7
:10C52000100BA2460C460AE0D88D040028750400C2
:10C53000048E0400103D102D09F1080916DD0132AA
:10C540001033072AC9E9004BCDE90E23F2DD0DAA0D
:10C5500041463046FFF7F4FB00287FF4C3AD103DA1
:10C56000102DDDE90E230DF16809E8DC194623469C
:10C5700054469A4601322944072ACDE90E21C9F8CA
:10C5800000A0C9F8045000F3C78009F108097BE551
:10C590000DAA41463046FFF7D3FB00287FF4A2AD39
:10C5A0000F990DF168097DE50DAA41463046FFF768
:10C5B000C7FB00283FF48AAD94E5102DDDE90E217C
:10C5C000DFF8C8A225DD50461023A246044604E049
:10C5D000103D102D09F1080918DD01321031072A2C
:10C5E000C9E90043CDE90E21F2DD0DAA41463046EE
:10C5F0000DF16809FFF7A4FB00287FF473AD103D2F
:10C60000102DDDE90E214FF01003E6DC23465446E1
:10C610009A4601322944072ACDE90E21C9F800A023
:10C62000C9F8045000F3D18009F10809FCE40DAA0F
:10C6300041463046FFF784FB00287FF453ADDDE927
:10C640000E210DF1680903E50DAA41463046FFF7BA
:10C6500077FB00287FF446ADDDE90E210DF1680976
:10C6600008E5102C0E9BDFF824A225DD0A46514672
:10C670001025B2460E4604E0103C102C09F10809C2
:10C6800016DD01331032072BC9E90065CDE90E3202
:10C69000F2DD0DAA41465046FFF752FB00287FF419
:10C6A00021AD103C102CDDE90E320DF16809E8DCFB
:10C6B000114632465646924601332144072BC9E9BA
:10C6C00000A4CDE90E317FF7F6AC0DAA4146304605
:10C6D000FFF736FB00287FF405AD0F99EBE4BBF1C3
:10C6E000000F7FF494ADCDF808A0CDF810B01AACCF
:10C6F0007BE4069A52F8040B0692D3E5C1170B4669
:10C70000002BBFF672AD2D2340428DF82F300793DA
:10C7100061EB410101234CE40DAA41463046FFF78D
:10C720000FFB00287FF4DEACDDE90E210DF1680976
:10C73000AAE41AACCDF804A00A22002382460D46D2
:10C7400006F062FC303204F8012D002350462946E1
:10C750000A2206F059FCBAF10A0F75F10003EBD278
:10C760001AABDDF804A0CDF808A01B1B04933CE431
:10C77000069B039853F8041B0693C217C1E90002F5
:10C78000FFF772BB20460695CDF808A0F8F798FF92
:10C790009DF82F30049007934FF0000B25E44021C3
:10C7A000F6F7F8FCC8F80000C8F81000002866D0BA
:10C7B0004023C8F81430FFF74DBB069B039953F88C
:10C7C000042B11600693FFF74FBB0DAA414630467C
:10C7D000FFF7B6FA00287FF485ACDDE90E210DF1F4
:10C7E000680921E49DF82F3007930BE5012BDDF854
:10C7F00008A07FF418AE0AE50DAA41463046FFF7BF
:10C800009FFA00287FF46EACDDE90E210DF1680976
:10C8100034E45B46062B28BF06231D4C0493069583
:10C820000193AEE40DAA41463046FFF789FA59E478
:10C830008DF82F0099E49DF82F30CDF810B00695B3
:10C84000CDF808A083460793FFF7CFBB8DF82F00E4
:10C850004BE58DF82F0070E58DF82F0091E58DF8F0
:10C860002F00B1E48DF82F000FE5069A7B7827465C
:10C8700052F8044B069244EAE47BFFF715BB0C2305
:10C88000CBF800304FF0FF33039334E4F48D040011
:10C89000EC8D040038B54B1C1AD093891446126BEA
:10C8A00023F02003A381CDB2AAB16268636B9A42E0
:10C8B00009DA23685A1E226003F8015C63680133B9
:10C8C0006360284638BD2146FBF7FAFA0028F0D00D
:10C8D0004FF0FF35F5E7236922682BB1934203D26D
:10C8E00012F8013CAB420FD06168E1632346A263BA
:10C8F00004F1400103226263216303F8425F0122D5
:10C90000C4E90032284638BD6368013A0133C4E9FE
:10C910000023D6E710B50C46096B69B104F140035A
:10C92000994201D0F5F7BCFEE36B63600020206301
:10C9300013B1A36B236010BDA3892169002243F0CA
:10C940002003C4E90012A3814FF0FF3010BD00BFE7
:10C950002DE9F04F85B0CDE9023202FB03F30E9CC6
:10C960000193A3B3D4F804A0019B53458B4646D949
:10C97000A046019D58F8401B0746002652465846DF
:10C98000F6F7A2FF2368226B5344A946C4E9003698
:10C9900011463846D344A5EB0A05E2B1424501D021
:10C9A000F5F77EFEE36B26636360A3B1A16B2160A4
:10C9B000AB429A46E2D3029B01932A465846F6F7C9
:10C9C00083FFD4E90032521B2B44C4E900320198A2
:10C9D00005B0BDE8F08F019B22695344A3EB090A1F
:10C9E000039BBAFBF3F30193A389019843F020035F
:10C9F000A3810023C4E9002305B0BDE8F08F2168BE
:10CA00001D46D8E72DE9F04F8B46DFB0B1F90C1089
:10CA100006938B04074609D4DBF8643041F40051D7
:10CA200023F40053ABF80C10CBF8643092461AF89C
:10CA3000013B0F93002B00F093860022089209928D
:10CA400005929046049214AAC2F10102DFF83892CE
:10CA5000CDF80CA00B92BA4619F8037017F008072E
:10CA600070D1252B5ED1039802783C46A2F12503B4
:10CA7000411C532B62D8DFE813F0540061006100C1
:10CA800061006100C9016100610061006100610035
:10CA9000C500C500C500C500C500C500C500C5006E
:10CAA000C500C500610061006100610061006100B6
:10CAB00061006100610061006D0161006100610061
:10CAC00061006100610061008B01610061000B0188
:10CAD000610061006100610061006100610061004E
:10CAE000D100610061007E016100610061006100B0
:10CAF00061006100610086016F01610061006100F9
:10CB00007601A00161006100A7016100B2010D0181
:10CB1000930161006100960161009901610061006B
:10CB2000D1000391DBF80430002B50DDDBF800303E
:10CB3000039A197812F8012C914235D004985FB00D
:10CB4000BDE8F08FDBF804300BF1400500241A46F5
:10CB50000FE0DBF800301A7819F80220160703F10D
:10CB600001032BD5DBF80420013ACBE9003208F1B0
:10CB70000108002AEDDCDBF8303050461946002B66
:10CB800000F06A83AB4201D0F5F78AFDDBF83C3058
:10CB9000CBF83040CBF80430002B00F05D83DBF89D
:10CBA0003830CBF80030D6E70133CBF80030DBF873
:10CBB0000430013B08F10108CBF80430039A12F865
:10CBC000013B03920F93002B7FF446AFB6E7DBF8EF
:10CBD0003010002900F0BE820BF14003994202D0D0
:10CBE0005046F5F75DFDDBF83C30CBF80430002211
:10CBF000CBF83020002B00F0AD82DBF83830CBF8DA
:10CC0000003095E717F08F0F98D104EB840402EB06
:10CC10004402A2F130044278084627E747F400773F
:10CC20001A4B08931023039105930325DBF8043076
:10CC3000002B3ADD17F0400654D0022D00F023827D
:10CC4000032D00F04381012D00F0E780012C38BF57
:10CC5000012417F0010540F00584FA0600F16F8306
:10CC6000069D234655F8041BCDF800B0012250461E
:10CC7000FFF76EFE002800F07882049B06950133D2
:10CC8000804404939AE700BF117F04008969030080
:10CC900047F001078B4B089308230593DBF804301A
:10CCA0000391002B4FF00305C4DCDBF830100029A2
:10CCB00000F050820BF14003994202D05046F5F744
:10CCC000EFFCDBF83C30CBF804300022CBF830200E
:10CCD000002B00F03F82DBF83830CBF8003017F043
:10CCE0004006AAD1DBF80020137819F803301907A1
:10CCF000A3D50BF140030794114634461E4607E0C6
:10CD0000CBF800100B7819F803301B0740F11C8298
:10CD1000DBF80430013B002B08F10108CBF80430AC
:10CD200001F10101ECDCDBF8303050461946002BF4
:10CD300000F01082B34201D0F5F7B2FCDBF83C30D2
:10CD4000CBF83040CBF80430002B00F00382DBF846
:10CD50003810D5E747F001075B4B08930A2303918E
:10CD60000593032562E73B077FF4E8AE427847F07E
:10CD7000040708467AE61EA8FEF76AFB47F040075C
:10CD80000390012552E747F04007039100254DE746
:10CD90003A077FF4D3AE427847F00207084665E6CB
:10CDA00047F408773CE7039102253FE7454B08939A
:10CDB0000A2303910593032538E7434B0893002387
:10CDC00003910593032531E73D077FF4B7AE427821
:10CDD0006C2A00F0A78447F00107084646E6FE06E5
:10CDE00000F140847D0700F14984FC0700F1BB8419
:10CDF000B80740F1B884069A039152F8043B0692B2
:10CE00004FEAE872C3F800805A60D7E63C437FF4EB
:10CE100095AE42781027084628E6002C08BF4FF050
:10CE2000FF3417F0010640F09D8317F010039C4675
:10CE300000F02082DBF800301EAF1A78BA5C002ABE
:10CE40003FF47CAE0133CBF80030DBF80430012C2A
:10CE500003F1FF33CBF8043000F07A810BF140028C
:10CE6000CDF81C80904612E0DBF800301978795C30
:10CE70000133002900F06A81CBF80030DBF8043080
:10CE80000135013BAC42CBF8043000F05F81002B50
:10CE9000EADCDBF8303050461946002B00F0958470
:10CEA000434501D0F5F7FCFBDBF83C30CBF83060B4
:10CEB000CBF80430002B00F08884DBF83830CBF856
:10CEC0000030D3E78969030069B90300631E262B8C
:10CED00040F25B81A4F12703079327240BF1400361
:10CEE000002619463246504647F45867B24614ADFC
:10CEF000059E05914346DBF800C09CF80010A1F1A7
:10CF00002B0EBEF14D0F3BD8DFE80EF0843A843A89
:10CF10003A91727272727272728A8A3A3A3A3A3AF2
:10CF20003A3A2727272727273A3A3A3A3A3A3A3AD3
:10CF30003A3A3A3A3A3A3A3A3A793A3A3A3A3A3A12
:10CF40003A3A2727272727273A3A3A3A3A3A3A3AB3
:10CF50003A3A3A3A3A3A3A3A3A790A2E10DD27F40E
:10CF6000386705F8011BDBF8041001390029CBF8FC
:10CF700004106ADD0CF10101CBF80010013CBAD1BC
:10CF80000596984656468246F80507D514AB9D424D
:10CF900000F2AB8314AB9D423FF4D0AD17F010020A
:10CFA00040F0CD8014A9059B089C2A705046A047EC
:10CFB000B90600F1BC807A0700F15A8317F001022C
:10CFC00040F0B580BB0740F1B280089BBB498B4263
:10CFD0005046059B14A900F08E84FEF7B1FD024671
:10CFE0000B46069951F8040B0691C0E90023A3E013
:10CFF000DFF8CCE227F438673EF91660B1E707F4B2
:10D00000C06EBEF5007FBBD127F4007747F4A06760
:10D010001026A6E717F0800FB2D027F08007A0E710
:10D02000DFF89CE23EF91660082E98DCA8E717F4BA
:10D03000006F96D016B947F40077082617F4806F72
:10D0400000F0038327F4B0678BE7DBF8301000298A
:10D0500000F09283DDF814C0614506D00C930A906D
:10D06000F5F71EFB0C9B0A980022DBF83C10CBF86E
:10D070003020CBF80410002900F07E83DBF8381054
:10D08000CBF800107AE7002C08BF4FF0FF34F90707
:10D090007ED4F80640F18E81DBF800301A7819F85A
:10D0A000026016F008067FF489AD0133CBF800303A
:10D0B000DBF80430012C03F1FF33CBF8043008BF58
:10D0C00008F101083FF47AAD01250BF1400713E0A8
:10D0D000DBF800301A7819F80220110703F1010378
:10D0E00036D4CBF80030DBF804300135013BAC42DC
:10D0F000CBF8043000F01C83002BE9DCDBF8303087
:10D1000050461946002B00F0A680BB4201D0F5F72F
:10D11000C7FADBF83C30CBF83060CBF80430002B9A
:10D1200000F09980DBF83830CBF80030D2E7069A6F
:10D1300052F8043B18600692049B0133049314AB2D
:10D14000ED1A2E44B04439E5079C76E5DDF81C80E5
:10D15000A84433E5DBF81010BBF80C300022CBE913
:10D16000001243F02003ABF80C30049A002A00F0C0
:10D17000F582BBF80C3013F0400F18BF4FF0FF32B0
:10D18000049204985FB0BDE8F08F00230793A5E6F2
:10D19000DBF8003017F010071B7808BF069A19F863
:10D1A000033006BF52F8045B06920FAD13F0080679
:10D1B00049D107970A94F5F717FFB042D5D0DBE9BC
:10D1C000003213F8011B013ACBE90032099B14A885
:10D1D000032B815506F1010712AC02D12368042B01
:10D1E00004D0082200212046F6F784FC14AA0094FB
:10D1F0003B4629465046F6F777FA421C0990B4D0D0
:10D20000002840F098822860F5F79EFE002840F044
:10D210000883B8440A9B013B0A93079F002F40F004
:10D2200011830435DBF80430002B40F3E082DBF897
:10D2300000301B7819F803301C0703D40A9B0BB18C
:10D240003E46B8E7079F002F7FF4B8AC049B2F60E1
:10D2500001330493B2E4A844BBF80C3043F020033C
:10D26000ABF80C30DBF81030CBF800300023CBF8F3
:10D270000430A3E4DBF80000069A03781EAFF95CE3
:10D2800052F8043B069200293FF458ACDBF8041036
:10D290000139CBF80410411CCBF800101D46017871
:10D2A00005F8011B012C40D00BF14006CDF81C8085
:10D2B0001C44D0460A93B246664615E089690300CD
:10D2C000148E0400DBF800100878385C48B3DBF8F3
:10D2D00004000138CBF80400481CCBF800000978A2
:10D2E00005F8011BA5421CD0DBF804100029E9DC7D
:10D2F000DBF8303040461946002B00F05082534591
:10D3000001D0F5F7CDF9DBF83C10CBF83060CBF865
:10D310000410002900F04382DBF83810CBF800102D
:10D32000D2E7C2460A9BDDF81C80EB1A3FF406AC3C
:10D330009844049B0133049300232B703EE4DBE903
:10D340000012A24280F2CD82DBF83030CDF8288086
:10D350000BF140072E469E461144CBF80010A8461C
:10D360000794714650461544A41ABEF1000F00F010
:10D37000C481BE4501D0F5F793F9DBF83C20CBF82A
:10D380003060CBF80420002A00F0B781DBF83810B9
:10D39000CBF8001094424FF0000EDDDC07984346B6
:10D3A0000344DDF828801D46121B0C44CBE90042E3
:10D3B000A84403E4069BDBF8001053F8042B069303
:10D3C0000B7819F8036016F0080640F08C82DBF841
:10D3D0000430013BCBF804304B1CCBF80030154631
:10D3E0000B7805F8013B012C00F082820BF140071D
:10D3F0003B461444374607921E4616E0DBF80030E1
:10D40000197819F801100A0703F1010000F12781CA
:10D41000DBF80410CBF800000139CBF804101B78BE
:10D4200005F8013BA54200F01A81DBF80430002B1F
:10D43000E4DCDBF8303050461946002B00F0048263
:10D44000B34201D0F5F72CF9DBF83C30CBF8307063
:10D45000CBF80430002B00F0F781DBF83830CBF844
:10D460000030CDE717F0100308BF069A0A934FF07B
:10D47000000504BF52F8046B06922F46099DCDF8B3
:10D480001C8018BF0026F5F7AFFDB8423FF46DAE23
:10D49000DBE9001314AA11F8010BD055013B032D51
:10D4A00007F10108CBE9001312AF02D13A68042A50
:10D4B00004D0082200213846F6F71CFB00974346AB
:10D4C00014AA31465046F6F70FF90546681C3FF49A
:10D4D0004CAED5B90A9B03B93360079B434407930D
:10D4E000013C0A9B03B90436DBF80430002B4FF0F3
:10D4F000000711DD002CC6D1DDF81C8009950A9BC0
:10D50000002B00F09D80FFF759BBA91C21D1DBF84F
:10D51000041000294746B6DCDBF83010002900F083
:10D52000CC810BF14003994202D05046F5F7B8F890
:10D530000023CBF83030DBF83C30CBF80430002B44
:10D5400000F0BB81DBF83830CBF80030002C9AD1EA
:10D55000D2E7079B032D43440793C1D13B68042BBB
:10D56000BED1BEE717F010030D937ED1069A52F894
:10D57000043BCDE906232746099CCDF828800026E8
:10D58000F5F732FDB0423FF4F0ADDBE9003214A80C
:10D5900013F8011B8155013A032CCBE9003206F147
:10D5A000010810AD02D12B68042B04D00822002101
:10D5B0002846F6F79FFA43460799009514AA504665
:10D5C000F6F792F8431C04463FF4CFAD00285ED135
:10D5D000079B0990186012AB0822002118460C9393
:10D5E000F6F788FAC149099AD1F8E01009910C9B25
:10D5F000DDF824C00EA95046E04701286ED0002275
:10D600001EAB9B5C002B00F045810A9B032C43441E
:10D610000A9366D0013F0D9B13B9079B0433079310
:10D62000DBF80430002B3BDD0026002FA8D1DDF80D
:10D63000288009940D9B002B7FF4C0AA079A1360E1
:10D64000049B01330493FFF7B9BA079927F4607775
:10D6500011B10139079101340AF1010A83E4079AF3
:10D66000AB1A65E60391FFF7A9BA0FAB079382E700
:10D67000069A52F8043B069218805DE5069A0391DB
:10D6800052F8043B0692A3F80080FFF797BAA01C5B
:10D6900040F04A81DBF80430002B03DD46466FE79B
:10D6A0004FF00008DBF83010002900F0DE800BF1AD
:10D6B0004003994202D05046F4F7F2FFDBF83C30C9
:10D6C000CBF804300022CBF83020002B00F0CD80C6
:10D6D000DBF83830CBF800304646A6E79DF8382016
:10D6E0008EE72B68042B95D195E715F8011C5A4657
:10D6F0005046013DFFF7CEF84CE4BBF80C30DDF8A6
:10D70000288043F02003ABF80C30DBF81030CBF866
:10D7100000300023CBF80430002D3FF426ADA844A0
:10D72000FFF74CBA827847F002070230FFF79EB944
:10D73000A044FFF743BA099B02333FF473AD286856
:10D74000F5F702FC00286CD1099B032BB8447FF449
:10D7500061AD2368042B7FF45DAD5EE54FF0FF33D0
:10D760000493FFF7EBB9069A039152F8043BC3F810
:10D7700000800692FFF722BA9846BBF80C30059657
:10D7800043F02003ABF80C30DBF81030CBF800305E
:10D7900000235646CBF804308246FFF7F5BBBBF8B2
:10D7A0000C100A9B41F02001ABF80C10DBF81010B4
:10D7B000CBF80010AB424FF00001C246CBF804108A
:10D7C000DDF81C807FF4B1ADCFE4BBF80C30DDF8A0
:10D7D0001C8043F02003ABF80C30DBF81030CBF8A2
:10D7E00000300023CBF80430A844FFF7E7B9DBF89A
:10D7F0003010002900F085800BF14003994202D0DF
:10D800005046F4F74DFF0023CBF83030DBF83C30C6
:10D81000CBF80430002B74D0DBF83830CBF8003074
:10D8200007E53B46079F002B3FF40DAD14AB0B9C67
:10D830001E4416F801195A465046FFF72BF8F442D9
:10D84000F7D100E50027EDE4079AAB1A9844BBF83E
:10D850000C3043F02003ABF80C30DBF81030CBF881
:10D8600000300023CBF8043063E5BBF80C3009949A
:10D8700043F02003ABF80C30DBF81030CBF800306D
:10D8800045460023DDF82880CBF80430002D3FF416
:10D89000D1AE6AE445460994DDF82880002D3FF4B6
:10D8A000C9AE14AB0B9C1E4416F801195A465046DB
:10D8B000FEF7F0FFF442F7D1BCE6BBF80C30DDF820
:10D8C0001C80099543F02003ABF80C30DBF81030D6
:10D8D000CBF800300023CBF80430002F3FF40FAE1C
:10D8E00043E4254660E5154623E500BF68CE050004
:10D8F00008F101081DE5FEF709FA02460B46FFF79D
:10D9000070BBBBF80C3043F02003ABF80C30DBF8F5
:10D910001030CBF800303A460023079FCBF8043094
:10D92000002A7FF422AC8EE4079B1B680993013325
:10D930007FF451AE099A63E62DE9F04FBFB08846F7
:10D9400091460D930C90FCF713FE03681493184650
:10D95000F7F7B6FEB8F80C301390180604D5D8F8CF
:10D960001030002B00F0CA860023CDE922330F933C
:10D9700012931593099300240023CDE910342EAAA5
:10D980002192924699F80030002B00F080814C469D
:10D9900004E014F8013F002B00F0C580252BF8D1DE
:10D9A000B4EB090540F0C3802378002B00F06F81B1
:10D9B00000234FF0FF3265788DF8673004F10109DC
:10D9C000184608920A939B4609F10109A5F1200225
:10D9D000582A00F2D380DFE812F05302D100D100C0
:10D9E0004E02D100D100D100D100D100D1000102FE
:10D9F0004902D1000C021102D10044025900590021
:10DA00005900590059005900590059005900D100D6
:10DA1000D100D100D100D100D100D100D100D1007E
:10DA2000D1002B026401D1006401D100D100D100EA
:10DA3000D1005B02D100D1007800D100D100D1002B
:10DA4000D100D1006800D100D1006E02D100D10018
:10DA5000D100D100D100D100D100D100D100D1003E
:10DA60006002C4016401640164018F02C401D10039
:10DA7000D1000303D100ED027A00D202CD02D10021
:10DA8000AB02D1006A00D100D1009402A5F13002AE
:10DA9000002119F8015B01EB810102EB4101A5F1C5
:10DAA0003002092AF5D90A9190E74BF0100B1BF0D0
:10DAB000200100F048810D9B073323F007035968CC
:10DAC00053F8080B0D9301230EE04BF0100B1BF0E5
:10DAD000200100F02B810D9B073323F007035968C9
:10DAE00053F8080B0D93002300248DF86740089A23
:10DAF000561C00F084822BF08006069650EA010640
:10DB000040F07B82002A40F00383002B40F0248504
:10DB10001BF001030B9300F0908530238DF8B73094
:10DB20000DF1B70690E2B4EB090500F0B080239B3D
:10DB30002B442393229B0133072BCAE900952293A0
:10DB400005DC0AF1080A099B2B4409932CE70C9881
:10DB500021AA4146FEF7F4F818B90DF1B80AF2E728
:10DB6000B846B8F80C3013F0400F099B18BF4FF0BF
:10DB7000FF33099309983FB0BDE8F08F002B40F0C8
:10DB8000C587002D00F0838000238DF867300123C6
:10DB90008DF8905007930B9324AE0023CDF818B066
:10DBA00008930E93069B13F0020302D0079A0232E9
:10DBB0000792069A12F0840B05D10A9A0799571A10
:10DBC000002F00F39883239C9DF867208AB1229A46
:10DBD0000DF1670101320134CAF80010072A4FF035
:10DBE000010123942292CAF8041000F3CD830AF1B4
:10DBF000080A83B1229B1AAA01330234CAF8002012
:10DC0000072B4FF0020223942293CAF8042000F35A
:10DC1000C9830AF1080ABBF1800F00F09582089BC6
:10DC20000B9AA3EB020BBBF1000F00F3CF82069B14
:10DC3000DF0500F112820B9BCAF804301C44229BC2
:10DC4000CAF800600133072B2394229300F3478323
:10DC50000AF1080A069B5B0705D50A9B079A9D1ADD
:10DC6000002D00F3AB83DDE9093207998A42ACBF8E
:10DC70009B185B180993002C40F0E282002322934A
:10DC800099F800300DF1B80A002B7FF480AE239B89
:10DC9000002B3FF466AF0C9821AA4146FEF750F8DE
:10DCA0005FE7002B40F0D4870D9B073323F007027A
:10DCB000F2E80234CDE91034DDE9103424F00044F8
:10DCC0000D921E4618462146B54B4FF0FF3205F027
:10DCD00061F8002840F0B884B14B304621464FF03F
:10DCE000FF3205F039F8002840F0AE84DDE910017C
:10DCF0000022002305F026F8002840F0E0869DF879
:10DD00006740A84E2BF080030693A74B0022472DB7
:10DD1000C8BF1E460323CDE907320B930E92002C99
:10DD20003FF440AF079B013307933BE71BF0100321
:10DD300048D11BF0400145D00D9A52F8040B0D92CA
:10DD4000194680B2D0E61BF0100341D11BF0400110
:10DD50003ED00D9A52F8040B0D92194680B2012361
:10DD6000C2E6002B40F07C871BF0200F0D9B68D093
:10DD7000073323F007031A465B6852F8080B0D922D
:10DD80001946002BC0F23084089B013300F06B85EC
:10DD90002BF08003069350EA01039DF8674000F0E2
:10DDA000D783DDF818B00A2871F1000380F0FC84F5
:10DDB000303001238DF8B700CDF818B00B930DF17A
:10DDC000B70641E10D9B53F8040B0D930B468BE610
:10DDD0000D9B53F8040B0D93012385E60D9A52F821
:10DDE000041B0A91002980F223840A990D9249426A
:10DDF0000A9199F800504BF0040BE5E5494611F8FB
:10DE0000015B2A2D00F0A387A5F13002092A89467B
:10DE100098BF002100F2208719F8015B01EB810116
:10DE200002EB4101A5F13002092AF5D90891CDE5AF
:10DE3000002B40F019874BF0100B1BF0200F0D9BAF
:10DE400096D153F8040B0D931BF0100F40F0C783CD
:10DE50001BF0400F00F0C38340F3C0310B4600B20B
:10DE60008FE799F800504BF0800BADE599F8005022
:10DE700001232B20A8E599F800504BF0010BA3E5F6
:10DE800099F8005000287FF49FAD012320209BE5E6
:10DE900099F800504BF0080B96E50D9B00228DF889
:10DEA000672053F8042B0D9301238DF890200793DE
:10DEB0000B9324AE71E6002B40F0DA863B4B1293B5
:10DEC0001BF0200125D00D9B073323F00703596871
:10DED00053F8080B0D931BF0010F0BD050EA010310
:10DEE00008D030238DF868308DF869504BF0020B64
:10DEF0000223F9E50223F7E599F800504BF0400BB7
:10DF000062E5002B40F0A086294B12931BF0200104
:10DF1000D9D11BF0100340F05D831BF0400100F0ED
:10DF200059830D9A52F8040B0D92194680B2D2E72C
:10DF30000D9C089B54F8046B00278DF86770002E29
:10DF400000F0C8845A1C00F0E9831A46394630466E
:10DF5000F5F736FC002800F05F86831B0B9323EA5D
:10DF6000E3730D9408979DF86740CDF818B00793B8
:10DF70000E97D4E699F800504BF0200B24E50D9B4A
:10DF800053F8040B0D93302378258DF86830084B37
:10DF900012934BF0020B8DF8695000210223A3E588
:10DFA000FFFFEF7F388E04003C8E040028750400CC
:10DFB000D88D0400002B40F05F861BF0200F40F04E
:10DFC00087831BF0100F40F0E1831BF0400F00F03F
:10DFD000DD830D9B099953F8042B0D931180D1E437
:10DFE00099F800506C2D03BF99F801504BF0200BAD
:10DFF00009F101094BF0100BE6E4DDF818B0012B34
:10E000003FF4D1AE022B00F08B802EAE00F0070360
:10E01000C00840EA4170C908303350EA010732466F
:10E0200006F8013DF2D11BF0010F00F08780302B84
:10E0300000F084803023023A06F8013C2EAB9B1A94
:10E04000CDF818B00B931646089B0B9A9342B8BFB5
:10E050001346079300230E9361E6652D40F3F98084
:10E06000DDE910010022002304F062FE002800F028
:10E07000DE81229BC14ACAF800200133013401220B
:10E08000072B23942293CAF8042000F3FC830AF19F
:10E09000080A1B9B0F9A934203DB069BD8077FF568
:10E0A000D9AD139B149A1C44CAE90023229B2394E4
:10E0B0000133072B229300F300840AF1080A0F9B17
:10E0C0005D1E002D7FF7C6AD102D229BAC4F40F397
:10E0D000CE83DDF830B0102605E00AF1080A103DC5
:10E0E000102D40F3C48301331034072BCAE90076A6
:10E0F000CDE92234F1DD21AA41465846FDF720FE44
:10E1000000287FF42EADDDE922340DF1B80AE6E7F0
:10E11000012B00F04C85022BDDF818B07FF475AFB1
:10E12000129A2EAE00F00F030009D35C06F8013DF1
:10E1300040EA0170090950EA0103F3D12EAB9B1BA1
:10E14000CDF818B00B937FE70A9B079AA3EB020B5D
:10E15000BBF1000F7FF763ADBBF1100F229A884F20
:10E1600026DD214610230C9C06E0ABF1100BBBF121
:10E17000100F0AF1080A1ADD01321031072ACAE924
:10E180000073CDE92221F0DD21AA414620460DF1A0
:10E19000B80AFDF7D5FD00287FF4E3ACABF1100B16
:10E1A000BBF1100FDDE922214FF01003E4DC0C4637
:10E1B00001325C44072ACDE92224CAF80070CAF86B
:10E1C00004B000F36D830AF1080A28E5BBF1100FD3
:10E1D000229A6B4F26DD214610230C9C06E0ABF102
:10E1E000100BBBF1100F0AF1080A1ADD01321031D1
:10E1F000072ACAE90073CDE92221F0DD21AA4146B0
:10E200002046FDF79DFD00287FF4ABACABF1100B71
:10E21000BBF1100FDDE922210DF1B80A4FF0100318
:10E22000E4DC0C4601325C44072ACDE92224CAF81A
:10E230000070CAF804B000F3C0810AF1080AF6E4DD
:10E240000C9821AA4146FDF77BFD00283FF416AD4E
:10E2500087E40F9B012B40F35D81229DCAF800608B
:10E26000013501340123072D23942295CAF8043087
:10E2700000F3C4810AF1080A139B149A01351C4467
:10E28000072DCAE90023CDE9225400F3C4810AF125
:10E29000080ADDE910010022002304F049FD0028EE
:10E2A00040F05F810F9B0135013B01361C44072D77
:10E2B000CAF800602295CAF80430239400F33B8129
:10E2C0000AF1080A159BCAF8043001351C44072DD1
:10E2D0001DABCDE92254CAF800307FF7B9AC0C98D9
:10E2E00021AA4146FDF72CFD00287FF43AAC239C7F
:10E2F0000DF1B80AAEE4102FDDE922212FDDCDE9C2
:10E3000016354B460C9DB14610243E4608464746FE
:10E31000984604E0103E102E0AF1080A17DD01327B
:10E32000184B1030072ACAE90034CDE92220F1DD6C
:10E3300021AA394628460DF1B80AFDF701FD00284B
:10E340007FF40EAC103E102EDDE92220E7DCDDE983
:10E35000163501464046B84637464E46814601329C
:10E360007C18072A0749CAF80470CDE92224CAF8A4
:10E37000001000F335820AF1080A25E4488E0400F3
:10E380005C8E04004C8E04000C98169321AA414622
:10E39000FDF7D6FC00287FF4E4AB239C169B0DF11F
:10E3A000B80A26E40C9821AA4146FDF7C9FC0028CA
:10E3B0007FF4D7AB239C0DF1B80A2CE4102D229BDF
:10E3C0001FDD0C9F102604E0103D102D0AF1080AF5
:10E3D00017DD01339A4A1034072BCAE90026CDE92C
:10E3E0002234F1DD21AA414638460DF1B80AFDF785
:10E3F000A7FC00287FF4B5AB103D102DDDE92234D9
:10E40000E7DC01338E4ACAF804502C44072BCDE9CF
:10E410002234CAF800207FF726AC0C9821AA414686
:10E42000FDF78EFC00287FF49CAB239C1BE41B991A
:10E43000002940F3E481DDE90E379F42A8BF1F4663
:10E44000002F0BDD229B01333C44072BCAE90067F8
:10E450002394229300F3C2830AF1080A0E9D002F31
:10E46000A8BFED1B002D00F369811B9D0F9B9D42F2
:10E4700080F23881139B149A1C44CAE90023229B22
:10E4800023940133072B229300F31E830AF1080A19
:10E490000F9B0E9A5D1B9F1AAF42A8BF2F46002FFD
:10E4A0000EDD229BCAF80470013316443C44072B4E
:10E4B000CAF800602394229300F39F830AF1080AAC
:10E4C000002FA8BFED1B002D7FF7C4AB102D229BA2
:10E4D0005C4F40F3CC81DDF830B0102605E00AF146
:10E4E000080A103D102D40F3C28101331034072B70
:10E4F000CAE90076CDE92234F1DD21AA4146584629
:10E50000FDF71EFC00287FF42CABDDE922340DF171
:10E51000B80AE6E7069BDA073FF59FAE229DCAF8E8
:10E520000060013501340123072D23942295CAF898
:10E5300004307FF7C5AE0C9821AA4146FDF700FCD8
:10E5400000287FF40EABDDE922540DF1B80AB9E6DC
:10E55000089B002B40F02B83002308930B932EAED7
:10E5600072E50F9B5E1E002E7FF7ACAE102E354F6E
:10E5700040F3F081CDF820904FF0100BC146DDF84C
:10E58000308005E00AF1080A103E102E40F3DF81CA
:10E5900001351034072DCAE9007BCDE92254F1DDA5
:10E5A00021AA49464046FDF7CBFB002840F068838E
:10E5B000DDE922540DF1B80AE6E70C9821AA41469C
:10E5C000FDF7BEFB00287FF4CCAA239C0DF1B80A0E
:10E5D000FFF72DBB0D9B53F8040B0D937BE4C11784
:10E5E0000B46002BBFF6D0AB40424FF02D0461EB41
:10E5F00041018DF867400123FFF779BA0C9821AAF1
:10E600004146FDF79DFB00287FF4ABAADDE92254CB
:10E610000DF1B80A30E60C9821AA4146FDF790FBAF
:10E6200000287FF49EAADDE922540DF1B80A30E6F5
:10E6300099F800500D92FFF7C7B92EAE04E500BF60
:10E640004C8E04005C8E0400DDE9100102460B468E
:10E6500004F0A0FB002840F03C83089B013325F028
:10E6600020030B9300F0C682472B00F09780DDE972
:10E6700010124BF48073171E0693C0F23F82109B5A
:10E68000079300231693662D00F07081462D00F04D
:10E690006D810B9B079A0C98452B1FA908BF089BFF
:10E6A00004911CA903911BA90CBF5C1C089C02913E
:10E6B00002213B460194009100F0DCFD672D0646E7
:10E6C00040F082821BF0010F00F09881344464E135
:10E6D0000D9B099853F8041B0D93C217C1E9000262
:10E6E000FFF750B9069BD9073FF5C4AEDDE90E230D
:10E6F0009F1A5D1BAF42A8BF2F46E1E60C98402150
:10E70000F4F748FDC8F80000C8F81000002800F031
:10E710002D834023C8F81430FFF726B930460D94F6
:10E720000897CDF818B0F6F7CBFF20EAE0739DF814
:10E7300067400B9007930E97FFF7F1BA102D229BBD
:10E74000AB4F40F3AF813A46089647460C9E4FF0D8
:10E75000100B904605E00AF1080A103D102D40F319
:10E760009D8101331034072BCAE9008BCDE9223497
:10E77000F1DD21AA39463046FDF7E2FA00287FF4A0
:10E78000EFA9DDE922340DF1B80AE6E70D9B0999FE
:10E7900053F8042B11600D93FFF7F4B8089B002B7E
:10E7A00008BF0123089362E72EAE06950A220023D4
:10E7B00007460D4604F028FC303206F8012D0023F0
:10E7C000384629460A2204F01FFC0A2F75F100037F
:10E7D000ECD22EAB9B1B069D0B93CDF818B033E407
:10E7E0000C98169321AA4146FDF7AAFA00287FF457
:10E7F000B8A9239C169B0DF1B80AFFF7E5B9229B37
:10E800007C4ACAF80020013301340122072B2394EB
:10E810002293CAF8042000F364810AF1080A00294F
:10E8200061D1069B0F9A03F0010313433FF412AA30
:10E83000139B14991A19CAE90013229B23920133DE
:10E84000072B229300F366810AF1080A0F99CAF890
:10E85000006001338C18072BCDE92234CAF804106C
:10E860007FF7F6A93BE59DF86740FFF79CBA0133B7
:10E870002C44072BCAF80070CAF80450CDE92234A2
:10E880007FF7E6A92BE50C9821AA4146FDF758FA37
:10E8900000287FF466A9239C0DF1B80AFFF7F9BBA5
:10E8A0000C9821AA4146FDF74BFA00287FF459A99C
:10E8B000239C0DF1B80AFFF7B2B90C9821AA414682
:10E8C000FDF73EFA00287FF44CA9239C0DF1B80A0D
:10E8D000FFF7F5BB062B28BF0623474E0B930D947D
:10E8E0000793FFF75AB9139B14981A19CAE9000342
:10E8F000229B23920133072B229300F30B810AF111
:10E90000080A0029A2DA4D421031394F80F2BB814A
:10E91000DDF830B0102405E00AF1080A103D102D92
:10E9200040F3B18101331032072BCAE90074CDE9FD
:10E930002232F1DD21AA41465846FDF701FA0028AE
:10E940007FF40FA9DDE922320DF1B80AE6E7C846E7
:10E95000DDF82090CAF8007001353444072DCDE968
:10E960002254CAF804607FF7ABACE4E51FA9049118
:10E970001CA903911BA9089C029103213B46019409
:10E98000079A0C98009100F075FC0646041933783C
:10E99000302B00F090811B9B1C44079839460022C5
:10E9A000002304F0C5F9002840F0AE801F9BA3426D
:10E9B00006D230215A1C1F9219701F9B9C42F9D815
:10E9C0009B1B0F930B9B472B1FD0662D40F0D681CE
:10E9D0001B9B0E93002B0BF0010B40F3EC8008996E
:10E9E0005BEA010240F098810E9B07930B9321E0B4
:10E9F0005C8E0400488E0400EC8D04001F9B9B1B62
:10EA00000F930B9B472B40F0B9811B9B0E93D91C96
:10EA10001BDB089A934218DCDDE90E329342C0F208
:10EA200007811BF0010F40F06E8123EAE372079229
:10EA30000B936725169B002B00F0CA802D238DF8C1
:10EA4000673000230893FFF76DB9023D0E9A8DF8E9
:10EA50007450531E002B1B93B6BFC2F101032B222F
:10EA60002D22092B8DF875206EDC30338DF8773030
:10EA700030238DF87630042315930F9A159B012AC5
:10EA800013440B9340F336810B9B139A13440B935F
:10EA900023EAE373079300230E93CBE74246089ED5
:10EAA000B846174601332C44072BCDE92234CAF867
:10EAB0000070CAF804503BDC0AF1080AD5E42D24A2
:10EAC0008DF86740FFF71DB90C9821AA4146FDF764
:10EAD00037F900287FF445A81B9D239C0DF1B80A47
:10EAE000D6E40C9821AA4146FDF72AF900287FF4C4
:10EAF00038A81B99239C0DF1B80A90E62D230791A5
:10EB000002F100471693BEE5234659E78DF86700EA
:10EB1000FFF737B80C9821AA4146FDF711F90028F4
:10EB20007FF41FA8DDE922321B990DF1B80AE8E64F
:10EB30000C9821AA4146FDF703F900287FF411A89B
:10EB4000239C0DF1B80A90E40DF183048D4F224609
:10EB5000104687FB0321DA17C2EBA10202EB820108
:10EB6000A3EB4101303100F8011C1946632913461B
:10EB700000F1FF32ECDC3033D9B2831E9C4202F844
:10EB8000011C40F2F08013460DF1760201E013F80B
:10EB9000011B02F8011B9C42F9D10DF185030DF117
:10EBA00076021B1A13441DAA9B1A159365E7DDF81C
:10EBB00018B0FFF7FDB8089A5BEA020340F0B48092
:10EBC000012307930B9335E7472D3FF47BAD7DE59C
:10EBD000169B9DF867400893FFF7A1B80C9821AAEF
:10EBE0004146FDF7ADF800287EF4BBAF239C0DF144
:10EBF000B80A33E40623089339E50C9821AA414664
:10EC0000FDF79EF800287EF4ACAF1B9D0F9B239C64
:10EC10005D1B0DF1B80A53E4089B0D94CDF818B0B4
:10EC20009DF8674007930B9308900E90FFF777B815
:10EC3000139A0F9B13440E9A0B93002A7CDD23EA50
:10EC4000E37307936725F5E68DF86700FFF75CB976
:10EC50008DF86700FFF728B800220892FEF7B6BECD
:10EC60008DF86700FFF780B88DF86700FFF7E3B80D
:10EC70008DF86700FFF722B98DF86700FFF79DB99F
:10EC8000C846FEF76EBF01332A44072BCDE9223276
:10EC9000CAF80070CAF804507FF7D6AD0C9821AAC4
:10ECA0004146FDF74DF800287EF45BAFDDE92232E6
:10ECB0000DF1B80ACAE5079839460022002304F08E
:10ECC00037F800287FF467AE089BC3F101031B935C
:10ECD00062E6119B2C4E002BB8BF2D242BF0800335
:10ECE0000693A8BF9DF86740284BB8BF8DF86740D2
:10ECF000FFF70CB81BF001020E927FF4C5AE23EAB9
:10ED0000E373079396E60E9B139A13440B9323EA3F
:10ED1000E373079367258DE6139A1344194421EA98
:10ED2000E1730B91079385E6139B01331A4422EAA2
:10ED3000E2730B9207937DE60E9B0B9AC3F10103DE
:10ED40001A4422EAE2730B920793672572E60D9A42
:10ED500099F80150894652F8041B0D9241EAE1717D
:10ED60000891FEF731BE0223159386E60C9A0C2318
:10ED700013604FF0FF330993FEF7FCBE1B9B0E930D
:10ED800064E600BF67666666408E0400448E040039
:10ED900008B430B514469CB0B4F1005F1F9A054624
:10EDA00028D24FF4027302910691ADF81430B4B139
:10EDB000631E9B00049307934FF6FF73ADF8163064
:10EDC00002A920AB019301F071FA029B0022A0423C
:10EDD0001A600FD21CB0BDE8304001B070474FF64A
:10EDE000FF73ADF8163002A920AB04940794019389
:10EDF00001F05CFA8B232B604FF0FF30EAE700BF95
:10EE00000CB430B51B4B9DB0B1F1005F209A1D686A
:10EE10002BD24FF402730C46ADF8143002900690DA
:10EE2000B9B14B1E9B004FF6FF7104930793ADF8E9
:10EE3000161021AB02A92846019301F037FA029B74
:10EE40000022A0421A6010D21DB0BDE8304002B0CE
:10EE500070474FF6FF7121ABADF81610284602A996
:10EE600004940794019301F021FA8B232B604FF057
:10EE7000FF30E9E738CA05002DE9F04F83B00646B8
:10EE8000FBF71AFB40F2B1739E4240F3B0805E4A3A
:10EE9000466082FB06416FF4F663F41706EB030E3F
:10EEA000C4EBE115C4EB61144FF4C871A6F2B2775C
:10EEB000A6F26D7301FB15654FEAAE0E40F26D11BF
:10EEC00001FB07EE82FB0371DB17A3EB61139E448A
:10EED000B5FA85F35B0903EB43031B016FF4C861CB
:10EEE00001937318A2FB0332484F642303FB14649D
:10EEF00006F003010EEBD21E034600F150061A7A0B
:10EF00004A2A1FD0442A31D15A690EEB020C9A6961
:10EF100007FB0C22D3F828C062441A62D2175A6247
:10EF200028339E42EBD1046A816CC36C426A8C42E6
:10EF300072EB0303B4BF012300230360012003B07D
:10EF4000BDE8F08FD3F814C00CEB0E0239B934B120
:10EF5000BCF13B0FC8BF013202F1FF3CD7E7002DE7
:10EF6000FAD1BCF13B0FC8BF0132F5E7002942D00E
:10EF7000DDF804A0264A9244DA68012A42DD4FEA0D
:10EF8000820BABF10809D144AAF10402F446984679
:10EF900052F8043F91459C44FAD1ABF1040B43462F
:10EFA000DA44DFF870800CF1040288FB028909EB77
:10EFB00002084FEAE279C9EBA809C9EBC909D3F8FD
:10EFC0001480A2EB0902B8EB02091A69DAF8008092
:10EFD00002F1FF3248BF09F10709C2EBC2024A44FD
:10EFE000424502DB073A4245FCDA94448FE70020B1
:10EFF00003B0BDE8F08F019A002C0CBF92464FF091
:10F00000300AB7E7F446CCE71F85EB518051010089
:10F01000F08E040093244992031F00E030B153F8AE
:10F02000040F51F8042B9042F8D0801A704700BFAB
:10F030000B680022026002462BB142F8043B51F8F3
:10F04000043F002BF9D100231360704792B1013ABD
:10F05000844618D010B40B4601E0013A17D053F89B
:10F06000044B4CF8044B002CF7D1581A801001388F
:10F0700010BC70470B4653F8042B002AFBD1581ADA
:10F0800080100138704700220B460260F3E700222F
:10F09000CCF8002053F8042B002AFBD1E5E700BF91
:10F0A00000B50B4C25681446EE681A4685B0034639
:10F0B0000D464CB107490095CDE90114304606498B
:10F0C00001F04AF8F2F736FF04490C46F3E700BFB7
:10F0D00038CA05006C8E04007C8E0400786B040036
:10F0E00008B513460022FFF7DBFF00BF10B502FB97
:10F0F00001F1F4F74FF8044668B150F8042C22F0FF
:10F100000302043A242A18D8132A06D802460023F8
:10F11000C2E900339360204610BD00231B2AC0E9DA
:10F1200000330FD9242AC0E9023311BF00F11002C5
:10F13000036100F118024361E9E70021F4F7DAFC0A
:10F14000204610BD00F10802E1E700BF000000000A
:10F150002DE9F04F03690C69A34283B0C0F28680A9
:10F16000013C01F11405A30000F11408009355F8C7
:10F17000243058F8242001338A469A4208EB84014F
:10F18000814605EB84070191B2FBF3F638D30023E7
:10F19000AE4640469B465EF8041B02681FFA81FC9F
:10F1A00006FB0C33090C4FEA134C06FB01CC99B259
:10F1B000ABEB01011FFA8CF311FA82F1C3EB12429F
:10F1C00002EB214289B241EA0241774540F8041B33
:10F1D0004FEA1C434FEA224BDDD2009B58F8033024
:10F1E00073B9019B043B984504D307E0984504F1AB
:10F1F000FF3403D253F80429002AF7D0C9F810408D
:10F2000051464846FBF7C2FC00282BDB013640463E
:10F21000002355F8041BD0F800C08AB29A1A0B0CD0
:10F2200012FA8CF2C3EB1C4303EB224392B242EA84
:10F230000342AF4240F8042B4FEA2343E9D258F887
:10F24000242008EB84036AB9043B984504D307E003
:10F25000984504F1FF3403D253F80429002AF7D06B
:10F26000C9F81040304603B0BDE8F08F002003B06D
:10F27000BDE8F08F2DE9F04F016C99B090469946AA
:10F28000CDE90489259D044641B1426C4A600123C1
:10F2900093408B60FBF7C4F900232364B9F1000AA3
:10F2A000B4BF012300232B60754BBCBF2AF0004A7A
:10F2B000CDF814A033EA0A0300F0AA80DDE90423A4
:10F2C0001046194600220023CDE90A0103F030FD63
:10F2D000074670B1249A01231360269B002B00F08F
:10F2E000E28268481860431E0393039819B0BDE892
:10F2F000F08F16AB019317AB00932046DDE90A238C
:10F30000FBF794FD5FEA1A56054640F09780DDE969
:10F3100016763E4406F23240202840F3B383C0F113
:10F3200040000AFA00FA06F2124028FA00F04AEA0F
:10F33000000003F01BFA0123013EA1F1F8710F93C5
:10F34000514B002203F0D4F847A3D3E9002303F084
:10F3500087FA47A3D3E9002303F0CCF88046304670
:10F36000894603F013FA44A3D3E9002303F078FAA3
:10F3700002460B464046494603F0BCF880468946A3
:10F3800003F01EFD0022834600234046494603F059
:10F39000D9FC002840F07A82BBF1160F00F2698296
:10F3A0003A4B03EBCB03D3E90023DDE90A0103F079
:10F3B000C9FC002870D00023BE1B0E93731E0BF1F6
:10F3C000FF3B069300F15C8200230993BBF1000F21
:10F3D00069DA099BCDF81CB0A3EB0B030993CBF1C1
:10F3E00000030D93229B092B4FF0000B64D8052BD3
:10F3F00040F34683043B22930026229B023B032BCF
:10F4000000F26686DFE813F05A0457044E04310414
:10F41000249A42F20F73CAF3130A13605AEA0803DC
:10F420001AD1269B002B00F06286194B03930833F8
:10F43000269A0398136019B0BDE8F08FDDE90A122F
:10F44000C2F31303084643F07F510F97A6F2FF362D
:10F45000169F41F4401173E7269B002B40F0E88390
:10F460000C4B039341E700BF61436F63A787D23F13
:10F47000B3C8608B288AC63FFB799F501344D33FA3
:10F480000000F07F498E04000000F83FC08C0400AB
:10F49000B08E0400AC8E0400BE1B731E069300F1F8
:10F4A00085840E900990069B5B44CDE9063B0023C2
:10F4B0000D93229B092B9AD90023CDE922330126F3
:10F4C0004FF0FF330C960893089B12930021616460
:10F4D0002046FBF77FF80390002800F00186039B8D
:10F4E0002364089B0E2B00F21381002E00F0108184
:10F4F0000799002940F35C84AE4B01F00F0203EB47
:10F50000C2034FEA2118C905D3E9006740F114840A
:10F51000A94BDDE90A01D3E9082303F0CBFACDE9D1
:10F52000100108F00F084FF0030AB8F1000F13D0D4
:10F53000DFF8849218F0010F09D030463946D9E936
:10F54000002303F08DF90AF1010A06460F465FEA2F
:10F55000680809F10809EDD1DDE9100132463B46A2
:10F5600003F0A8FA804689460E9B43B1934B0022D4
:10F570004046494603F0E6FB002840F030855046FF
:10F5800003F004F942464B4603F06AF98C4B002223
:10F5900002F0B0FFA1F15073CDE910011193089B67
:10F5A000002B00F09780079B1493089B13930C9BF0
:10F5B000002B00F0A584139A7E4B8249039E03EB37
:10F5C000C20353E90223002003F074FADDE910239B
:10F5D00002F08EFFCDE910014946404603F0F0FBF2
:10F5E000074603F0D3F802460B464046494602F070
:10F5F0007FFF3037DDE9102306F8017B804689461E
:10F6000003F0A0FB002840F02985CDF854B0002776
:10F61000DDE910AB1095139D13942AE00137AF423A
:10F6200080F22C85684B50465946002203F018F9A9
:10F63000654B002282468B464046494603F010F94E
:10F640008946804603F0BCFB044603F09FF802465F
:10F650000B464046494602F04BFF303406F8014B5A
:10F6600052465B468046894603F06CFB002840F01A
:10F67000F38442464B465149002002F039FF52467E
:10F680005B4603F05FFB0028C8D0DDE91343109D03
:10F69000039A079302E0964200F0C884B24616F837
:10F6A000013D392BF7D00133DBB23370079B0133B7
:10F6B0000793C8E1504603F069F842464B4603F011
:10F6C000CFF83F4B002202F015FFA1F15073CDE9B6
:10F6D000100111933D4B40464946002202F008FFBD
:10F6E000DDE910894B46424606460F4603F048FBCB
:10F6F0008146002840F0AA84DDE91001024601F1AC
:10F7000000433046394603F01DFB002840F0458396
:10F71000179B002BC0F28C80079A0E2A00F388807A
:10F72000244B03EBC203D3E900AB239B002B1BDA72
:10F73000089B002B18DC40F02E83244B00225046FF
:10F74000594603F08DF802460B46DDE90A0103F045
:10F7500003FBDDF820904E46002800F0C782239B73
:10F76000DDF80C80DF43C9E2DDE90A7852465B46EA
:10F770003846414603F09EF903F022FB814609908A
:10F7800003F004F852465B4603F06AF8039E0B460A
:10F7900002464146384602F0ABFE09F1300306F856
:10F7A000013B089B012B00F05C8306940127049524
:10F7B0001C462AE0C08C0400B08D04000000F03F1D
:10F7C00000001C400000E03F000024400000144006
:10F7D00052465B464046494603F06CF903F0F0FAA6
:10F7E000054602F0D3FF52465B4603F039F8013775
:10F7F0000B4602464946404602F07AFE05F13003C8
:10F80000A74206F8013B00F02983AC4B002203F02D
:10F8100027F8002200238046894603F089FA002851
:10F82000D6D0049D069C079B01330793B2460AE19C
:10F830000C9A002A3DD0229A012A40F39C82089B10
:10F8400003F1FF380D9B4345C0F26D82A3EB08081E
:10F85000089B002BC0F23C83069A1A440692099A30
:10F8600017461A44099201212046FAF7DBFF0646A3
:10F8700023E00123BE1B0E93731E06937FF5A4ADF8
:10F88000C6F101030993002306939FE5584602F051
:10F890007DFF42464B4603F04BFA00287FF47CADD7
:10F8A0000BF1FF3B78E5864B0393039819B0BDE855
:10F8B000F08FDDF83480099F0C9E002F0CDD069937
:10F8C00000290B4608DD099AB942A8BF3B46D21A67
:10F8D000FF1ACB1A099206930D9BDBB10C9B002BF0
:10F8E00000F05D82B8F1000F0FDD31464246204640
:10F8F000FBF774F82A46014606462046FAF7C0FF91
:10F90000294605462046FAF78BFE0D9BB3EB08020D
:10F9100040F0D88201212046FAF784FFBBF1000FA6
:10F92000814600F3B480229B012B40F386814FF087
:10F93000000A0120BBF1000F40F0B580069A104488
:10F9400010F01F0000F09380C0F12003042B40F35F
:10F95000D283099BC0F11C0003440244099307446D
:10F960000692099B002B05DD29461A462046FBF727
:10F9700095F80546069B002B05DD49461A462046AC
:10F98000FBF78CF881460E9B002B40F03681089BDC
:10F99000002B40F31D810C9B002B40F0A080079BA7
:10F9A00001330793DDF80C80DDF820A0012707E084
:10F9B000294600230A222046FAF73CFE0137054675
:10F9C00049462846FFF7C4FB574500F1300308F8C5
:10F9D000013BEDDB089A002AC8BF9346039AD8BFC3
:10F9E0004FF0010B9344002729460122204604933F
:10F9F000FBF754F849460546FBF7C8F8002840F3E2
:10FA0000A8811BF8013C039A0BF1FF3B04E05A4527
:10FA100000F0AA811BF8013D392B0BF1010AF6D049
:10FA200001338BF8003049462046FAF7F9FD56B10C
:10FA30002FB1B74203D039462046FAF7F1FD3146DF
:10FA40002046FAF7EDFD29462046FAF7E9FD0023A6
:10FA50008AF80030249B079A1A60269B002B3FF4FB
:10FA600044AC0398C3F800A019B0BDE8F08F1C2087
:10FA7000099B03440993069B03440744069370E7DC
:10FA80000126BAE4C0F1200008FA00F051E4014672
:10FA90005A462046FAF7A2FF229B012B814640F3EB
:10FAA000B3814FF0000AD9F8103009EB83031869CD
:10FAB000FAF76AFEC0F1200040E700BF00002440D2
:10FAC000488E0400314600230A222046FAF7B2FD90
:10FAD000129B002B064640F3E782CDE90783002FF7
:10FAE00000F31A81BAF1000F40F0D581B046049BB3
:10FAF000039F089903F001027B1E1944229B0C927C
:10FB0000134309910A9349462846FFF721FB3146E2
:10FB100083462846FBF73AF8424649468246204645
:10FB2000FBF754F8C26801460BF13003002A42D1BA
:10FB3000069028460893FBF729F80699049020467A
:10FB4000FAF76EFD049A089B1AB90A99002900F089
:10FB50009B82BAF1000FC0F2638122994AEA010A3E
:10FB60000C9951EA0A0100F05B81002A00F3B4818C
:10FB7000099A3B7007F1010A9742D34600F0B2811F
:10FB8000294600230A222046FAF754FD4645054639
:10FB900031464FF000034FF00A02204612D0FAF728
:10FBA00049FD4146064600230A222046FAF742FD57
:10FBB00057468046A7E720460493FAF731FD049B99
:10FBC0000122C6E7FAF736FD5746064680469AE711
:10FBD000229B022B79DC0C9B002B80D1079B494692
:10FBE000013328460793FFF7B3FADDF80CB000F1B4
:10FBF00030030BF8013B0027F6E649462846FAF7A2
:10FC0000C5FF0028BFF6C3AE294600230A222046BE
:10FC1000FAF710FD079B03F1FF380C9B0546002BFC
:10FC20007FF450AF129B002B40F335820893B9E666
:10FC3000AF4B03930333FFF7FBBBDDE9041200294D
:10FC40007FF475AEC2F31303002B7FF470AEA94BA3
:10FC50001340002B00F0FE81099B01330993069BA2
:10FC6000013306934FF0010A63E601230C93239BB3
:10FC7000079A134412930133012B1F460893B8BF10
:10FC800001270021172F61647FF722AC0122042392
:10FC90005B0003F11400B842114602F10102F7D9EA
:10FCA000616415E401230C93239B002B4CDD12931C
:10FCB00008931F46E5E700230C93D8E700230C9335
:10FCC000F2E7129BCDF81C800893089B002B7FF471
:10FCD00046AD494605222046FAF7ACFC014681466E
:10FCE0002846FAF753FF00287FF739AD0398079F9E
:10FCF0003123804600F8013B0137039049462046F6
:10FD0000FAF78EFC7B1CDDF80CA00793CDF80C8075
:10FD1000002E7FF494AE96E631463A462046FAF736
:10FD2000BDFE0646DEE60D9BCDF83480A8EB03034E
:10FD30009B444FF000088BE5DDE90A234FF0020AEF
:10FD4000CDE91023FFF7F1BB012323930893FFF7BD
:10FD5000BBBB03D1049BDB073FF553AEDA461BF870
:10FD6000013D302BFAD05EE6079B039A01330793DF
:10FD70003123137057E60F9A002A00F0268103F210
:10FD80003343069ADDF834801A440692099A1746DE
:10FD90001A44099267E54FF000094E46DFE4294610
:10FDA0000D9A2046FAF71AFE0546B3E50E9067E570
:10FDB00000F00F81079A504B564206F00F0203EBFA
:10FDC000C203D3E90023DDE90A0102F049FD36113F
:10FDD0008046894600F07181484F00234FF0020AA7
:10FDE000F20706D5D7E9002302F03AFD0AF1010A2D
:10FDF0000123761007F10807F2D1002B3FF4B4ABD2
:10FE000080468946FFF7B0BB049B002B7FF449AEC8
:10FE1000DDE90412C2F31303002B3FF418AF40E6F0
:10FE2000002A12DD2946012220460493FAF736FE05
:10FE300049460546FAF7AAFE0028049B40F31881BC
:10FE4000392B00F0F9800BF13103BA460AF8013B77
:10FE5000079B0133374607934646E4E50995069C20
:10FE6000049D02460B4602F045FB52465B46804627
:10FE7000894602F085FF60B952465B4640464946D6
:10FE800002F056FF00283FF4CEAC099BD9077FF55E
:10FE9000CAAC039A02E471682046FAF79BFB074656
:10FEA000002800F00E81336902339A0006F10C013C
:10FEB0000C30F3F709FD394601222046FAF7EEFD32
:10FEC000804614E629462046FAF788FD054621E5D6
:10FED000DDE908239F1AC6E4392B00F0AD80BA464D
:10FEE0000133B3E7079A01323746079246467BE56E
:10FEF000AC8E04000000F07FC08C0400B08D0400C4
:10FF0000DDF84CA0844901EBCA01DDE9102351E979
:10FF1000020102F0A5FCCDE910014946404602F07D
:10FF20004FFF064602F032FC0B4602464946404669
:10FF300002F0DEFA039F53463036012B07F8016BBF
:10FF40008046894600F0AE80139E039B1E44734B8F
:10FF500000224046494602F083FC8946804602F072
:10FF60002FFF824602F012FC0AF1300A02460B46CD
:10FF70004046494602F0BCFA07F801ABB74280465A
:10FF80008946E4D1664B0022DDE9100102F0B2FAA5
:10FF900042464B4602F0D6FE002864D1DDE910232C
:10FFA0005F49002002F0A4FA42464B4602F0E8FE08
:10FFB00000283FF4ADABB246013E1AF8013C302BAD
:10FFC000F9D0149B013307933DE5169BC3F136032B
:10FFD000D7E6DDE90A894FF0020AFFF7C5BA089BA8
:10FFE000002B3FF467AB129B002B7FF791AB079A76
:10FFF000013ACDE913324046484B0022494602F00F
:020000024000BC
:100000002FFC804689460AF1010002F0BFFB424600
:100010004B4602F025FC434B002202F06BFAA1F1A3
:100020005073CDE910011193FFF7C1BA079B01335B
:1000300007933123FFF739BB079BBB460133079377
:10004000392337460BF8013B4646DCE44FF0000904
:100050004E464BE69A466CE4109D139C149B01336C
:100060000793B246EFE4149B039A0793FFF716BB7E
:100070007FF4EBAEDA077FF5E8AEE1E6DDF854B0E9
:10008000109D139CFFF744BB392BD5D0BAF1000F5C
:100090003FF7D9AED9E6229B022B3FF712AECDF83F
:1000A0001C809BE53E466DE7229B022B3FF709AE85
:1000B000129BCDF81C80089311E54FF0020AFFF760
:1000C00053BA194B19483A4640F2EA21FEF7E8FFC5
:1000D0000026666431462046FAF77CFA039078B928
:1000E000114B124800224FF4D571FEF7D9FF104B87
:1000F0000393FFF7FAB83FF434ACC0F13C00B7E427
:10010000039B236401224FF0FF33239612930C923A
:100110000893FFF7FDBA00BFC08C04000000244024
:100120000000E03F00001C401C8B0400BC8E04005B
:10013000B08E0400704700BF704700BF0CB400B51C
:1001400083B004AB53F8042B019301F073FB03B0AD
:100150005DF804EB02B070470EB410B583B005AB88
:10016000064C53F8042B01930146206801F062FB12
:1001700003B0BDE8104003B0704700BF38CA0500A7
:100180002DE9F04F89B0DDE916B7002B9946149997
:10019000129EBBBF03F10043994600232D23BBF100
:1001A000660FDDE918A590460B601BD0BBF1460F2A
:1001B00018D02BF02003452B159B02934B464CD0B7
:1001C00007A9049106A90391022101960091FFF766
:1001D00051F8BBF1670F04464AD1139BDB074AD4A1
:1001E000079B1EE01599CDE9016107A9049106A9B5
:1001F000039103214B4642460091FFF73BF804462A
:1002000000EB060B2378302B42D0159B1E685E4412
:10021000404649460022002302F08AFD68B3079653
:1002200033461B1B002B3B6013DD002D11DD013D10
:10023000621E2544AAF1040101E0954209D013464B
:1002400012F8010F41F8040F386802331B1B984263
:10025000F3DC504609B0BDE8F08F07A9049106A968
:1002600003910136022101960091FFF703F804463D
:10027000BBF1470FB1D02644CAE7079B9E42D0D9B5
:1002800030215A1C07921970079BB342F9D3C8E773
:10029000404649460022002302F04AFD0028B4D11E
:1002A000159BC6F101061E60B1E700BF2DE9F04FB6
:1002B000EBB00C46119300230F911E9316909246BB
:1002C000FAF756F903681B781B93A389190603D51F
:1002D0002369002B00F0D3860023CDE9223332AA14
:1002E000DDF8589014932192139390461593179329
:1002F0000B93DAF80030002B00F0B680544604E08F
:1003000054F8043F002B00F0A880252BF8D1544569
:1003100012D0A4EB0A039D10239AC8E900A313444A
:100320002393229B0133072B229300F3AE8008F125
:1003300008080B9B2B440B932368002B00F0948040
:1003400000234FF0FF32CDE90C2365681A9304F1C6
:10035000040A19461C460AF1040AA5F12002582A8B
:1003600000F29D80DFE812F068009B009B00BF0256
:100370009B009B009B009B009B009B00B4026B00BA
:100380009B00740096029B006B02590059005900B3
:100390005900590059005900590059009B009B0011
:1003A0009B009B009B009B009B009B009B009B0075
:1003B0009B001E019B001E019B009B009B009B005D
:1003C00087029B009B009B009B009B009B009B0067
:1003D0009B009B009B009B0070029B009B009B006E
:1003E0009B009B009B009B009B009B009B00D701F8
:1003F00065011E011E011E01F20165019B009B00AB
:10040000E5019B0039022602FC01F7019B00A501D2
:100410009B0091019B009B004C02002202EB820298
:1004200005EB4205A5F130025AF8045BA5F1300056
:100430000928F3D90D9290E7002940F080852946DC
:100440000123DAF8005086E70D98119240420D9092
:10045000DAF8005044F004047DE7A4EB0A03A24557
:100460004FEAA3057FF458AF239B002B41F03A805D
:100470000F9B9B8913F0400F0B9B18BF4FF0FF336E
:100480000B930B986BB0BDE8F08F0F9921AA4846EB
:10049000FBF756FC0028EBD10DF1C80849E7002B0B
:1004A00040F02386002DDFD0429500231A930123CC
:1004B0000A930E9342AF0023099410930C93129366
:1004C000099B13F0020302D00A9A02320A92099A97
:1004D00012F0840B05D10D9A0A99561A002E00F3DA
:1004E0009583239C1A9A7AB11AAAC8F80020229AF6
:1004F000013204340421072A23942292C8F80410FC
:1005000000F3C48308F108087BB1229B1FAA0133C2
:100510000834C8F80020072B4FF0080223942293D8
:10052000C8F8042000F3C0839044BBF1800F00F0B2
:1005300085820C9B0E9A9E1A002E00F3C382099BA3
:10054000DE0500F1D5810E9BC8F800709B001C44AD
:10055000C8F80430229B23940133072B229300F325
:10056000458308F10808099B5B0705D50D9B0A9A8E
:100570009D1A002D00F3A4830B9B0D9A0A998A42C1
:10058000ACBF9B185B180B93002C40F0D382002368
:100590002293109B1BB110994846F2F781F80DF198
:1005A000C808A6E6002B40F08287119E073626F089
:1005B000070633467268139253F8082B1492DDF83D
:1005C0004CB0149F11932BF00046AD4B384631468A
:1005D0004FF0FF3202F0DEFB002840F0D384A84B3E
:1005E000384631464FF0FF3202F0B6FB002840F0AB
:1005F000C984384659460022002302F0A3FB002894
:1006000040F056861A9E9F4F24F0800309939E4B1C
:100610000322472D88BF1F46002310930A920E9293
:100620000C931293002E3FF44BAF0A9B01330A93B5
:1006300046E7002B40F03887A706119E40F1D6848C
:10064000073626F007063246736852F8080B1192F7
:100650001946002BC0F251850C9B013300F0FB853D
:1006600024F08003099350EA01031A9E00F03F84AE
:10067000099C0A2871F1000380F09685303001232F
:10068000699009940E9369AFCDE114F02001119E99
:1006900040F0638414F0100340F0388514F04001FA
:1006A00000F0348556F8040B1196194680B20123E8
:1006B00064E0119E56F8047B4FF0000BCDF868B053
:1006C000002F00F0A38514F010010C9B129100F094
:1006D000A1845A1C00F0F0851A4659463846F8F7AE
:1006E000C9FE1090002800F09C87109B0C9A119670
:1006F000DB1B9B109A42A8BF1A4613460E92CDF8F8
:1007000030B0099423EAE3731A9E0A93CDF840B0FF
:10071000CDF848B086E7002B40F0CC86E206119E6B
:1007200040F14C8756F8043B4293119600234393C3
:10073000BCE6DAF800506C2D03BFDAF8045044F040
:1007400020040AF1040A44F0100404E6DAF8005028
:1007500044F04004FFE5DAF8005044F02004FAE5E4
:10076000119E30237825CDE91F3556F8040B474BF1
:10077000159344F0020411960021022300261A96D4
:100780000C9A571C00F0138124F08007099750EA57
:10079000010740F00B81002A40F02B81002B40F034
:1007A000AA8314F001030E9300F02D843023699383
:1007B00069AF38E114F02001119E40F0D88314F0A5
:1007C000100340F0A98414F0400100F0A58456F80D
:1007D000040B1196194680B2D0E7002B40F07086CA
:1007E000A60600F1B083E50600F19C84640640F1A2
:1007F0009984119E0B9A56F8043B11961A8078E55D
:10080000002B40F04E86214B119E159314F02001D1
:1008100023D0073626F007063346716853F8080BD5
:100820001193E30709D550EA010306D030231F9343
:1008300044F0020420950223A0E702239EE7DAF8A1
:10084000005044F0800486E5002B40F03686104BC3
:10085000119E159314F02001DBD114F0100340F029
:10086000EC8214F0400100F0E88256F8040B119677
:10087000194680B2D5E7DAF8005044F008046AE57A
:10088000FFFFEF7F508F0400608F0400908F040003
:10089000D48F0400504650F8045B2A2D00F047879F
:1008A000A5F13002092A98BF002200F2928602EBDD
:1008B000820205EB4205A5F1300250F8045BA5F178
:1008C0003006092EF3D942EAE2720C92824644E5E0
:1008D000119A52F8040B0D900028FFF6B5ADDAF826
:1008E0000050119237E5DAF8005044F0010432E587
:1008F000652D40F23081DDE913100022002302F063
:1009000017FA002800F01682229BBE4AC8F8002081
:10091000013304340422072B23942293C8F80420C3
:1009200000F3678408F10808DDE91D35AB4203DBFD
:10093000099BD8077FF517AE1BABC8F80030229B88
:10094000013304340422072B23942293C8F8042093
:1009500000F3738408F10808013D002D7FF703AE12
:10096000102D229BDFF8A0B240F336845F4640266C
:10097000DDF83CB005E008F10808103D102D40F30B
:100980002A8401334034072BC8E90076CDE92234AC
:10099000F1DD21AA59464846FBF7D2F9002840F07C
:1009A000D180DDE922340DF1C808E6E7099C012B6E
:1009B0003FF45FAE022B22D06AAF00F00703C008FD
:1009C00040EA4170C908303350EA010C3A4647F812
:1009D000043DF2D1E10721D5302B1FD03023083A56
:1009E00047F8043C6AAB9B1A9B1009940E93174678
:1009F00019E0012B00F0C085022B099CDCD1159A6F
:100A00006AAF00F00F03000952F8233047F8043DA5
:100A100040EA0170090950EA0103F2D109946AAB76
:100A2000DB1B9B100E930C9A0E998A424FF0000329
:100A3000B8BF0A4610930A921293F3E50D9B0A9AE7
:100A40009E1A002E7FF775AD102E229ADFF8B8B1EE
:100A500024DD214640235C46DDF83CB004E0103E36
:100A6000102E08F1080817DD01324031072AC8E9C5
:100A70000043CDE92221F2DD21AA594648460DF175
:100A8000C808FBF75DF900285CD1103E102EDDE9A7
:100A900022214FF04003E7DCA3460C46B6000132AA
:100AA0003444072ACDE92224C8F800B0C8F804600D
:100AB00000F3B6830C9B0E9A9E1A002E08F10808CC
:100AC0007FF73DAD102E229ADFF83CB123DD2146A1
:100AD00040235C46DDF83CB004E0103E102E08F1E7
:100AE000080816DD01324031072AC8E90043CDE984
:100AF0002221F2DD21AA59464846FBF721F908BB1D
:100B0000103E102EDDE922210DF1C8084FF0400300
:100B1000E8DCA3460C46B60001323444072ACDE98E
:100B20002224C8F800B0C8F8046000F3D38108F1AB
:100B3000080804E50F9921AA4846FBF701F90028A7
:100B40003FF425AD109B002B3FF492AC1099169802
:100B5000F1F7A6FD8CE41E9B012B40F37281229DD0
:100B6000C8F80070013504340423072D239422951E
:100B7000C8F8043000F3C48108F1080801351BAB44
:100B80000434C8F80030072D4FF00403CDE9225497
:100B9000C8F8043000F3C68108F10808DDE9131035
:100BA0000022002302F0C4F8002840F068811E9B58
:100BB000013B01359B0004371C44072DC8F8007029
:100BC0002295C8F80430239400F34C8108F10808FA
:100BD000179B01359B001C44C8F80430072D24AB3B
:100BE00022952394C8F800307FF7BBAC0F9921AA57
:100BF0004846FBF7A5F80028A4D1239C0DF1C808AE
:100C0000B1E400BF349004007C900400102EDDE9B4
:100C100022212BDDCDE9183553460F9DBA464024DD
:100C20004F46994604E0103E102E08F1080817DDE3
:100C30000132BA4B4031072AC8E90034CDE92221FC
:100C4000F1DD21AA294638460DF1C808FBF778F8EE
:100C500000287FF477AF103E102EDDE92221E7DC7B
:100C6000DDE918354846B94657468246B600013296
:100C70007418072AA949C8F80460CDE92224C8F8E5
:100C8000001000F3828208F108082BE40F991893F2
:100C900021AA4846FBF754F800287FF453AF239C61
:100CA000189B0DF1C8082FE40F9921AA4846FBF7BD
:100CB00047F800287FF446AF239C0DF1C80834E4C0
:100CC000102D229B1FDD0F9F402604E0103D102DAC
:100CD00008F1080817DD0133904A4034072BC8E9B2
:100CE0000026CDE92234F1DD21AA394648460DF12E
:100CF000C808FBF725F800287FF424AF103D102D1D
:100D0000DDE92234E7DCAD000133844AC8F8045041
:100D10002C44072BCDE92234C8F800207FF72CACF7
:100D20000F9921AA4846FBF70BF800287FF40AAF79
:100D3000239C21E41D9A1DAB002A0E9340F3FA81F7
:100D40001E9B43F31D06129B9E42A8BF1E46002E0B
:100D50000EDD229BC8F800700133B2001444072B4B
:100D60002293C8F80420239400F31B8408F1080898
:100D7000129D002EA8BFAD1B002D00F38F81129B8A
:100D80001E9E4FEA830B0E9B1D68B54280F23D818B
:100D9000229A013204341BAB0421072AC8F8003020
:100DA00023942292C8F8041000F38D8308F10808F8
:100DB000751BCBEB8606B610AE42A8BF2E46002EA2
:100DC0000FDD229BB20001335F441444072BC8F8A7
:100DD00000702293C8F80420239400F3FF8308F1E5
:100DE0000808002EA8BFAD1B002D7FF7BCAB102D4F
:100DF000229BDFF82CB140F3EF815F464026DDF8FF
:100E00003CB005E008F10808103D102D40F3E381E7
:100E100001334034072BC8E90076CDE92234F1DDF7
:100E200021AA59464846FAF78BFF00287FF48AAE7C
:100E3000DDE922340DF1C808E6E756F8040B1196F7
:100E4000EFE4099BDA073FF58AAE229DC8F80070EF
:100E5000013504340423072D23942295C8F8043067
:100E60007FF7B4AE0F9921AA4846FAF769FF002828
:100E70007FF468AEDDE922540DF1C808A8E61E9E95
:100E8000013E002E7FF7A4AE102EDFF894B040F3A1
:100E9000E781CDF830A04027DDF83CA005E008F15F
:100EA0000808103E102E40F3D98101354034072D3B
:100EB000C8E900B7CDE92254F1DD21AA51464846E0
:100EC000FAF73EFF00287FF43DAEDDE922540DF134
:100ED000C808E6E70F9921AA4846FAF731FF00282B
:100EE0007FF430AE239C0DF1C808FFF728BB0C9BA4
:100EF000002B40F0418300230C930E936AAF92E5E0
:100F00000F9921AA4846FAF71BFF00287FF41AAE72
:100F1000DDE922540DF1C80830E600BF3C90040022
:100F20007C9004000F9921AA4846FAF709FF00288F
:100F30007FF408AEDDE922540DF1C8082EE6DAF898
:100F40000050FFF708BA119E0B9956F8042B119622
:100F5000CB17C2E90013FFF7CCB9073626F0070616
:100F60003346716853F8080B1193012306E40736E2
:100F700026F007063346716853F8080B11930023D7
:100F8000FFF7FCBB149E32463046139E3346314673
:100F900001F000FF8346002840F0A5830C9B01333D
:100FA00000F02F8225F02003472B00F090811EA92E
:100FB000CDE904510C99009144F48071099101919B
:100FC000282107911DA942AE0E9103911CA9DDE9CC
:100FD00013320696029148461891FFF7D1F8B042B5
:100FE000074600F0C582CDF840B02EE256F8040B5B
:100FF0001196E6067CD461067AD540F3C0310B46E3
:1010000000B2FFF726BB6AAF0DE5099BD9077FF554
:10101000CFAEBDE6581C00F0FF821A4638469B460C
:10102000F2F7CEFB08B1A0EB070BBBF1270F00F2E4
:101030002783BBF1000F00F09483002310930DF57C
:10104000847C7A1EACF1040113460233DB1B12F8D8
:10105000010F41F8040F9B45F6D8BBF1000F14BFF8
:101060005A4601220E920CEB820367460A921196B1
:1010700000261E600C9609941A9EFFF7D3BA1698A4
:101080004021F2F787F80F9B18601861002800F0E4
:101090007C830F9A40235361FFF71EB9102D229BCA
:1010A000DFF8E8B240F39E81224640265C46DDF838
:1010B0003CB005E008F10808103D102D40F3908188
:1010C00001334032072BC8E90046CDE92232F1DD79
:1010D00021AA59464846FAF733FE00287FF432AD7C
:1010E000DDE922320DF1C808E6E71A91FFF7DAB917
:1010F000C1170B46002BBFF6AFAA40424FF02D069A
:1011000061EB41011A960123FFF73ABB56F8040B35
:1011100011960123FFF732BB56F8040B11960B46CC
:10112000FFF72CBB119E0B9A56F8043B1A601196E0
:10113000FFF7DFB8229B9649C8F80010013304344A
:101140000421072B23942293C8F8041000F39B81F9
:1011500008F10808002A40F09080099B1E9A03F0CD
:10116000010313433FF4FFA91BABC8F80030229BD7
:10117000013304340421072B23942293C8F804106C
:1011800000F3B98108F108088BE00F99189321AAA0
:101190004846FAF7D5FD00287FF4D4AC239C189B71
:1011A0000DF1C808FFF79EB96AAF09940A2200231F
:1011B00083460C4601F028FF303247F8042D002307
:1011C000584621460A2201F01FFFBBF10A0F74F1B5
:1011D0000003EBD223E4BB46AD00C8F800B02C44BA
:1011E000C8F804500133072BCDE922347FF7B9A9A1
:1011F000FCE40F9921AA4846FAF7A2FD00287FF4E3
:10120000A1AC239C0DF1C808FFF78EBB0C9B614F6E
:101210001196062B28BF06230E930A93FFF74BB9AE
:101220000F9921AA4846FAF78BFD00287FF48AAC73
:10123000239C0DF1C808FFF77CB90F9921AA4846F5
:10124000FAF77EFD00287FF47DAC1E9D239C0DF1F6
:10125000C808FFF781BB1A9EFFF70BBADDF830A074
:10126000C8F800B0B60001353444072DCDE922544A
:10127000C8F804607FF7AAACF4E51BABC8F80030EF
:10128000229B013304340421072B23942293C8F8B2
:10129000041000F3308108F10808002AC0F2CB8165
:1012A0001E9AC8F8007092001444C8F8042099E708
:1012B0002D261A96FFF7A7B93846CDF830B011960B
:1012C0000994F7F725FF03460E90FFF71BBA0C9918
:1012D000149A139B002908BF01210C91009144F43A
:1012E000807109910191282107911DA91EA842AE84
:1012F0000E9103911CA9CDE904500696029148462F
:101300001891FEF73DFFB042074600F00381CDF88B
:1013100040B00E9B1B681293DA1C03DB0C9A9342BD
:1013200040F33181023D129A0E992495531E002BF1
:101330000B60B6BFC2F101032B222D22092B24AE74
:10134000726040F3B881DFF850C032AA10468CFBBF
:101350000321DA17C2EBA10202EB8201A3EB4101E8
:10136000303140F8041C194663291346A0F10402E9
:10137000ECDCA0F108010DF1C80C30338C4542F8CB
:10138000043C40F2F78126A90AE000BF7C900400EB
:1013900034900400189004006766666652F8043BB7
:1013A00041F8043B32AB9A42F8D30DF1CF031B1A3C
:1013B00023F00303043326AA13449E1BB310179390
:1013C0001E9B179A012B1A440E9240F39B810E9B91
:1013D00001330E9323EAE3730A930023129347E049
:1013E000A3461446AD0001332C44072BCDE922342B
:1013F000C8F800B0C8F8045000F3AE8008F108083F
:10140000BDE41EA9CDE9045144F480710991019114
:10141000282107911DA90E9103911CA942AE189194
:10142000029106210091DDE9133206964846FEF747
:10143000A7FE0621B04207460C916BD0CDF840B014
:1014400025F02003472B3FF464AF0E9B662D1B68ED
:1014500012937FF468AF002B04F0010440F35B812A
:101460000C9E54EA060240F03981129B0A930E93B7
:10147000189B1E68002E00F082802D231A930023F3
:101480000C93FFF7D2B80F9921AA4846FAF758FCF7
:1014900000287FF457AB0E9B239C1A680DF1C808F7
:1014A00058E61A91FFF7AFB91A91FFF7C5B81A912C
:1014B000FFF77BB81A91FFF731B91A91FFF7C7B957
:1014C0001A91FFF78DB90F9921AA4846FAF738FC0F
:1014D00000287FF437AB0E9B1E9E1D68239C0DF1E8
:1014E000C80865E40F9C169821AA2146FAF728FC43
:1014F000A389FEF7BFBF0F9921AA4846FAF720FC3F
:1015000000287FF41FAB0E9B0DF1C8081A68DDE9B7
:101510002234C2E61E99282940F3DC80890048461F
:10152000F1F738FE1090002800F0278110990691FD
:101530001EA9CDE904510E990391189902910999B8
:1015400001910C9900911E990791DDE913324846EB
:10155000FEF716FE074673E70F9921AA4846FAF7E9
:10156000EFFB00287FF4EEAA239C0DF1C80806E4E7
:101570001E992829D2DC36E5099CFFF77FB80C9626
:101580001A9EFFF74FB81E9B129A9A4237DBE30769
:1015900000F19880134622EAE2720A920E936725C0
:1015A00066E70F9921AA4846FAF7CAFB00287FF49C
:1015B000C9AA239C0DF1C808FFF7DABB56F8040B43
:1015C000F0F7C6FC431C00F0D88042901196FFF75C
:1015D000ADB8002282460C92FEF7BFBE0F9921AA39
:1015E0004846FAF7ADFB00287FF4ACAA0E9B1E9D7F
:1015F0001B68239CED1A0DF1C808FFF7F2BB129A85
:10160000002AD4BFC2F10202012213440E9323EA3E
:10161000E3730A9367252BE73846F4F751F88346BE
:1016200003E50C9B119609941A9E0A930E930C9055
:101630001290FEF7F7BF55421032DFF860B12CDA96
:10164000224640265C46DDF83CB004E008F108087C
:10165000103D102D1FDD01334032072BC8E9004635
:10166000CDE92232F2DD21AA59464846FAF768FB55
:1016700000287FF467AADDE922320DF1C808E7E708
:101680000BF1010189004846F1F784FD84460028EA
:1016900073D01090D5E4A3461446AD0001332C441A
:1016A000072BCDE92234C8F800B0C8F804504ADC52
:1016B00008F10808F4E53033F3603023B360042305
:1016C00017937DE6129B01330E9323EAE3730A938B
:1016D0006725CDE6002337461093B1E60136F318AF
:1016E0000E930A93C4E6139B2D4F002BB8BF2D26F3
:1016F00024F080030993A8BF1A9E2A4BB8BF1A96FC
:10170000FEF786BF14F0010312937FF460AE22EA65
:10171000E2730A93ACE60C9B54EA030203D1012363
:101720000A930E93A4E602330E930A93A0E6119A4D
:10173000DAF80450824652F8040B119240EAE07045
:101740000C90FEF708BE0F9921AA4846FAF7F8FA5E
:1017500000287FF4F7A9DDE922341E9A0DF1C808AC
:101760009FE542ABCDF828B0CDF838B0CDF840B009
:101770001F467CE40223179322E60F998B8943F0DE
:10178000400213468A81FEF775BE169A0C23136039
:101790004FF0FF330B93FEF774BE00BF7C90040044
:1017A000708F0400808F04002DE9F84F4B6E9C046D
:1017B00090462DD59368126843B38B46064602F1D6
:1017C000080959E9025A5FEA9A0715D0043D002436
:1017D00001E0A7420ED055F8041F5A463046F8F7EC
:1017E0005DF8431C04F10104F3D10023C8E901337F
:1017F000BDE8F88FD8F808302AF0030AA3EB0A03F3
:10180000C8F8083009F10809002BDAD10020ECE70C
:10181000F8F776F80023C8E90133BDE8F88F00BF78
:1018200010B494680CB110BCBEE72046546010BCE4
:10183000704700BF2DE9F04FABB01C4688461746F5
:101840000693834618B1836B002B00F02582B8F90C
:101850000C1088048AB20AD4D8F8643041F40052DB
:1018600023F40053A8F80C20C8F8643092B2130790
:1018700040F1A480D8F81030002B00F09F8002F0D7
:101880001A020A2A00F0A8801AAB0D930023CDE9B2
:101890000E3309930DF1680905933B78002B00F096
:1018A0000D813C4604E014F8013F002B00F0E88075
:1018B000252BF8D1E51B40F0E5802378002B00F0C4
:1018C000FD804FF0000200218DF82F2063780491F5
:1018D0004FF0FF32671C084602928A460137A3F197
:1018E0002002582A00F2F780DFE812F03302F500F8
:1018F000F5002F02F500F500F500F500F500F50004
:10190000E5012B02F500F001F401F5002702590072
:1019100059005900590059005900590059005900FF
:10192000F500F500F500F500F500F500F500F5000F
:10193000F500F5000E02F500F500F500F500F500E4
:10194000F500F500F500F500F5009400F500F50050
:10195000F500F500F5008400F500F5004802F500FB
:10196000F500F500F500F500F500F500F500F500CF
:10197000F5003A02A701F500F500F5008902A7017C
:10198000F500F5007F02F50069029600C902C50264
:10199000F500A402F5008600F500F5008D02A3F124
:1019A0003002002417F8013B04EB840402EB4404EA
:1019B000A3F13002092AF5D9049490E7414658462C
:1019C000F7F796FD002840F03985B8F80C2002F0B2
:1019D0001A020A2A7FF458AFB8F90E30002BFFF62E
:1019E00053AF23463A46414658462BB0BDE8F04F28
:1019F00000F044BD4AF0100A1AF0200100F00F81F7
:101A0000069B073323F00703596853F8080B069326
:101A100001230EE04AF0100A1AF0200100F0F280D3
:101A2000069B073323F00703596853F8080B069306
:101A300000234FF000028DF82F2000220792029A17
:101A4000541C00F02F822AF08004019450EA010413
:101A500040F02682002A40F09584002B40F00E844E
:101A60001AF00103039340F03E841AACDDE90263EF
:101A70009E42B8BF1E46079B002B3ED001363CE07D
:101A8000E51B1BD00E9B0F9A01332A44072BC9E993
:101A900000750F920E9305DC09F10809059B2B4494
:101AA00005930AE7002A00F0D1830DAA4146584663
:101AB000FFF77AFE30B90DF16809EFE70F9B002BB5
:101AC00040F08584B8F80C305B0600F1B7840598C7
:101AD0002BB0BDE8F08F002940F07584002BEDD0CD
:101AE0008DF8403001264FF000038DF82F3003961B
:101AF00010AC0023CDF804A00293019B13F0020365
:101B00000793019B18BF023613F08403089304D196
:101B1000049B9D1B002D00F3DB82DDE90E1001F11B
:101B2000010C9DF82F3093B101300DF12F030121ED
:101B3000BCF1070FCDE90EC0C9F80030C9F8041098
:101B400000F3A682614609F108090CF1010C079B1C
:101B5000EBB10CAB0230C9F80030BCF1070F4FF00D
:101B60000203CDE90EC0C9F8043040F3AB8200286F
:101B700000F066830DAA41465846FFF715FE00287F
:101B8000A0D1DDE90E100DF1680901F1010C089BEF
:101B9000802B00F0C881DDE902329D1A002D00F390
:101BA0001C82039BC9F800401844BCF1070FCDE923
:101BB0000EC0C9F8043040F3B381002800F0D2828F
:101BC0000DAA41465846FFF7EFFD00287FF47AAF93
:101BD0000F980DF16809019B5A0704D5049B9C1BC3
:101BE000002C00F3C982DDE90423B242ACBF9B188C
:101BF0009B190593002840F0368200230E930DF1C7
:101C000068094AE61AF0100349D11AF0400146D09B
:101C1000069A52F8040B0692194680B209E71AF0A8
:101C2000100342D11AF040013FD0069A52F8040B3B
:101C30000692194680B20123FBE6002940F0E583B5
:101C40001AF0200F069B68D0073323F007031A46CB
:101C50005B6852F8080B06921946002BC0F2048309
:101C6000029B013300F08A839DF82F30079350EADE
:101C700001032AF0800A00F054830A2871F100035E
:101C800080F01283303001238DF86700CDF804A076
:101C900003930DF16704E9E6F0F7C2FBD7E5069B75
:101CA00053F8040B06930B46C3E6069B53F8040B4C
:101CB00006930123BDE6069B53F8042B0492002AE9
:101CC00080F20D83049A0693524204923B784AF0C4
:101CD000040A03E63C4614F8013B2A2B00F0B383C8
:101CE000A3F13002092A274698BF002400F293830B
:101CF00017F8013B04EB840402EB4404A3F1300227
:101D0000092AF5D90294EAE5002940F088834AF0CF
:101D1000100A1AF0200F069B96D153F8040B069375
:101D20001AF0100F40F09B821AF0400F00F09782DB
:101D300040F3C0310B4600B28FE73B784AF0800A8F
:101D4000CCE53B7801212B20C8E53B784AF0010A1D
:101D5000C4E53B7800287FF4C1AD01212020BDE51A
:101D6000069B4FF000028DF82F20012653F8042B1C
:101D70008DF840200693039610ACBAE6002940F097
:101D80005183BD4A09921AF0200144D0069A0732C5
:101D900022F00702516852F8080B06921AF0010F60
:101DA0000BD050EA010208D08DF8313030238DF885
:101DB00030304AF0020A02233BE6022339E60029CA
:101DC00040F026831AF0200F40F09A821AF0100F8C
:101DD00040F0CC821AF0400F00F0C882069B0599B3
:101DE00053F8042B0693118057E53B786C2B03BF07
:101DF0007B784AF0200A01374AF0100A6EE53B78FA
:101E00004AF0400A6AE5002940F0FC829B4A0992A8
:101E10001AF02001BAD11AF0100240F01B821AF019
:101E2000400100F01782069C54F8040B06941146FA
:101E300080B2B3E7069D55F8044B4FF000038DF8D0
:101E40002F30002C00F0A482029B5E1C00F07282F6
:101E50001A4600212046F1F7B3FC002800F0C282A8
:101E6000031B03939DF82F30079300230695CDF8AD
:101E700004A00293FAE53B784AF0200A2EE5069B7F
:101E800053F8040B069330238DF8303078238DF807
:101E900031307A4B09934AF0020A00210223C8E547
:101EA000DDF804A0012B3FF4E8AE022B1AAC12D1EE
:101EB000099A00F00F030009D35C04F8013D40EAE1
:101EC0000170090950EA0103F3D11AAB1B1BCDF8CD
:101ED00004A00393CAE500F00703C00840EA41707C
:101EE000C908303350EA0105224604F8013DF2D119
:101EF0001AF0010FE9D0302BE7D03023023A04F872
:101F0000013C1AAB9B1ACDF804A003931446ADE52F
:101F100003981A9401231B900F900E930DF16809FA
:101F200009F1080957E6049B9D1B002D7FF733AE8E
:101F3000102D40F37F82DFF848A152461023A246BD
:101F4000144607E001F1020E09F108091146103D9F
:101F5000102D1DDD4A1C1030072AC9E90043CDE9C8
:101F60000E20EFDD0DAA002800F08C804146584677
:101F70000DF16809FFF718FC00287FF4A3ADDDE937
:101F80000E10103D102D01F1010E4FF01003E1DC99
:101F9000234654469A462844BEF1070FCDE90EE089
:101FA000C9F800A0C9F8045040F3A481002800F04B
:101FB000F8810DAA41465846FFF7F6FB00287FF44A
:101FC00081ADDDE90232DDE90E109D1A002D01F12F
:101FD000010C0DF168097FF7E4AD102DDFF8A0A02A
:101FE0002BDD52461023A246144607E001F1020CF5
:101FF00009F108091146103D102D1BDD4A1C103057
:10200000072AC9E90043CDE90E20EFDD0DAA4146BC
:1020100018B358460DF16809FFF7C6FB00287FF496
:1020200051ADDDE90E10103D102D01F1010C4FF006
:102030001003E3DC234654469A462844BCF1070FBC
:10204000CDE90EC0C9F800A0C9F8045000F3E38040
:1020500009F108090CF1010CA3E54FF0010C014650
:102060000DF16809C7E70DAA41465846FFF79CFBEA
:1020700000283FF4C2AD25E528750400D88D040082
:10208000CC9004004FF0010E01460DF168095EE7A7
:10209000002800F0D2800DAA41465846FFF784FB85
:1020A00000287FF40FADDDE90E100DF1680901F194
:1020B000010C4CE502200CAB1B901A934FF0010C65
:1020C0000DF16809614609F1080901F1010C5EE5AD
:1020D000102D40F39181DFF804A3DDE90EC05246D4
:1020E0001023A2466146144607E001F1020C09F1F3
:1020F00008091146103D102D1BDD4A1C1030072A1F
:10210000C9E90043CDE90E20EFDD0DAA20B3414619
:1021100058460DF16809FFF747FB00287FF4D2AC61
:10212000DDE90E10103D102D01F1010C4FF01003F0
:10213000E3DC2346614654469A4628440729CDE904
:102140000E10C9F800A0C9F8045000F39C8009F1F2
:10215000080901F1010CE4E401464FF0010C0DF116
:102160006809C7E7019B0E9059074CD5049B9C1B3F
:10217000002C48DD0DF16809102C40F35681DFF882
:102180005CA20E9A53461025B2461E4606E0911CEC
:1021900009F108091A46103C102C19DD531C1030A7
:1021A000072BC9E90065CDE90E30F0DD0DAA28B393
:1021B00041465846FFF7F8FA00287FF483ACDDE982
:1021C0000E20103C102C02F101010DF16809E5DC34
:1021D000334656469A4620440729C9E900A4CDE96A
:1021E0000E107FF700AD70B10DAA41465846FFF7BB
:1021F000DBFA00287FF466AC0F98F4E40121024674
:102200000DF16809C7E7DDE90423B242ACBF9B18B2
:102210009B190593F1E400283FF47AAE0DAA4146DC
:102220005846FFF7C1FA00287FF44CAC0E9B0F987C
:1022300003F1010C0DF16809B3E4079B002B69D190
:102240004FF0010C01460DF16809A0E40E920DF16A
:10225000680923E4069A52F8040B06929EE5C1171A
:102260000B46002BBFF6FCAC2D2340428DF82F30DF
:10227000079361EB41010123FFF7E1BB029B03934D
:102280001AACFFF7F3BB002862D00DAA41465846AE
:10229000FFF78AFA00287FF415ACDDE90E100DF186
:1022A000680901F1010C3CE41AAC0A22002306463D
:1022B0000D4600F0A9FE303204F8012D002330460F
:1022C00029460A2200F0A0FE0A2E75F10003ECD286
:1022D0001AAB1B1BCDF804A00393FFF7C7BB0693F3
:1022E0003B78FFF7FBBA30238DF867300DF16704B8
:1022F000FFF7BCBB09F108090EF1010C71464AE475
:10230000DDE9050353F8041B0693C217C1E9000277
:10231000FFF7C3BA02200CAB1B901A930DF16809AA
:10232000D1E6029B002B7FF4ADACCDF804A0039363
:10233000FFF79BBB20460695CDF804A0F3F7C0F944
:102340009DF82F300793002303900293FFF78EBB75
:102350009DF82F3063B301239C461B930DF12F038F
:102360001A930DF168096046FFF7ECBB069B0599CF
:1023700053F8042B11600693FFF78FBA9DF82F30A6
:1023800007937AE4012BDDF804A07FF48EAD79E4A5
:10239000029E134C0695062E28BF06260396FFF7CD
:1023A000A8BB4FF0010C01460DF16809FFF7F3BB24
:1023B000079B002B7FF47EAE01464FF0010C0DF120
:1023C0006809FFF7E8BB8DF82F00FFF787BB0DAA60
:1023D00041465846FFF7E8F9FFF774BBBC9004008C
:1023E000EC8D0400029B03939DF82F300695CDE9F8
:1023F00001A00793FFF73ABB0E990F98DFF85CA096
:1024000001319AE68DF82F0000E58DF82F0017E4D2
:102410008DF82F00D6E400220292FFF760BA8DF803
:102420002F0074E48DF82F00ABE40E99DFF82CA098
:102430000131D0E6DFF828A0E646ACE54FF0FF33E7
:102440000593FFF744BB069A7B78274652F8044B66
:10245000069244EAE4740294FFF740BABC90040088
:10246000CC90040010B4044C84461346206810BC81
:102470000A466146FFF7DEB938CA050070B50C465A
:102480008989ADF58D6D21F00201ADF80C10616EFA
:102490001991E189ADF80E10E1690791616A09911E
:1024A0001AA9009104914FF48061029105910021D5
:1024B000069169460646FFF7BDF9051E07DB69462A
:1024C0003046EFF783FE002818BF4FF0FF35BDF808
:1024D0000C305B0603D5A38943F04003A381284653
:1024E0000DF58D6D70BD00BF81F0004102E000BFB1
:1024F00083F0004330B54FEA41044FEA430594EAC4
:10250000050F08BF90EA020F1FBF54EA000C55EAFE
:10251000020C7FEA645C7FEA655C00F0E2804FEACF
:102520005454D4EB5555B8BF6D420CDD2C4480EAB1
:10253000020281EA030382EA000083EA010180EAE1
:10254000020281EA0303362D88BF30BD11F0004F2F
:102550004FEA01314FF4801C4CEA113102D0404265
:1025600061EB410113F0004F4FEA03334CEA1333A0
:1025700002D0524263EB430394EA050F00F0A780B8
:10258000A4F10104D5F1200E0DDB02FA0EFC22FAB3
:1025900005F2801841F1000103FA0EF2801843FAA7
:1025A00005F359410EE0A5F120050EF1200E012A98
:1025B00003FA0EFC28BF4CF0020C43FA05F3C018D6
:1025C00051EBE37101F0004507D54FF0000EDCF14F
:1025D000000C7EEB00006EEB0101B1F5801F1BD3F8
:1025E000B1F5001F0CD349085FEA30004FEA3C0CFC
:1025F00004F101044FEA445212F5800F80F09A80F2
:10260000BCF1004F08BF5FEA500C50F1000041EBF5
:10261000045141EA050130BD5FEA4C0C404141EBF9
:102620000101013C28BFB1F5801FE9D291F0000FF4
:1026300004BF01460020B1FA81F308BF2033A3F1A3
:102640000B03B3F120020CDA0C3208DD02F1140C9A
:10265000C2F10C0201FA0CF021FA02F10CE002F1D5
:102660001402D8BFC2F1200C01FA02F120FA0CFCCE
:10267000DCBF41EA0C019040E41AA2BF01EB045117
:10268000294330BD6FEA04041F3C1CDA0C340EDC15
:1026900004F11404C4F1200220FA04F001FA02F358
:1026A00040EA030021FA04F345EA030130BDC4F116
:1026B0000C04C4F1200220FA02F001FA04F340EA0B
:1026C0000300294630BD21FA04F0294630BD94F0BC
:1026D000000F83F4801306BF81F480110134013DA3
:1026E0004EE77FEA645C18BF7FEA655C29D094EA14
:1026F000050F08BF90EA020F05D054EA000C04BF92
:102700001946104630BD91EA030F1EBF002100207C
:1027100030BD5FEA545C05D14000494128BF41F01B
:10272000004130BD14F580043CBF01F5801130BD7F
:1027300001F0004545F0FE4141F470014FF000000A
:1027400030BD7FEA645C1ABF194610467FEA655CBB
:102750001CBF0B46024650EA013406BF52EA03355D
:1027600091EA030F41F4002130BD00BF90F0000F4B
:1027700004BF0021704730B54FF4806404F1320487
:102780004FF000054FF0000150E700BF90F0000F40
:1027900004BF0021704730B54FF4806404F1320467
:1027A00010F0004548BF40424FF000013EE700BF37
:1027B00042004FEAE2014FEA31014FEA02701FBFC7
:1027C00012F07F4393F07F4F81F06051704732F0F9
:1027D0007F4208BF704793F07F4F04BF41F4002150
:1027E000704730B54FF4607401F0004521F00041AE
:1027F0001CE700BF50EA010208BF704730B54FF038
:1028000000050AE050EA010208BF704730B511F038
:10281000004502D5404261EB41014FF4806404F170
:1028200032045FEA915C3FF4D8AE4FF003025FEAF6
:10283000DC0C18BF03325FEADC0C18BF033202EB7A
:10284000DC02C2F1200300FA03FC20FA02F001FAD4
:1028500003FE40EA0E0021FA02F11444BDE600BF77
:1028600070B54FF0FF0C4CF4E06C1CEA11541DBF26
:102870001CEA135594EA0C0F95EA0C0F00F0DEF8F1
:102880002C4481EA030621EA4C5123EA4C5350EAD6
:10289000013518BF52EA033541F4801143F4801327
:1028A00038D0A0FB02CE4FF00005E1FB02E506F0B8
:1028B0000042E0FB03E54FF00006E1FB03569CF00D
:1028C000000F18BF4EF0010EA4F1FF04B6F5007F13
:1028D00064F5407404D25FEA4E0E6D4146EB060685
:1028E00042EAC62141EA55514FEAC52040EA5E500E
:1028F0004FEACE2EB4F1FD0C88BFBCF5E06F1ED8B8
:10290000BEF1004F08BF5FEA500E50F1000041EBEE
:10291000045170BD06F0004646EA010140EA02009B
:1029200081EA0301B4EB5C04C2BFD4EB0C0541EABD
:10293000045170BD41F480114FF0000E013C00F3D2
:10294000AB8014F1360FDEBF002001F0004170BDF6
:10295000C4F10004203C35DA0C341BDC04F114040F
:10296000C4F1200500FA05F320FA04F001FA05F29B
:1029700040EA020001F0004221F0004110EBD37068
:1029800021FA04F642EB06015EEA430E08BF20EA94
:10299000D37070BDC4F10C04C4F1200500FA04F337
:1029A00020FA05F001FA04F240EA020001F00041C9
:1029B00010EBD37041F100015EEA430E08BF20EA3C
:1029C000D37070BDC4F1200500FA05F24EEA020E84
:1029D00020FA04F301FA05F243EA020321FA04F0B3
:1029E00001F0004121FA04F220EA020000EBD3706A
:1029F0005EEA430E08BF20EAD37070BD94F0000F6A
:102A00000FD101F00046400041EB010111F4801F9D
:102A100008BF013CF7D041EA060195F0000F18BF4E
:102A2000704703F00046520043EB030313F4801F8A
:102A300008BF013DF7D043EA0603704794EA0C0F44
:102A40000CEA135518BF95EA0C0F0CD050EA41065A
:102A500018BF52EA4306D1D181EA030101F00041D7
:102A60004FF0000070BD50EA410606BF10461946FF
:102A700052EA430619D094EA0C0F02D150EA01360B
:102A800013D195EA0C0F05D152EA03361CBF10464C
:102A900019460AD181EA030101F0004141F0FE41EB
:102AA00041F470014FF0000070BD41F0FE4141F46F
:102AB000780170BD70B54FF0FF0C4CF4E06C1CEA6F
:102AC00011541DBF1CEA135594EA0C0F95EA0C0F24
:102AD00000F0A7F8A4EB050481EA030E52EA0335DF
:102AE0004FEA013100F088804FEA03334FF0805500
:102AF00045EA131343EA12634FEA022245EA11152D
:102B000045EA10654FEA00260EF000419D4208BFDD
:102B1000964244F1FD0404F5407402D25B084FEA8A
:102B20003202B61A65EB03055B084FEA32024FF436
:102B300080104FF4002CB6EB020E75EB030E22BF93
:102B4000B61A754640EA0C005B084FEA3202B6EB53
:102B5000020E75EB030E22BFB61A754640EA5C0002
:102B60005B084FEA3202B6EB020E75EB030E22BF92
:102B7000B61A754640EA9C005B084FEA3202B6EB93
:102B8000020E75EB030E22BFB61A754640EADC0052
:102B900055EA060E18D04FEA051545EA16754FEAB4
:102BA00006164FEAC30343EA52734FEAC2025FEAD2
:102BB0001C1CC0D111F4801F0BD141EA00014FF061
:102BC00000004FF0004CB6E711F4801F04BF014332
:102BD0000020B4F1FD0C88BFBCF5E06F3FF6AFAE4E
:102BE000B5EB030C04BFB6EB020C5FEA500C50F1DE
:102BF000000041EB045170BD0EF0004E4EEA113161
:102C000014EB5C04C2BFD4EB0C0541EA045170BD67
:102C100041F480114FF0000E013C90E645EA060EAB
:102C20008DE60CEA135594EA0C0F08BF95EA0C0FD9
:102C30003FF43BAF94EA0C0F0AD150EA01347FF421
:102C400034AF95EA0C0F7FF425AF104619462CE7F8
:102C500095EA0C0F06D152EA03353FF4FDAE10465B
:102C6000194622E750EA410618BF52EA43067FF4AC
:102C7000C5AE50EA41047FF40DAF52EA43057FF43C
:102C8000EBAE12E74FF0FF3C06E000BF4FF0010C47
:102C900002E000BF4FF0010C4DF804CD4FEA410CAB
:102CA0007FEA6C5C4FEA430C18BF7FEA6C5C1BD078
:102CB00001B050EA410C0CBF52EA430C91EA030FF9
:102CC00002BF90EA020F0020704710F1000F91EA56
:102CD000030F58BF994208BF90422CBFD8176FEA24
:102CE000E37040F0010070474FEA410C7FEA6C5CF2
:102CF00002D150EA013C07D14FEA430C7FEA6C5CF9
:102D0000D6D152EA033CD3D05DF8040B704700BF24
:102D10008446104662468C461946634600E000BF72
:102D200001B5FFF7B7FF002848BF10F1000F01BD44
:102D30004DF808EDFFF7F4FF0CBF012000205DF80F
:102D400008FB00BF4DF808EDFFF7EAFF34BF012094
:102D500000205DF808FB00BF4DF808EDFFF7E0FF2D
:102D600094BF012000205DF808FB00BF4DF808ED7E
:102D7000FFF7CEFF94BF012000205DF808FB00BFE5
:102D80004DF808EDFFF7C4FF34BF012000205DF8C7
:102D900008FB00BF4FEA410C7FEA6C5C02D150EAAD
:102DA000013C0AD14FEA430C7FEA6C5C02D152EA43
:102DB000033C02D14FF0000070474FF00100704714
:102DC0004FEA410212F5001215D211D56FF4787353
:102DD000B3EB625212D94FEAC12343F0004343EAF6
:102DE000505311F0004F23FA02F018BF40427047D1
:102DF0004FF00000704750EA013005D111F000405B
:102E000008BF6FF0004070474FF00000704700BFF0
:102E10004A0011D212F5001211D20DD56FF4787359
:102E2000B3EB62520ED44FEAC12343F0004343EAAE
:102E3000505323FA02F070474FF00000704750EAF9
:102E4000013002D14FF0FF3070474FF00000704763
:102E50004FEA4102B2F1E04324BFB3F5001CDCF1BC
:102E6000FE5C0DD901F0004C4FEAC0024CEA5070F4
:102E7000B2F1004F40EB830008BF20F00100704723
:102E800011F0804F21D113F13872BCBF01F0004026
:102E9000704741F480114FEA5252C2F11802C2F158
:102EA000200C10FA0CF320FA02F018BF40F00100D9
:102EB0004FEAC1234FEAD32303FA0CFC40EA0C008B
:102EC00023FA02F34FEA4303CCE77FEA625307D1C8
:102ED00050EA01331EBF4FF0FE4040F440007047FF
:102EE00001F0004040F0FE4040F40000704700BF99
:102EF0004FF0FF3C06E000BF4FF0010C02E000BFC6
:102F00004FF0010C4DF804CD4FEA40024FEA410367
:102F10007FEA226C18BF7FEA236C11D001B052EA1D
:102F2000530C18BF90EA010F58BFB2EB030088BFE3
:102F3000C81738BF6FEAE17018BF40F00100704752
:102F40007FEA226C02D15FEA402C05D17FEA236C34
:102F5000E4D15FEA412CE1D05DF8040B704700BF7B
:102F6000844608466146FFE70FB5FFF7C9FF002812
:102F700048BF10F1000F0FBD4DF808EDFFF7F4FF4B
:102F80000CBF012000205DF808FB00BF4DF808EDE4
:102F9000FFF7EAFF34BF012000205DF808FB00BF07
:102FA0004DF808EDFFF7E0FF94BF012000205DF829
:102FB00008FB00BF4DF808EDFFF7D2FF94BF0120DA
:102FC00000205DF808FB00BF4DF808EDFFF7C8FFD3
:102FD00034BF012000205DF808FB00BF4FEA40022B
:102FE0004FEA41037FEA226C02D15FEA402C08D10C
:102FF0007FEA236C02D15FEA412C02D14FF000003E
:1030000070474FF00100704753B94AB9002908BF13
:1030100000281CBF4FF0FF314FF0FF3001F016B910
:10302000ADF1080C6DE904CE00F03EF8DDF804E0E7
:10303000DDE9022304B0704738B505460C46284642
:10304000214600220023FFF77DFE28B928462146AD
:10305000BDE8384000F00AB8284604F1004100F00D
:1030600005F8404261EB410138BD00BFD0B50C4BC3
:10307000002206460F46FFF7F3FBFFF7C9FE0446A2
:10308000FFF774FB074B0022FFF7EAFB02460B46F3
:1030900030463946FFF72CFAFFF7BAFE2146D0BD7D
:1030A0000000F03D0000F0412DE9F047089E0D467C
:1030B00004468846002B4DD18A42944668D9B2FA1C
:1030C00082F252B101FA02F3C2F1200120FA01F1B9
:1030D0000CFA02FC41EA030894404FEA1C45210C1B
:1030E000B8FBF5FE1FFA8CF705FB1E8341EA03438C
:1030F0000EFB07F199420BD91CEB03030EF1FF30D5
:1031000080F01E81994240F21B81AEF1020E6344B1
:103110005B1AA4B2B3FBF5F005FB103344EA034499
:1031200000FB07F7A7420AD91CEB040400F1FF33A8
:1031300080F00881A74240F2058164440238E41B14
:1031400040EA0E4000211EB1D4400023C6E90043EE
:10315000BDE8F0878B4208D9002E00F0EE800021F8
:10316000C6E900050846BDE8F087B3FA83F10029F7
:103170004AD1AB4202D3824200F2F980841A65EB55
:10318000030301209846002EE2D0C6E90048DFE79D
:1031900002B9FFDEB2FA82F2002A40F09180A1EB80
:1031A0000C054FEA1C471FFA8CFE0121B5FBF7F313
:1031B00007FB1350250C45EA00450EFB03F0A8421F
:1031C00008D91CEB050503F1FF3802D2A84200F232
:1031D000CB8043462D1AA4B2B5FBF7F007FB105580
:1031E00044EA05440EFB00FEA64508D91CEB040486
:1031F00000F1FF3502D2A64500F2BB802846A4EBC1
:103200000E0440EA03409EE7C1F120078B4022FAFA
:1032100007FC4CEA030C20FA07F405FA01F31C43FF
:10322000FD404FEA1C4900FA01F3B5FBF9F8200C08
:103230001FFA8CFE09FB185540EA054508FB0EF005
:10324000A84202FA01F20BD91CEB050508F1FF3A7E
:1032500080F08880A84240F28580A8F10208654489
:103260002D1AA4B2B5FBF9F009FB105544EA054547
:1032700000FB0EFEAE4508D91CEB050500F1FF343E
:103280006CD2AE456AD90238654440EA0840A0FBDA
:103290000294A5EB0E05A542C846A64656D353D0C8
:1032A0005EB1B3EB080265EB0E0505FA07F722FAEB
:1032B00001F3CD401F43C6E900750021BDE8F0874A
:1032C000C2F1200320FA03F10CFA02FC25FA03F301
:1032D00095400D434FEA1C471FFA8CFEB3FBF7F1F4
:1032E00007FB11302B0C43EA004301FB0EF0984220
:1032F00004FA02F408D91CEB030301F1FF382FD2C2
:1033000098422DD9023963441B1AADB2B3FBF7F0D2
:1033100007FB103345EA034500FB0EF3AB4208D927
:103320001CEB050500F1FF3816D2AB4214D9023868
:103330006544ED1A40EA014138E73146304607E777
:103340008646E5E61846FAE64B45A9D2B9EB0208EF
:1033500064EB0C0E0138A3E74046EAE7204694E709
:103360004146D1E7D0467BE7023B654432E7084659
:1033700009E76444023842E703685A004CBF43F04F
:10338000004323F000431844704700BF2DE9F84381
:1033900029B34F1E044615463E464FF0000808EB81
:1033A000060101EBD171491004EBC1094846FFF752
:1033B000E3FF0346C80008308F42204409D0AB42E7
:1033C00009D8FFF7D9FF0138A8420AD201F1010854
:1033D000E5E7AB4205D9884501D04E1EDFE74FF047
:1033E00000094846BDE8F883012807D0022807D025
:1033F000044B00280CBF1846002070470248704755
:1034000002487047C13A0400C53A0400C93A0400B2
:1034100030B5234B83B004468D1E3BB301A928462B
:10342000AFF30080E8B101992A46FFF7AFFF0146EC
:10343000B8B1FFF7A1FF4B68A064012B2CD0002B83
:1034400001F1040024DBFFF797FF0023C4E9130315
:103450000368002B11DBFFF78FFF2061002003B012
:1034600030BD00230920236103B030BD0D4B0E4950
:10347000C91AC91018460191D6E7C3F30360FFF7D4
:10348000B3FF0028206114BF0020092003B030BD25
:103490000123C4E91303DBE7002323610520DEE7F2
:1034A00000000000C0B6040070C904000368DA0719
:1034B00010B5044606D49B0700F1480009D500F07A
:1034C0005BFC2368590709D51A070ED5DB0613D50F
:1034D00010BD00F049FC23685907F5D404F1D00071
:1034E00000F052FC23681A07F0D404F5A87000F02D
:1034F00053FC2368DB06EBD404F5E870BDE810400C
:1035000000F08EBC092070470346006800B11844E3
:10351000704700BF704700BF70B504460E46316C5F
:103520002046FFF775FF054688B9326C6261236952
:1035300032462146012098470828F0D0072806D1B6
:103540002846316CFFF7E6FF301D00F001FCEEF776
:10355000F1FC00BF2DE9F0470D1DD0F80C80D0F82C
:103560001890074614460FCDADF5727D0DF10C0C89
:10357000ACE80F000FCDACE80F000FCDACE80F00AA
:1035800095E80F0002AE4FF0000E8CE80F00C6F871
:1035900000E020E0336C7B614FF4F07231467AA892
:1035A000F0F792F93B697AAA394650469847889BCA
:1035B00073642146CDE9006905463B463A46012041
:1035C000C0470446E0B94FF4F0727AA93046F0F7EC
:1035D0007BF9082D1AD1316C3846FFF719FF0934F1
:1035E0005FFA84FA05460028D4D0B36B73643A4678
:1035F000CDE900693B464AF010010120C04700B107
:10360000092528460DF5727DBDE8F087072DF7D115
:103610002046316CFFF77EFF03A800F099FB00BF46
:10362000406C7047F0B5CB6B0B6401F1040C0E4697
:103630000546BCE80F00F9B001AC0FC4BCE80F00B0
:103640000FC4BCE80F000FC49CE80F004FF0FF3719
:1036500084E80F00009706E02B696A4629469847E0
:103660000828044608D110992846FFF7D1FE002803
:10367000F2D0092079B0F0BD6846FFF717FF062C9D
:10368000F7D131462846FFF747FF00BFC160D96B2D
:1036900082611964002219465CE700BF70B5C668F4
:1036A00043690B64AEB903690A4604460D460146F8
:1036B00002209847072805D008280FD12946204620
:1036C000FFF72AFF3046296CFFF724FF281D00F082
:1036D0003FFB0122FFF73EFFEEF72CFCEEF72AFC42
:1036E000C2681AB1CA6B0A64002233E79AE700BFC6
:1036F000704700BF836801460BB10120184770472F
:10370000012912D009D873B90F2A0CD800EB820214
:1037100018465368009A136070470339012994BF13
:10372000012002207047022070470846704700BF02
:1037300000B585B00A46002303A900911946FFF79A
:10374000DFFF039805B05DF804FB00BF012912D02C
:1037500009D873B90F2A0CD800EB8200009A1268BE
:103760004260184670470339012994BF01200220A6
:103770007047022070470846704700BF10B584B0FC
:10378000002303AC039200940A461946FFF7DEFFBC
:1037900004B010BD70B5D36B136402F1040C054680
:1037A0000C46BCE80F00ADF50E7D0DF15C0EAEE8E9
:1037B0000F00BCE80F00AEE80F00BCE80F00AEE859
:1037C0000F009CE80F004FF0FF368EE80F001696B2
:1037D00010E0FFF7D3FF214616A8A847034616AA14
:1037E0006946082083B9049B9847052806460CD0F3
:1037F000092809D026996846FFF70AFE03466A465B
:103800000C2116A8002BE4D0092616A8FFF74EFEBF
:1038100030460DF50E7D70BD2DE9F04FCC6C89B0B2
:103820001E4654F8043B06940D46174600F0030864
:10383000002E79D01A0C1B0405938DF81D2002234D
:10384000D2B204EB82048DF81C302B6DB8F1020F5C
:1038500008BFAC6B13F001030CD005A9384600F08B
:1038600079FB18B9082009B0BDE8F08F092009B02C
:10387000BDE8F08FD4F800A0BAF1000FEDD00193AD
:1038800000F008030293022E4AD0B4F800A0B4F866
:1038900002900434AB6C29F0010B0F2138469B4495
:1038A000FFF746FF834539D82AF001039B4483453F
:1038B00094BF002001204FEA490303F002030AF0FD
:1038C000010A43EA0A03012B49D0022B32D0002B14
:1038D000CCD1B8F1000F02D0002840F0CD800434E4
:1038E000D4F800A0BAF1000FCDD105A9384600F0F8
:1038F00031FB0028BAD1019B002BB3D00F213846F1
:10390000FFF716FF0E2102463846FFF737FF38460D
:103910006A4A0F21FFF732FF0720A8E70020CAE715
:10392000D4F804900834B5E71B0205930323ADF8DF
:103930001C308AE7236823F0004BB8F1000F45D113
:1039400028B1029A002A5CD0BBF1000F74D0002B82
:1039500000DA04340BF1010B04EB8B04C0E7B8F17F
:10396000000F19D1B0B163682268991C4FEAD27276
:103970003FF47CAF05F158010133049100F09080D1
:10398000201DFFF7C1FD04AB01462846C4F718FF10
:1039900000285BD10834A3E70D213846D5F82090E4
:1039A000FFF7C6FE8145F5D1AB6A9C42F2D12046B5
:1039B000FFF7E2FC0F2102463846FFF7DFFE3846EC
:1039C0002A460021FFF7DAFE072050E70D2138468E
:1039D000D5F82090FFF7ACFE814501D02368B6E70B
:1039E000AB6A9C42FAD104230022C5E90B23E318F9
:1039F000C5F828B06B632368002B59DB01230193C2
:103A0000A8E705F15803CDF80C8004F1040AB0468C
:103A100091461E460EE050460496FFF775FD0022C3
:103A2000014604AB284609F101090AF1040AC4F76A
:103A3000C7FEE0B9D945EED10D213846FFF778FE33
:103A4000049BAC62C5E90803062010E781460D21FE
:103A50003846FFF76DFEB9F1020F286225D12B46DB
:103A6000049A43F82C2F6B62AC620620FFE64646B0
:103A70002368DDF80C806AE72046FFF77DFC0434FC
:103A80000246AC6328461446C4F7F4FE00283FF40F
:103A9000EDAE384622460F21FFF770FE0720E6E61E
:103AA0000D213846FFF744FE2862049B6B62DBE77A
:103AB0000BF1010004EB80007AE700BF51810000A8
:103AC0000023A9E60123A7E60223A5E62DE9F0439A
:103AD0000646C3B015461C46042900F2BF80DFE845
:103AE00001F09E57BD2D0300002C40F0B780102A36
:103AF00000F2B4800368D80600F1F98020AF3846A0
:103B000000F098F9B46B394600234FF0010C0CFA21
:103B100003F22A42204603F1010303D050F8042B9C
:103B20000A600446042B01F10401F0D13846B46365
:103B300000F076F9002043B0BDE8F083032C40F09C
:103B40008D8094B204EB1243102B4FEA124500F221
:103B5000858003681F0700F1D28020AF384600F04F
:103B60003DF9B26B07EBC50154B10B46D01A01EB1E
:103B7000C401E4001D5843F8045B8B42FAD122448F
:103B80003846B26300F008F9002043B0BDE8F08386
:103B9000012C4FEA124895B25CD0052C5ED108EB9F
:103BA0000509B9F1200F59D8B8F10F0F79D9A946F5
:103BB000002D40F08A80B36B6DB320AF4FF0000949
:103BC00007EBC807043F03EBC50553F8041B47F890
:103BD000041FAB42F9D1B9F1000F0FD06F46414637
:103BE000102938BF102107EBC101843903EBC90547
:103BF00053F8040B41F8040FAB42F9D1012C00F04B
:103C00008680B8F10F0FB56347D9B9F1000F02D024
:103C1000684600F0B9F8002043B0BDE8F083ECB985
:103C2000806B23461FFA82FC0124371D04FA03F23D
:103C300012EA0C0F014604D051F8042B47F8232058
:103C400008460133102BF1D115F40055E3D1B063D0
:103C5000284604E008EB0503102B03D9022043B0EB
:103C6000BDE8F083B8F10F0FF8D83368DA0706D54E
:103C7000304623F0030340F8483B00F079F820AFCA
:103C8000384600F075F8B36B002D97D11D4604350A
:103C9000B563384600F068F8BDE720A800F06CF87E
:103CA000B3E7B9F1100F40D9A9F110093368D9076A
:103CB00008D523F00103304643F0020340F8483BA7
:103CC00000F05EF8B9F1000F32D033685A0720D403
:103CD000B8F10F0F25D96F463846C8F1100500F02E
:103CE00057F8002DB36B7FF77AAF20AF68E723F06A
:103CF0001003336006F5E87000F09CF8FEE623F050
:103D00000803036000F5A87000F068F825E720AF0D
:103D1000BDE7304623F0040340F8D03B00F038F80C
:103D2000D6E720A800F02CF8D5E74FF00009BDE752
:103D3000B8F10F0F3FF63FAF20AF384600F020F844
:103D4000B36B002D7FF43AAF384600F015F862E708
:103D500000F1340191E838009C46A6464CF8045D19
:103D600090E8FF0FE54600BD90EC210B704700BFC7
:103D700080EC210B704700BF90EC200B704700BF18
:103D800080EC200B704700BFD0EC200B704700BFC9
:103D9000C0EC200B704700BFF0EC0201F0EC021108
:103DA000F0EC0221F0EC0231F0EC0241F0EC0251B7
:103DB000F0EC0261F0EC0271F0EC0281F0EC0291A7
:103DC000F0EC02A1F0EC02B1F0EC02C1F0EC02D197
:103DD000F0EC02E1F0EC02F1704700BFE0EC020110
:103DE000E0EC0211E0EC0221E0EC0231E0EC0241F7
:103DF000E0EC0251E0EC0261E0EC0271E0EC0281E7
:103E0000E0EC0291E0EC02A1E0EC02B1E0EC02C1D6
:103E1000E0EC02D1E0EC02E1E0EC02F1704700BF1F
:103E2000B0FC0181B0FC0191B0FC01A1B0FC01B17A
:103E3000704700BFA0FC0181A0FC0191A0FC01A182
:103E4000A0FC01B1704700BFEC4600B52DE9005061
:103E50002DE9FF1F4FF000032DE90C0001A9FFF72A
:103E6000E1FBDDF840E012B0704700BFEC4600B562
:103E70002DE900502DE9FF1F4FF000032DE90C0044
:103E800001A9FFF70BFCDDF840E012B0704700BF5E
:103E9000EC4600B52DE900502DE9FF1F4FF000035F
:103EA0002DE90C0001A9FFF71BFCDDF840E012B082
:103EB000704700BFEC4600B52DE900502DE9FF1F0B
:103EC0004FF000032DE90C0001ABFFF7DFFBDDF83D
:103ED00040E012B0704700BFEC4600B52DE900503D
:103EE0002DE9FF1F4FF000032DE90C0001AAFFF799
:103EF00051FCDDF840E012B0704700BF027A034683
:103F00007AB9427AA2B14168013A10B442720868A3
:103F100003220C1D1A7202025C60000E10BC1A60B3
:103F200070470068013A1A7202021A60000E704768
:103F3000B020704700B585B0002303AA009219464F
:103F40000C22FFF7DDFB039805B05DF804FB00BF12
:103F5000F0E700BF2DE9F043054685B00E464FF06F
:103F600000083046FFF7CAFFB028044600F0BA80C8
:103F7000070620D500F0F003802B4DD0902B36D0D3
:103F8000A02B60D0B02B74D0C02B00F08B8000F041
:103F9000F803D02B0BD100F007020132052342F4C5
:103FA000002201212846FFF791FD0028D9D00920E1
:103FB00005B0BDE8F0838300DBB21F1D0DF10C09D5
:103FC00000231946CDF800900D222846FFF798FBF4
:103FD000039BCDF8009060064CBFDF1BFF18002349
:103FE0000D22194628460397FFF7B0FBB9E700F00A
:103FF0000D030D2BDBD003AF002300F00F02194699
:1040000000972846FFF77CFB002300970D221946F6
:104010002846FFF79BFBA4E73046FFF76FFF24021B
:104020002043B0F5004FC2D004010023A2B21946CC
:104030002846FFF74BFD0028B9D114F4004F18BFF4
:104040004FF001088DE7C24302F007034FF47F628F
:104050001A41010702F47F624FF0000348BF42F4A7
:10406000804219462846FFF731FD00283FF479AF1A
:104070009DE7B1283BD0B22800F09380B32841D00F
:1040800000F0FC03B42B92D000F0070201320123B0
:1040900042F4002219462846FFF718FD00283FF495
:1040A00060AF84E7C6284AD0C72854D000F0F80390
:1040B000C02B63D0C82868D0C9287FF478AF3046B9
:1040C000FFF71CFF020300F00F0002F47022013022
:1040D0000243012105232846FFF7F8FC00283FF49E
:1040E00040AF64E7B8F1000F18D0002060E7304619
:1040F000FFF704FF024600283FF459AF10F0F00329
:10410000C8D054E73046FFF7F9FE020300F00F0372
:10411000013302F470221A430123BBE703AC434688
:104120000E22414600942846FFF7EAFA00944346DF
:104130000F2241462846FFF709FB404638E7304644
:10414000FFF7DCFE020300F00F03013302F47022DC
:104150001A4303239EE73046FFF7D0FE02460028AD
:104160003FF425AF10F0F0037FF421AF042128467F
:10417000FFF7ACFC00283FF4F4AE18E700F00F02A4
:104180000132032342F4202284E73046FFF7B6FED3
:1041900000F0F00200F00F031032013343EA023264
:1041A00097E700230DF10C090D221946CDF8009078
:1041B0002846FFF7A5FA3046FFF7A0FE02064FF0AB
:1041C00002040CD5039B00F07F00A040184403902C
:1041D0003046FFF793FE030604F10704F2D4039B75
:1041E000CDF8009000F07F02A24003F501731A445D
:1041F0000023039219460D222846FFF7A7FAB0E6DE
:1042000010B5C26C536884B04FF0030C08321C0226
:1042100008461B0E01A9019402928DF80CC08DF87E
:104220000D30FFF797FE04B010BD00BF08B5FFF7D3
:104230008FFE806C08BD00BF08B5FFF789FEC06C1B
:10424000C379023300EB830008BD00BF704700BF95
:10425000024B58221A604FF0FF30704704EB050004
:10426000024B58221A604FF0FF30704704EB0500F4
:10427000024B58221A604FF0FF30704704EB0500E4
:10428000024B58221A600020704700BF04EB050063
:10429000024B58221A604FF0FF30704704EB0500C4
:1042A000024B58221A604FF0FF30704704EB0500B4
:1042B000024B58221A604FF0FF30704704EB0500A4
:1042C000044A05491368002B08BF0B4618441060C8
:1042D0001846704730EB050034EB0500024B5822BE
:1042E0001A604FF0FF30704704EB0500FEE700BF97
:0C42F000F8B500BFF8BC08BC9E46704743
:10430000783A20002C20793A200000002C207A3ABC
:10431000200000002C2064697374616E63653A208C
:10432000000000007374643A3A65786365707469DC
:104330006F6E00007374643A3A6261645F6578631B
:10434000657074696F6E00006C7304006C43040048
:104350006C7304008C43040024440400B043040044
:10436000644304006C730400C44304004E31305FA6
:104370005F637878616269763131355F5F666F724D
:104380006365645F756E77696E6445004E31305FBA
:104390005F637878616269763131395F5F666F7229
:1043A0006569676E5F657863657074696F6E4500F7
:1043B000537431336261645F657863657074696FEB
:1043C0006E000000537439657863657074696F6EB0
:1043D0000000000000000000584304004D89000068
:1043E000618900005989000024440400F44304005A
:1043F000347304004E31305F5F63787861626976B0
:104400003132305F5F73695F636C6173735F7479BE
:1044100070655F696E666F45000000000000000077
:10442000E84304008190000095900000A1910000F5
:10443000A1910000F9FB020029FB0200719100002C
:10444000ED900000B19000006C7304005044040033
:10445000537439747970655F696E666F000000008F
:10446000430000006C7304006C4404004E53743627
:104470006C6F63616C65356661636574450000004F
:104480003CEA050098E9050020EA05008CE90500F2
:1044900028EA050094E9050044EA0500A0E90500C2
:1044A00040EA05009CE905004CEA0500A8E9050082
:1044B00048EA0500A4E9050024EA050090E90500A2
:1044C0009CEA0500D8E9050080EA0500CCE9050072
:1044D00088EA0500D4E90500A4EA0500E0E9050042
:1044E000A0EA0500DCE90500ACEA0500E8E9050002
:1044F000A8EA0500E4E9050084EA0500D0E9050022
:104500000000000000000000000000001867040028
:1045100091A70000CDA70000000000000C67040078
:10452000E9A7000025A80000000000003C6F04007F
:1045300041A800007DA8000000000000306F0400CA
:1045400099A80000D5A800007472756500000000ED
:1045500066616C736500000074000000720000006A
:10456000750000006500000000000000660000000B
:10457000610000006C000000730000006500000096
:104580000000000000000000F466040035AF0000E9
:1045900069AF000000000000186F040085AF000044
:1045A000B9AF000053743132636F64656376745F32
:1045B00062617365000000006C730400A445040090
:1045C00000000000D04604000000000000000000D1
:1045D00079900000799000007990000079900000B7
:1045E00079900000799000007990000000000000B0
:1045F00090460400000000000000000079900000D8
:104600007990000079900000799000007990000086
:10461000799000007990000000000000B04604008E
:104620000000000000000000799000007990000078
:104630007990000079900000799000007990000056
:1046400079900000000000007046040000000000A7
:10465000000000007990000079900000799000003F
:104660007990000079900000799000007990000026
:104670001074040020470400000000000200000045
:104680006444040002000000B84504000200000079
:1046900010740400504704000000000002000000F5
:1046A0006444040002000000B84504000200000059
:1046B00010740400804704000000000002000000A5
:1046C0006444040002000000B84504000200000039
:1046D00010740400B0470400000000000200000055
:1046E0006444040002000000B84504000200000019
:1046F00024440400E04704007046040024440400FD
:104700000048040090460400244404001C480400AF
:10471000B0460400244404003C480400D046040091
:10472000537432335F5F636F64656376745F616295
:104730007374726163745F6261736549446944753F
:1047400031305F6D6273746174655F7445000000A1
:10475000537432335F5F636F64656376745F616265
:104760007374726163745F62617365494469633134
:10477000305F6D6273746174655F744500000000A2
:10478000537432335F5F636F64656376745F616235
:104790007374726163745F626173654944734475D5
:1047A00031305F6D6273746174655F744500000041
:1047B000537432335F5F636F64656376745F616205
:1047C0007374726163745F626173654944736331CA
:1047D000305F6D6273746174655F74450000000042
:1047E000537437636F646563767449446944753103
:1047F000305F6D6273746174655F74450000000022
:10480000537437636F646563767449446963313008
:104810005F6D6273746174655F74450053743763D0
:104820006F6465637674494473447531305F6D62BB
:1048300073746174655F74450000000053743763DE
:104840006F64656376744944736331305F6D62737E
:10485000746174655F74450000000000F046040058
:1048600089B40000F1B4000095B8000035B2000032
:1048700041B7000019B200001DB2000011B70000DE
:1048800021B2000000000000FC46040061B40000FA
:10489000B9B4000095B9000025B2000019BA0000B3
:1048A00019B200001DB20000E9B9000021B20000F9
:1048B000000000000847040075B40000D5B40000F3
:1048C000EDB700002DB2000005B9000019B20000DC
:1048D0001DB2000095B7000021B2000000000000EA
:1048E000144704004DB400009DB40000DDB6000084
:1048F00011B20000E5BB000019B200001DB20000BB
:10490000EDBA000021B20000756E696E69746961CC
:104910006C697A6564205F5F616E795F7374726938
:104920006E67000063616E6E6F7420637265617400
:1049300065207368696D20666F7220756E6B6E6F8F
:10494000776E206C6F63616C653A3A66616365747B
:10495000000000004E5374366C6F63616C65356601
:1049600061636574365F5F7368696D4500000000C0
:104970006C7304005449040010740400784B040064
:104980000000000002000000446704000200000074
:1049900070490400020C000010740400AC4B0400C9
:1049A0000000000002000000886F04000200000008
:1049B00070490400020C000010740400E04B040075
:1049C0000000000002000000686704000200000010
:1049D000704904000210000010740400184C040018
:1049E0000000000002000000AC6F040002000000A4
:1049F000704904000210000010740400504C0400C0
:104A000000000000020000008867040002000000AF
:104A100070490400020C000010740400884C04006B
:104A20000000000002000000CC6F04000200000043
:104A300070490400020C000010740400C04C040013
:104A40000000000002000000946704000200000063
:104A5000704904000208000010740400F84C0400BF
:104A60000000000002000000D86F040002000000F7
:104A7000704904000208000010740400304D040066
:104A80000000000002000000C067040002000000F7
:104A9000704904000208000010740400684D04000E
:104AA000000000000200000004700400020000008A
:104AB000704904000208000010740400A04D0400B6
:104AC0000000000002000000CC67040002000000AB
:104AD000704904000208000010740400D84D04005E
:104AE000000000000200000010700400020000003E
:104AF000704904000208000010740400104E040005
:104B00000000000002000000A8660400020000008F
:104B100070490400020C0000107404004C4E0400A4
:104B20000000000002000000C8660400020000004F
:104B300070490400020C000010740400884E040048
:104B40000000000002000000CC6E04000200000023
:104B500070490400020C000010740400C44E0400EC
:104B60000000000002000000EC6E040002000000E3
:104B700070490400020C00002A4E537431335F5F09
:104B800066616365745F7368696D7331325F474C4A
:104B90004F42414C5F5F4E5F313132636F6C6C61ED
:104BA00074655F7368696D49634545002A4E5374A7
:104BB00031335F5F66616365745F7368696D73311C
:104BC000325F474C4F42414C5F5F4E5F3131326341
:104BD0006F6C6C6174655F7368696D4977454500FA
:104BE0002A4E537431335F5F66616365745F736827
:104BF000696D7331325F474C4F42414C5F5F4E5F8E
:104C00003131336D657373616765735F7368696DA7
:104C100049634545000000002A4E537431335F5FFD
:104C200066616365745F7368696D7331325F474CA9
:104C30004F42414C5F5F4E5F3131336D657373613D
:104C40006765735F7368696D4977454500000000CB
:104C50002A4E537431335F5F66616365745F7368B6
:104C6000696D7331325F474C4F42414C5F5F4E5F1D
:104C70003131336E756D70756E63745F7368696D15
:104C800049634545000000002A4E537431335F5F8D
:104C900066616365745F7368696D7331325F474C39
:104CA0004F42414C5F5F4E5F3131336E756D7075B1
:104CB0006E63745F7368696D497745450000000055
:104CC0002A4E537431335F5F66616365745F736846
:104CD000696D7331325F474C4F42414C5F5F4E5FAD
:104CE00031313374696D655F6765745F7368696DD1
:104CF00049634545000000002A4E537431335F5F1D
:104D000066616365745F7368696D7331325F474CC8
:104D10004F42414C5F5F4E5F31313374696D655F67
:104D20006765745F7368696D4977454500000000E9
:104D30002A4E537431335F5F66616365745F7368D5
:104D4000696D7331325F474C4F42414C5F5F4E5F3C
:104D50003131346D6F6E65795F6765745F73686953
:104D60006D496345450000002A4E537431335F5F3F
:104D700066616365745F7368696D7331325F474C58
:104D80004F42414C5F5F4E5F3131346D6F6E6579DC
:104D90005F6765745F7368696D497745450000001A
:104DA0002A4E537431335F5F66616365745F736865
:104DB000696D7331325F474C4F42414C5F5F4E5FCC
:104DC0003131346D6F6E65795F7075745F736869CA
:104DD0006D496345450000002A4E537431335F5FCF
:104DE00066616365745F7368696D7331325F474CE8
:104DF0004F42414C5F5F4E5F3131346D6F6E65796C
:104E00005F7075745F7368696D4977454500000090
:104E10002A4E537431335F5F66616365745F7368F4
:104E2000696D7331325F474C4F42414C5F5F4E5F5B
:104E30003131356D6F6E657970756E63745F73684F
:104E4000696D49634C623045454500002A4E5374F4
:104E500031335F5F66616365745F7368696D733179
:104E6000325F474C4F42414C5F5F4E5F3131356D91
:104E70006F6E657970756E63745F7368696D496391
:104E80004C623145454500002A4E537431335F5F13
:104E900066616365745F7368696D7331325F474C37
:104EA0004F42414C5F5F4E5F3131356D6F6E6579BA
:104EB00070756E63745F7368696D49774C623045D5
:104EC000454500002A4E537431335F5F6661636568
:104ED000745F7368696D7331325F474C4F42414C68
:104EE0005F5F4E5F3131356D6F6E657970756E63E2
:104EF000745F7368696D49774C62314545450000C0
:104F0000000000007849040031CA000009CB00000D
:104F100099BF000029C5000035B70100000000005E
:104F200098490400D1CA000049CB0000E9C1000043
:104F300079C500000961020000000000B8490400C2
:104F400081C6000091C70000CDC1000025C6000049
:104F5000C1C1000000000000D8490400A9C600003B
:104F6000F1C7000019C40000C9C500000DC400004D
:104F700000000000F8490400D1C9000069CA00001F
:104F800019B7010021B7010049BC0100C9BB0100EC
:104F900009BC010000000000184A0400C1C800005C
:104FA0009DCA0000ED600200F5600200BD640200D1
:104FB0003D660200B565020000000000384A0400AA
:104FC00001C70000F1C80000F9C00000B9C000002E
:104FD00079C0000039C00000F9BF0000B9BF00006F
:104FE00000000000584A040031C7000061C90000F9
:104FF00049C3000009C30000C9C2000089C2000003
:1050000049C2000009C2000000000000784A040004
:1050100061C7000051C8000005C1000039CE000082
:1050200000000000984A0400C1C7000089C80000C1
:1050300055C3000079CD000000000000B84A04000C
:10504000D1C6000029C9000081C10000ADC4000024
:1050500000000000D84A040021C8000099C90000DF
:10506000D1C3000035C4000000000000F84A04006D
:10507000BDCB000059CC000039B6010041B601009B
:10508000C9BA010009BB010049BB010089BB01008D
:1050900049B6010051B601007DB6010000000000D4
:1050A000184B040089CB000095CC0000A9B6010084
:1050B000B1B6010009BA010049BA010089BA01007C
:1050C000C9B90100B9B60100C1B60100EDB60100D1
:1050D00000000000384B0400F1CB00000DCD0000B3
:1050E0000D600200156002004D6402002D65020093
:1050F00071650200F96502001D6002002560020072
:105100005160020000000000584B040025CC000054
:10511000D1CC00007D60020085600200DD630200EA
:1051200081660200C5660200096702008D60020008
:1051300095600200C160020025733A205F5F706FC6
:10514000732028776869636820697320257A752938
:10515000203E20746869732D3E73697A6528292082
:1051600028776869636820697320257A75290000AB
:1051700062617369635F737472696E673A3A636FF1
:105180007079000062617369635F737472696E673E
:105190003A3A5F535F637265617465006261736977
:1051A000635F737472696E673A3A5F4D5F726570E0
:1051B0006C6163655F61757800000000626173690E
:1051C000635F737472696E673A3A61737369676E8D
:1051D0000000000062617369635F737472696E67D7
:1051E0003A3A617070656E64000000006261736934
:1051F000635F737472696E673A3A726573697A6550
:105200000000000062617369635F737472696E67A6
:105210003A3A5F535F636F6E737472756374206E96
:10522000756C6C206E6F742076616C696400000090
:105230005374313063747970655F62617365000027
:105240006C730400305204001074040074520400A3
:10525000000000000200000064440400020000009E
:105260004052040002000000244404008052040064
:10527000486F040053743563747970654963450061
:1052800053743563747970654977450000000000F8
:105290004852040031F60000D1F6000099F70000F2
:1052A00021F80000ADF700006DF800002187000034
:1052B00091F600002DF600007DF6000000000000D1
:1052C0006852040059F60000A5F60000B9F8000085
:1052D0002DFA000091FA00000DFB0000CDF900004E
:1052E000D5F90000FDF9000005FA000089FB000077
:1052F00091FB0000B5FB0000D9FB000073706163F7
:10530000650000007072696E74000000636E747254
:105310006C00000075707065720000006C6F77653E
:1053200072000000616C7068610000006469676968
:105330007400000070756E63740000007864696723
:1053400069740000616C6E756D00000067726170B9
:105350006800000062617369635F737472696E67ED
:105360003A3A5F4D5F636F6E737472756374206E4B
:10537000756C6C206E6F742076616C69640000003F
:105380004300000062617369635F737472696E67E2
:105390003A3A657261736500252E2A4C660000005A
:1053A000256D2F25642F25790000000025483A251A
:1053B0004D00000025483A254D3A255300000000D5
:1053C000537431306D6F6E65795F62617365000093
:1053D0006C730400C0530400537431336D657373F0
:1053E000616765735F626173650000006C73040040
:1053F000D853040053743974696D655F62617365D5
:10540000000000006C730400F4530400000000006E
:105410006C550400B1FE000075FF0000CDFE0000D9
:1054200099FF0000D9FD000000000000985504001D
:10543000C9AD0000F5AD0000BDFD0000C5FD0000D8
:10544000CD00010075040100DD0401000000000032
:105450004C550400D1A40000FDA400004DFD000047
:1054600055FD00006D020100D50201003D03010061
:10547000A50301005DFD000065FD000091FD000039
:10548000000000002C55040035A5000061A50000B7
:10549000DDFC0000E5FC00000D0401009D010100A1
:1054A0000502010035010100EDFC0000F5FC0000E3
:1054B00021FD0000000000007855040081FE00007E
:1054C0009DFE0000D1FD0000050F0300D5FD00008A
:1054D00000000000C4550400F1FD00002DFE000096
:1054E000251D0100CD1D010000000000D055040065
:1054F00005FE000049FE000065270100C9280100E3
:1055000000000000A455040019FE000065FE000024
:10551000CDFD00005942010035430100693301000F
:10552000A5340100C12A01001144010010740400D7
:10553000DC55040000000000020000006444040088
:1055400002000000D05304000200000010740400A8
:10555000FC55040000000000020000006444040048
:1055600002000000D05304000200000024440400A4
:105570001C560400644404001074040034560400F3
:10558000000000000200000064440400020000006B
:10559000EC530400020000002444040050560400B0
:1055A00064440400107404006C5604000000000001
:1055B00002000000644404000200000004540400DF
:1055C0000200000024440400B456040064440400B3
:1055D00024440400FC560400644404004E53743711
:1055E0005F5F637878313131306D6F6E65797075DA
:1055F0006E637449634C6230454545004E537437C1
:105600005F5F637878313131306D6F6E65797075B9
:105610006E637449634C6231454545004E5374379F
:105620005F5F637878313137636F6C6C61746549A3
:10563000634545004E5374375F5F63787831313886
:105640006D657373616765734963454500000000CC
:105650004E5374375F5F6378783131386E756D7093
:10566000756E637449634545000000004E537437FE
:105670005F5F63787831313874696D655F67657431
:105680004963537431396973747265616D6275660B
:105690005F6974657261746F724963537431316309
:1056A0006861725F74726169747349634545454509
:1056B000000000004E5374375F5F637878313139F2
:1056C0006D6F6E65795F67657449635374313969CD
:1056D00073747265616D6275665F69746572617419
:1056E0006F72496353743131636861725F747261C0
:1056F0006974734963454545450000004E5374374E
:105700005F5F6378783131396D6F6E65795F707581
:10571000744963537431396F73747265616D627566
:10572000665F6974657261746F7249635374313175
:10573000636861725F74726169747349634545455A
:1057400045000000107404004459040000000000EB
:10575000020000006C5504000200000070490400C3
:10576000020C0000107404007859040000000000CE
:10577000020000006C600400020000007049040098
:10578000020C000010740400AC590400000000007A
:105790000200000078550400020000007049040077
:1057A0000210000010740400E4590400000000001E
:1057B000020000007860040002000000704904004C
:1057C00002100000107404001C5A040000000000C5
:1057D0000200000098550400020000007049040017
:1057E000020C000010740400545A04000000000071
:1057F00002000000986004000200000070490400EC
:10580000020C0000107404008C5A04000000000018
:1058100002000000A45504000200000070490400CA
:105820000208000010740400C45A040000000000C4
:1058300002000000A460040002000000704904009F
:105840000208000010740400FC5A0400000000006C
:1058500002000000C455040002000000704904006A
:105860000208000010740400345B04000000000013
:1058700002000000C460040002000000704904003F
:1058800002080000107404006C5B040000000000BB
:1058900002000000D055040002000000704904001E
:1058A0000208000010740400A45B04000000000063
:1058B00002000000D06004000200000070490400F3
:1058C0000208000010740400DC5B0400000000000B
:1058D000020000002C550400020000007049040082
:1058E000020C000010740400185C040000000000AA
:1058F000020000004C550400020000007049040042
:10590000020C000010740400545C0400000000004D
:10591000020000002C600400020000007049040036
:10592000020C000010740400905C040000000000F1
:10593000020000004C6004000200000070490400F6
:10594000020C00002A4E537431335F5F6661636559
:10595000745F7368696D7331325F474C4F42414CDD
:105960005F5F4E5F313132636F6C6C6174655F7382
:1059700068696D49634545002A4E537431335F5F52
:1059800066616365745F7368696D7331325F474C3C
:105990004F42414C5F5F4E5F313132636F6C6C61DF
:1059A00074655F7368696D49774545002A4E537485
:1059B00031335F5F66616365745F7368696D73310E
:1059C000325F474C4F42414C5F5F4E5F3131336D28
:1059D000657373616765735F7368696D4963454596
:1059E000000000002A4E537431335F5F66616365C7
:1059F000745F7368696D7331325F474C4F42414C3D
:105A00005F5F4E5F3131336D657373616765735FDF
:105A10007368696D49774545000000002A4E53744C
:105A200031335F5F66616365745F7368696D73319D
:105A3000325F474C4F42414C5F5F4E5F3131336EB6
:105A4000756D70756E63745F7368696D4963454504
:105A5000000000002A4E537431335F5F6661636556
:105A6000745F7368696D7331325F474C4F42414CCC
:105A70005F5F4E5F3131336E756D70756E63745F4D
:105A80007368696D49774545000000002A4E5374DC
:105A900031335F5F66616365745F7368696D73312D
:105AA000325F474C4F42414C5F5F4E5F3131337440
:105AB000696D655F6765745F7368696D49634545C6
:105AC000000000002A4E537431335F5F66616365E6
:105AD000745F7368696D7331325F474C4F42414C5C
:105AE0005F5F4E5F31313374696D655F6765745F09
:105AF0007368696D49774545000000002A4E53746C
:105B000031335F5F66616365745F7368696D7331BC
:105B1000325F474C4F42414C5F5F4E5F3131346DD5
:105B20006F6E65795F6765745F7368696D4963451A
:105B3000450000002A4E537431335F5F6661636530
:105B4000745F7368696D7331325F474C4F42414CEB
:105B50005F5F4E5F3131346D6F6E65795F6765747D
:105B60005F7368696D497745450000002A4E53749C
:105B700031335F5F66616365745F7368696D73314C
:105B8000325F474C4F42414C5F5F4E5F3131346D65
:105B90006F6E65795F7075745F7368696D49634591
:105BA000450000002A4E537431335F5F66616365C0
:105BB000745F7368696D7331325F474C4F42414C7B
:105BC0005F5F4E5F3131346D6F6E65795F707574F4
:105BD0005F7368696D497745450000002A4E53742C
:105BE00031335F5F66616365745F7368696D7331DC
:105BF000325F474C4F42414C5F5F4E5F3131356DF4
:105C00006F6E657970756E63745F7368696D4963F3
:105C10004C623045454500002A4E537431335F5F76
:105C200066616365745F7368696D7331325F474C99
:105C30004F42414C5F5F4E5F3131356D6F6E65791C
:105C400070756E63745F7368696D49634C6231454A
:105C5000454500002A4E537431335F5F66616365CA
:105C6000745F7368696D7331325F474C4F42414CCA
:105C70005F5F4E5F3131356D6F6E657970756E6344
:105C8000745F7368696D49774C6230454545000023
:105C90002A4E537431335F5F66616365745F736866
:105CA000696D7331325F474C4F42414C5F5F4E5FCD
:105CB0003131356D6F6E657970756E63745F7368C1
:105CC000696D49774C623145454500000000000090
:105CD00044570400BD530100955401009145010053
:105CE0003D4D0100D9FD0000000000006457040094
:105CF00029540100D5540100E5470100F54D01008C
:105D0000F16E01000000000084570400655001009E
:105D10004D510100C5470100914D0100B9470100F7
:105D200000000000A45704003D500100DD510100B7
:105D3000154A01004D4E0100094A01000000000013
:105D4000C45704005553010061540100BDFD00001B
:105D5000C5FD0000CD00010075040100DD04010057
:105D600000000000E45704000D520100F55301004B
:105D7000D56E0100DD6E0100B9700100A572010051
:105D8000E17201000000000004580400AD51010060
:105D9000E5520100F1460100B146010071460100E3
:105DA00031460100F1450100B145010011440100F7
:105DB0000000000024580400ED500100855301004C
:105DC0004549010005490100C54801008548010019
:105DD00045480100054801003DAD010000000000FC
:105DE000445804001D5101003D520100FD460100D0
:105DF000A54A01000000000064580400BD500100E5
:105E00007552010051490100214C010000000000C1
:105E1000845804007D5101001D53010079470100A1
:105E2000B14E010000000000A45804008D50010094
:105E3000AD520100CD490100754F01000000000086
:105E4000C4580400B155010099560100DDFC000062
:105E5000E5FC00000D0401009D01010005020100A8
:105E600035010100EDFC0000F5FC000021FD000003
:105E700000000000E4580400495501005D5601008F
:105E80004DFD000055FD00006D020100D50201002E
:105E90003D030100A50301005DFD000065FD00005C
:105EA00091FD000000000000045904001555010098
:105EB00021560100F56D0100FD6D010089710100A1
:105EC00059730100957301001D730100056E0100F7
:105ED0000D6E0100396E010000000000245904001D
:105EE0007D550100E5550100656E01006D6E0100F4
:105EF0002171010069720100F17101002D72010030
:105F0000756E01007D6E0100A96E010000000000A9
:105F10006C600400C96F010095700100E56F01001D
:105F2000D1730100F16E01000000000098600400D0
:105F3000D1AE0000FDAE0000D56E0100DD6E0100A7
:105F4000B9700100A5720100E172010000000000BB
:105F50004C600400C9A60000F5A60000656E0100B3
:105F60006D6E01002171010069720100F171010083
:105F70002D720100756E01007D6E0100A96E010099
:105F8000000000002C6004002DA7000059A70000AD
:105F9000F56D0100FD6D010089710100597301006B
:105FA000957301001D730100056E01000D6E010067
:105FB000396E01000000000078600400996F010054
:105FC000B56F0100E96E0100690F0300ED6E01007D
:105FD00000000000C4600400096F0100456F01006B
:105FE0008D8A0100358B010000000000D0600400A4
:105FF0001D6F0100616F01005D9401007D9501003E
:1060000000000000A4600400316F01007D6F0100FA
:10601000E56E0100A5AB010071AC01000D9F010010
:1060200035A001002D9701003DAD01001074040062
:10603000DC60040000000000020000006444040072
:1060400002000000D053040002000000107404009D
:10605000FC60040000000000020000006444040032
:1060600002000000D0530400020000002444040099
:106070001C610400644404001074040034610400D2
:106080000000000002000000644404000200000060
:10609000EC5304000200000024440400506104009A
:1060A00064440400107404006C61040000000000EB
:1060B00002000000644404000200000004540400D4
:1060C0000200000024440400B4610400644404009D
:1060D00024440400FC610400644404004E537437FB
:1060E0005F5F637878313131306D6F6E65797075CF
:1060F0006E637449774C6230454545004E537437A2
:106100005F5F637878313131306D6F6E65797075AE
:106110006E637449774C6231454545004E53743780
:106120005F5F637878313137636F6C6C6174654998
:10613000774545004E5374375F5F63787831313867
:106140006D657373616765734977454500000000AD
:106150004E5374375F5F6378783131386E756D7088
:10616000756E637449774545000000004E537437DF
:106170005F5F63787831313874696D655F67657426
:106180004977537431396973747265616D627566EC
:106190005F6974657261746F7249775374313163EA
:1061A0006861725F747261697473497745454545EA
:1061B000000000004E5374375F5F637878313139E7
:1061C0006D6F6E65795F67657449775374313969AE
:1061D00073747265616D6275665F6974657261740E
:1061E0006F72497753743131636861725F747261A1
:1061F0006974734977454545450000004E5374372F
:106200005F5F6378783131396D6F6E65795F707576
:10621000744977537431396F73747265616D627547
:10622000665F6974657261746F7249775374313156
:10623000636861725F74726169747349774545453B
:106240004500000000000000C46204005DAE0100D3
:1062500075AE01000D5502001155020029AF010075
:106260006DB1010019AF0100555502009DB001004C
:10627000D5AE0100C5AE0100E9AE010091B001004C
:10628000C1B0010000000000D062040091AE010026
:10629000A9AE0100715502007555020079AF0100E9
:1062A00009B1010021AF0100B9550200D9AF0100C9
:1062B00021B00100C9AF010035B0010065B0010097
:1062C000E5B0010024440400DC620400086C040012
:1062D0002444040014630400106C04004E395F5F12
:1062E000676E755F6378783138737464696F5F7354
:1062F000796E635F66696C65627566496353743174
:1063000031636861725F7472616974734963454592
:10631000450000004E395F5F676E755F63787831C6
:1063200038737464696F5F73796E635F66696C65F7
:10633000627566497753743131636861725F747254
:10634000616974734977454545000000626173696E
:10635000635F696F733A3A636C65617200000000B5
:10636000000000008063040031B2010059B2010056
:10637000000000008C63040045B2010075B201000A
:106380002444040098630400E063040024440400EF
:10639000BC630400E0630400537439626173696391
:1063A0005F696F73496353743131636861725F74FD
:1063B0007261697473496345450000005374396222
:1063C000617369635F696F734977537431316368CF
:1063D00061725F74726169747349774545000000AA
:1063E0006C730400E8630400537438696F735F6270
:1063F0006173650000000000E063040085B40100E3
:10640000D5B40100186404002C64040008000000E6
:106410000000000064640400E9B4010039B5010023
:10642000F8FFFFFFF8FFFFFF646404000DB50100F3
:1064300061B50100486404005C64040008000000C9
:10644000000000007C64040091B50100E1B501008A
:10645000F8FFFFFFF8FFFFFF7C640400B5B5010003
:1064600009B60100107404009464040000000000E8
:10647000010000008063040003F4FFFF10740400B7
:106480009864040000000000010000008C63040018
:1064900003F4FFFF53690000537431336261736981
:1064A000635F6973747265616D49775374313163E9
:1064B0006861725F74726169747349774545000061
:1064C0000000000044670400C5B80100A5B9010040
:1064D00089BC010095BD010035B701000000000036
:1064E000886704008DB00000E1B0000019B701001A
:1064F00021B7010049BC0100C9BB010009BC010072
:10650000000000005067040075B7010011B80100D9
:10651000551102001D1102007D1B0200892202009C
:106520009529020039310200B13802001507020036
:106530003D08020065090200CD29020000000000AC
:106540005C67040089B701002DB80100D94B020037
:1065500029E00100A9E10100E5E301007DE501007A
:1065600069E8010059EB0100D5E1010000000000DD
:10657000006704009DB7010049B801000000000059
:10658000E8660400E1B801001DB901000000000048
:10659000C866040021AA000075AA0000A9B601007F
:1065A000B1B6010009BA010049BA010089BA010077
:1065B000C9B90100B9B60100C1B60100EDB60100CC
:1065C00000000000A866040091AA0000E5AA0000EF
:1065D00039B6010041B60100C9BA010009BB01008A
:1065E00049BB010089BB010049B6010051B6010059
:1065F0007DB60100000000006867040095B8010046
:10660000B1B801002DB70100D90F030031B7010067
:1066100000000000246704000000000000000000EB
:106620007990000079900000799000007990000046
:10663000799000007990000079900000000000003F
:10664000C06704004DB70100D9B70100E14902005D
:106650009D4A020000000000CC67040061B7010001
:10666000F5B701007DD9010015DB01000000000035
:10667000B4670400B1B701005DB801005DCF01004F
:106680000000000094670400C5B7010079B801005C
:1066900029B7010071FC01004DFD0100A5F10100C9
:1066A000E1F20100B5C1010010740400D8670400D4
:1066B000000000000200000064440400020000002A
:1066C000D05304000200000010740400F0670400BE
:1066D000000000000200000064440400020000000A
:1066E000D0530400020000002444040008680400A1
:1066F00064440400244404001C680400644404004E
:106700002444040034680400644404002444040065
:1067100050680400644404002444040070680400C9
:106720006444040010740400906804000000000039
:10673000020000006444040002000000B8450400A8
:106740000200000024440400BC6804006444040007
:1067500024440400CC68040064440400244404007D
:1067600008690400644404001074040044690400CF
:106770000000000002000000644404000200000069
:10678000EC53040002000000244404005469040097
:1067900064440400107404006469040000000000F4
:1067A00002000000644404000200000004540400DD
:1067B0000200000024440400A069040064440400B2
:1067C00024440400DC6904006444040024440400FC
:1067D000186A040064440400537431306D6F6E65B0
:1067E0007970756E637449634C62304545000000F2
:1067F000537431306D6F6E657970756E6374496373
:106800004C62314545000000537431315F5F74695B
:106810006D6570756E63744963450000537431365D
:106820005F5F6E756D70756E63745F6361636865DD
:1068300049634500537431375F5F74696D657075E6
:106840006E63745F636163686549634500000000BF
:10685000537431385F5F6D6F6E657970756E6374F8
:106860005F636163686549634C62304545000000C1
:10687000537431385F5F6D6F6E657970756E6374D8
:106880005F636163686549634C62314545000000A0
:10689000537432335F5F636F64656376745F616204
:1068A0007374726163745F626173654963633130ED
:1068B0005F6D6273746174655F7445005374376310
:1068C0006F6C6C6174654963450000005374376EEA
:1068D000756D5F6765744963537431396973747298
:1068E00065616D6275665F6974657261746F724926
:1068F0006353743131636861725F74726169747378
:1069000049634545450000005374376E756D5F70EF
:1069100075744963537431396F73747265616D6254
:1069200075665F6974657261746F7249635374311F
:1069300031636861725F747261697473496345455C
:10694000450000005374386D657373616765734962
:10695000634500005374386E756D70756E637449CD
:106960006345000053743874696D655F67657449E9
:1069700063537431396973747265616D6275665FF2
:106980006974657261746F724963537431316368FD
:1069900061725F74726169747349634545450000B3
:1069A00053743874696D655F7075744963537431DD
:1069B000396F73747265616D6275665F6974657253
:1069C00061746F72496353743131636861725F74CB
:1069D0007261697473496345454500005374396DAC
:1069E0006F6E65795F676574496353743139697394
:1069F000747265616D6275665F6974657261746FEA
:106A000072496353743131636861725F7472616992
:106A100074734963454545005374396D6F6E6579EC
:106A20005F7075744963537431396F737472656143
:106A30006D6275665F6974657261746F72496353E4
:106A4000743131636861725F747261697473496330
:106A500045454500686A04007C6A040004000000A3
:106A600000000000B46A04004D4D0200954D020084
:106A7000FCFFFFFFFCFFFFFFB46A04006D4D020046
:106A8000B94D0200986A0400AC6A040004000000DA
:106A900000000000CC6A0400E54D02002D4E02000B
:106AA000FCFFFFFFFCFFFFFFCC6A0400054E020065
:106AB000514E020010740400E46A0400000000005B
:106AC000010000008063040003F4FFFF1074040061
:106AD000E86A040000000000010000008C6304006C
:106AE00003F4FFFF536F0000537431336261736925
:106AF000635F6F73747265616D497753743131638D
:106B00006861725F7472616974734977454500000A
:106B10006E6F7420656E6F75676820737061636552
:106B200020666F7220666F726D6174206578706187
:106B30006E73696F6E2028506C6561736520737584
:106B4000626D69742066756C6C2062756720726571
:106B5000706F72742061742068747470733A2F2F90
:106B60006763632E676E752E6F72672F627567732A
:106B70002F293A0A20202020000000003031323333
:106B8000343536373839000000000000086C040046
:106B9000D5550200055602000D55020011550200A0
:106BA000155502002D5502005155020055550200A1
:106BB0007D570200595502004D57020061550200F1
:106BC000B55602006955020000000000106C040078
:106BD000ED55020021560200715502007555020064
:106BE0007955020091550200B5550200B9550200D1
:106BF00009580200BD5502001D570200C55502008C
:106C00003D560200CD5502006C730400186C040060
:106C10006C730400446C0400537431356261736911
:106C2000635F73747265616D627566496353743135
:106C300031636861725F7472616974734963454559
:106C4000000000005374313562617369635F7374CF
:106C50007265616D6275664977537431316368613D
:106C6000725F747261697473497745450000000072
:106C700062617369635F737472696E673A3A5F4DFC
:106C80005F6372656174650062617369635F7374E9
:106C900072696E673A3A5F4D5F7265706C616365E9
:106CA0000000000000000000886F040099620200EC
:106CB000B96302004D6702005D68020009610200CD
:106CC00000000000486F0400000000000000000009
:106CD0007990000079900000799000007990000090
:106CE0007990000079900000799000007990000080
:106CF0007990000079900000799000007990000070
:106D000000000000CC6F0400A1B10000F5B100004C
:106D1000ED600200F5600200BD6402003D66020005
:106D2000B565020000000000946F04004961020094
:106D3000E561020035BC0200FDBB0200C1C50200D6
:106D400031CC0200B1D2020041DA02000DE10200B2
:106D50004DB2020065B302007DB40200E9D2020028
:106D600000000000A06F04005D61020001620200EB
:106D70005193020021930200ED8D02004D96020016
:106D8000ED900200D1980200519B02001D8E02007E
:106D900000000000246F0400716102001D62020007
:106DA000000000000C6F0400B5620200F1620200F6
:106DB00000000000EC6E040031AC000085AC000067
:106DC0007D60020085600200DD63020081660200D2
:106DD000C5660200096702008D600200956002002E
:106DE000C160020000000000CC6E0400A1AC0000F5
:106DF000F5AC00000D600200156002004D64020059
:106E00002D65020071650200F96502001D60020037
:106E1000256002005160020000000000AC6F040019
:106E2000696202008562020001610200E90F03004D
:106E30000561020000000000686F0400000000000F
:106E40000000000079900000799000007990000027
:106E5000799000007990000079900000799000000E
:106E6000000000000470040021610200AD61020016
:106E7000C5F3020081F4020000000000107004005D
:106E800035610200C9610200F9880200518A0200DE
:106E900000000000F86F040085610200316202000A
:106EA000497C020000000000D86F040099610200D4
:106EB0004D620200FD6002003DA7020009A8020029
:106EC000D57C0200FD7D0200B96B02001074040045
:106ED0001C70040000000000020000006444040074
:106EE00002000000D05304000200000010740400EF
:106EF000347004000000000002000000644404003C
:106F000002000000D05304000200000024440400EA
:106F10004C700400644404002444040060700400C5
:106F200064440400244404007870040064440400B1
:106F300024440400947004006444040024440400C5
:106F4000B47004006444040010740400D47004009D
:106F50000000000002000000644404000200000081
:106F6000405204000200000010740400F470040099
:106F70000000000002000000644404000200000061
:106F8000B8450400020000002444040020710400FD
:106F90006444040024440400307104006444040088
:106FA000244404006C710400644404001074040060
:106FB000A871040000000000020000006444040006
:106FC00002000000EC53040002000000244404000E
:106FD000B87104006444040010740400C871040013
:106FE00000000000020000006444040002000000F1
:106FF000045404000200000024440400047204004D
:107000006444040024440400407204006444040006
:10701000244404007C72040064440400537431303E
:107020006D6F6E657970756E637449774C6230452B
:1070300045000000537431306D6F6E657970756E68
:10704000637449774C623145450000005374313117
:107050005F5F74696D6570756E6374497745000094
:10706000537431365F5F6E756D70756E63745F63F8
:107070006163686549774500537431375F5F7469B0
:107080006D6570756E63745F6361636865497745AC
:1070900000000000537431385F5F6D6F6E6579706A
:1070A000756E63745F636163686549774C623045F0
:1070B00045000000537431385F5F6D6F6E65797005
:1070C000756E63745F636163686549774C623145CF
:1070D00045000000537432315F5F63747970655FFF
:1070E00061627374726163745F626173654977454D
:1070F00000000000537432335F5F636F6465637632
:10710000745F61627374726163745F626173654915
:10711000776331305F6D6273746174655F744500CD
:10712000537437636F6C6C61746549774500000078
:107130005374376E756D5F67657449775374313971
:107140006973747265616D6275665F697465726199
:10715000746F72497753743131636861725F74720E
:107160006169747349774545450000005374376E73
:10717000756D5F7075744977537431396F737472BC
:1071800065616D6275665F6974657261746F72497D
:107190007753743131636861725F747261697473BB
:1071A00049774545450000005374386D6573736138
:1071B00067657349774500005374386E756D707557
:1071C0006E6374497745000053743874696D655F68
:1071D0006765744977537431396973747265616D89
:1071E0006275665F6974657261746F724977537412
:1071F0003131636861725F74726169747349774594
:107200004545000053743874696D655F7075744945
:1072100077537431396F73747265616D6275665F2F
:107220006974657261746F72497753743131636840
:1072300061725F74726169747349774545450000F6
:107240005374396D6F6E65795F67657449775374F0
:1072500031396973747265616D6275665F697465F1
:107260007261746F72497753743131636861725F10
:107270007472616974734977454545005374396D7B
:107280006F6E65795F7075744977537431396F73B8
:10729000747265616D6275665F6974657261746F41
:1072A00072497753743131636861725F74726169D6
:1072B00074734977454545007374643A3A62616472
:1072C0005F616C6C6F63000024440400D47204009E
:1072D000644304005374396261645F616C6C6F6372
:1072E0000000000000000000C8720400C1FA0200A3
:1072F000D5FA0200B9FA02007374643A3A62616422
:107300005F6361737400000024440400147304007C
:10731000644304005374386261645F636173740092
:107320000000000008730400F9FA02000DFB0200DF
:10733000F1FA0200244404004073040048440400AD
:107340004E31305F5F637878616269763131375FE3
:107350005F636C6173735F747970655F696E666F8C
:1073600045000000000000003473040069FB0200C7
:107370007DFB0200A1910000A1910000F9FB020039
:1073800029FB0200DDFB020099FB02005DFB02000D
:10739000244404009C730400644304004E395F5F7E
:1073A000676E755F63787832307265637572736982
:1073B00076655F696E69745F6572726F7245000011
:1073C0000000000090730400FD00030011010300A1
:1073D0005189000024440400E07304003473040065
:1073E0004E31305F5F637878616269763132315F48
:1073F0005F766D695F636C6173735F747970655FED
:10740000696E666F4500000000000000D473040040
:107410004D01030061010300A1910000A191000052
:10742000F9FB020029FB0200D90503000502030055
:107430007D010300254C66006C6F63616C653A3A10
:1074400066616365743A3A5F535F63726561746540
:107450005F635F6C6F63616C65206E616D65206E4C
:107460006F742076616C696400000000244404009D
:10747000847404002467040024440400A0740400FD
:10748000686F0400537437636F646563767449638F
:107490006331305F6D6273746174655F74450000C1
:1074A000537437636F646563767449776331305F13
:1074B0006D6273746174655F7445000000000000C4
:1074C0006C740400C1090300690A03007909030010
:1074D0008909030091090300A1090300A50903001C
:1074E000A9090300A109030000000000787404004A
:1074F000F5090300290A0300090B0300B50903007D
:10750000D50B03004D0C0300BD090300810C0300E3
:107510006D0C03002D2B785830313233343536372B
:1075200038396162636465663031323334353637F9
:107530003839414243444546000000002D2B78581D
:1075400030313233343536373839616263646566D9
:1075500041424344454600002D3031323334353604
:1075600037383900474D540048535400414B535469
:1075700000000000505354004D5354004353540036
:1075800045535400415354004E5354004345540056
:1075900049535400454554004A53540047000000E5
:1075A0004D000000540000000000000048000000F2
:1075B00053000000540000000000000041000000E3
:1075C0004B000000530000005400000000000000C9
:1075D00050000000530000005400000000000000B4
:1075E0004D000000530000005400000000000000A7
:1075F00043000000530000005400000000000000A1
:10760000450000005300000054000000000000008E
:107610004100000053000000540000000000000082
:107620004E00000053000000540000000000000065
:10763000430000004500000054000000000000006E
:10764000490000005300000054000000000000004A
:10765000450000004500000054000000000000004C
:107660004A00000053000000540000000000000029
:107670000203000424440400A476040064430400CC
:1076800024440400B4760400747604002444040006
:10769000C87604007476040024440400DC760400F8
:1076A00064430400537431316C6F6769635F6572C2
:1076B000726F7200537431326C656E6774685F6507
:1076C00072726F7200000000537431326F75745F14
:1076D0006F665F72616E676500000000537431333E
:1076E00072756E74696D655F6572726F720000000D
:1076F0000000000074760400551003005D110300C3
:10770000111003000000000080760400DD1003006B
:10771000ED11030011100300000000008C7604003E
:107720001D110300A511030011100300000000004B
:107730009876040015100300951003001110030043
:10774000414D0000504D000053756E64617900009A
:107750004D6F6E64617900005475657364617900E2
:107760005765646E657364617900000054687572D2
:1077700073646179000000004672696461790000F9
:1077800053617475726461790000000053756E0076
:107790004D6F6E0054756500576564005468750040
:1077A00046726900536174004A616E7561727900B6
:1077B0004665627275617279000000004D61726306
:1077C00068000000417072696C0000004D61790032
:1077D0004A756E65000000004A756C790000000073
:1077E000417567757374000053657074656D6265EB
:1077F000720000004F63746F626572004E6F7665B1
:107800006D62657200000000446563656D626572BB
:10781000000000004A616E00466562004D61720022
:10782000417072004A756E004A756C0041756700C0
:10783000536570004F6374004E6F760044656300BB
:10784000250000006D0000002F0000002500000052
:10785000640000002F0000002500000079000000F7
:107860000000000025000000480000003A00000071
:10787000250000004D0000003A0000002500000037
:107880005300000000000000410000004D00000017
:1078900000000000500000004D000000000000004B
:1078A00053000000750000006E000000640000003E
:1078B0006100000079000000000000004D000000A1
:1078C0006F0000006E000000640000006100000016
:1078D0007900000000000000540000007500000066
:1078E00065000000730000006400000061000000FB
:1078F0007900000000000000570000006500000053
:10790000640000006E0000006500000073000000CD
:107910006400000061000000790000000000000029
:1079200054000000680000007500000072000000B4
:107930007300000064000000610000007900000096
:107940000000000046000000720000006900000016
:1079500064000000610000007900000000000000E9
:10796000530000006100000074000000750000007A
:107970007200000064000000610000007900000057
:107980000000000053000000750000006E000000C1
:10799000000000004D0000006F0000006E000000BD
:1079A00000000000540000007500000065000000A9
:1079B00000000000570000006500000064000000A7
:1079C0000000000054000000680000007500000086
:1079D0000000000046000000720000006900000086
:1079E000000000005300000061000000740000006F
:1079F000000000004A000000610000006E0000006E
:107A000075000000610000007200000079000000B5
:107A10000000000046000000650000006200000059
:107A2000720000007500000061000000720000009C
:107A300079000000000000004D000000610000001F
:107A400072000000630000006800000000000000F9
:107A5000410000007000000072000000690000009A
:107A60006C000000000000004D00000061000000FC
:107A700079000000000000004A00000075000000CE
:107A80006E00000065000000000000004A000000D9
:107A9000750000006C00000079000000000000008C
:107AA0004100000075000000670000007500000044
:107AB000730000007400000000000000530000008C
:107AC0006500000070000000740000006500000008
:107AD0006D00000062000000650000007200000000
:107AE000000000004F000000630000007400000070
:107AF0006F000000620000006500000072000000DE
:107B0000000000004E0000006F0000007600000042
:107B1000650000006D0000006200000065000000CC
:107B2000720000000000000044000000650000003A
:107B300063000000650000006D00000062000000AE
:107B40006500000072000000000000004A00000014
:107B5000610000006E000000000000004600000010
:107B60006500000062000000000000004D00000001
:107B700061000000720000000000000041000000F1
:107B80007000000072000000000000004A000000C9
:107B9000750000006E000000000000004A000000B8
:107BA000750000006C0000000000000041000000B3
:107BB0007500000067000000000000005300000096
:107BC0006500000070000000000000004F00000091
:107BD0006300000074000000000000004E00000080
:107BE0006F0000007600000000000000440000006C
:107BF000650000006300000000000000696F7374FE
:107C00007265616D00000000696F73747265616D6B
:107C1000206572726F720000556E6B6E6F776E200A
:107C20006572726F720000003A20000053743133A5
:107C30005F5F696F735F6661696C757265000000F4
:107C4000347D04002C7C04006C7C040000000000E7
:107C5000407C04000D190300311903008118030052
:107C600024440400907C0400807D0400244404002B
:107C7000B87C0400887D040010740400D87C0400E3
:107C80000000000001000000E843040000000000C4
:107C90002A4E31325F474C4F42414C5F5F4E5F315D
:107CA0003137696F5F6572726F725F6361746567A8
:107CB0006F727945000000004E537438696F735F2E
:107CC00062617365376661696C75726542356378A8
:107CD0007831314500000000537431395F5F696FBE
:107CE000736661696C5F747970655F696E666F0059
:107CF00000000000607C04005118030065180300B8
:107D000009180300A91C03005D190300091C0300E6
:107D1000111C0300411C0300000000006C7C0400E7
:107D20008518030099180300811803000000000063
:107D3000787C0400B5180300C9180300A191000065
:107D4000A1910000F9FB0200E51803007191000009
:107D5000ED900000B190000067656E657269630088
:107D600073797374656D000024440400947D0400ED
:107D7000807D040024440400C07D0400807D040054
:107D80006C730400EC7D040024440400087E0400AD
:107D9000987604002A4E31325F474C4F42414C5F87
:107DA0005F4E5F31323173797374656D5F657272E6
:107DB0006F725F63617465676F72794500000000E0
:107DC0002A4E31325F474C4F42414C5F5F4E5F312C
:107DD000323267656E657269635F6572726F725F7A
:107DE00063617465676F7279450000004E537433A8
:107DF0005F563231346572726F725F6361746567AA
:107E00006F727945000000005374313273797374D6
:107E1000656D5F6572726F72000000000000000007
:107E2000687D0400591C0300611C0300511B030002
:107E3000A91C0300E51C0300591B0300111C0300CF
:107E4000411C030000000000747D04005D1C030061
:107E50006D1C0300491B0300A91C0300E51C030063
:107E6000091C0300111C0300411C0300000000005A
:107E7000887D0400791C03008D1C03001110030091
:107E80007374643A3A6261645F61727261795F6EC1
:107E900065775F6C656E67746800000024440400B9
:107EA000A87E0400C8720400537432306261645FBB
:107EB00061727261795F6E65775F6C656E67746819
:107EC00000000000000000009C7E0400591D03001B
:107ED0006D1D0300511D030024440400E47E0400D2
:107EE000644304004E537438696F735F6261736555
:107EF000376661696C75726545000000000000001E
:107F0000D87E04008D1D0300CD1D0300891D0300D4
:107F10000020202020202020202028282828282059
:107F20002020202020202020202020202020202051
:107F300020881010101010101010101010101010B9
:107F400010040404040404040404041010101010A9
:107F50001010414141414141010101010101010173
:107F600001010101010101010101010110101010C5
:107F70001010424242424242020202020202020245
:107F80000202020202020202020202021010101099
:107F900020000000000000000000000000000000C1
:107FA00000000000000000000000000000000000D1
:107FB00000000000000000000000000000000000C1
:107FC00000000000000000000000000000000000B1
:107FD00000000000000000000000000000000000A1
:107FE0000000000000000000000000000000000091
:107FF0000000000000000000000000000000000081
:108000000000000000000000000000000000000070
:108010000000000040CA0500504F534958000000BE
:108020002E0000004E6F74206F776E6572000000A6
:108030004E6F20737563682066696C65206F7220CF
:108040006469726563746F72790000004E6F20730B
:108050007563682070726F6365737300496E746531
:10806000727275707465642073797374656D2063C2
:10807000616C6C00492F4F206572726F72000000B6
:108080004E6F207375636820646576696365206F41
:10809000722061646472657373000000417267202E
:1080A0006C69737420746F6F206C6F6E67000000D2
:1080B0004578656320666F726D6174206572726FBA
:1080C00072000000536F636B657420616C726561B0
:1080D000647920636F6E6E656374656400000000F0
:1080E0004261642066696C65206E756D6265720020
:1080F0004E6F206368696C6472656E0044657374CA
:10810000696E6174696F6E20616464726573732057
:108110007265717569726564000000004E6F206DB4
:108120006F72652070726F63657373657300000012
:108130004E6F7420656E6F7567682073706163653C
:10814000000000005065726D697373696F6E206482
:10815000656E696564000000426164206164647258
:1081600065737300446576696365206F722072657C
:10817000736F7572636520627573790046696C650B
:10818000206578697374730043726F73732D64652F
:1081900076696365206C696E6B0000004E6F20731A
:1081A0007563682064657669636500004E6F7420AE
:1081B00061206469726563746F727900486F7374CB
:1081C00020697320646F776E00000000436F6E6E4D
:1081D000656374696F6E20616C7265616479206992
:1081E0006E2070726F67726573730000497320614F
:1081F000206469726563746F72790000496E7661FC
:108200006C696420617267756D656E7400000000B2
:108210004E6574776F726B20696E74657266616308
:1082200065206973206E6F7420636F6E6669677571
:1082300072656400436F6E6E656374696F6E206172
:10824000626F72746564206279206E6574776F72F4
:108250006B000000546F6F206D616E79206F706548
:108260006E2066696C657320696E2073797374651E
:108270006D00000046696C65206465736372697007
:10828000746F722076616C756520746F6F206C61FD
:10829000726765004E6F742061206368617261636C
:1082A000746572206465766963650000546578744E
:1082B0002066696C652062757379000046696C659B
:1082C00020746F6F206C617267650000486F737473
:1082D00020697320756E726561636861626C650008
:1082E0004E6F207370616365206C656674206F6EDD
:1082F00020646576696365004E6F742073757070D5
:108300006F72746564000000496C6C6567616C2075
:108310007365656B00000000526561642D6F6E6CC3
:10832000792066696C652073797374656D0000004F
:10833000546F6F206D616E79206C696E6B730000F5
:1083400042726F6B656E2070697065004D61746874
:10835000656D617469637320617267756D656E74B4
:10836000206F7574206F6620646F6D61696E206F79
:10837000662066756E6374696F6E00005265737572
:108380006C7420746F6F206C617267650000000070
:108390004E6F206D657373616765206F662064653D
:1083A0007369726564207479706500004964656E54
:1083B0007469666965722072656D6F766564000028
:1083C000496C6C6567616C206279746520736571B6
:1083D00075656E6365000000446561646C6F636B76
:1083E000000000004E6574776F726B206973207512
:1083F0006E726561636861626C6500004E6F206C2F
:108400006F636B004E6F7420612073747265616DD1
:108410000000000053747265616D20696F63746CB5
:108420002074696D656F7574000000004E6F2073D5
:10843000747265616D207265736F75726365730028
:108440005669727475616C20636972637569742012
:10845000697320676F6E650050726F746F636F6C25
:10846000206572726F720000556E6B6E6F776E20B2
:1084700070726F746F636F6C000000004D756C74E8
:1084800069686F7020617474656D70746564000054
:10849000426164206D6573736167650046756E6344
:1084A00074696F6E206E6F7420696D706C656D6598
:1084B0006E746564000000004469726563746F72D5
:1084C00079206E6F7420656D7074790046696C65F3
:1084D000206F722070617468206E616D6520746F0A
:1084E0006F206C6F6E670000546F6F206D616E7946
:1084F0002073796D626F6C6963206C696E6B7300B9
:108500004E6F2062756666657220737061636520C8
:10851000617661696C61626C650000004E6F206479
:1085200061746100416464726573732066616D6992
:108530006C79206E6F7420737570706F72746564DF
:108540002062792070726F746F636F6C2066616D4A
:10855000696C790050726F746F636F6C2077726F03
:108560006E67207479706520666F7220736F636B1D
:1085700065740000536F636B6574206F7065726182
:1085800074696F6E206F6E206E6F6E2D736F636BEC
:108590006574000050726F746F636F6C206E6F743F
:1085A00020617661696C61626C650000436F6E6E7C
:1085B000656374696F6E207265667573656400002B
:1085C000436F6E6E656374696F6E20726573657458
:1085D0002062792070656572000000004164647259
:1085E00065737320616C726561647920696E2075B2
:1085F0007365000041646472657373206E6F74204C
:10860000617661696C61626C65000000536F66742D
:10861000776172652063617573656420636F6E6E48
:10862000656374696F6E2061626F72740000000090
:10863000536F636B6574206973206E6F7420636F72
:108640006E6E656374656400536F636B6574206957
:108650007320616C726561647920636F6E6E65630F
:10866000746564004F7065726174696F6E20636138
:108670006E63656C656400005374617465206E6F91
:1086800074207265636F76657261626C65000000CC
:1086900050726576696F7573206F776E65722064AE
:1086A000696564004F7065726174696F6E206E6FEA
:1086B0007420737570706F72746564206F6E2073B0
:1086C0006F636B657400000056616C756520746F94
:1086D0006F206C6172676520666F722064656669E1
:1086E0006E656420646174612074797065000000B7
:1086F0004D65737361676520746F6F206C6F6E6773
:1087000000000000436F6E6E656374696F6E2074C5
:10871000696D6564206F75740000000053756363B4
:1087200065737300257325302E2A64002573252E6A
:108730002A6400002B0000002D000000252E32646A
:108740000000000025326400252E32642F252E32D1
:10875000642F252E32640000256C7500592D256D7F
:108760002D2564002E2A7500252E3364000000009C
:10877000252E32643A252E3264000000256C6C648C
:1087800000000000252E32643A252E32643A252E50
:1087900032640000252B30336C64252E326C64006B
:1087A0006E660000696E697479000000616E0000F9
:1087B00035000000CEFBFFFFCB03000001000000EE
:1087C0000000000034000000CEFBFFFFCB030000E0
:1087D0000100000000000000BC89D897B2D29C3C88
:1087E00033A7A8D523F649393DA7F444FD0FA53298
:1087F0009D978CCF08BA5B25436FAC64280668113F
:1088000065256C64000000000A00010002000300FE
:108810000400050006000700080009000A000B001C
:108820000C000D000E000F00100000002561202537
:10883000622025652025483A254D3A2553202559A3
:108840000000000025612025622025652025483A8A
:10885000254D3A255320255A202559006D640000E6
:1088600025493A254D3A25532025700014780400F7
:10887000187804001C78040020780400CC770400E9
:1088800024780400287804002C7804003078040050
:1088900034780400387804003C780400A877040099
:1088A000B0770400BC770400C4770400CC770400E0
:1088B000D0770400D8770400E0770400E87704005C
:1088C000F4770400FC770400087804008C77040037
:1088D0009077040094770400987704009C77040054
:1088E000A0770400A47704004877040050770400C0
:1088F00058770400607704006C77040078770400F0
:1089000080770400B4530400A05304002C880400B2
:10891000407704004477040044880400A8770400EA
:10892000B0770400BC770400C4770400CC7704005F
:10893000D0770400D8770400E0770400E8770400DB
:10894000F4770400FC770400087804005C880400D5
:1089500060880400786B0400786B0400786B040076
:10896000786B0400786B0400545A00002531305BAA
:108970005E302D392C2B2D5D256E00002568752568
:108980006E3A256875256E3A256875256E000000DB
:108990004D256875256E2E256875256E2E25687502
:1089A000256E00002F256875256E3A256875256EA1
:1089B0003A256875256E0000250000007300000050
:1089C00025000000300000002E0000002A000000FA
:1089D000640000000000000025000000730000009B
:1089E000250000002E0000002A00000064000000A6
:1089F00000000000250000003200000064000000BC
:108A000000000000250000002E00000032000000E1
:108A1000640000002F000000250000002E00000070
:108A200032000000640000002F000000250000005C
:108A30002E00000032000000640000000000000072
:108A4000250000006C000000750000000000000020
:108A5000590000002D000000250000006D000000FE
:108A60002D00000025000000640000000000000050
:108A70002E0000002A000000750000000000000029
:108A8000250000002E0000003300000064000000FC
:108A900000000000250000006C0000006C000000D9
:108AA0006400000000000000250000002E0000000F
:108AB00032000000640000003A00000025000000C1
:108AC0002E00000032000000640000003A000000A8
:108AD000250000002E0000003200000064000000AD
:108AE00000000000250000002B0000003000000006
:108AF000330000006C00000064000000250000004E
:108B00002E000000320000006C0000006400000035
:108B100000000000626C616E6B00000042616C6CD2
:108B20006F632073756363656564656400000000AE
:108B30002E2E2F2E2E2F2E2E2F2E2E2F2E2E2F2E50
:108B40002E2F2E2E2F2E2E2F6E65776C69622F6C96
:108B50006962632F7374646C69622F6764746F61F8
:108B60002D6765746865782E6300000000000000C2
:108B700000000000000000000000000000000000F5
:108B800000000000000000000000000000000000E5
:108B9000000000000000000000000000101112138F
:108BA000141516171819000000000000001A1B1CED
:108BB0001D1E1F000000000000000000000000005B
:108BC000000000000000000000000000001A1B1C54
:108BD0001D1E1F000000000000000000000000003B
:108BE0000000000000000000000000000000000085
:108BF0000000000000000000000000000000000075
:108C00000000000000000000000000000000000064
:108C10000000000000000000000000000000000054
:108C20000000000000000000000000000000000044
:108C30000000000000000000000000000000000034
:108C40000000000000000000000000000000000024
:108C50000000000000000000000000000000000014
:108C60000000000000000000000000002080040060
:108C7000786B040048D405002E2E2F2E2E2F2E2E7A
:108C80002F2E2E2F2E2E2F2E2E2F2E2E2F2E2E2FFE
:108C90006E65776C69622F6C6962632F7374646CA4
:108CA00069622F6D707265632E6300000000000022
:108CB00005000000190000007D0000000000000019
:108CC000000000000000F03F000000000000244011
:108CD00000000000000059400000000000408F40EC
:108CE000000000000088C34000000000006AF84057
:108CF0000000000080842E4100000000D01263417B
:108D00000000000084D797410000000065CDCD41F0
:108D1000000000205FA00242000000E876483742D1
:108D2000000000A2941A6D42000040E59C30A2426F
:108D30000000901EC4BCD64200003426F56B0C43E4
:108D40000080E03779C3414300A0D885573476438B
:108D500000C84E676DC1AB43003D9160E458E143EC
:108D6000408CB5781DAF154450EFE2D6E41A4B4461
:108D700092D54D06CFF08044F64AE1C7022DB544A6
:108D8000B49DD9794378EA44BC89D897B2D29C3C47
:108D900033A7A8D523F649393DA7F444FD0FA532E2
:108DA0009D978CCF08BA5B25436FAC642806C80A30
:108DB0000080E03779C34143176E05B5B5B89346D7
:108DC000F5F93FE9034F384D321D30F94877825AA3
:108DD0003CBF737FDD4F1575303132333435363754
:108DE000383961626364656600000000286E756C46
:108DF0006C2900002020202020202020202020205E
:108E000020202020303030303030303030303030A2
:108E1000303030300A000100020003000400050079
:108E200006000700080009000A000B000C000D00F6
:108E30000E000F0010000000494E4600696E6600EB
:108E40004E414E006E616E00300000002020202058
:108E500020202020202020202020202030303030D2
:108E60003030303030303030303030302C2066759B
:108E70006E6374696F6E3A20000000006173736561
:108E80007274696F6E2022257322206661696C6599
:108E9000643A2066696C6520222573222C206C6957
:108EA0006E65202564257325730A00004E614E000F
:108EB000496E66696E697479000000002E2E2F2EAF
:108EC0002E2F2E2E2F2E2E2F2E2E2F2E2E2F2E2EBD
:108ED0002F2E2E2F6E65776C69622F6C6962632F5F
:108EE0007374646C69622F64746F612E6300000098
:108EF0001F0000001C0000001F0000001E000000FA
:108F00001F0000001E0000001F0000001F000000E6
:108F10001E0000001F0000001E0000001F000000D7
:108F20001F0000001D0000001F0000001E000000C8
:108F30001F0000001E0000001F0000001F000000B6
:108F40001E0000001F0000001E0000001F000000A7
:108F5000490000004E000000460000000000000034
:108F6000690000006E0000006600000000000000C4
:108F70004E000000410000004E0000000000000014
:108F80006E000000610000006E00000000000000A4
:108F9000300000003100000032000000330000000B
:108FA00034000000350000003600000037000000EB
:108FB000380000003900000061000000620000007D
:108FC000630000006400000065000000660000000F
:108FD00000000000300000003100000032000000FE
:108FE00033000000340000003500000036000000AF
:108FF0003700000038000000390000004100000088
:109000004200000043000000440000004500000052
:109010004600000000000000280000006E00000074
:10902000750000006C0000006C00000029000000CA
:1090300000000000300000000000000020000000E0
:1090400020000000200000002000000020000000A0
:109050002000000020000000200000002000000090
:109060002000000020000000200000002000000080
:109070002000000020000000200000003000000060
:109080003000000030000000300000003000000020
:109090003000000030000000300000003000000010
:1090A0003000000030000000300000003000000000
:1090B00030000000300000003000000020202020A0
:1090C0002020202020202020202020203030303060
:0C90D00030303030303030303030303054
:1090DC0008B10181B0B000840000000035FAFB7FBC
:1090EC00B0AF1200FF101901101E98070000D8072E
:1090FC0004A20901C40804000001000000000000E3
:10910C0011FAFB7F8408B101B0B0B000FF10190157
:10911C000C020608010C0410051E08000001007F5B
:10912C0000007D00000000000000000008B101817B
:10913C00B0B000840000000008B10181B0B0008420
:10914C0000000000CDF9FB7FB0AF0200FFFF01581B
:10915C00CC0104D40500FC0104B80600AA0204A842
:10916C000600D802049A0600A804048C0600DA044F
:10917C0004FE0500860504F00500B60504E20500B2
:10918C00DE05040000EC05040000FA05040000886C
:10919C00060400009606040000A406040000B406B1
:1091AC00040000C20604000069F9FB7FB0B0A800FF
:1091BC00FF1011010816223C0140040000010000C0
:1091CC00000000004DF9FB7FB0B0AA00FF10290190
:1091DC001DA60102AE0101AA0102B80101B20104EF
:1091EC00C20103BC0104CA0103C6010A000001004C
:1091FC007F000000000000000000000015F9FB7F5C
:10920C00B0AF0200FF10610154420400008201045F
:10921C00E00401CA02040000D20302CC0401880459
:10922C00040000B60402D60401C40402EE0401C812
:10923C000402F80401D00404820503DA04048A054C
:10924C0003EA0404A20500F20404920503FC0404DE
:10925C00AA050386051C0000A60514000001007F6A
:10926C00000000000000000000000000A5F8FB7FDB
:10927C00B0AF0800FF1075016C4E20EA0C0198018C
:10928C0004B00D03A20128EA0C01D40104A20D03C1
:10929C00E00104EA0C01A20204940D03AC0204EAFE
:1092AC000C01F20204860D03FC028402EA0C01B6E6
:1092BC000504CC0D03C00528EA0C01F20504BE0D13
:1092CC0003FE0504EA0C01E60804DA0D03F00804B9
:1092DC00EA0C01AC0904F80C03B609BE02EA0C0155
:1092EC00F40C7800007F00007D00000000000000FE
:1092FC0021F8FB7FB0B0A800FFFF010C10021C008E
:10930C00140400002204000009F8FB7FB0B0A80090
:10931C00FFFF010C10022200140432002E04000086
:10932C00F1F7FB7FB0B0A800FFFF010C10021C008E
:10933C001404000022040000D9F7FB7FB0B0A80091
:10934C00FFFF010C10022200140432002E04000056
:10935C00C1F7FB7FB0B0A800FFFF010C10021C008E
:10936C001404000022040000A9F7FB7FB0B0A80091
:10937C00FFFF010C10022200140432002E04000026
:10938C0091F7FB7FB0B0A800FFFF010C10021C008E
:10939C00140400002204000079F7FB7FB0B0A80091
:1093AC00FFFF010C10022200140432002E040000F6
:1093BC0061F7FB7FB0B0A800FFFF010804041200A6
:1093CC00180400004DF7FB7FB0B0A800FFFF0108A8
:1093DC00040412001804000039F7FB7FB0B0A80099
:1093EC00FFFF0108040412001804000025F7FB7F9E
:1093FC00B0B0A800FFFF010804041200180400001C
:10940C0011F7FB7FA908B100FFFF011418043A0003
:10941C00240400002C023800300400004604000034
:10942C00F1F6FB7FB0B0A800FFFF010804041200A6
:10943C0018040000DDF6FB7FA908B100FFFF011442
:10944C0018043A00240400002C02380030040000F8
:10945C0046040000BDF6FB7FB0B0A800FFFF01087A
:10946C000404120018040000A9F6FB7FA908B1003F
:10947C00FFFF011418043A00240400002C023800E9
:10948C00300400004604000089F6FB7FB0B0A80051
:10949C00FFFF0108040412001804000075F6FB7F9E
:1094AC00A908B100FFFF011418043A0024040000BD
:1094BC002C023800300400004604000055F6FB7FF7
:1094CC00B0B0A800FFFF010804041200180400004B
:1094DC0041F6FB7FB0B0A800FFFF010C10021C008E
:1094EC00140400002204000029F6FB7FB0B0A80091
:1094FC00FFFF010C10022200140432002E040000A5
:10950C0011F6FB7FB0B0A800FFFF010C10021C008D
:10951C001404000022040000F9F5FB7FB0B0A80091
:10952C00FFFF010C10022200140432002E04000074
:10953C00E1F5FB7FB0B0A800FFFF010804041200A6
:10954C0018040000CDF5FB7FB0B0A800FFFF0108A8
:10955C000404120018040000B9F5FB7FA908B1003F
:10956C00FFFF011418043A00240400002C023800F8
:10957C00300400004604000099F5FB7FB0B0A80051
:10958C00FFFF0108040412001804000085F5FB7F9E
:10959C00A908B100FFFF011418043A0024040000CC
:1095AC002C023800300400004604000065F5FB7FF7
:1095BC00B0B0A800FFFF010804041200180400005A
:1095CC0051F5FB7FB0AF0400FFFF01382404F40415
:1095DC00004404BA05007204B005009E0104A605FF
:1095EC00008402040000B802049C0500D802049216
:1095FC000500840304880500AE0304FE04008C04FB
:10960C00B80100000DF5FB7FB0AC1100FFFF0108A5
:10961C002038680070040000F9F4FB7FB0AD120034
:10962C00FFFF010824386C0074040000E5F4FB7F94
:10963C00B0A90A00FFFF010C16143E003A043E00CC
:10964C0046040000CDF4FB7FB0A90A00FFFF010C1B
:10965C0016143E003A043E0046040000B5F4FB7FAD
:10966C00B0A90C00FFFF010C24144C0048044C0062
:10967C00540400009DF4FB7FB0A90C00FFFF010C0B
:10968C0024144C0048044C005404000085F4FB7F67
:10969C00B0B0A800FFFF010079F4FB7FB0B0A800C8
:1096AC00FFFF01006DF4FB7FB0B0A800FFFF0100CD
:1096BC0061F4FB7FB0B0A800FFFF010055F4FB7F05
:1096CC00B0AB1600FFFF010F4204AC01007834ACC4
:1096DC000100B4010400000039F4FB7FB0AB1600AC
:1096EC00FFFF010F4204AC01007834AC0100B4015F
:1096FC00040000001DF4FB7FB0AC0100FFFF012350
:10970C00102A00004412AE02007402000080011204
:10971C00A40200AE01020000B80112B00200AA02BD
:10972C0004000000EDF3FB7FB0AC0100FFFF01294A
:10973C00102600003E12C402006C020000840112CC
:10974C00D80200B801020000D00174CE0200CA0297
:10975C000E0000DA0204D80200000000B5F3FB7F13
:10976C00B0A90200FFFF010C10020000180A500003
:10977C00560400009DF3FB7FB0A90200FFFF010C13
:10978C0010020000180A50005604000085F3FB7FFD
:10979C00B0AC0300FFFF012E103200004C12A603E8
:1097AC00007C020000880112A40300B60102000034
:1097BC00C20112980300F001020000FC0112A20386
:1097CC0000A8027A0000000049F3FB7FB0AC030054
:1097DC00FFFF012E103200004C12A603007C020089
:1097EC0000880112A40300B601020000C201129805
:1097FC000300F001020000FC0112A20300A8027A8F
:10980C00000000000DF3FB7FB0AD0400FFFF01452D
:10981C00103200004A12E003007A02000094011298
:10982C00D20300C801020000E20112EA0300960212
:10983C00020000AE0212EC0300E0027C0000DC032C
:10984C0004D20300E603040000EE0304EC0300F270
:10985C000304EA0300000000B9F2FB7FB0AD040082
:10986C00FFFF0145103200004A12E003007A0200AB
:10987C0000940112D20300C801020000E20112EAB6
:10988C0003009602020000AE0212EC0300E0027C20
:10989C000000DC0304D20300E603040000EE030422
:1098AC00EC0300F20304EA030000000065F2FB7F06
:1098BC00B0A80100FFFF010C0E0400001C024A00BE
:1098CC00500400004DF2FB7FB0A80100FFFF010C1B
:1098DC000E0400001C024A005004000035F2FB7F0D
:1098EC00B0AB0600FFFF0113140400002A029A011A
:1098FC0000320A8A010096010400000015F2FB7F79
:10990C00B0AB0600FFFF0113140400002A029A01F9
:10991C0000320A8A0100960104000000F5F1FB7F79
:10992C0001AD0E00FFFF010F4C020000980120F268
:10993C000100F80104000000D9F1FB7F01AD0E001D
:10994C00FFFF010F4C020000980120F20100F8010A
:10995C0004000000BDF1FB7F01AD0A00FFFF010E0A
:10996C002E0400005202B4010094012A00000000F1
:10997C00A1F1FB7F01AC0900FFFF010E2A040000DE
:10998C005202B4010094012A0000000085F1FB7F13
:10999C00AB08B100FFFF0198019801040000A00181
:1099AC00048A0900B401260000E60104880900803D
:1099BC0002049C090088021C0000AE0204AA0900E3
:1099CC00C402040000D00204CC0900DC024C0000EC
:1099DC00B60304CA0900D00304BC0900D803300044
:1099EC0000960404BA0900B00404AC0900B80404DD
:1099FC000000C00404CE0900D6042A00008C050423
:109A0C00860900A60504F80800AE0594020000D0F3
:109A1C0007049A0900EA07048C0900F207340000D5
:109A2C00B40804F00800CE0804DA0800D6081A00BE
:109A3C000000000008B10181B0B0058400000000F6
:109A4C0008B10181B0B0058400000000C5F0FB7FB7
:109A5C00B0B0A800FFFF0100B9F0FB7FB0B0A800C8
:109A6C00FFFF0100ADF0FB7FB0B0A800FFFF0100CD
:109A7C00A1F0FB7FB0B0A800FFFF010095F0FB7FC9
:109A8C00B0B0A800FFFF0108100424002E04000051
:109A9C0081F0FB7FB0B0A800FFFF010075F0FB7FE9
:109AAC00B0B0A800FFFF010069F0FB7FB0AF0C0065
:109ABC00FFFF010E180400002A049A0100A40104FF
:109ACC00000000004DF0FB7FB0B0A800FFFF0100CC
:109ADC0041F0FB7FB0AF0A00FF102901202A04A23D
:109AEC0002003C048002007404F80101960162A497
:109AFC000201FC01048202009E020400000100002D
:109B0C0000000000AB010181B0B008B10000000002
:109B1C0001F0FB7FB0AF1E00FF104101371E0400A7
:109B2C00006604F416007ABC0E841700BA0F04A267
:109B3C001701E80F04921701F40F040000C610A4DB
:109B4C000684170080170400009E1704A81700ACA9
:109B5C00170400000100000000000000B5EFFB7FBF
:109B6C00B0AF1E00FF104101371E0400006604F464
:109B7C0016007ABC0E841700BA0F04A21701E80F66
:109B8C0004921701F40F040000C610A406841700F9
:109B9C0080170400009E1704A81700AC17040000DF
:109BAC00010000000000000069EFFB7FB0AC110069
:109BBC00FFFF010A44549A0100A4010400000000B4
:109BCC0051EFFB7FB0AF1000FFFF010F1A04000034
:109BDC0054A001F6010080020400000035EFFB7F69
:109BEC00B0AF1C00FF1071016820040000BC0130F4
:109BFC00980800C002EC02FC0700880604980800D4
:109C0C00960604FC0700A00604AA0801CE06049AD6
:109C1C000801DA06040000FA061A980800B20704D4
:109C2C00FC0700C60704980800DA0704FC0700E4E8
:109C3C000704980800EA0704FC0700F2070A9808D2
:109C4C00009408040000A60804B00800B40804003E
:109C5C000001000000000000B9EEFB7FB0AF1C005B
:109C6C00FF1071016820040000BC0130980800C08E
:109C7C0002EC02FC0700880604980800960604FC17
:109C8C000700A00604AA0801CE06049A0801DA0609
:109C9C00040000FA061A980800B20704FC0700C674
:109CAC000704980800DA0704FC0700E40704980886
:109CBC0000EA0704FC0700F2070A9808009408045D
:109CCC000000A60804B00800B4080400000100005D
:109CDC00000000003DEEFB7FAF109700FFFF01106E
:109CEC003274D80200F00150C20200D40204000009
:109CFC0021EEFB7FB0B0A800FFFF010810041A0092
:109D0C00200400000DEEFB7FB0AC1900FFFF011129
:109D1C004A048C0200880184018C02009402040025
:109D2C0000000000EDEDFB7FB0AC1900FFFF01114E
:109D3C004A048C02008A0182018C02009402040005
:109D4C0000000000CDEDFB7FB0A90A00FFFF010C65
:109D5C00161A4400400444004C040000B5EDFB7F8F
:109D6C00B0AA0B00FFFF010C241A52004E04520043
:109D7C005A0400009DEDFB7FB0A90A00FFFF010C07
:109D8C00161C4600420446004E04000085EDFB7F85
:109D9C00B0AA0B00FFFF010C241C5400500454000B
:109DAC005C0400006DEDFB7FB0AD1200FFFF0110F5
:109DBC006C04AE0100840122AE0100B60104000067
:109DCC0051EDFB7FB0AC1100FFFF01106C04B20130
:109DDC00008A0128B20100BA0104000035EDFB7FB6
:109DEC00B0B0A800FFFF010029EDFB7FB0B0A800C8
:109DFC00FFFF01001DEDFB7FB0B0A800FFFF0100CD
:109E0C0011EDFB7FB0B0A800FFFF010005EDFB7F5B
:109E1C00B0AC0500FFFF0122102A00003E12D40155
:109E2C00006C0200007612EC0100A401020000AAF2
:109E3C000112E40100E0010400000000D5ECFB7FFE
:109E4C00B0AD0600FFFF012E102600003A12F601FD
:109E5C0000680200007E12920200B201020000C8EB
:109E6C00011286020082020400008E0204860200A7
:109E7C00940204920200000099ECFB7FB0AA070048
:109E8C00FFFF010D10020000185E7C008801040029
:109E9C00000000007DECFB7FB0AA0700FFFF010E65
:109EAC001002000018748C010098010400000000DE
:109EBC0061ECFB7FB0AC0700FFFF012D10320000FE
:109ECC004612B20200740200007E12CC0200AC01F9
:109EDC00020000B60112CA0200E401020000EE0109
:109EEC0012C202009A0228000000000025ECFB7F41
:109EFC00B0AC0700FFFF012D103200004612B20279
:109F0C0000740200007E12CC0200AC01020000B60C
:109F1C000112CA0200E401020000EE0112C20200AA
:109F2C009A02280000000000E9EBFB7FB0AD0800AE
:109F3C00FFFF0140103200004612EA0200740200DA
:109F4C00008C01128C0300C001020000D6011286A5
:109F5C0003008A02020000A00212FA0200D20228B8
:109F6C000000820304FA02008803048603008E03B7
:109F7C00048C03009DEBFB7FB0AD0800FFFF01409C
:109F8C00103200004612EA0200740200008C01122A
:109F9C008C0300C001020000D601128603008A0265
:109FAC00020000A00212FA0200D202280000820372
:109FBC0004FA02008803048603008E03048C030059
:109FCC0051EBFB7FB0A90600FFFF010C1004000051
:109FDC001E0234003E04000039EBFB7FB0A90600E2
:109FEC00FFFF010C100400001E0234003E040000B0
:109FFC0021EBFB7FB0AC0F00FFFF01131E04000030
:10A00C003602C801003E6AAE0100C4010400000023
:10A01C0001EBFB7FB0AC0F00FFFF0113200400002D
:10A02C003802BC0100407CCA0100C60104000000DB
:10A03C00E1EAFB7F01AD1200FFFF01104C020000B2
:10A04C00A0019001B60200C002040000C5EAFB7F2B
:10A05C0001AD1200FFFF01104C0200009E01A40193
:10A06C00C20200CC02040000A9EAFB7F01AD0E0085
:10A07C00FFFF010E3004000054029E0100940118F1
:10A08C00000000008DEAFB7F01AC0D00FFFF010E0C
:10A09C002E0400005602A0010096011800000000DA
:10A0AC0071EAFB7FAB08B100FFFF01980198010436
:10A0BC000000A001048A0900B401260000E6010496
:10A0CC008809008002049C090088021C0000AE0272
:10A0DC0004AA0900C402040000D00204CC0900DC6C
:10A0EC00024C0000B60304CA0900D00304BC0900EA
:10A0FC00D803300000960404BA0900B00404AC097B
:10A10C0000B804040000C00404CE0900D6042A00E0
:10A11C00008C0504860900A60504F80800AE059419
:10A12C00020000D007049A0900EA07048C0900F227
:10A13C0007340000B40804F00800CE0804DA080064
:10A14C00D6081A0000000000C9E9FB7FB0B0A800D7
:10A15C00FFFF0100BDE9FB7FB0B0A800FFFF0100CD
:10A16C00B1E9FB7FB0AF0C00FFFF010E180400003B
:10A17C002A04A00100AA01040000000095E9FB7F5D
:10A18C00B0B0A800FFFF010089E9FB7FB0AF0A0067
:10A19C00FF1035012D2A04BE02004604B8020086C9
:10A1AC0001048C0201A80164C0020190020498020F
:10A1BC00009402048C0201B402040000BA0204B838
:10A1CC00020001000000000049E9FB7FB0AF1E0057
:10A1DC00FF104101381E0400006E0492150082012C
:10A1EC00B00DF61400B60E04A61501E60E04941577
:10A1FC0001F20E0400009E0FD605F614008E150415
:10A20C000000A21504AC1500B015040000010000FC
:10A21C0000000000FDE8FB7FB0AF1E00FF10410105
:10A22C00381E0400006E049215008201B00DF61465
:10A23C0000B60E04A61501E60E04941501F20E04E8
:10A24C0000009E0FD605F614008E15040000A21512
:10A25C0004AC1500B0150400000100000000000063
:10A26C00B1E8FB7FB0AC1100FFFF010A44549A0126
:10A27C0000A401040000000099E8FB7FBF840F00DC
:10A28C00FFFF010E1A040000545AB00100BA010479
:10A29C00000000007DE8FB7FB0AF1C00FF107101D7
:10A2AC00681A480000A40130820800B002E802E8F5
:10A2BC000700F60504820800840604E807008E06F1
:10A2CC0004940801BE0604840801C806040000E8D2
:10A2DC0006188208009E0704E80700B207048208EB
:10A2EC0000C60704E80700D00704820800D607045C
:10A2FC00E80700DE070A820800FE07040000900849
:10A30C00049A08009E0804000001000000000000F0
:10A31C0001E8FB7FB0AF1C00FF107101681A480008
:10A32C0000A40130820800B002E802E80700F6053C
:10A33C0004820800840604E807008E0604940801D1
:10A34C00BE0604840801C806040000E8061882084A
:10A35C00009E0704E80700B20704820800C6070441
:10A36C00E80700D00704820800D60704E80700DEDF
:10A37C00070A820800FE070400009008049A0800EF
:10A38C009E080400000100000000000085E7FB7F30
:10A39C00AF0C9700FFFF01102C78820200B2014E27
:10A3AC008E02008A0204000069E7FB7FB0B0A800AF
:10A3BC00FFFF010810041A002004000008B10181FD
:10A3CC00B0B000840000000008B10181B0B000847E
:10A3DC000000000008B10181B0B000840000000052
:10A3EC0008B10181B0B000840000000025E7FB7FBC
:10A3FC00B0B0A800FFFF01080E041C00180E0000EE
:10A40C0011E7FB7FB0B0A800FFFF01080E041C0091
:10A41C00180E0000FDE6FB7FAB029701B0B00FB148
:10A42C00FFFF010C300400003E044C00480E0000FD
:10A43C00E1E6FB7FB0B0A800FFFF01080E041C0092
:10A44C00180E000008B10181B0B0008400000000BB
:10A45C0008B10181B0B000840000000008B1018196
:10A46C00B0B000840000000008B10181B0B00084DD
:10A47C00000000009DE6FB7FB0B0AA00FF101901A0
:10A48C000C12021C01200426032A08000001007F84
:10A49C0000000000000000000000000075E6FB7FDB
:10A4AC00B0B0A800FFFF010069E6FB7FB0B0A800C8
:10A4BC00FFFF01005DE6FB7FA908B100FFFF010073
:10A4CC0051E6FB7FB0B0A800FFFF010045E6FB7F23
:10A4DC00B0AF0200FFFF010F1C04000034BA01F4FE
:10A4EC000100F0010E00000029E6FB7FB0AF040074
:10A4FC00FF1035012B20048A02003604940200461A
:10A50C0004A402017C049C0201940104A4020186AF
:10A51C0002048A02009002040000A00204B00200AF
:10A52C000100000000000000E9E5FB7FB0B0A800CE
:10A53C00FFFF01081C0424002A040000D5E5FB7F62
:10A54C00B0B0A800FFFF010810041A00200400009E
:10A55C00C1E5FB7FB0AF0800FF107D01730C040058
:10A56C00003A04FC06014A04DA06035804CA06033E
:10A57C00940104F20603A40104D20603B201049070
:10A58C000603DE0104820703EE01048E0703FC01BF
:10A59C009C02840703C20402FC0601D00402FA06E2
:10A5AC0003D80408840703EA0402F80603FC041227
:10A5BC00840703D40504F40603DA0504FC0601E061
:10A5CC000504E40603C60604EA0600EE06040000D1
:10A5DC000100007D0000000039E5FB7FB0AF0E00EC
:10A5EC00FF109C010190010C0400006E04C00701D7
:10A5FC007E04B407038C0104EE0603C80104A8070B
:10A60C0003D80104F80603E60104F00603920204E1
:10A61C00A60703A20204AC0703B00204AA0703DADC
:10A62C000204EC0603EA02048C0703F8024A8207D0
:10A63C0003AA0402C00701B2040E0000CA0402E21D
:10A64C000603D804029C0603E60402920703EE04F8
:10A65C000A8207038606049407038C06049C0703EE
:10A66C00920604A20703980604C00701C40704C895
:10A67C000700CC070400000100007D000000000072
:10A68C0091E4FB7FB0AF0E00FF109C010190010C18
:10A69C000400006E04C007017E04B407038C01049F
:10A6AC00EE0603C80104A80703D80104F80603E664
:10A6BC000104F00603920204A60703A20204AC07ED
:10A6CC0003B00204AA0703DA0204EC0603EA02044C
:10A6DC008C0703F8024A820703AA0402C00701B2DE
:10A6EC00040E0000CA0402E20603D804029C06030E
:10A6FC00E60402920703EE040A820703860604941A
:10A70C0007038C06049C0703920604A20703980611
:10A71C0004C00701C40704C80700CC0704000001EB
:10A72C0000007D0000000000E9E3FB7FB0AF1000EB
:10A73C00FF104D014520040000B8018001FA06000D
:10A74C00E2028A02EA0600FE0416FA06009A050ED8
:10A75C00EA0600BC05048C0701EA0504FC0601F6B8
:10A76C0005040000920658FA0600F606040000885C
:10A77C000704920700960704000001000000000087
:10A78C0091E3FB7FB0AF1000FF104D01452004009A
:10A79C0000B8018001FA0600E2028A02EA0600FE15
:10A7AC000416FA06009A050EEA0600BC05048C078E
:10A7BC0001EA0504FC0601F605040000920658FAAD
:10A7CC000600F606040000880704920700960704AA
:10A7DC00000001000000000039E3FB7FAF0A970086
:10A7EC00FFFF01103270F60200F6017EF8020086BF
:10A7FC00030400001DE3FB7FAB08B100FF101D013B
:10A80C00141A0452013E045A01480400005604680C
:10A81C00006C04000001000000000000F5E2FB7F6A
:10A82C00B0AF0C00FFFF013E180E00008A01A0091A
:10A83C00DC1100AE0A040000E20BBE01DC1100C406
:10A84C000DF4010000EC0F1ADC1100A61002000040
:10A85C00BE1004DC1100CA10040000DA104CDC112C
:10A86C0000E2110400000000A9E2FB7FB0AD0C0077
:10A87C00FFFF010B20D2019402009A020400000099
:10A88C0091E2FB7FB0AD0C00FFFF010B20D20194D5
:10A89C0002009A020400000079E2FB7FB0AD0C00CC
:10A8AC00FFFF010B20D2019402009A020400000069
:10A8BC0061E2FB7FB0AF0E00FFFF013C187400009B
:10A8CC00B20104820D00BC01160000840504820D47
:10A8DC0000C205020000E60602820D00C20702005B
:10A8EC0000DC07E002820D00BE0B0200009E0C0291
:10A8FC00820D00BC0C50000019E2FB7FB0AF0E00C3
:10A90C00FFFF015216760000B20104DC0D00BC0101
:10A91C00180000F60404DC0D00B405020000E80683
:10A92C0002DC0D00C407020000DE07CA02DC0D00C9
:10A93C00E60A0400009A0B02DC0D009A0C020000DF
:10A94C00E80C02DC0D00FC0C020000940D02DC0D86
:10A95C0000E20D0400000000B9E1FB7FB0AF0E0077
:10A96C00FFFF015216760000B20104C80D00BC01B5
:10A97C00180000F60404C80D00B405020000E0063F
:10A98C0002C80D00BC07020000D607C202C80D00A9
:10A99C00D60A0400008A0B02C80D00860C020000C7
:10A9AC00D40C02C80D00E80C020000800D02C80D8A
:10A9BC0000CE0D040000000059E1FB7FB0AF0E008B
:10A9CC00FFFF015216760000B20104C80D00BC0155
:10A9DC00180000F60404C80D00B405020000E006DF
:10A9EC0002C80D00BC07020000D607C202C80D0049
:10A9FC00D60A0400008A0B02C80D00860C02000067
:10AA0C00D40C02C80D00E80C020000800D02C80D29
:10AA1C0000CE0D0400000000F9E0FB7FB0AF120087
:10AA2C00FFFF013C16740000B20104FC0D00BC01D8
:10AA3C00160000AA0504FC0D00F805020000BC0776
:10AA4C0002FC0D009808020000B2088E03FC0D00F9
:10AA5C00C80C0200009C0D02FC0D00BA0D4C00004D
:10AA6C00B1E0FB7FB0AF1000FFFF01521674000085
:10AA7C00B00104B60E00BA011600008E0504B60E25
:10AA8C0000DC050200009E0702B60E00FA07020069
:10AA9C00009408E002B60E00BA0B040000E80B02AA
:10AAAC00B60E00EA0C020000B80D02B60E00CC0D7A
:10AABC00020000E80D02B60E00BC0E0400000000FF
:10AACC0051E0FB7FB0AF1200FF103D0132180400C3
:10AADC00005604F4100062D20BE41000C00C04D633
:10AAEC001001EE0C04C61001FA0C0400008A0DA42F
:10AAFC0003E41000D21004DC1000E010140000017C
:10AB0C00000000000000000009E0FB7FB0AF120065
:10AB1C00FF103D0132180400005604F4100062D2FC
:10AB2C000BE41000C00C04D61001EE0C04C610018E
:10AB3C00FA0C0400008A0DA403E41000D21004DC0B
:10AB4C001000E010140000010000000000000000E4
:10AB5C00C1DFFB7FB0AC0B00FFFF010A3E52A80126
:10AB6C0000AE010400000000A9DFFB7FB0AF0E00B7
:10AB7C00FFFF010F1E040000509A018602008C0298
:10AB8C00040000008DDFFB7FA908B100FF10290134
:10AB9C0018140234032C040000480868005E04708A
:10ABAC0000620E0000740400000200017D00000031
:10ABBC00000000008897FFFF59DFFB7FA908B10058
:10ABCC00FFFF01004DDFFB7FB0AF0200FF103D0126
:10ABDC002C100400007C469C04038C02669C04032D
:10ABEC00B803649C0403B00408D00400C60404E059
:10ABFC000400CA0404DE0400DA04040000020001AC
:10AC0C007D000000000000003497FFFF05DFFB7F94
:10AC1C00B0AF0A00FF10410131100400006402863D
:10AC2C0002037A04A20200CC0104860203FA010C8E
:10AC3C008602039A0208CA0200A802040000BA02A3
:10AC4C0004C40200BE0204A202000200017D000046
:10AC5C0000000000E896FFFFB9DEFB7FA908B100F9
:10AC6C00FF10290118140234032C04000048086852
:10AC7C00005E047000620E0000740400000200010B
:10AC8C007D00000000000000B496FFFF08B10181B8
:10AC9C00B0B000840000000079DEFB7FB0B0A800EB
:10ACAC00FFFF01006DDEFB7FB0B0A800FFFF0100CD
:10ACBC0061DEFB7FA908B100FFFF010055DEFB7FC1
:10ACCC00B0B0A800FFFF010049DEFB7FB0AF02006F
:10ACDC00FFFF010F1C04000034C001FA0100F60153
:10ACEC000E0000002DDEFB7FB0AF0200FF10410113
:10ACFC00382004C602004004C002006A0494020119
:10AD0C00A60104A20201BE0104940201900204C631
:10AD1C0002009E0204A80200B802040000BC020457
:10AD2C00A20201C20204C0020001000000000000E7
:10AD3C00E1DDFB7FB0B0A800FFFF01081C0424007C
:10AD4C002A040000CDDDFB7FB0B0A800FFFF010896
:10AD5C0010041A0020040000B9DDFB7FB0AF08001E
:10AD6C00FF107D01720C0400003404AA0401440499
:10AD7C0094050352048C0503A60104B20503B40127
:10AD8C0004840503F40104860503820252FA0403C9
:10AD9C008E0304A20503980304AC0503AC0302B6AE
:10ADAC000503BA0302AA0401C80302B20403D003C8
:10ADBC0008FA0403A00404F40403A60404E804033E
:10ADCC00AE0404EC0400F0040400009E0504A40589
:10ADDC0003AE0504B405030100007D000000000073
:10ADEC0031DDFB7FB0AF0E00FF10AC0101A1010CF7
:10ADFC000400006404BA070174048A080382010485
:10AE0C00FE0703DC0104C40703EA0104CE0703AE0A
:10AE1C000204860803BC0204880803FE0204D2075D
:10AE2C00038C034CDE0703A20404F40703AC0404F4
:10AE3C00840803B60404800803C404020000DC0484
:10AE4C0002BA0701E404080000F804028208038631
:10AE5C000502A007038E050ADE0703A40502D0062F
:10AE6C0003C00604980703C60604A80703CC06040F
:10AE7C00AE0703940704B20700B607040000C0072E
:10AE8C0004D00703E20704EA0703E60704EC070310
:10AE9C000100007D0000000079DCFB7FB0AF0E00EC
:10AEAC00FF10AC0101A1010C0400006404BA0701FD
:10AEBC0074048A0803820104FE0703DC0104C4073E
:10AECC0003EA0104CE0703AE0204860803BC0204A5
:10AEDC00880803FE0204D207038C034CDE0703A28E
:10AEEC000404F40703AC0404840803B604048008C7
:10AEFC0003C404020000DC0402BA0701E4040800E5
:10AF0C0000F80402820803860502A007038E050AD6
:10AF1C00DE0703A40502D00603C00604980703C687
:10AF2C000604A80703CC0604AE0703940704B20773
:10AF3C0000B607040000C00704D00703E20704EAC8
:10AF4C000703E60704EC07030100007D0000000086
:10AF5C00C1DBFB7FB0AF0E00FF104D01451A4A005C
:10AF6C0000A4018401F20600D2028A02E20600EE7D
:10AF7C000416F206008A0510E20600A005048407F8
:10AF8C0001D00504F40601DC050400008A0658F221
:10AF9C000600EE060400008007048A07008E0704F2
:10AFAC00000001000000000069DBFB7FB0AF0E0069
:10AFBC00FF104D01451A4A0000A4018401F206005D
:10AFCC00D2028A02E20600EE0416F206008A05108E
:10AFDC00E20600A00504840701D00504F40601DC98
:10AFEC00050400008A0658F20600EE0604000080F4
:10AFFC0007048A07008E070400000100000000000F
:10B00C0011DBFB7FAF089700FFFF01102C74BA0215
:10B01C0000B8017EBC0200CA02040000F5DAFB7F16
:10B02C00AF069700FF102901215CA4010000C202A9
:10B03C0004A00301EA02048E0301F4020400009C44
:10B04C000304A60300AA0304000001000000000092
:10B05C00C1DAFB7FAF089700FF1029012166EA01D6
:10B06C000000DC0204BA0301840304A803018E036C
:10B07C00040000B60304C00300C403040000010074
:10B08C00000000008DDAFB7FAB08B100FF101D0142
:10B09C00141C04560142045E014C0400005A046C5A
:10B0AC0000700400000100000000000065DAFB7F66
:10B0BC00B0AF0C00FFFF0148180E00008C01A60970
:10B0CC00EA1200BE0B040000EE0C6EEA1200A40E95
:10B0DC0086010000B61016EA1200D4100A0000EA2D
:10B0EC001054EA1200D411020000E61104EA120016
:10B0FC00F011040000801202EA1200F012040000A9
:10B10C0011DAFB7FB0AD0C00FFFF010B20E00184D6
:10B11C0002008A0204000000F9D9FB7FB0AD0C00DC
:10B12C00FFFF010B20E0018402008A0204000000F2
:10B13C00E1D9FB7FB0AD0C00FFFF010B20E00184D7
:10B14C0002008A0204000000C9D9FB7FB0AF0E00D8
:10B15C00FFFF013C18740000B40104DA0C00BE01BE
:10B16C00160000A00504DA0C00E005020000EC0655
:10B17C00A203DA0C00820B0C0000E60B0EDA0C00BA
:10B18C00860C020000940C02DA0C00A60C3E0000A7
:10B19C0081D9FB7FB0AF0E00FFFF013E168001008E
:10B1AC0000BE0104C20C00C801180000940504C2C2
:10B1BC000C00D405020000E606F602C20C00820A5E
:10B1CC0084010000CC0B10C20C00E20B16000082B4
:10B1DC000C02C20C00940C380000000035D9FB7F27
:10B1EC00B0AF0E00FFFF013D16760000B20104AEB9
:10B1FC000C00BC01180000880504AE0C00C605024A
:10B20C000000E206F202AE0C00E6098A010000C062
:10B21C000B0EAE0C00D60B020000EE0B02AE0C00B7
:10B22C00820C360000000000E9D8FB7FB0AF0E00A6
:10B23C00FFFF013E1680010000BC0104BE0C00C6DD
:10B24C0001180000920504BE0C00D005020000EAB3
:10B25C0006F202BE0C00EE098A010000C80B10BEFB
:10B26C000C00DE0B160000FE0B02BE0C00920C361E
:10B27C00000000009DD8FB7FB0AF1200FFFF013C27
:10B28C0016740000B20104EA0D00BC01160000C2E5
:10B29C000504EA0D009006020000BA07D603EA0D79
:10B2AC0000940C0A0000F80C0EEA0D00980D020038
:10B2BC0000A60D02EA0D00BC0D38000055D8FB7F2E
:10B2CC00B0AF1000FFFF013D16740000B001048AFE
:10B2DC000D00BA01160000A005048A0D00EE05024F
:10B2EC000000A2078C038A0D00C00A8C0100009E8E
:10B2FC000C0E8A0D00B40C020000CE0C028A0D005C
:10B30C00E40C30000000000009D8FB7FB0AF100047
:10B31C00FF104101371604000054048A120060BA71
:10B32C000CA41200A20D04941201D20D04AC120153
:10B33C00DE0D040000960EF003A41200901204001F
:10B34C00009812049C1200A01204000001000000DE
:10B35C0000000000BDD7FB7FB0AF1000FF10410113
:10B36C00371604000054048A120060BA0CA41200B0
:10B37C00A20D04941201D20D04AC1201DE0D0400D6
:10B38C0000960EF003A41200901204000098120410
:10B39C009C1200A01204000001000000000000003C
:10B3AC0071D7FB7FB0AC0B00FFFF010A3E52A80126
:10B3BC0000AE01040000000059D7FB7FB0AF0C00B9
:10B3CC00FFFF010E1E0400005064D20100D80104DE
:10B3DC000000000008B10181B0B000840000000042
:10B3EC0008B10181B0B000840000000008B10181F7
:10B3FC00B0B000840000000019D7FB7FB0AF040090
:10B40C00FF1019010F320A3C01840142CC0100D417
:10B41C00010400000100000000000000F5D6FB7FD5
:10B42C00A908B100FFFF0100E9D6FB7FB0AD020017
:10B43C00FF1011010A1E0490010194010800007F05
:10B44C000000000000000000C9D6FB7FB0AE010078
:10B45C00FF1011010A1E04A60101AA010800007FB9
:10B46C000000000000000000A9D6FB7FAD08B10071
:10B47C00FF1011010A1C049E0101A2010800007FAB
:10B48C00000000000000000008B10181B0B0008491
:10B49C00000000007DD6FB7FB0B0A800FFFF010CC0
:10B4AC000A041C00140400002604000065D6FB7F6F
:10B4BC00B0B0A800FFFF010C0A041C00140400002B
:10B4CC00260400004DD6FB7FB0B0A800FFFF010C96
:10B4DC000A042200140436003204000035D6FB7F27
:10B4EC00B0B0A800FFFF010C0A04220014043600BF
:10B4FC00320400001DD6FB7FB0B0A800FFFF01088E
:10B50C0010041A002404000009D6FB7FB0B0A80078
:10B51C00FFFF010810041A0024040000F5D5FB7F7E
:10B52C008408B101B0B0B000FF100D010802041284
:10B53C0001160800007F000000000000D5D5FB7F3D
:10B54C008408B101B0B0B000FF100D01080204086E
:10B55C00010C0800007F000000000000B5D5FB7F47
:10B56C008408B101B0B0B000FF100D010806040C46
:10B57C0001100800007F00000000000095D5FB7F43
:10B58C00B0B0AE00FF100D01081E045A015E080099
:10B59C00007F00000000000079D5FB7FB0B0AE004A
:10B5AC00FF100D01081E045A015E0800007F000008
:10B5BC00000000005DD5FB7FB0AB0200FFFF01086F
:10B5CC001C4A66006C04000049D5FB7FB0AB02003E
:10B5DC00FFFF01081C4A66006C04000035D5FB7F98
:10B5EC00B0B0A800FFFF010029D5FB7FB0B0A800C8
:10B5FC00FFFF01001DD5FB7FB0A90200FFFF010872
:10B60C001E163A004404000009D5FB7FB0AD1600AD
:10B61C00FFFF01213E04BA02004E04D402008C014B
:10B62C0004C80200C20104D60200860204BA020059
:10B63C009202360000000000D9D4FB7FB0A90200B2
:10B64C00FFFF010C2204500036044400401A000095
:10B65C00C1D4FB7FB0B0A800FFFF01080E04160098
:10B66C001C040000ADD4FB7FB0A80500FFFF010C4B
:10B67C000C02000014042A003604000095D4FB7F51
:10B68C00A908B100FF101101080A041203240800D4
:10B69C00007F00007D0000000000000008B1018167
:10B6AC00B0B000840000000008B10181B0B000848B
:04B6BC00000000008A
:10B6C00080C9FB7F1CEDFF7F98C9FB7F20EDFF7FCA
:10B6D000B0C9FB7F24EDFF7FD8C9FB7F30EDFF7F32
:10B6E00000CAFB7F58EDFF7F28CAFB7F00FDFF7F6C
:10B6F00040CAFB7F04FDFF7F58CAFB7F08FDFF7F28
:10B7000034CBFB7F40FFFF7F98CBFB7F0100000025
:10B710009CCBFB7F00840480CCCBFB7F010000002E
:10B7200004D0FB7FB0B0AA807CD0FB7F010000007A
:10B7300090D0FB7FB0AB02803CD1FB7F01000000CA
:10B7400040D2FB7FB0B0AA80F8D2FB7F90D9FF7FB8
:10B7500038D3FB7FAB08B180C4D3FB7F8CD9FF7F8C
:10B7600064D8FB7FA8D9FF7F84D8FB7F010000004D
:10B7700090D8FB7FC4D9FF7F90D8FB7FC8D9FF7FCB
:10B780009CD8FB7F01000000B4D8FB7FB0B0A8803C
:10B79000E8D8FB7F01000000D8D9FB7FB0B0AC80B7
:10B7A000FCD9FB7F0100000028DAFB7FA4D9FF7FD2
:10B7B000D4DDFB7FB0B0A880ECDDFB7FF8D9FF7F44
:10B7C00048DEFB7F010000006CDEFB7FB0B0A8808C
:10B7D00084DEFB7F0100000084DEFB7FF4D9FF7F65
:10B7E00050DFFB7F01000000BCDFFB7F1CDAFF7F26
:10B7F0007CE2FB7F0100000080E3FB7F7CDAFF7FBF
:10B800002CEBFB7F0100000098EBFB7FB0B0A88021
:10B81000C0ECFB7FE8DAFF7FE4ECFB7FF8DAFF7F28
:10B8200014EDFB7F08DBFF7F38EDFB7F18DBFF7F2C
:10B8300068EDFB7FA908B18090EEFB7F20DBFF7FE6
:10B84000B4EEFB7F30DBFF7FE4EEFB7F40DBFF7F6E
:10B8500008EFFB7F50DBFF7F38EFFB7FB0B0A880A5
:10B860006CEFFB7F58DBFF7F80EFFB7FB0B0A880E1
:10B87000B4EFFB7F5CDBFF7FC8EFFB7FB0B0A8803D
:10B88000FCEFFB7F60DBFF7F10F0FB7FB0B0A88098
:10B8900044F0FB7F64DBFF7F58F0FB7FB0B0A880F3
:10B8A00080F1FB7F68DBFF7FCCF1FB7F80DBFF7FDC
:10B8B000E0F1FB7F8CDBFF7F2CF2FB7FA4DBFF7FC3
:10B8C00040F2FB7FA908B18068F3FB7FA8DBFF7F14
:10B8D000B4F3FB7FC0DBFF7FC8F3FB7FCCDBFF7FD4
:10B8E00014F4FB7FE4DBFF7F28F4FB7FA908B18021
:10B8F000D8F4FB7FE8DBFF7FFCF4FB7FF8DBFF7F06
:10B900002CF5FB7FB0B0A880C8F5FB7F00DCFF7F83
:10B91000ECF5FB7F10DCFF7F1CF6FB7FB0B0A8804E
:10B9200048F6FB7F18DCFF7F5CF6FB7FB0B0A88099
:10B9300088F6FB7F1CDCFF7F9CF6FB7FA908B180AB
:10B940004CF7FB7F20DCFF7F98F7FB7F38DCFF7F25
:10B95000ACF7FB7FB0B0A88048F8FB7F3CDCFF7FF2
:10B9600094F8FB7F54DCFF7FA8F8FB7F0100000008
:10B97000AC02FC7F58DCFF7F2006FC7F0084028045
:10B980003806FC7FB0A90A807007FC7F0100000028
:10B990007407FC7FB0AA0F80E807FC7FB0A90A807B
:10B9A0002008FC7F010000002408FC7FB0A8018073
:10B9B0003808FC7F008402805008FC7FB0A90A8010
:10B9C0008809FC7F010000008C09FC7FB0AA0F8071
:10B9D000000AFC7FB0A90A80340AFC7F0100000045
:10B9E000380AFC7FB0A801804C0AFC7F24DCFF7F72
:10B9F000BC0AFC7F30DCFF7F300BFC7F3CDCFF7F30
:10BA0000780BFC7F4CDCFF7FC00BFC7F5CDCFF7F96
:10BA1000140CFC7F6CDCFF7F680CFC7F01000000D5
:10BA20001010FC7F74DCFF7F4010FC7F01000000E1
:10BA3000A010FC7F70DCFF7FD010FC7F74DCFF7FE8
:10BA40000811FC7F78DCFF7F4011FC7F01000000C3
:10BA50002813FC7F74DCFF7FE013FC7F88DCFF7F12
:10BA60009814FC7F01000000A414FC7F94DCFF7F8D
:10BA7000D415FC7FBCDCFF7F3417FC7F0100000085
:10BA80006417FC7FE4DCFF7FC017FC7FF4DCFF7FE2
:10BA90001C18FC7F04DDFF7FC019FC7F38DDFF7FB1
:10BAA000641BFC7F6CDDFF7F5C1DFC7FB8DDFF7FCE
:10BAB000541FFC7F04DEFF7FA41FFC7F14DEFF7F8A
:10BAC000F41FFC7F24DEFF7F9020FC7F3CDEFF7FA5
:10BAD0002C21FC7F010000004C21FC7F01A90A8081
:10BAE000CC23FC7F44DEFF7FCC24FC7F58DEFF7F2D
:10BAF000CC25FC7F6CDEFF7F8C26FC7F80DEFF7F09
:10BB00004C27FC7F94DEFF7F302CFC7F34DFFF7FEF
:10BB1000702CFC7F01000000D42CFC7FB0B0A8800A
:10BB2000442DFC7FB0B0AA80882DFC7FB0B0A880E7
:10BB3000942DFC7F01000000902DFC7FB0AF0280AF
:10BB4000842EFC7FB0B0A880B82EFC7FAB08B180FB
:10BB5000302FFC7FB0AB0280BC2FFC7F01000000C7
:10BB6000E82FFC7FA908B1803830FC7FB0A90280A3
:10BB70008C30FC7FAB08B1808431FC7FB0B0AC80EE
:10BB8000FC31FC7FB0B0A8802C32FC7FAB08B180C8
:10BB90007832FC7FB0A80180B032FC7FB0B0AA80C0
:10BBA0000833FC7FB0B0A8801C33FC7FA0DEFF7F91
:10BBB0006033FC7F010000008433FC7FB0B0A880BC
:10BBC000E833FC7FAB08B1802834FC7FB0B0A8809C
:10BBD0003434FC7F010000003034FC7FB0AF0280C1
:10BBE0003435FC7FB0B0A8806835FC7FB0B0AA8047
:10BBF000B035FC7FAB08B180DC35FC7FB0AB028098
:10BC00007036FC7F010000009C36FC7FB0B0AA803B
:10BC1000EC36FC7FB0A902804037FC7FAB08B180D6
:10BC20004038FC7FB0B0AC80BC38FC7FB0B0A8809E
:10BC3000E838FC7FB0B0AA802C39FC7FB0A8018026
:10BC40006439FC7FB0B0AC80C439FC7FB0B0A88050
:10BC5000DC39FC7F01000000D839FC7FFCDDFF7F70
:10BC6000F839FC7F00DEFF7F143AFC7F0100000002
:10BC7000343AFC7FFCDDFF7F583AFC7F00DEFF7F1B
:10BC8000803AFC7FAB3F0080D43AFC7FFCDDFF7F35
:10BC9000083BFC7F01000000883BFC7FB0B0AC801B
:10BCA000183CFC7F01000000E83DFC7FB0AF028043
:10BCB000D83EFC7F01000000C841FC7FE0DDFF7F33
:10BCC000DC41FC7F01000000E841FC7FDCDDFF7F00
:10BCD000FC41FC7FE0DDFF7F9C42FC7FF4DDFF7FC9
:10BCE000B842FC7FF8DDFF7FE443FC7FB0AB02800D
:10BCF0005448FC7F1CDEFF7FCC48FC7F20DEFF7FAA
:10BD00007454FC7F64DEFF7F1C60FC7FA8DEFF7F35
:10BD1000BC60FC7FB8DEFF7FBC61FC7FCCDEFF7FB8
:10BD2000FC65FC7F40DFFF7F3C6AFC7FB4DFFF7F68
:10BD3000986BFC7FB0A90680D86BFC7FB0AF048005
:10BD4000806DFC7FB0AC0D807C6EFC7FAF0897806F
:10BD50001876FC7FB0AC1B804C77FC7FB0AD2680A2
:10BD6000E078FC7FB0AF2080F084FC7FB0AC09802D
:10BD7000A086FC7FB0AF0C80D087FC7F80DFFF7F88
:10BD8000F087FC7F010000000888FC7F00840280AF
:10BD90002088FC7FB0A90A805889FC7F0100000040
:10BDA0005C89FC7FB0AA0F80D089FC7FB0A90A8093
:10BDB000088AFC7F010000000C8AFC7FB0A801808B
:10BDC000248AFC7F008402803C8AFC7FB0A90A8020
:10BDD000748BFC7F01000000788BFC7FB0AA0F8081
:10BDE000EC8BFC7FB0A90A80208CFC7F0100000056
:10BDF000248CFC7FB0A801803C8CFC7FB0AA018021
:10BE0000A48CFC7F0CDFFF7FB88DFC7FB0AA018083
:10BE1000108EFC7F1CDFFF7F248FFC7F34DFFF7FD1
:10BE2000708FFC7F44DFFF7FCC8FFC7F54DFFF7F70
:10BE30001C90FC7F64DFFF7F7890FC7F74DFFF7FC6
:10BE40003491FC7F88DFFF7FF491FC7F01000000CC
:10BE50006C95FC7F94DFFF7F9C95FC7F01000000C8
:10BE6000C895FC7F90DFFF7FF895FC7F0100000004
:10BE70002496FC7F8CDFFF7F5C96FC7F90DFFF7F4A
:10BE80009496FC7F010000004C98FC7F8CDFFF7FC4
:10BE90003499FC7FB4DFFF7F449AFC7F01000000EF
:10BEA000749AFC7FE0DFFF7F009BFC7FF4DFFF7F65
:10BEB0009C9BFC7F08E0FF7FE49CFC7F3CE0FF7FD5
:10BEC0002C9EFC7F70E0FF7FB89FFC7FB4E0FF7F7B
:10BED00044A1FC7FF8E0FF7F80A1FC7F08E1FF7FA9
:10BEE000BCA1FC7F18E1FF7F88A2FC7F30E1FF7FCF
:10BEF00060A3FC7F0100000080A3FC7F01A90A80F1
:10BF000000A6FC7F38E1FF7F44A7FC7F4CE1FF7F68
:10BF100094A8FC7F60E1FF7F3CA9FC7F74E1FF7F78
:10BF2000E8A9FC7F88E1FF7FCCAEFC7F0100000028
:10BF300068B0FC7F20E2FF7F7CB0FC7F0100000046
:10BF400088B0FC7F1CE2FF7F9CB0FC7F20E2FF7F7B
:10BF500044B1FC7F34E2FF7F60B1FC7FB0AB028074
:10BF600090B2FC7FA908B18068B4FC7F28E2FF7F13
:10BF7000B4B5FC7F60E2FF7F60C0FC7FA4E2FF7F7E
:10BF80000CCBFC7FE8E2FF7FACCBFC7FF8E2FF7FCD
:10BF900064CCFC7F0CE3FF7F90D0FC7F80E3FF7FCD
:10BFA000BCD4FC7FF4E3FF7FD4D5FC7FB0A906802E
:10BFB00010D6FC7FB0AF048074D7FC7FB0AB10808C
:10BFC00058D8FC7FAF08978044DFFC7FB0AC1D8061
:10BFD00064E0FC7FB0AD2680E4E1FC7FB0AF208060
:10BFE000C4EBFC7FB0AC0B8054EDFC7FB0AF108095
:10BFF00044EEFC7FC0E3FF7F64EEFC7F01000000A5
:10C00000C4EEFC7FB0B0A88010EFFC7F0100000000
:10C0100018EFFC7FAB08B180B0EFFC7FB0B0A88018
:10C02000B8EFFC7FB0B0AC80F8EFFC7FB0B0A88078
:10C0300034F0FC7FAB08B18058F0FC7F01000000B9
:10C040005CF0FC7FA908B18078F0FC7F7CE3FF7F87
:10C0500094F0FC7F80E3FF7FB0F0FC7F01AB0280B7
:10C0600070F1FC7FBCE3FF7FC8F1FC7F01000000A2
:10C0700020F2FC7FDCE3FF7F38F2FC7FE0E3FF7F10
:10C0800044F2FC7FA908B180C4F2FC7FDCE3FF7FAF
:10C09000DCF2FC7FE0E3FF7FE8F2FC7FA908B180DF
:10C0A0006CF3FC7F01000000A8F3FC7FD4E3FF7F6A
:10C0B000D4F3FC7F01000000DCF7FC7FECE3FF7FA2
:10C0C000F0F7FC7F01000000FCF7FC7FE8E3FF7F56
:10C0D00010F8FC7FECE3FF7F44F8FC7F01000000D8
:10C0E00050F8FC7FB0B0AA80BCF8FC7FE0E3FF7F93
:10C0F000D8F8FC7FB0A9028090FBFC7FDCE3FF7FD7
:10C1000094FCFC7FF0E3FF7FD0FDFC7FB0AB0280AE
:10C1100020FEFC7FAB08B18054FEFC7F18E4FF7F5B
:10C1200080FEFC7F24E4FF7FA0FEFC7FB0B0A880EF
:10C13000D4FEFC7FB0AF04807C00FD7FB0AC0D80EE
:10C140007801FD7FB0B0A880AC01FD7F10E4FF7FD7
:10C150003805FD7FB0B0A880E405FD7F88E4FF7F4F
:10C16000B009FD7FB0B0A880E409FD7F20E5FF7F26
:10C17000B00DFD7FB0B0A880E40DFD7F2F84258039
:10C180008C0EFD7F010000002010FD7FB0AB02800F
:10C190007010FD7FB0A902809410FD7F98E5FF7FAD
:10C1A0003414FD7FE8E5FF7FD417FD7F38E6FF7F7D
:10C1B0006419FD7FB0A90680A419FD7FB0B0AE80E0
:10C1C000281BFD7FB0A90280401BFD7F01000000FD
:10C1D000481CFD7F2CE6FF7FB81CFD7FAF089780D1
:10C1E000481EFD7FB0A906806C1EFD7FAF089780BA
:10C1F000B81FFD7FB0A90680DC1FFD7FB0AC0780B3
:10C200002C20FD7FAF0A9780DC21FD7FB0AA05803E
:10C210000422FD7FAF0A97806423FD7FB0AA0580CA
:10C220008C23FD7FAF1097804026FD7FB0AA07804A
:10C230006C26FD7FAF1097802029FD7FB0AA078074
:10C240004C29FD7FB0A80180C829FD7FB0B0A8802F
:10C25000F029FD7FAF069780E42CFD7FAF04978027
:10C26000442FFD7FB0AC1B807830FD7FB0AD2680C1
:10C270000C32FD7FB0AF1E80F839FD7FB0AC098075
:10C28000A83BFD7FA4E5FF7F8C44FD7FE8E5FF7FB1
:10C29000AC45FD7FF8E5FF7FCC46FD7F08E6FF7FDC
:10C2A000EC47FD7F18E6FF7F744EFD7FB0A8078046
:10C2B000A44EFD7FB0AF0E80DC51FD7F48E6FF7FCE
:10C2C000BC58FD7FB0A80780EC58FD7F98E6FF7F43
:10C2D000B85FFD7FB0A80780E85FFD7FE8E6FF7FDD
:10C2E000B466FD7FB0A80780E466FD7FB0AC0B802C
:10C2F0003C67FD7F30E7FF7F406EFD7FB0A8078081
:10C30000706EFD7F68E7FF7FA875FD7FB0A807808E
:10C31000D875FD7FB8E7FF7F4C7EFD7FF8E7FF7F94
:10C32000C086FD7F38E8FF7F7487FD7F48E8FF7F88
:10C330008888FD7FA908B180A088FD7FAF0A97801B
:10C340000C8AFD7F01000000348BFD7F44E8FF7FF5
:10C35000A48BFD7FA908B180E08BFD7F68E8FF7F9B
:10C360001C8CFD7F6CE8FF7F808EFD7FACE8FF7F3B
:10C37000CC8FFD7FF0E8FF7F3C90FD7FAB1C97806A
:10C380008090FD7F01000000D890FD7FB0B0AC80B0
:10C390007C91FD7F01000000A492FD7FAD08B1807B
:10C3A0007C93FD7FB0B0A880D493FD7FAD08B180B1
:10C3B0005894FD7FB0B0AE80E094FD7FB0B0A8800F
:10C3C0006095FD7FD4E8FF7FA095FD7FB0A9028036
:10C3D000E895FD7FB0AF02808C96FD7F01000000E4
:10C3E000C496FD7FB0AA01804897FD7FB0AC018064
:10C3F000F097FD7FB0A801801498FD7FB0AF048056
:10C400009899FD7FB0AB0280E499FD7FB0B0A88021
:10C41000289AFD7F01000000849BFD7FB0AA018067
:10C42000EC9BFD7F01000000409EFD7F78E8FF7FD0
:10C43000549EFD7F01000000609EFD7F74E8FF7F39
:10C44000749EFD7F78E8FF7FA89EFD7F01000000BD
:10C45000B49EFD7FB0B0AA800C9FFD7FB0B0AC80D1
:10C46000589FFD7F64E8FF7F749FFD7FB0AB028023
:10C47000BCA0FD7FB0A90280D4A2FD7F58E8FF7F59
:10C48000DCA3FD7F6CE8FF7F2CA5FD7FB0E8FF7F7C
:10C4900058A5FD7FBCE8FF7F78A5FD7FB0B0A880E0
:10C4A000ACA5FD7FB0AF048010A7FD7FB0AB1080BE
:10C4B000F4A7FD7FAF0897800CABFD7FB0B0A880DC
:10C4C00040ABFD7FA0E8FF7F1CAEFD7FB0B0A88031
:10C4D000C8AEFD7F18E9FF7FDCB2FD7FB0B0A88059
:10C4E00010B3FD7FC0E9FF7F24B7FD7FB0B0A88007
:10C4F00058B7FD7FAD08B280DCB7FD7FB0AC1D80C2
:10C50000FCB8FD7FB0AD26807CBAFD7F0100000045
:10C5100020BCFD7FB0AB028078BCFD7FB0A902805B
:10C52000A0BCFD7F38EAFF7F34C0FD7F88EAFF7F33
:10C53000C8C3FD7FD8EAFF7F18C5FD7FB0A906807C
:10C5400054C5FD7FAD08B18054C6FD7FB0A90280FF
:10C550006CC6FD7F01000000DCC6FD7FCCEAFF7FDA
:10C560008CC8FD7FB0A80580B4C8FD7FB0AC078043
:10C5700004C9FD7F01000000A4C9FD7FE0EAFF7F40
:10C580006CCBFD7F8184068098CBFD7F04EBFF7F21
:10C590000CCCFD7FAF06978088CDFD7FB0A80580CD
:10C5A000B0CDFD7FAF089780A4D0FD7F8184068049
:10C5B000D0D0FD7FAF0C978018D3FD7FB0AA078045
:10C5C00040D3FD7FAF0C978088D5FD7FB0AA078050
:10C5D000B0D5FD7FB0A8018028D6FD7FB0B0A8807F
:10C5E00050D6FD7FAF069780B4D9FD7FB0AF1C80D9
:10C5F0004CE1FD7FB0AC0B80DCE2FD7FBCEAFF7F4D
:10C600004CECFD7F08EBFF7F5CEDFD7F18EBFF7FBF
:10C610006CEEFD7F28EBFF7F7CEFFD7F38EBFF7F2B
:10C62000DCF5FD7FB0A807800CF6FD7FB0AF0E8073
:10C6300044F9FD7F68EBFF7F88FFFD7FB0A807808E
:10C64000B8FFFD7FA4EBFF7FE805FE7FB0A8078061
:10C650001806FE7FE0EBFF7F580CFE7FB0A8078036
:10C66000880CFE7FB0AC0B80E00CFE7F14ECFF7FEB
:10C67000D013FE7FB0A807800014FE7F4CECFF7F34
:10C680008C1AFE7FB0A80780BC1AFE7F88ECFF7F63
:10C69000F423FE7FCCECFF7F2C2DFE7F10EDFF7F7F
:10C6A000E02DFE7F20EDFF7FBC2EFE7F34EDFF7F6F
:10C6B000002FFE7FB0A90280402FFE7FB0AF028026
:10C6C000E82FFE7FB0AA01806830FE7FB0AB028009
:10C6D0000C31FE7FB0A801803031FE7FB0AF048006
:10C6E000D432FE7FB0AB02802433FE7FB0B0A8808E
:10C6F0006833FE7FB0AA0180C033FE7F01000000D6
:10C700002834FE7FB0AA03805434FE7F010000006D
:10C710001C35FE7FB0AC0780BC35FE7F01000000F9
:10C720004437FE7F04EDFF7FB837FE7F0100000035
:10C730004C38FE7FB0B0A8808838FE7F0100000032
:10C74000D838FE7FB0B0AA800439FE7FB0B0A88090
:10C75000A439FE7F01000000243AFE7FB0AF0280C2
:10C76000A43AFE7FB0AF1280703EFE7FB0AF0A8069
:10C77000B43FFE7FC0ECFF7F5440FE7FD8ECFF7FCC
:10C780001041FE7FF0ECFF7FC841FE7F08EDFF7F88
:10C79000E041FE7F010000002842FE7F04EDFF7FA4
:10C7A0005442FE7F14EDFF7F8042FE7F24EDFF7F29
:10C7B000B842FE7F34EDFF7FF042FE7F44EDFF7F05
:10C7C0001843FE7F50EDFF7F4043FE7FB0AF0480F3
:10C7D0000444FE7F010000007444FE7F4CEDFF7FA7
:10C7E0008C44FE7F64EDFF7F9844FE7F01000000D3
:10C7F0001447FE7FB0AA0180E047FE7FB0B0A8805A
:10C80000F847FE7F64EDFF7F0848FE7F01000000CF
:10C81000244AFE7F74EDFF7F844AFE7FA908B18021
:10C82000604CFE7F80EDFF7FC04CFE7FA908B18089
:10C830009C4EFE7F8CEDFF7F144FFE7FB0B0A88032
:10C84000344FFE7F90EDFF7FAC4FFE7FB0A801809C
:10C85000B84FFE7F010000008C50FE7FB0B0AA8070
:10C86000AC50FE7F84EDFF7FC850FE7F88EDFF7FD8
:10C87000EC50FE7F8CEDFF7F3451FE7F98EDFF7F03
:10C88000A452FE7FD8EDFF7FC052FE7F0100000062
:10C890001854FE7FDCEDFF7F4C54FE7FB0AB02806E
:10C8A000AC54FE7F010000006C55FE7FDCEDFF7F85
:10C8B0009455FE7FB0AB04802056FE7F010000003F
:10C8C000506BFF7FB0A90280E46BFF7FB0B0A880FF
:10C8D000346CFF7F01000000406CFF7FB0B0AA8085
:10C8E000746CFF7FAE71B280386DFF7F0100000075
:10C8F000346DFF7FAB3F3880946DFF7F01000000F7
:10C900009C6DFF7FB0B0AA80D86DFF7F0100000052
:10C91000846EFF7FAA0DB280006FFF7FB0AF0880EA
:10C92000A071FF7F01000000A471FF7FAD3F028076
:10C930002074FF7F01000000FC75FF7F00840480ED
:10C940001076FF7F010000000C76FF7FB0AD048001
:10C95000B078FF7FB0A80380D478FF7F4CEDFF7FD5
:10C96000D878FF7F50EDFF7FE478FF7F0100000063
:04C9700000000000C3
:020000025000AC
:10C974001586000091860000E5820000098300000E
:10C984002D830000B183000035840000F984000089
:08C99400BD850000E5850000EF
:04C99C0069860000A8
:10C9A00000000000ED8F000001000000351F0300B3
:10C9B0003C75040014750400587504006475040087
:10C9C000687504006C7504007475040078750400C3
:10C9D0007C7504008075040084750400887504006B
:10C9E0008C75040090750400947504007C75040037
:10C9F000987504009C750400AC750400BC750400B7
:10CA0000D0750400E0750400F075040000760400A1
:10CA1000107604002076040030760400407604008E
:10CA200050760400F075040060760400F87C040081
:10CA3000247E04004C7E040040CA05000000000073
:10CA4000000000002CCD050094CD0500FCCD0500B4
:10CA500000000000000000000000000000000000D6
:10CA600000000000000000000000000000000000C6
:10CA700000000000000000000000000000000000B6
:10CA800000000000000000000000000000000000A6
:10CA90000000000000000000000000000000000096
:10CAA0000000000000000000000000000000000086
:10CAB0000000000000000000000000000000000076
:10CAC0000000000000000000000000000000000066
:10CAD0000000000000000000000000000000000056
:10CAE0000000000000000000010000000000000045
:10CAF0000E33CDAB34126DE6ECDE05000B0000000A
:10CB00000000000000000000000000000000000025
:10CB10000000000000000000000000000000000015
:10CB20000000000000000000000000000000000005
:10CB300000000000000000000000000000000000F5
:10CB400000000000000000000000000000000000E5
:10CB500000000000000000000000000000000000D5
:10CB600000000000000000000000000000000000C5
:10CB700000000000000000000000000000000000B5
:10CB800000000000000000000000000000000000A5
:10CB90000000000000000000000000000000000095
:10CBA0000000000000000000000000000000000085
:10CBB0000000000000000000000000000000000075
:10CBC0000000000000000000000000000000000065
:10CBD0000000000000000000000000000000000055
:10CBE0000000000000000000000000000000000045
:10CBF0000000000000000000000000000000000035
:10CC00000000000000000000000000000000000024
:10CC10000000000000000000000000000000000014
:10CC20000000000000000000000000000000000004
:10CC300000000000000000000000000000000000F4
:10CC400000000000000000000000000000000000E4
:10CC500000000000000000000000000000000000D4
:10CC600000000000000000000000000000000000C4
:10CC700000000000000000000000000000000000B4
:10CC800000000000000000000000000000000000A4
:10CC90000000000000000000000000000000000094
:10CCA0000000000000000000000000000000000084
:10CCB0000000000000000000000000000000000074
:10CCC0000000000000000000000000000000000064
:10CCD0000000000000000000000000000000000054
:10CCE0000000000000000000000000000000000044
:10CCF0000000000000000000000000000000000034
:10CD00000000000000000000000000000000000023
:10CD10000000000000000000000000000000000013
:10CD20000000000000000000000000000000000003
:10CD300000000000000000000000000000000000F3
:10CD400000000000000000000000000000000000E3
:10CD500000000000000000000000000000000000D3
:10CD600000000000000000000000000000000000C3
:10CD700000000000000000000000000000000000B3
:10CD800000000000000000000000000000000000A3
:10CD90000000000000000000000000000000000093
:10CDA0000000000000000000000000000000000083
:10CDB0000000000000000000000000000000000073
:10CDC0000000000000000000000000000000000063
:10CDD0000000000000000000000000000000000053
:10CDE0000000000000000000000000000000000043
:10CDF0000000000000000000000000000000000033
:10CE00000000000000000000000000000000000022
:10CE10000000000000000000000000000000000012
:10CE20000000000000000000000000000000000002
:10CE300000000000000000000000000000000000F2
:10CE400000000000000000000000000000000000E2
:10CE500000000000000000000000000000000000D2
:10CE6000000000000000000043000000000000007F
:10CE700000000000000000000000000000000000B2
:10CE8000000000000000000043000000000000005F
:10CE90000000000000000000000000000000000092
:10CEA000000000000000000043000000000000003F
:10CEB0000000000000000000000000000000000072
:10CEC000000000000000000043000000000000001F
:10CED0000000000000000000000000000000000052
:10CEE00000000000000000004300000000000000FF
:10CEF0000000000000000000000000000000000032
:10CF000000000000000000004300000000000000DE
:10CF10000000000000000000000000000000000011
:10CF200000000000000000004300000000000000BE
:10CF300000000000000000000000000000000000F1
:10CF40000000000000000000299303009537030053
:10CF500000000000107F040020800400786B0400B3
:10CF6000786B0400786B0400786B0400786B040025
:10CF7000786B0400786B0400786B0400786B040015
:10CF8000FFFFFFFFFFFFFFFFFFFFFFFFFFFF0000AF
:10CF90000100415343494900000000000000000027
:10CFA0000000000000000000000000000000000081
:10CFB0000000415343494900000000000000000008
:10CFC0000000000000000000000000000000000061
:10CFD000000000000000000000000000D4CF0500A9
:10CFE000D4CF0500DCCF0500DCCF0500E4CF050081
:10CFF000E4CF0500ECCF0500ECCF0500F4CF050031
:10D00000F4CF0500FCCF0500FCCF050004D00500DF
:10D0100004D005000CD005000CD0050014D005008C
:10D0200014D005001CD005001CD0050024D005003C
:10D0300024D005002CD005002CD0050034D00500EC
:10D0400034D005003CD005003CD0050044D005009C
:10D0500044D005004CD005004CD0050054D005004C
:10D0600054D005005CD005005CD0050064D00500FC
:10D0700064D005006CD005006CD0050074D00500AC
:10D0800074D005007CD005007CD0050084D005005C
:10D0900084D005008CD005008CD0050094D005000C
:10D0A00094D005009CD005009CD00500A4D00500BC
:10D0B000A4D00500ACD00500ACD00500B4D005006C
:10D0C000B4D00500BCD00500BCD00500C4D005001C
:10D0D000C4D00500CCD00500CCD00500D4D00500CC
:10D0E000D4D00500DCD00500DCD00500E4D005007C
:10D0F000E4D00500ECD00500ECD00500F4D005002C
:10D10000F4D00500FCD00500FCD0050004D10500DA
:10D1100004D105000CD105000CD1050014D1050087
:10D1200014D105001CD105001CD1050024D1050037
:10D1300024D105002CD105002CD1050034D10500E7
:10D1400034D105003CD105003CD1050044D1050097
:10D1500044D105004CD105004CD1050054D1050047
:10D1600054D105005CD105005CD1050064D10500F7
:10D1700064D105006CD105006CD1050074D10500A7
:10D1800074D105007CD105007CD1050084D1050057
:10D1900084D105008CD105008CD1050094D1050007
:10D1A00094D105009CD105009CD10500A4D10500B7
:10D1B000A4D10500ACD10500ACD10500B4D1050067
:10D1C000B4D10500BCD10500BCD10500C4D1050017
:10D1D000C4D10500CCD10500CCD10500D4D10500C7
:10D1E000D4D10500DCD10500DCD10500E4D1050077
:10D1F000E4D10500ECD10500ECD10500F4D1050027
:10D20000F4D10500FCD10500FCD1050004D20500D5
:10D2100004D205000CD205000CD2050014D2050082
:10D2200014D205001CD205001CD2050024D2050032
:10D2300024D205002CD205002CD2050034D20500E2
:10D2400034D205003CD205003CD2050044D2050092
:10D2500044D205004CD205004CD2050054D2050042
:10D2600054D205005CD205005CD2050064D20500F2
:10D2700064D205006CD205006CD2050074D20500A2
:10D2800074D205007CD205007CD2050084D2050052
:10D2900084D205008CD205008CD2050094D2050002
:10D2A00094D205009CD205009CD20500A4D20500B2
:10D2B000A4D20500ACD20500ACD20500B4D2050062
:10D2C000B4D20500BCD20500BCD20500C4D2050012
:10D2D000C4D20500CCD20500CCD20500D4D20500C2
:10D2E000D4D20500DCD20500DCD20500E4D2050072
:10D2F000E4D20500ECD20500ECD20500F4D2050022
:10D30000F4D20500FCD20500FCD2050004D30500D0
:10D3100004D305000CD305000CD3050014D305007D
:10D3200014D305001CD305001CD3050024D305002D
:10D3300024D305002CD305002CD3050034D30500DD
:10D3400034D305003CD305003CD3050044D305008D
:10D3500044D305004CD305004CD3050054D305003D
:10D3600054D305005CD305005CD3050064D30500ED
:10D3700064D305006CD305006CD3050074D305009D
:10D3800074D305007CD305007CD3050084D305004D
:10D3900084D305008CD305008CD3050094D30500FD
:10D3A00094D305009CD305009CD30500A4D30500AD
:10D3B000A4D30500ACD30500ACD30500B4D305005D
:10D3C000B4D30500BCD30500BCD30500C4D305000D
:10D3D000C4D30500CCD30500CCD30500FFFFFFFF6D
:10D3E0000000020064750400647504000000000081
:10D3F00001000000000000004A00000000000000E2
:10D40000000000000000000000000000000000001C
:10D41000000000000000000000000000000000000C
:10D420004A000000000000000000000000000000B2
:10D4300000000000000000000000000000000000EC
:10D440000000000000000000FF0000002CEB0500C1
:04000003000086B9BA
:00000001FF
