Main hydrophone,Hydrophone_1,Hydrophone_2,Hydrophone_3,Hydrophone_4
-6.000000000000000000e+01,0.000000000000000000e+00,0.000000000000000000e+00,0.000000000000000000e+00,0.000000000000000000e+00
-4.500000000000000000e+01,0.000000000000000000e+00,0.000000000000000000e+00,0.000000000000000000e+00,0.000000000000000000e+00
-4.800000000000000000e+01,0.000000000000000000e+00,0.000000000000000000e+00,0.000000000000000000e+00,0.000000000000000000e+00
-5.100000000000000000e+01,0.000000000000000000e+00,0.000000000000000000e+00,0.000000000000000000e+00,0.000000000000000000e+00
8.000000000000000000e+00,0.000000000000000000e+00,0.000000000000000000e+00,0.000000000000000000e+00,0.000000000000000000e+00
-2.900000000000000000e+01,0.000000000000000000e+00,0.000000000000000000e+00,0.000000000000000000e+00,0.000000000000000000e+00
-2.300000000000000000e+01,0.000000000000000000e+00,0.000000000000000000e+00,0.000000000000000000e+00,0.000000000000000000e+00
-5.300000000000000000e+01,0.000000000000000000e+00,0.000000000000000000e+00,0.000000000000000000e+00,0.000000000000000000e+00
-4.800000000000000000e+01,0.000000000000000000e+00,0.000000000000000000e+00,0.000000000000000000e+00,0.000000000000000000e+00
-6.500000000000000000e+01,0.000000000000000000e+00,0.000000000000000000e+00,0.000000000000000000e+00,0.000000000000000000e+00
-5.000000000000000000e+01,0.000000000000000000e+00,0.000000000000000000e+00,0.000000000000000000e+00,0.000000000000000000e+00
-3.400000000000000000e+01,0.000000000000000000e+00,0.000000000000000000e+00,0.000000000000000000e+00,0.000000000000000000e+00
-3.400000000000000000e+01,0.000000000000000000e+00,0.000000000000000000e+00,0.000000000000000000e+00,0.000000000000000000e+00
-3.200000000000000000e+01,0.000000000000000000e+00,0.000000000000000000e+00,0.000000000000000000e+00,0.000000000000000000e+00
-5.200000000000000000e+01,0.000000000000000000e+00,0.000000000000000000e+00,0.000000000000000000e+00,0.000000000000000000e+00
-5.600000000000000000e+01,0.000000000000000000e+00,0.000000000000000000e+00,0.000000000000000000e+00,0.000000000000000000e+00
-2.800000000000000000e+01,0.000000000000000000e+00,0.000000000000000000e+00,0.000000000000000000e+00,0.000000000000000000e+00
-7.200000000000000000e+01,0.000000000000000000e+00,0.000000000000000000e+00,0.000000000000000000e+00,0.000000000000000000e+00
-5.800000000000000000e+01,0.000000000000000000e+00,0.000000000000000000e+00,0.000000000000000000e+00,0.000000000000000000e+00
-4.600000000000000000e+01,0.000000000000000000e+00,0.000000000000000000e+00,0.000000000000000000e+00,0.000000000000000000e+00
5.000000000000000000e+00,0.000000000000000000e+00,0.000000000000000000e+00,0.000000000000000000e+00,0.000000000000000000e+00
-2.800000000000000000e+01,0.000000000000000000e+00,0.000000000000000000e+00,0.000000000000000000e+00,0.000000000000000000e+00
-4.100000000000000000e+01,0.000000000000000000e+00,0.000000000000000000e+00,0.000000000000000000e+00,0.000000000000000000e+00
-3.200000000000000000e+01,0.000000000000000000e+00,0.000000000000000000e+00,0.000000000000000000e+00,0.000000000000000000e+00
-5.300000000000000000e+01,0.000000000000000000e+00,0.000000000000000000e+00,0.000000000000000000e+00,0.000000000000000000e+00
-5.600000000000000000e+01,0.000000000000000000e+00,0.000000000000000000e+00,0.000000000000000000e+00,0.000000000000000000e+00
-5.700000000000000000e+01,0.000000000000000000e+00,0.000000000000000000e+00,0.000000000000000000e+00,0.000000000000000000e+00
-3.300000000000000000e+01,0.000000000000000000e+00,0.000000000000000000e+00,0.000000000000000000e+00,0.000000000000000000e+00
2.000000000000000000e+00,0.000000000000000000e+00,0.000000000000000000e+00,0.000000000000000000e+00,0.000000000000000000e+00
-4.300000000000000000e+01,0.000000000000000000e+00,0.000000000000000000e+00,0.000000000000000000e+00,0.000000000000000000e+00
-3.800000000000000000e+01,0.000000000000000000e+00,0.000000000000000000e+00,0.000000000000000000e+00,0.000000000000000000e+00
-4.300000000000000000e+01,0.000000000000000000e+00,0.000000000000000000e+00,0.000000000000000000e+00,0.000000000000000000e+00
-5.000000000000000000e+01,0.000000000000000000e+00,0.000000000000000000e+00,0.000000000000000000e+00,0.000000000000000000e+00
-5.500000000000000000e+01,0.000000000000000000e+00,0.000000000000000000e+00,0.000000000000000000e+00,0.000000000000000000e+00
-4.700000000000000000e+01,0.000000000000000000e+00,0.000000000000000000e+00,0.000000000000000000e+00,0.000000000000000000e+00
-3.100000000000000000e+01,0.000000000000000000e+00,0.000000000000000000e+00,0.000000000000000000e+00,0.000000000000000000e+00
-4.000000000000000000e+01,0.000000000000000000e+00,0.000000000000000000e+00,0.000000000000000000e+00,0.000000000000000000e+00
-3.800000000000000000e+01,0.000000000000000000e+00,0.000000000000000000e+00,0.000000000000000000e+00,0.000000000000000000e+00
-4.200000000000000000e+01,0.000000000000000000e+00,0.000000000000000000e+00,0.000000000000000000e+00,0.000000000000000000e+00
-6.800000000000000000e+01,0.000000000000000000e+00,0.000000000000000000e+00,0.000000000000000000e+00,0.000000000000000000e+00
-4.100000000000000000e+01,0.000000000000000000e+00,0.000000000000000000e+00,0.000000000000000000e+00,0.000000000000000000e+00
-6.900000000000000000e+01,0.000000000000000000e+00,0.000000000000000000e+00,0.000000000000000000e+00,0.000000000000000000e+00
-5.100000000000000000e+01,0.000000000000000000e+00,0.000000000000000000e+00,0.000000000000000000e+00,0.000000000000000000e+00
-3.300000000000000000e+01,0.000000000000000000e+00,0.000000000000000000e+00,0.000000000000000000e+00,0.000000000000000000e+00
-2.700000000000000000e+01,0.000000000000000000e+00,0.000000000000000000e+00,0.000000000000000000e+00,0.000000000000000000e+00
-3.800000000000000000e+01,0.000000000000000000e+00,0.000000000000000000e+00,0.000000000000000000e+00,0.000000000000000000e+00
-5.500000000000000000e+01,0.000000000000000000e+00,0.000000000000000000e+00,0.000000000000000000e+00,0.000000000000000000e+00
-4.300000000000000000e+01,0.000000000000000000e+00,0.000000000000000000e+00,0.000000000000000000e+00,0.000000000000000000e+00
-5.000000000000000000e+01,0.000000000000000000e+00,0.000000000000000000e+00,0.000000000000000000e+00,0.000000000000000000e+00
-5.000000000000000000e+01,0.000000000000000000e+00,0.000000000000000000e+00,0.000000000000000000e+00,0.000000000000000000e+00
-1.900000000000000000e+01,0.000000000000000000e+00,0.000000000000000000e+00,0.000000000000000000e+00,0.000000000000000000e+00
-3.600000000000000000e+01,0.000000000000000000e+00,0.000000000000000000e+00,0.000000000000000000e+00,0.000000000000000000e+00
-2.400000000000000000e+01,0.000000000000000000e+00,0.000000000000000000e+00,0.000000000000000000e+00,0.000000000000000000e+00
-5.300000000000000000e+01,0.000000000000000000e+00,0.000000000000000000e+00,0.000000000000000000e+00,0.000000000000000000e+00
-5.000000000000000000e+01,0.000000000000000000e+00,0.000000000000000000e+00,0.000000000000000000e+00,0.000000000000000000e+00
-7.000000000000000000e+01,0.000000000000000000e+00,0.000000000000000000e+00,0.000000000000000000e+00,0.000000000000000000e+00
-4.900000000000000000e+01,0.000000000000000000e+00,0.000000000000000000e+00,0.000000000000000000e+00,0.000000000000000000e+00
-3.500000000000000000e+01,0.000000000000000000e+00,0.000000000000000000e+00,0.000000000000000000e+00,0.000000000000000000e+00
-3.100000000000000000e+01,0.000000000000000000e+00,0.000000000000000000e+00,0.000000000000000000e+00,0.000000000000000000e+00
-2.800000000000000000e+01,0.000000000000000000e+00,0.000000000000000000e+00,0.000000000000000000e+00,0.000000000000000000e+00
-4.800000000000000000e+01,0.000000000000000000e+00,0.000000000000000000e+00,0.000000000000000000e+00,0.000000000000000000e+00
-3.800000000000000000e+01,0.000000000000000000e+00,0.000000000000000000e+00,0.000000000000000000e+00,0.000000000000000000e+00
-3.200000000000000000e+01,0.000000000000000000e+00,0.000000000000000000e+00,0.000000000000000000e+00,0.000000000000000000e+00
-7.200000000000000000e+01,0.000000000000000000e+00,0.000000000000000000e+00,0.000000000000000000e+00,0.000000000000000000e+00
-5.200000000000000000e+01,0.000000000000000000e+00,0.000000000000000000e+00,0.000000000000000000e+00,0.000000000000000000e+00
-5.100000000000000000e+01,-6.000000000000000000e+01,0.000000000000000000e+00,0.000000000000000000e+00,0.000000000000000000e+00
6.000000000000000000e+00,-4.500000000000000000e+01,0.000000000000000000e+00,0.000000000000000000e+00,0.000000000000000000e+00
-2.700000000000000000e+01,-4.800000000000000000e+01,0.000000000000000000e+00,0.000000000000000000e+00,0.000000000000000000e+00
-5.500000000000000000e+01,-5.100000000000000000e+01,0.000000000000000000e+00,0.000000000000000000e+00,0.000000000000000000e+00
-3.400000000000000000e+01,8.000000000000000000e+00,0.000000000000000000e+00,0.000000000000000000e+00,0.000000000000000000e+00
-5.500000000000000000e+01,-2.900000000000000000e+01,-6.000000000000000000e+01,-6.000000000000000000e+01,0.000000000000000000e+00
-5.300000000000000000e+01,-2.300000000000000000e+01,-4.500000000000000000e+01,-4.500000000000000000e+01,0.000000000000000000e+00
-4.900000000000000000e+01,-5.300000000000000000e+01,-4.800000000000000000e+01,-4.800000000000000000e+01,0.000000000000000000e+00
-3.400000000000000000e+01,-4.800000000000000000e+01,-5.100000000000000000e+01,-5.100000000000000000e+01,-6.000000000000000000e+01
-3.000000000000000000e+00,-6.500000000000000000e+01,8.000000000000000000e+00,8.000000000000000000e+00,-4.500000000000000000e+01
-4.100000000000000000e+01,-5.000000000000000000e+01,-2.900000000000000000e+01,-2.900000000000000000e+01,-4.800000000000000000e+01
-4.800000000000000000e+01,-3.400000000000000000e+01,-2.300000000000000000e+01,-2.300000000000000000e+01,-5.100000000000000000e+01
-4.300000000000000000e+01,-3.400000000000000000e+01,-5.300000000000000000e+01,-5.300000000000000000e+01,8.000000000000000000e+00
-5.200000000000000000e+01,-3.200000000000000000e+01,-4.800000000000000000e+01,-4.800000000000000000e+01,-2.900000000000000000e+01
-2.900000000000000000e+01,-5.200000000000000000e+01,-6.500000000000000000e+01,-6.500000000000000000e+01,-2.300000000000000000e+01
-3.600000000000000000e+01,-5.600000000000000000e+01,-5.000000000000000000e+01,-5.000000000000000000e+01,-5.300000000000000000e+01
-2.600000000000000000e+01,-2.800000000000000000e+01,-3.400000000000000000e+01,-3.400000000000000000e+01,-4.800000000000000000e+01
-4.100000000000000000e+01,-7.200000000000000000e+01,-3.400000000000000000e+01,-3.400000000000000000e+01,-6.500000000000000000e+01
-4.400000000000000000e+01,-5.800000000000000000e+01,-3.200000000000000000e+01,-3.200000000000000000e+01,-5.000000000000000000e+01
-4.200000000000000000e+01,-4.600000000000000000e+01,-5.200000000000000000e+01,-5.200000000000000000e+01,-3.400000000000000000e+01
-6.800000000000000000e+01,5.000000000000000000e+00,-5.600000000000000000e+01,-5.600000000000000000e+01,-3.400000000000000000e+01
-3.900000000000000000e+01,-2.800000000000000000e+01,-2.800000000000000000e+01,-2.800000000000000000e+01,-3.200000000000000000e+01
-4.500000000000000000e+01,-4.100000000000000000e+01,-7.200000000000000000e+01,-7.200000000000000000e+01,-5.200000000000000000e+01
-4.600000000000000000e+01,-3.200000000000000000e+01,-5.800000000000000000e+01,-5.800000000000000000e+01,-5.600000000000000000e+01
-2.500000000000000000e+01,-5.300000000000000000e+01,-4.600000000000000000e+01,-4.600000000000000000e+01,-2.800000000000000000e+01
-4.900000000000000000e+01,-5.600000000000000000e+01,5.000000000000000000e+00,5.000000000000000000e+00,-7.200000000000000000e+01
-3.800000000000000000e+01,-5.700000000000000000e+01,-2.800000000000000000e+01,-2.800000000000000000e+01,-5.800000000000000000e+01
-5.800000000000000000e+01,-3.300000000000000000e+01,-4.100000000000000000e+01,-4.100000000000000000e+01,-4.600000000000000000e+01
-4.300000000000000000e+01,2.000000000000000000e+00,-3.200000000000000000e+01,-3.200000000000000000e+01,5.000000000000000000e+00
-3.500000000000000000e+01,-4.300000000000000000e+01,-5.300000000000000000e+01,-5.300000000000000000e+01,-2.800000000000000000e+01
-5.000000000000000000e+01,-3.800000000000000000e+01,-5.600000000000000000e+01,-5.600000000000000000e+01,-4.100000000000000000e+01
1.400000000000000000e+01,-4.300000000000000000e+01,-5.700000000000000000e+01,-5.700000000000000000e+01,-3.200000000000000000e+01
-2.500000000000000000e+01,-5.000000000000000000e+01,-3.300000000000000000e+01,-3.300000000000000000e+01,-5.300000000000000000e+01
-3.000000000000000000e+01,-5.500000000000000000e+01,2.000000000000000000e+00,2.000000000000000000e+00,-5.600000000000000000e+01
-5.000000000000000000e+01,-4.700000000000000000e+01,-4.300000000000000000e+01,-4.300000000000000000e+01,-5.700000000000000000e+01
-5.800000000000000000e+01,-3.100000000000000000e+01,-3.800000000000000000e+01,-3.800000000000000000e+01,-3.300000000000000000e+01
-4.500000000000000000e+01,-4.000000000000000000e+01,-4.300000000000000000e+01,-4.300000000000000000e+01,2.000000000000000000e+00
-4.400000000000000000e+01,-3.800000000000000000e+01,-5.000000000000000000e+01,-5.000000000000000000e+01,-4.300000000000000000e+01
-1.900000000000000000e+01,-4.200000000000000000e+01,-5.500000000000000000e+01,-5.500000000000000000e+01,-3.800000000000000000e+01
-2.900000000000000000e+01,-6.800000000000000000e+01,-4.700000000000000000e+01,-4.700000000000000000e+01,-4.300000000000000000e+01
-3.400000000000000000e+01,-4.100000000000000000e+01,-3.100000000000000000e+01,-3.100000000000000000e+01,-5.000000000000000000e+01
-4.400000000000000000e+01,-6.900000000000000000e+01,-4.000000000000000000e+01,-4.000000000000000000e+01,-5.500000000000000000e+01
-7.900000000000000000e+01,-5.100000000000000000e+01,-3.800000000000000000e+01,-3.800000000000000000e+01,-4.700000000000000000e+01
-3.300000000000000000e+01,-3.300000000000000000e+01,-4.200000000000000000e+01,-4.200000000000000000e+01,-3.100000000000000000e+01
-5.600000000000000000e+01,-2.700000000000000000e+01,-6.800000000000000000e+01,-6.800000000000000000e+01,-4.000000000000000000e+01
-5.000000000000000000e+01,-3.800000000000000000e+01,-4.100000000000000000e+01,-4.100000000000000000e+01,-3.800000000000000000e+01
-2.700000000000000000e+01,-5.500000000000000000e+01,-6.900000000000000000e+01,-6.900000000000000000e+01,-4.200000000000000000e+01
-1.500000000000000000e+01,-4.300000000000000000e+01,-5.100000000000000000e+01,-5.100000000000000000e+01,-6.800000000000000000e+01
-3.400000000000000000e+01,-5.000000000000000000e+01,-3.300000000000000000e+01,-3.300000000000000000e+01,-4.100000000000000000e+01
-6.900000000000000000e+01,-5.000000000000000000e+01,-2.700000000000000000e+01,-2.700000000000000000e+01,-6.900000000000000000e+01
-3.900000000000000000e+01,-1.900000000000000000e+01,-3.800000000000000000e+01,-3.800000000000000000e+01,-5.100000000000000000e+01
-4.400000000000000000e+01,-3.600000000000000000e+01,-5.500000000000000000e+01,-5.500000000000000000e+01,-3.300000000000000000e+01
-5.100000000000000000e+01,-2.400000000000000000e+01,-4.300000000000000000e+01,-4.300000000000000000e+01,-2.700000000000000000e+01
-3.000000000000000000e+01,-5.300000000000000000e+01,-5.000000000000000000e+01,-5.000000000000000000e+01,-3.800000000000000000e+01
-2.700000000000000000e+01,-5.000000000000000000e+01,-5.000000000000000000e+01,-5.000000000000000000e+01,-5.500000000000000000e+01
-6.000000000000000000e+00,-7.000000000000000000e+01,-1.900000000000000000e+01,-1.900000000000000000e+01,-4.300000000000000000e+01
-3.900000000000000000e+01,-4.900000000000000000e+01,-3.600000000000000000e+01,-3.600000000000000000e+01,-5.000000000000000000e+01
-5.300000000000000000e+01,-3.500000000000000000e+01,-2.400000000000000000e+01,-2.400000000000000000e+01,-5.000000000000000000e+01
-4.500000000000000000e+01,-3.100000000000000000e+01,-5.300000000000000000e+01,-5.300000000000000000e+01,-1.900000000000000000e+01
-5.000000000000000000e+01,-2.800000000000000000e+01,-5.000000000000000000e+01,-5.000000000000000000e+01,-3.600000000000000000e+01
-2.300000000000000000e+01,-4.800000000000000000e+01,-7.000000000000000000e+01,-7.000000000000000000e+01,-2.400000000000000000e+01
-3.700000000000000000e+01,-3.800000000000000000e+01,-4.900000000000000000e+01,-4.900000000000000000e+01,-5.300000000000000000e+01
-2.300000000000000000e+01,-3.200000000000000000e+01,-3.500000000000000000e+01,-3.500000000000000000e+01,-5.000000000000000000e+01
-3.500000000000000000e+01,-7.200000000000000000e+01,-3.100000000000000000e+01,-3.100000000000000000e+01,-7.000000000000000000e+01
-4.100000000000000000e+01,-5.200000000000000000e+01,-2.800000000000000000e+01,-2.800000000000000000e+01,-4.900000000000000000e+01
-4.400000000000000000e+01,-5.100000000000000000e+01,-4.800000000000000000e+01,-4.800000000000000000e+01,-3.500000000000000000e+01
-6.800000000000000000e+01,6.000000000000000000e+00,-3.800000000000000000e+01,-3.800000000000000000e+01,-3.100000000000000000e+01
-3.500000000000000000e+01,-2.700000000000000000e+01,-3.200000000000000000e+01,-3.200000000000000000e+01,-2.800000000000000000e+01
-5.200000000000000000e+01,-5.500000000000000000e+01,-7.200000000000000000e+01,-7.200000000000000000e+01,-4.800000000000000000e+01
-5.000000000000000000e+01,-3.400000000000000000e+01,-5.200000000000000000e+01,-5.200000000000000000e+01,-3.800000000000000000e+01
-2.900000000000000000e+01,-5.500000000000000000e+01,-5.100000000000000000e+01,-5.100000000000000000e+01,-3.200000000000000000e+01
-3.300000000000000000e+01,-5.300000000000000000e+01,6.000000000000000000e+00,6.000000000000000000e+00,-7.200000000000000000e+01
-3.500000000000000000e+01,-4.900000000000000000e+01,-2.700000000000000000e+01,-2.700000000000000000e+01,-5.200000000000000000e+01
-6.100000000000000000e+01,-3.400000000000000000e+01,-5.500000000000000000e+01,-5.500000000000000000e+01,-5.100000000000000000e+01
-4.400000000000000000e+01,-3.000000000000000000e+00,-3.400000000000000000e+01,-3.400000000000000000e+01,6.000000000000000000e+00
-4.400000000000000000e+01,-4.100000000000000000e+01,-5.500000000000000000e+01,-5.500000000000000000e+01,-2.700000000000000000e+01
-4.500000000000000000e+01,-4.800000000000000000e+01,-5.300000000000000000e+01,-5.300000000000000000e+01,-5.500000000000000000e+01
1.800000000000000000e+01,-4.300000000000000000e+01,-4.900000000000000000e+01,-4.900000000000000000e+01,-3.400000000000000000e+01
-2.300000000000000000e+01,-5.200000000000000000e+01,-3.400000000000000000e+01,-3.400000000000000000e+01,-5.500000000000000000e+01
-2.300000000000000000e+01,-2.900000000000000000e+01,-3.000000000000000000e+00,-3.000000000000000000e+00,-5.300000000000000000e+01
-5.000000000000000000e+01,-3.600000000000000000e+01,-4.100000000000000000e+01,-4.100000000000000000e+01,-4.900000000000000000e+01
-4.700000000000000000e+01,-2.600000000000000000e+01,-4.800000000000000000e+01,-4.800000000000000000e+01,-3.400000000000000000e+01
-5.800000000000000000e+01,-4.100000000000000000e+01,-4.300000000000000000e+01,-4.300000000000000000e+01,-3.000000000000000000e+00
-4.400000000000000000e+01,-4.400000000000000000e+01,-5.200000000000000000e+01,-5.200000000000000000e+01,-4.100000000000000000e+01
-2.500000000000000000e+01,-4.200000000000000000e+01,-2.900000000000000000e+01,-2.900000000000000000e+01,-4.800000000000000000e+01
-2.800000000000000000e+01,-6.800000000000000000e+01,-3.600000000000000000e+01,-3.600000000000000000e+01,-4.300000000000000000e+01
-2.900000000000000000e+01,-3.900000000000000000e+01,-2.600000000000000000e+01,-2.600000000000000000e+01,-5.200000000000000000e+01
-3.900000000000000000e+01,-4.500000000000000000e+01,-4.100000000000000000e+01,-4.100000000000000000e+01,-2.900000000000000000e+01
-6.100000000000000000e+01,-4.600000000000000000e+01,-4.400000000000000000e+01,-4.400000000000000000e+01,-3.600000000000000000e+01
-2.600000000000000000e+01,-2.500000000000000000e+01,-4.200000000000000000e+01,-4.200000000000000000e+01,-2.600000000000000000e+01
-6.800000000000000000e+01,-4.900000000000000000e+01,-6.800000000000000000e+01,-6.800000000000000000e+01,-4.100000000000000000e+01
-4.900000000000000000e+01,-3.800000000000000000e+01,-3.900000000000000000e+01,-3.900000000000000000e+01,-4.400000000000000000e+01
-3.800000000000000000e+01,-5.800000000000000000e+01,-4.500000000000000000e+01,-4.500000000000000000e+01,-4.200000000000000000e+01
8.000000000000000000e+00,-4.300000000000000000e+01,-4.600000000000000000e+01,-4.600000000000000000e+01,-6.800000000000000000e+01
-2.600000000000000000e+01,-3.500000000000000000e+01,-2.500000000000000000e+01,-2.500000000000000000e+01,-3.900000000000000000e+01
-4.100000000000000000e+01,-5.000000000000000000e+01,-4.900000000000000000e+01,-4.900000000000000000e+01,-4.500000000000000000e+01
-2.900000000000000000e+01,1.400000000000000000e+01,-3.800000000000000000e+01,-3.800000000000000000e+01,-4.600000000000000000e+01
-5.100000000000000000e+01,-2.500000000000000000e+01,-5.800000000000000000e+01,-5.800000000000000000e+01,-2.500000000000000000e+01
-4.900000000000000000e+01,-3.000000000000000000e+01,-4.300000000000000000e+01,-4.300000000000000000e+01,-4.900000000000000000e+01
-4.900000000000000000e+01,-5.000000000000000000e+01,-3.500000000000000000e+01,-3.500000000000000000e+01,-3.800000000000000000e+01
-3.100000000000000000e+01,-5.800000000000000000e+01,-5.000000000000000000e+01,-5.000000000000000000e+01,-5.800000000000000000e+01
0.000000000000000000e+00,-4.500000000000000000e+01,1.400000000000000000e+01,1.400000000000000000e+01,-4.300000000000000000e+01
-3.800000000000000000e+01,-4.400000000000000000e+01,-2.500000000000000000e+01,-2.500000000000000000e+01,-3.500000000000000000e+01
-3.200000000000000000e+01,-1.900000000000000000e+01,-3.000000000000000000e+01,-3.000000000000000000e+01,-5.000000000000000000e+01
-4.100000000000000000e+01,-2.900000000000000000e+01,-5.000000000000000000e+01,-5.000000000000000000e+01,1.400000000000000000e+01
-5.100000000000000000e+01,-3.400000000000000000e+01,-5.800000000000000000e+01,-5.800000000000000000e+01,-2.500000000000000000e+01
-4.400000000000000000e+01,-4.400000000000000000e+01,-4.500000000000000000e+01,-4.500000000000000000e+01,-3.000000000000000000e+01
-4.000000000000000000e+01,-7.900000000000000000e+01,-4.400000000000000000e+01,-4.400000000000000000e+01,-5.000000000000000000e+01
-1.700000000000000000e+01,-3.300000000000000000e+01,-1.900000000000000000e+01,-1.900000000000000000e+01,-5.800000000000000000e+01
-3.900000000000000000e+01,-5.600000000000000000e+01,-2.900000000000000000e+01,-2.900000000000000000e+01,-4.500000000000000000e+01
-3.300000000000000000e+01,-5.000000000000000000e+01,-3.400000000000000000e+01,-3.400000000000000000e+01,-4.400000000000000000e+01
-3.300000000000000000e+01,-2.700000000000000000e+01,-4.400000000000000000e+01,-4.400000000000000000e+01,-1.900000000000000000e+01
-6.100000000000000000e+01,-1.500000000000000000e+01,-7.900000000000000000e+01,-7.900000000000000000e+01,-2.900000000000000000e+01
-2.900000000000000000e+01,-3.400000000000000000e+01,-3.300000000000000000e+01,-3.300000000000000000e+01,-3.400000000000000000e+01
-4.900000000000000000e+01,-6.900000000000000000e+01,-5.600000000000000000e+01,-5.600000000000000000e+01,-4.400000000000000000e+01
-4.600000000000000000e+01,-3.900000000000000000e+01,-5.000000000000000000e+01,-5.000000000000000000e+01,-7.900000000000000000e+01
-2.500000000000000000e+01,-4.400000000000000000e+01,-2.700000000000000000e+01,-2.700000000000000000e+01,-3.300000000000000000e+01
-2.700000000000000000e+01,-5.100000000000000000e+01,-1.500000000000000000e+01,-1.500000000000000000e+01,-5.600000000000000000e+01
-3.100000000000000000e+01,-3.000000000000000000e+01,-3.400000000000000000e+01,-3.400000000000000000e+01,-5.000000000000000000e+01
-5.400000000000000000e+01,-2.700000000000000000e+01,-6.900000000000000000e+01,-6.900000000000000000e+01,-2.700000000000000000e+01
-4.100000000000000000e+01,-6.000000000000000000e+00,-3.900000000000000000e+01,-3.900000000000000000e+01,-1.500000000000000000e+01
-4.600000000000000000e+01,-3.900000000000000000e+01,-4.400000000000000000e+01,-4.400000000000000000e+01,-3.400000000000000000e+01
-4.600000000000000000e+01,-5.300000000000000000e+01,-5.100000000000000000e+01,-5.100000000000000000e+01,-6.900000000000000000e+01
-9.000000000000000000e+00,-4.500000000000000000e+01,-3.000000000000000000e+01,-3.000000000000000000e+01,-3.900000000000000000e+01
-2.700000000000000000e+01,-5.000000000000000000e+01,-2.700000000000000000e+01,-2.700000000000000000e+01,-4.400000000000000000e+01
-1.400000000000000000e+01,-2.300000000000000000e+01,-6.000000000000000000e+00,-6.000000000000000000e+00,-5.100000000000000000e+01
-4.900000000000000000e+01,-3.700000000000000000e+01,-3.900000000000000000e+01,-3.900000000000000000e+01,-3.000000000000000000e+01
-3.800000000000000000e+01,-2.300000000000000000e+01,-5.300000000000000000e+01,-5.300000000000000000e+01,-2.700000000000000000e+01
-6.900000000000000000e+01,-3.500000000000000000e+01,-4.500000000000000000e+01,-4.500000000000000000e+01,-6.000000000000000000e+00
-4.600000000000000000e+01,-4.100000000000000000e+01,-5.000000000000000000e+01,-5.000000000000000000e+01,-3.900000000000000000e+01
-3.400000000000000000e+01,-4.400000000000000000e+01,-2.300000000000000000e+01,-2.300000000000000000e+01,-5.300000000000000000e+01
-3.000000000000000000e+01,-6.800000000000000000e+01,-3.700000000000000000e+01,-3.700000000000000000e+01,-4.500000000000000000e+01
-2.100000000000000000e+01,-3.500000000000000000e+01,-2.300000000000000000e+01,-2.300000000000000000e+01,-5.000000000000000000e+01
-3.800000000000000000e+01,-5.200000000000000000e+01,-3.500000000000000000e+01,-3.500000000000000000e+01,-2.300000000000000000e+01
-3.300000000000000000e+01,-5.000000000000000000e+01,-4.100000000000000000e+01,-4.100000000000000000e+01,-3.700000000000000000e+01
-2.700000000000000000e+01,-2.900000000000000000e+01,-4.400000000000000000e+01,-4.400000000000000000e+01,-2.300000000000000000e+01
-6.700000000000000000e+01,-3.300000000000000000e+01,-6.800000000000000000e+01,-6.800000000000000000e+01,-3.500000000000000000e+01
-4.500000000000000000e+01,-3.500000000000000000e+01,-3.500000000000000000e+01,-3.500000000000000000e+01,-4.100000000000000000e+01
-4.400000000000000000e+01,-6.100000000000000000e+01,-5.200000000000000000e+01,-5.200000000000000000e+01,-4.400000000000000000e+01
7.000000000000000000e+00,-4.400000000000000000e+01,-5.000000000000000000e+01,-5.000000000000000000e+01,-6.800000000000000000e+01
-3.000000000000000000e+01,-4.400000000000000000e+01,-2.900000000000000000e+01,-2.900000000000000000e+01,-3.500000000000000000e+01
-3.100000000000000000e+01,-4.500000000000000000e+01,-3.300000000000000000e+01,-3.300000000000000000e+01,-5.200000000000000000e+01
-2.800000000000000000e+01,1.800000000000000000e+01,-3.500000000000000000e+01,-3.500000000000000000e+01,-5.000000000000000000e+01
-4.900000000000000000e+01,-2.300000000000000000e+01,-6.100000000000000000e+01,-6.100000000000000000e+01,-2.900000000000000000e+01
-4.900000000000000000e+01,-2.300000000000000000e+01,-4.400000000000000000e+01,-4.400000000000000000e+01,-3.300000000000000000e+01
-5.300000000000000000e+01,-5.000000000000000000e+01,-4.400000000000000000e+01,-4.400000000000000000e+01,-3.500000000000000000e+01
-2.600000000000000000e+01,-4.700000000000000000e+01,-4.500000000000000000e+01,-4.500000000000000000e+01,-6.100000000000000000e+01
1.000000000000000000e+00,-5.800000000000000000e+01,1.800000000000000000e+01,1.800000000000000000e+01,-4.400000000000000000e+01
-3.600000000000000000e+01,-4.400000000000000000e+01,-2.300000000000000000e+01,-2.300000000000000000e+01,-4.400000000000000000e+01
-3.400000000000000000e+01,-2.500000000000000000e+01,-2.300000000000000000e+01,-2.300000000000000000e+01,-4.500000000000000000e+01
-3.800000000000000000e+01,-2.800000000000000000e+01,-5.000000000000000000e+01,-5.000000000000000000e+01,1.800000000000000000e+01
-4.800000000000000000e+01,-2.900000000000000000e+01,-4.700000000000000000e+01,-4.700000000000000000e+01,-2.300000000000000000e+01
-4.400000000000000000e+01,-3.900000000000000000e+01,-5.800000000000000000e+01,-5.800000000000000000e+01,-2.300000000000000000e+01
-4.000000000000000000e+01,-6.100000000000000000e+01,-4.400000000000000000e+01,-4.400000000000000000e+01,-5.000000000000000000e+01
-1.900000000000000000e+01,-2.600000000000000000e+01,-2.500000000000000000e+01,-2.500000000000000000e+01,-4.700000000000000000e+01
-4.100000000000000000e+01,-6.800000000000000000e+01,-2.800000000000000000e+01,-2.800000000000000000e+01,-5.800000000000000000e+01
-3.400000000000000000e+01,-4.900000000000000000e+01,-2.900000000000000000e+01,-2.900000000000000000e+01,-4.400000000000000000e+01
-3.100000000000000000e+01,-3.800000000000000000e+01,-3.900000000000000000e+01,-3.900000000000000000e+01,-2.500000000000000000e+01
-6.100000000000000000e+01,8.000000000000000000e+00,-6.100000000000000000e+01,-6.100000000000000000e+01,-2.800000000000000000e+01
-3.200000000000000000e+01,-2.600000000000000000e+01,-2.600000000000000000e+01,-2.600000000000000000e+01,-2.900000000000000000e+01
-4.100000000000000000e+01,-4.100000000000000000e+01,-6.800000000000000000e+01,-6.800000000000000000e+01,-3.900000000000000000e+01
-4.700000000000000000e+01,-2.900000000000000000e+01,-4.900000000000000000e+01,-4.900000000000000000e+01,-6.100000000000000000e+01
-2.300000000000000000e+01,-5.100000000000000000e+01,-3.800000000000000000e+01,-3.800000000000000000e+01,-2.600000000000000000e+01
-3.700000000000000000e+01,-4.900000000000000000e+01,8.000000000000000000e+00,8.000000000000000000e+00,-6.800000000000000000e+01
-3.700000000000000000e+01,-4.900000000000000000e+01,-2.600000000000000000e+01,-2.600000000000000000e+01,-4.900000000000000000e+01
-5.400000000000000000e+01,-3.100000000000000000e+01,-4.100000000000000000e+01,-4.100000000000000000e+01,-3.800000000000000000e+01
-3.800000000000000000e+01,0.000000000000000000e+00,-2.900000000000000000e+01,-2.900000000000000000e+01,8.000000000000000000e+00
-3.900000000000000000e+01,-3.800000000000000000e+01,-5.100000000000000000e+01,-5.100000000000000000e+01,-2.600000000000000000e+01
-4.200000000000000000e+01,-3.200000000000000000e+01,-4.900000000000000000e+01,-4.900000000000000000e+01,-4.100000000000000000e+01
1.100000000000000000e+01,-4.100000000000000000e+01,-4.900000000000000000e+01,-4.900000000000000000e+01,-2.900000000000000000e+01
-2.200000000000000000e+01,-5.100000000000000000e+01,-3.100000000000000000e+01,-3.100000000000000000e+01,-5.100000000000000000e+01
-1.600000000000000000e+01,-4.400000000000000000e+01,0.000000000000000000e+00,0.000000000000000000e+00,-4.900000000000000000e+01
-4.400000000000000000e+01,-4.000000000000000000e+01,-3.800000000000000000e+01,-3.800000000000000000e+01,-4.900000000000000000e+01
-4.300000000000000000e+01,-1.700000000000000000e+01,-3.200000000000000000e+01,-3.200000000000000000e+01,-3.100000000000000000e+01
-5.700000000000000000e+01,-3.900000000000000000e+01,-4.100000000000000000e+01,-4.100000000000000000e+01,0.000000000000000000e+00
-4.300000000000000000e+01,-3.300000000000000000e+01,-5.100000000000000000e+01,-5.100000000000000000e+01,-3.800000000000000000e+01
-2.200000000000000000e+01,-3.300000000000000000e+01,-4.400000000000000000e+01,-4.400000000000000000e+01,-3.200000000000000000e+01
-3.000000000000000000e+01,-6.100000000000000000e+01,-4.000000000000000000e+01,-4.000000000000000000e+01,-4.100000000000000000e+01
-2.300000000000000000e+01,-2.900000000000000000e+01,-1.700000000000000000e+01,-1.700000000000000000e+01,-5.100000000000000000e+01
-4.200000000000000000e+01,-4.900000000000000000e+01,-3.900000000000000000e+01,-3.900000000000000000e+01,-4.400000000000000000e+01
-5.300000000000000000e+01,-4.600000000000000000e+01,-3.300000000000000000e+01,-3.300000000000000000e+01,-4.000000000000000000e+01
-2.600000000000000000e+01,-2.500000000000000000e+01,-3.300000000000000000e+01,-3.300000000000000000e+01,-1.700000000000000000e+01
-6.800000000000000000e+01,-2.700000000000000000e+01,-6.100000000000000000e+01,-6.100000000000000000e+01,-3.900000000000000000e+01
-4.800000000000000000e+01,-3.100000000000000000e+01,-2.900000000000000000e+01,-2.900000000000000000e+01,-3.300000000000000000e+01
-3.800000000000000000e+01,-5.400000000000000000e+01,-4.900000000000000000e+01,-4.900000000000000000e+01,-3.300000000000000000e+01
1.200000000000000000e+01,-4.100000000000000000e+01,-4.600000000000000000e+01,-4.600000000000000000e+01,-6.100000000000000000e+01
-2.500000000000000000e+01,-4.600000000000000000e+01,-2.500000000000000000e+01,-2.500000000000000000e+01,-2.900000000000000000e+01
-4.100000000000000000e+01,-4.600000000000000000e+01,-2.700000000000000000e+01,-2.700000000000000000e+01,-4.900000000000000000e+01
-2.600000000000000000e+01,-9.000000000000000000e+00,-3.100000000000000000e+01,-3.100000000000000000e+01,-4.600000000000000000e+01
-5.000000000000000000e+01,-2.700000000000000000e+01,-5.400000000000000000e+01,-5.400000000000000000e+01,-2.500000000000000000e+01
-4.900000000000000000e+01,-1.400000000000000000e+01,-4.100000000000000000e+01,-4.100000000000000000e+01,-2.700000000000000000e+01
-3.500000000000000000e+01,-4.900000000000000000e+01,-4.600000000000000000e+01,-4.600000000000000000e+01,-3.100000000000000000e+01
-2.700000000000000000e+01,-3.800000000000000000e+01,-4.600000000000000000e+01,-4.600000000000000000e+01,-5.400000000000000000e+01
-2.000000000000000000e+00,-6.900000000000000000e+01,-9.000000000000000000e+00,-9.000000000000000000e+00,-4.100000000000000000e+01
-3.800000000000000000e+01,-4.600000000000000000e+01,-2.700000000000000000e+01,-2.700000000000000000e+01,-4.600000000000000000e+01
-3.300000000000000000e+01,-3.400000000000000000e+01,-1.400000000000000000e+01,-1.400000000000000000e+01,-4.600000000000000000e+01
-3.500000000000000000e+01,-3.000000000000000000e+01,-4.900000000000000000e+01,-4.900000000000000000e+01,-9.000000000000000000e+00
-4.200000000000000000e+01,-2.100000000000000000e+01,-3.800000000000000000e+01,-3.800000000000000000e+01,-2.700000000000000000e+01
-5.700000000000000000e+01,-3.800000000000000000e+01,-6.900000000000000000e+01,-6.900000000000000000e+01,-1.400000000000000000e+01
-4.400000000000000000e+01,-3.300000000000000000e+01,-4.600000000000000000e+01,-4.600000000000000000e+01,-4.900000000000000000e+01
-2.500000000000000000e+01,-2.700000000000000000e+01,-3.400000000000000000e+01,-3.400000000000000000e+01,-3.800000000000000000e+01
-3.800000000000000000e+01,-6.700000000000000000e+01,-3.000000000000000000e+01,-3.000000000000000000e+01,-6.900000000000000000e+01
-2.900000000000000000e+01,-4.500000000000000000e+01,-2.100000000000000000e+01,-2.100000000000000000e+01,-4.600000000000000000e+01
-2.900000000000000000e+01,-4.400000000000000000e+01,-3.800000000000000000e+01,-3.800000000000000000e+01,-3.400000000000000000e+01
-3.900000000000000000e+01,7.000000000000000000e+00,-3.300000000000000000e+01,-3.300000000000000000e+01,-3.000000000000000000e+01
-3.500000000000000000e+01,-3.000000000000000000e+01,-2.700000000000000000e+01,-2.700000000000000000e+01,-2.100000000000000000e+01
-6.100000000000000000e+01,-3.100000000000000000e+01,-6.700000000000000000e+01,-6.700000000000000000e+01,-3.800000000000000000e+01
-4.500000000000000000e+01,-2.800000000000000000e+01,-4.500000000000000000e+01,-4.500000000000000000e+01,-3.300000000000000000e+01
-3.000000000000000000e+01,-4.900000000000000000e+01,-4.400000000000000000e+01,-4.400000000000000000e+01,-2.700000000000000000e+01
-1.700000000000000000e+01,-4.900000000000000000e+01,7.000000000000000000e+00,7.000000000000000000e+00,-6.700000000000000000e+01
-2.800000000000000000e+01,-5.300000000000000000e+01,-3.000000000000000000e+01,-3.000000000000000000e+01,-4.500000000000000000e+01
-4.600000000000000000e+01,-2.600000000000000000e+01,-3.100000000000000000e+01,-3.100000000000000000e+01,-4.400000000000000000e+01
-3.800000000000000000e+01,1.000000000000000000e+00,-2.800000000000000000e+01,-2.800000000000000000e+01,7.000000000000000000e+00
-4.500000000000000000e+01,-3.600000000000000000e+01,-4.900000000000000000e+01,-4.900000000000000000e+01,-3.000000000000000000e+01
-4.400000000000000000e+01,-3.400000000000000000e+01,-4.900000000000000000e+01,-4.900000000000000000e+01,-3.100000000000000000e+01
-1.000000000000000000e+01,-3.800000000000000000e+01,-5.300000000000000000e+01,-5.300000000000000000e+01,-2.800000000000000000e+01
-2.800000000000000000e+01,-4.800000000000000000e+01,-2.600000000000000000e+01,-2.600000000000000000e+01,-4.900000000000000000e+01
-1.900000000000000000e+01,-4.400000000000000000e+01,1.000000000000000000e+00,1.000000000000000000e+00,-4.900000000000000000e+01
-4.400000000000000000e+01,-4.000000000000000000e+01,-3.600000000000000000e+01,-3.600000000000000000e+01,-5.300000000000000000e+01
-3.700000000000000000e+01,-1.900000000000000000e+01,-3.400000000000000000e+01,-3.400000000000000000e+01,-2.600000000000000000e+01
-6.600000000000000000e+01,-4.100000000000000000e+01,-3.800000000000000000e+01,-3.800000000000000000e+01,1.000000000000000000e+00
-4.500000000000000000e+01,-3.400000000000000000e+01,-4.800000000000000000e+01,-4.800000000000000000e+01,-3.600000000000000000e+01
-3.400000000000000000e+01,-3.100000000000000000e+01,-4.400000000000000000e+01,-4.400000000000000000e+01,-3.400000000000000000e+01
-3.100000000000000000e+01,-6.100000000000000000e+01,-4.000000000000000000e+01,-4.000000000000000000e+01,-3.800000000000000000e+01
-2.400000000000000000e+01,-3.200000000000000000e+01,-1.900000000000000000e+01,-1.900000000000000000e+01,-4.800000000000000000e+01
-3.900000000000000000e+01,-4.100000000000000000e+01,-4.100000000000000000e+01,-4.100000000000000000e+01,-4.400000000000000000e+01
-3.200000000000000000e+01,-4.700000000000000000e+01,-3.400000000000000000e+01,-3.400000000000000000e+01,-4.000000000000000000e+01
-2.400000000000000000e+01,-2.300000000000000000e+01,-3.100000000000000000e+01,-3.100000000000000000e+01,-1.900000000000000000e+01
-6.800000000000000000e+01,-3.700000000000000000e+01,-6.100000000000000000e+01,-6.100000000000000000e+01,-4.100000000000000000e+01
-5.000000000000000000e+01,-3.700000000000000000e+01,-3.200000000000000000e+01,-3.200000000000000000e+01,-3.400000000000000000e+01
-3.600000000000000000e+01,-5.400000000000000000e+01,-4.100000000000000000e+01,-4.100000000000000000e+01,-3.100000000000000000e+01
1.000000000000000000e+01,-3.800000000000000000e+01,-4.700000000000000000e+01,-4.700000000000000000e+01,-6.100000000000000000e+01
-2.400000000000000000e+01,-3.900000000000000000e+01,-2.300000000000000000e+01,-2.300000000000000000e+01,-3.200000000000000000e+01
-4.200000000000000000e+01,-4.200000000000000000e+01,-3.700000000000000000e+01,-3.700000000000000000e+01,-4.100000000000000000e+01
-3.000000000000000000e+01,1.100000000000000000e+01,-3.700000000000000000e+01,-3.700000000000000000e+01,-4.700000000000000000e+01
-5.100000000000000000e+01,-2.200000000000000000e+01,-5.400000000000000000e+01,-5.400000000000000000e+01,-2.300000000000000000e+01
-5.000000000000000000e+01,-1.600000000000000000e+01,-3.800000000000000000e+01,-3.800000000000000000e+01,-3.700000000000000000e+01
-5.900000000000000000e+01,-4.400000000000000000e+01,-3.900000000000000000e+01,-3.900000000000000000e+01,-3.700000000000000000e+01
-2.800000000000000000e+01,-4.300000000000000000e+01,-4.200000000000000000e+01,-4.200000000000000000e+01,-5.400000000000000000e+01
7.000000000000000000e+00,-5.700000000000000000e+01,1.100000000000000000e+01,1.100000000000000000e+01,-3.800000000000000000e+01
-3.800000000000000000e+01,-4.300000000000000000e+01,-2.200000000000000000e+01,-2.200000000000000000e+01,-3.900000000000000000e+01
-3.600000000000000000e+01,-2.200000000000000000e+01,-1.600000000000000000e+01,-1.600000000000000000e+01,-4.200000000000000000e+01
-4.300000000000000000e+01,-3.000000000000000000e+01,-4.400000000000000000e+01,-4.400000000000000000e+01,1.100000000000000000e+01
-4.700000000000000000e+01,-2.300000000000000000e+01,-4.300000000000000000e+01,-4.300000000000000000e+01,-2.200000000000000000e+01
-4.900000000000000000e+01,-4.200000000000000000e+01,-5.700000000000000000e+01,-5.700000000000000000e+01,-1.600000000000000000e+01
-3.800000000000000000e+01,-5.300000000000000000e+01,-4.300000000000000000e+01,-4.300000000000000000e+01,-4.400000000000000000e+01
-1.800000000000000000e+01,-2.600000000000000000e+01,-2.200000000000000000e+01,-2.200000000000000000e+01,-4.300000000000000000e+01
-3.600000000000000000e+01,-6.800000000000000000e+01,-3.000000000000000000e+01,-3.000000000000000000e+01,-5.700000000000000000e+01
-3.400000000000000000e+01,-4.800000000000000000e+01,-2.300000000000000000e+01,-2.300000000000000000e+01,-4.300000000000000000e+01
-3.400000000000000000e+01,-3.800000000000000000e+01,-4.200000000000000000e+01,-4.200000000000000000e+01,-2.200000000000000000e+01
-6.700000000000000000e+01,1.200000000000000000e+01,-5.300000000000000000e+01,-5.300000000000000000e+01,-3.000000000000000000e+01
-3.500000000000000000e+01,-2.500000000000000000e+01,-2.600000000000000000e+01,-2.600000000000000000e+01,-2.300000000000000000e+01
-4.900000000000000000e+01,-4.100000000000000000e+01,-6.800000000000000000e+01,-6.800000000000000000e+01,-4.200000000000000000e+01
-4.500000000000000000e+01,-2.600000000000000000e+01,-4.800000000000000000e+01,-4.800000000000000000e+01,-5.300000000000000000e+01
-2.300000000000000000e+01,-5.000000000000000000e+01,-3.800000000000000000e+01,-3.800000000000000000e+01,-2.600000000000000000e+01
-2.700000000000000000e+01,-4.900000000000000000e+01,1.200000000000000000e+01,1.200000000000000000e+01,-6.800000000000000000e+01
-3.000000000000000000e+01,-3.500000000000000000e+01,-2.500000000000000000e+01,-2.500000000000000000e+01,-4.800000000000000000e+01
-5.300000000000000000e+01,-2.700000000000000000e+01,-4.100000000000000000e+01,-4.100000000000000000e+01,-3.800000000000000000e+01
-3.900000000000000000e+01,-2.000000000000000000e+00,-2.600000000000000000e+01,-2.600000000000000000e+01,1.200000000000000000e+01
-4.400000000000000000e+01,-3.800000000000000000e+01,-5.000000000000000000e+01,-5.000000000000000000e+01,-2.500000000000000000e+01
-4.500000000000000000e+01,-3.300000000000000000e+01,-4.900000000000000000e+01,-4.900000000000000000e+01,-4.100000000000000000e+01
1.000000000000000000e+00,-3.500000000000000000e+01,-3.500000000000000000e+01,-3.500000000000000000e+01,-2.600000000000000000e+01
-2.300000000000000000e+01,-4.200000000000000000e+01,-2.700000000000000000e+01,-2.700000000000000000e+01,-5.000000000000000000e+01
-1.800000000000000000e+01,-5.700000000000000000e+01,-2.000000000000000000e+00,-2.000000000000000000e+00,-4.900000000000000000e+01
-5.000000000000000000e+01,-4.400000000000000000e+01,-3.800000000000000000e+01,-3.800000000000000000e+01,-3.500000000000000000e+01
-4.200000000000000000e+01,-2.500000000000000000e+01,-3.300000000000000000e+01,-3.300000000000000000e+01,-2.700000000000000000e+01
-7.400000000000000000e+01,-3.800000000000000000e+01,-3.500000000000000000e+01,-3.500000000000000000e+01,-2.000000000000000000e+00
-4.400000000000000000e+01,-2.900000000000000000e+01,-4.200000000000000000e+01,-4.200000000000000000e+01,-3.800000000000000000e+01
-3.700000000000000000e+01,-2.900000000000000000e+01,-5.700000000000000000e+01,-5.700000000000000000e+01,-3.300000000000000000e+01
-3.400000000000000000e+01,-3.900000000000000000e+01,-4.400000000000000000e+01,-4.400000000000000000e+01,-3.500000000000000000e+01
-2.300000000000000000e+01,-3.500000000000000000e+01,-2.500000000000000000e+01,-2.500000000000000000e+01,-4.200000000000000000e+01
-4.500000000000000000e+01,-6.100000000000000000e+01,-3.800000000000000000e+01,-3.800000000000000000e+01,-5.700000000000000000e+01
-3.600000000000000000e+01,-4.500000000000000000e+01,-2.900000000000000000e+01,-2.900000000000000000e+01,-4.400000000000000000e+01
-2.500000000000000000e+01,-3.000000000000000000e+01,-2.900000000000000000e+01,-2.900000000000000000e+01,-2.500000000000000000e+01
-7.000000000000000000e+01,-1.700000000000000000e+01,-3.900000000000000000e+01,-3.900000000000000000e+01,-3.800000000000000000e+01
-4.800000000000000000e+01,-2.800000000000000000e+01,-3.500000000000000000e+01,-3.500000000000000000e+01,-2.900000000000000000e+01
-4.600000000000000000e+01,-4.600000000000000000e+01,-6.100000000000000000e+01,-6.100000000000000000e+01,-2.900000000000000000e+01
1.000000000000000000e+01,-3.800000000000000000e+01,-4.500000000000000000e+01,-4.500000000000000000e+01,-3.900000000000000000e+01
-2.900000000000000000e+01,-4.500000000000000000e+01,-3.000000000000000000e+01,-3.000000000000000000e+01,-3.500000000000000000e+01
-3.700000000000000000e+01,-4.400000000000000000e+01,-1.700000000000000000e+01,-1.700000000000000000e+01,-6.100000000000000000e+01
-2.900000000000000000e+01,-1.000000000000000000e+01,-2.800000000000000000e+01,-2.800000000000000000e+01,-4.500000000000000000e+01
-5.100000000000000000e+01,-2.800000000000000000e+01,-4.600000000000000000e+01,-4.600000000000000000e+01,-3.000000000000000000e+01
-5.100000000000000000e+01,-1.900000000000000000e+01,-3.800000000000000000e+01,-3.800000000000000000e+01,-1.700000000000000000e+01
-5.100000000000000000e+01,-4.400000000000000000e+01,-4.500000000000000000e+01,-4.500000000000000000e+01,-2.800000000000000000e+01
-2.700000000000000000e+01,-3.700000000000000000e+01,-4.400000000000000000e+01,-4.400000000000000000e+01,-4.600000000000000000e+01
-1.000000000000000000e+00,-6.600000000000000000e+01,-1.000000000000000000e+01,-1.000000000000000000e+01,-3.800000000000000000e+01
-4.300000000000000000e+01,-4.500000000000000000e+01,-2.800000000000000000e+01,-2.800000000000000000e+01,-4.500000000000000000e+01
-4.100000000000000000e+01,-3.400000000000000000e+01,-1.900000000000000000e+01,-1.900000000000000000e+01,-4.400000000000000000e+01
-3.900000000000000000e+01,-3.100000000000000000e+01,-4.400000000000000000e+01,-4.400000000000000000e+01,-1.000000000000000000e+01
-4.700000000000000000e+01,-2.400000000000000000e+01,-3.700000000000000000e+01,-3.700000000000000000e+01,-2.800000000000000000e+01
-5.000000000000000000e+01,-3.900000000000000000e+01,-6.600000000000000000e+01,-6.600000000000000000e+01,-1.900000000000000000e+01
-4.100000000000000000e+01,-3.200000000000000000e+01,-4.500000000000000000e+01,-4.500000000000000000e+01,-4.400000000000000000e+01
-2.200000000000000000e+01,-2.400000000000000000e+01,-3.400000000000000000e+01,-3.400000000000000000e+01,-3.700000000000000000e+01
-4.100000000000000000e+01,-6.800000000000000000e+01,-3.100000000000000000e+01,-3.100000000000000000e+01,-6.600000000000000000e+01
-3.600000000000000000e+01,-5.000000000000000000e+01,-2.400000000000000000e+01,-2.400000000000000000e+01,-4.500000000000000000e+01
-3.500000000000000000e+01,-3.600000000000000000e+01,-3.900000000000000000e+01,-3.900000000000000000e+01,-3.400000000000000000e+01
-6.400000000000000000e+01,1.000000000000000000e+01,-3.200000000000000000e+01,-3.200000000000000000e+01,-3.100000000000000000e+01
-3.400000000000000000e+01,-2.400000000000000000e+01,-2.400000000000000000e+01,-2.400000000000000000e+01,-2.400000000000000000e+01
-5.400000000000000000e+01,-4.200000000000000000e+01,-6.800000000000000000e+01,-6.800000000000000000e+01,-3.900000000000000000e+01
-4.700000000000000000e+01,-3.000000000000000000e+01,-5.000000000000000000e+01,-5.000000000000000000e+01,-3.200000000000000000e+01
-2.300000000000000000e+01,-5.100000000000000000e+01,-3.600000000000000000e+01,-3.600000000000000000e+01,-2.400000000000000000e+01
-3.300000000000000000e+01,-5.000000000000000000e+01,1.000000000000000000e+01,1.000000000000000000e+01,-6.800000000000000000e+01
-3.700000000000000000e+01,-5.900000000000000000e+01,-2.400000000000000000e+01,-2.400000000000000000e+01,-5.000000000000000000e+01
-5.900000000000000000e+01,-2.800000000000000000e+01,-4.200000000000000000e+01,-4.200000000000000000e+01,-3.600000000000000000e+01
-4.100000000000000000e+01,7.000000000000000000e+00,-3.000000000000000000e+01,-3.000000000000000000e+01,1.000000000000000000e+01
-4.500000000000000000e+01,-3.800000000000000000e+01,-5.100000000000000000e+01,-5.100000000000000000e+01,-2.400000000000000000e+01
-5.000000000000000000e+01,-3.600000000000000000e+01,-5.000000000000000000e+01,-5.000000000000000000e+01,-4.200000000000000000e+01
-4.000000000000000000e+00,-4.300000000000000000e+01,-5.900000000000000000e+01,-5.900000000000000000e+01,-3.000000000000000000e+01
-2.800000000000000000e+01,-4.700000000000000000e+01,-2.800000000000000000e+01,-2.800000000000000000e+01,-5.100000000000000000e+01
-1.900000000000000000e+01,-4.900000000000000000e+01,7.000000000000000000e+00,7.000000000000000000e+00,-5.000000000000000000e+01
-5.300000000000000000e+01,-3.800000000000000000e+01,-3.800000000000000000e+01,-3.800000000000000000e+01,-5.900000000000000000e+01
-4.100000000000000000e+01,-1.800000000000000000e+01,-3.600000000000000000e+01,-3.600000000000000000e+01,-2.800000000000000000e+01
-6.900000000000000000e+01,-3.600000000000000000e+01,-4.300000000000000000e+01,-4.300000000000000000e+01,7.000000000000000000e+00
-4.800000000000000000e+01,-3.400000000000000000e+01,-4.700000000000000000e+01,-4.700000000000000000e+01,-3.800000000000000000e+01
-3.600000000000000000e+01,-3.400000000000000000e+01,-4.900000000000000000e+01,-4.900000000000000000e+01,-3.600000000000000000e+01
-3.500000000000000000e+01,-6.700000000000000000e+01,-3.800000000000000000e+01,-3.800000000000000000e+01,-4.300000000000000000e+01
-2.700000000000000000e+01,-3.500000000000000000e+01,-1.800000000000000000e+01,-1.800000000000000000e+01,-4.700000000000000000e+01
-4.600000000000000000e+01,-4.900000000000000000e+01,-3.600000000000000000e+01,-3.600000000000000000e+01,-4.900000000000000000e+01
-3.300000000000000000e+01,-4.500000000000000000e+01,-3.400000000000000000e+01,-3.400000000000000000e+01,-3.800000000000000000e+01
-2.900000000000000000e+01,-2.300000000000000000e+01,-3.400000000000000000e+01,-3.400000000000000000e+01,-1.800000000000000000e+01
-7.100000000000000000e+01,-2.700000000000000000e+01,-6.700000000000000000e+01,-6.700000000000000000e+01,-3.600000000000000000e+01
-5.400000000000000000e+01,-3.000000000000000000e+01,-3.500000000000000000e+01,-3.500000000000000000e+01,-3.400000000000000000e+01
-4.700000000000000000e+01,-5.300000000000000000e+01,-4.900000000000000000e+01,-4.900000000000000000e+01,-3.400000000000000000e+01
6.000000000000000000e+00,-3.900000000000000000e+01,-4.500000000000000000e+01,-4.500000000000000000e+01,-6.700000000000000000e+01
-3.000000000000000000e+01,-4.400000000000000000e+01,-2.300000000000000000e+01,-2.300000000000000000e+01,-3.500000000000000000e+01
-4.000000000000000000e+01,-4.500000000000000000e+01,-2.700000000000000000e+01,-2.700000000000000000e+01,-4.900000000000000000e+01
-3.300000000000000000e+01,1.000000000000000000e+00,-3.000000000000000000e+01,-3.000000000000000000e+01,-4.500000000000000000e+01
-5.300000000000000000e+01,-2.300000000000000000e+01,-5.300000000000000000e+01,-5.300000000000000000e+01,-2.300000000000000000e+01
-5.500000000000000000e+01,-1.800000000000000000e+01,-3.900000000000000000e+01,-3.900000000000000000e+01,-2.700000000000000000e+01
-7.800000000000000000e+01,-5.000000000000000000e+01,-4.400000000000000000e+01,-4.400000000000000000e+01,-3.000000000000000000e+01
-3.500000000000000000e+01,-4.200000000000000000e+01,-4.500000000000000000e+01,-4.500000000000000000e+01,-5.300000000000000000e+01
-1.200000000000000000e+01,-7.400000000000000000e+01,1.000000000000000000e+00,1.000000000000000000e+00,-3.900000000000000000e+01
-4.700000000000000000e+01,-4.400000000000000000e+01,-2.300000000000000000e+01,-2.300000000000000000e+01,-4.400000000000000000e+01
-2.800000000000000000e+01,-3.700000000000000000e+01,-1.800000000000000000e+01,-1.800000000000000000e+01,-4.500000000000000000e+01
-4.300000000000000000e+01,-3.400000000000000000e+01,-5.000000000000000000e+01,-5.000000000000000000e+01,1.000000000000000000e+00
-4.900000000000000000e+01,-2.300000000000000000e+01,-4.200000000000000000e+01,-4.200000000000000000e+01,-2.300000000000000000e+01
-6.100000000000000000e+01,-4.500000000000000000e+01,-7.400000000000000000e+01,-7.400000000000000000e+01,-1.800000000000000000e+01
-4.600000000000000000e+01,-3.600000000000000000e+01,-4.400000000000000000e+01,-4.400000000000000000e+01,-5.000000000000000000e+01
-2.700000000000000000e+01,-2.500000000000000000e+01,-3.700000000000000000e+01,-3.700000000000000000e+01,-4.200000000000000000e+01
-4.700000000000000000e+01,-7.000000000000000000e+01,-3.400000000000000000e+01,-3.400000000000000000e+01,-7.400000000000000000e+01
-3.300000000000000000e+01,-4.800000000000000000e+01,-2.300000000000000000e+01,-2.300000000000000000e+01,-4.400000000000000000e+01
-3.700000000000000000e+01,-4.600000000000000000e+01,-4.500000000000000000e+01,-4.500000000000000000e+01,-3.700000000000000000e+01
-5.400000000000000000e+01,1.000000000000000000e+01,-3.600000000000000000e+01,-3.600000000000000000e+01,-3.400000000000000000e+01
-3.900000000000000000e+01,-2.900000000000000000e+01,-2.500000000000000000e+01,-2.500000000000000000e+01,-2.300000000000000000e+01
-7.000000000000000000e+01,-3.700000000000000000e+01,-7.000000000000000000e+01,-7.000000000000000000e+01,-4.500000000000000000e+01
-4.900000000000000000e+01,-2.900000000000000000e+01,-4.800000000000000000e+01,-4.800000000000000000e+01,-3.600000000000000000e+01
-4.400000000000000000e+01,-5.100000000000000000e+01,-4.600000000000000000e+01,-4.600000000000000000e+01,-2.500000000000000000e+01
-1.600000000000000000e+01,-5.100000000000000000e+01,1.000000000000000000e+01,1.000000000000000000e+01,-7.000000000000000000e+01
-3.500000000000000000e+01,-5.100000000000000000e+01,-2.900000000000000000e+01,-2.900000000000000000e+01,-4.800000000000000000e+01
-4.400000000000000000e+01,-2.700000000000000000e+01,-3.700000000000000000e+01,-3.700000000000000000e+01,-4.600000000000000000e+01
-4.600000000000000000e+01,-1.000000000000000000e+00,-2.900000000000000000e+01,-2.900000000000000000e+01,1.000000000000000000e+01
-5.300000000000000000e+01,-4.300000000000000000e+01,-5.100000000000000000e+01,-5.100000000000000000e+01,-2.900000000000000000e+01
-4.800000000000000000e+01,-4.100000000000000000e+01,-5.100000000000000000e+01,-5.100000000000000000e+01,-3.700000000000000000e+01
-4.700000000000000000e+01,-3.900000000000000000e+01,-5.100000000000000000e+01,-5.100000000000000000e+01,-2.900000000000000000e+01
-3.500000000000000000e+01,-4.700000000000000000e+01,-2.700000000000000000e+01,-2.700000000000000000e+01,-5.100000000000000000e+01
-2.500000000000000000e+01,-5.000000000000000000e+01,-1.000000000000000000e+00,-1.000000000000000000e+00,-5.100000000000000000e+01
-5.000000000000000000e+01,-4.100000000000000000e+01,-4.300000000000000000e+01,-4.300000000000000000e+01,-5.100000000000000000e+01
-3.300000000000000000e+01,-2.200000000000000000e+01,-4.100000000000000000e+01,-4.100000000000000000e+01,-2.700000000000000000e+01
-7.300000000000000000e+01,-4.100000000000000000e+01,-3.900000000000000000e+01,-3.900000000000000000e+01,-1.000000000000000000e+00
-4.800000000000000000e+01,-3.600000000000000000e+01,-4.700000000000000000e+01,-4.700000000000000000e+01,-4.300000000000000000e+01
-5.400000000000000000e+01,-3.500000000000000000e+01,-5.000000000000000000e+01,-5.000000000000000000e+01,-4.100000000000000000e+01
-4.600000000000000000e+01,-6.400000000000000000e+01,-4.100000000000000000e+01,-4.100000000000000000e+01,-3.900000000000000000e+01
-3.100000000000000000e+01,-3.400000000000000000e+01,-2.200000000000000000e+01,-2.200000000000000000e+01,-4.700000000000000000e+01
-4.500000000000000000e+01,-5.400000000000000000e+01,-4.100000000000000000e+01,-4.100000000000000000e+01,-5.000000000000000000e+01
4.000000000000000000e+00,-4.700000000000000000e+01,-3.600000000000000000e+01,-3.600000000000000000e+01,-4.100000000000000000e+01
-2.700000000000000000e+01,-2.300000000000000000e+01,-3.500000000000000000e+01,-3.500000000000000000e+01,-2.200000000000000000e+01
-5.900000000000000000e+01,-3.300000000000000000e+01,-6.400000000000000000e+01,-6.400000000000000000e+01,-4.100000000000000000e+01
-5.500000000000000000e+01,-3.700000000000000000e+01,-3.400000000000000000e+01,-3.400000000000000000e+01,-3.600000000000000000e+01
-5.800000000000000000e+01,-5.900000000000000000e+01,-5.400000000000000000e+01,-5.400000000000000000e+01,-3.500000000000000000e+01
-7.000000000000000000e+00,-4.100000000000000000e+01,-4.700000000000000000e+01,-4.700000000000000000e+01,-6.400000000000000000e+01
-3.300000000000000000e+01,-4.500000000000000000e+01,-2.300000000000000000e+01,-2.300000000000000000e+01,-3.400000000000000000e+01
-2.800000000000000000e+01,-5.000000000000000000e+01,-3.300000000000000000e+01,-3.300000000000000000e+01,-5.400000000000000000e+01
-2.900000000000000000e+01,-4.000000000000000000e+00,-3.700000000000000000e+01,-3.700000000000000000e+01,-4.700000000000000000e+01
-4.900000000000000000e+01,-2.800000000000000000e+01,-5.900000000000000000e+01,-5.900000000000000000e+01,-2.300000000000000000e+01
-5.100000000000000000e+01,-1.900000000000000000e+01,-4.100000000000000000e+01,-4.100000000000000000e+01,-3.300000000000000000e+01
-8.500000000000000000e+01,-5.300000000000000000e+01,-4.500000000000000000e+01,-4.500000000000000000e+01,-3.700000000000000000e+01
-3.600000000000000000e+01,-4.100000000000000000e+01,-5.000000000000000000e+01,-5.000000000000000000e+01,-5.900000000000000000e+01
-1.300000000000000000e+01,-6.900000000000000000e+01,-4.000000000000000000e+00,-4.000000000000000000e+00,-4.100000000000000000e+01
-4.700000000000000000e+01,-4.800000000000000000e+01,-2.800000000000000000e+01,-2.800000000000000000e+01,-4.500000000000000000e+01
-3.100000000000000000e+01,-3.600000000000000000e+01,-1.900000000000000000e+01,-1.900000000000000000e+01,-5.000000000000000000e+01
-4.300000000000000000e+01,-3.500000000000000000e+01,-5.300000000000000000e+01,-5.300000000000000000e+01,-4.000000000000000000e+00
-4.700000000000000000e+01,-2.700000000000000000e+01,-4.100000000000000000e+01,-4.100000000000000000e+01,-2.800000000000000000e+01
-7.600000000000000000e+01,-4.600000000000000000e+01,-6.900000000000000000e+01,-6.900000000000000000e+01,-1.900000000000000000e+01
-4.400000000000000000e+01,-3.300000000000000000e+01,-4.800000000000000000e+01,-4.800000000000000000e+01,-5.300000000000000000e+01
-3.300000000000000000e+01,-2.900000000000000000e+01,-3.600000000000000000e+01,-3.600000000000000000e+01,-4.100000000000000000e+01
-4.900000000000000000e+01,-7.100000000000000000e+01,-3.500000000000000000e+01,-3.500000000000000000e+01,-6.900000000000000000e+01
-3.500000000000000000e+01,-5.400000000000000000e+01,-2.700000000000000000e+01,-2.700000000000000000e+01,-4.800000000000000000e+01
-3.600000000000000000e+01,-4.700000000000000000e+01,-4.600000000000000000e+01,-4.600000000000000000e+01,-3.600000000000000000e+01
-3.300000000000000000e+01,6.000000000000000000e+00,-3.300000000000000000e+01,-3.300000000000000000e+01,-3.500000000000000000e+01
-4.300000000000000000e+01,-3.000000000000000000e+01,-2.900000000000000000e+01,-2.900000000000000000e+01,-2.700000000000000000e+01
-5.900000000000000000e+01,-4.000000000000000000e+01,-7.100000000000000000e+01,-7.100000000000000000e+01,-4.600000000000000000e+01
-4.700000000000000000e+01,-3.300000000000000000e+01,-5.400000000000000000e+01,-5.400000000000000000e+01,-3.300000000000000000e+01
-4.700000000000000000e+01,-5.300000000000000000e+01,-4.700000000000000000e+01,-4.700000000000000000e+01,-2.900000000000000000e+01
-2.000000000000000000e+01,-5.500000000000000000e+01,6.000000000000000000e+00,6.000000000000000000e+00,-7.100000000000000000e+01
-3.700000000000000000e+01,-7.800000000000000000e+01,-3.000000000000000000e+01,-3.000000000000000000e+01,-5.400000000000000000e+01
-3.200000000000000000e+01,-3.500000000000000000e+01,-4.000000000000000000e+01,-4.000000000000000000e+01,-4.700000000000000000e+01
-3.800000000000000000e+01,-1.200000000000000000e+01,-3.300000000000000000e+01,-3.300000000000000000e+01,6.000000000000000000e+00
-4.300000000000000000e+01,-4.700000000000000000e+01,-5.300000000000000000e+01,-5.300000000000000000e+01,-3.000000000000000000e+01
-4.300000000000000000e+01,-2.800000000000000000e+01,-5.500000000000000000e+01,-5.500000000000000000e+01,-4.000000000000000000e+01
-6.800000000000000000e+01,-4.300000000000000000e+01,-7.800000000000000000e+01,-7.800000000000000000e+01,-3.300000000000000000e+01
-3.700000000000000000e+01,-4.900000000000000000e+01,-3.500000000000000000e+01,-3.500000000000000000e+01,-5.300000000000000000e+01
-4.200000000000000000e+01,-6.100000000000000000e+01,-1.200000000000000000e+01,-1.200000000000000000e+01,-5.500000000000000000e+01
-5.400000000000000000e+01,-4.600000000000000000e+01,-4.700000000000000000e+01,-4.700000000000000000e+01,-7.800000000000000000e+01
-2.400000000000000000e+01,-2.700000000000000000e+01,-2.800000000000000000e+01,-2.800000000000000000e+01,-3.500000000000000000e+01
-5.300000000000000000e+01,-4.700000000000000000e+01,-4.300000000000000000e+01,-4.300000000000000000e+01,-1.200000000000000000e+01
-4.200000000000000000e+01,-3.300000000000000000e+01,-4.900000000000000000e+01,-4.900000000000000000e+01,-4.700000000000000000e+01
-7.000000000000000000e+01,-3.700000000000000000e+01,-6.100000000000000000e+01,-6.100000000000000000e+01,-2.800000000000000000e+01
-4.700000000000000000e+01,-5.400000000000000000e+01,-4.600000000000000000e+01,-4.600000000000000000e+01,-4.300000000000000000e+01
-4.200000000000000000e+01,-3.900000000000000000e+01,-2.700000000000000000e+01,-2.700000000000000000e+01,-4.900000000000000000e+01
-5.300000000000000000e+01,-7.000000000000000000e+01,-4.700000000000000000e+01,-4.700000000000000000e+01,-6.100000000000000000e+01
1.600000000000000000e+01,-4.900000000000000000e+01,-3.300000000000000000e+01,-3.300000000000000000e+01,-4.600000000000000000e+01
-2.900000000000000000e+01,-4.400000000000000000e+01,-3.700000000000000000e+01,-3.700000000000000000e+01,-2.700000000000000000e+01
-3.800000000000000000e+01,-1.600000000000000000e+01,-5.400000000000000000e+01,-5.400000000000000000e+01,-4.700000000000000000e+01
-5.300000000000000000e+01,-3.500000000000000000e+01,-3.900000000000000000e+01,-3.900000000000000000e+01,-3.300000000000000000e+01
-5.900000000000000000e+01,-4.400000000000000000e+01,-7.000000000000000000e+01,-7.000000000000000000e+01,-3.700000000000000000e+01
-4.400000000000000000e+01,-4.600000000000000000e+01,-4.900000000000000000e+01,-4.900000000000000000e+01,-5.400000000000000000e+01
-4.700000000000000000e+01,-5.300000000000000000e+01,-4.400000000000000000e+01,-4.400000000000000000e+01,-3.900000000000000000e+01
-2.400000000000000000e+01,-4.800000000000000000e+01,-1.600000000000000000e+01,-1.600000000000000000e+01,-7.000000000000000000e+01
-3.400000000000000000e+01,-4.700000000000000000e+01,-3.500000000000000000e+01,-3.500000000000000000e+01,-4.900000000000000000e+01
-3.500000000000000000e+01,-3.500000000000000000e+01,-4.400000000000000000e+01,-4.400000000000000000e+01,-4.400000000000000000e+01
-4.700000000000000000e+01,-2.500000000000000000e+01,-4.600000000000000000e+01,-4.600000000000000000e+01,-1.600000000000000000e+01
-7.900000000000000000e+01,-5.000000000000000000e+01,-5.300000000000000000e+01,-5.300000000000000000e+01,-3.500000000000000000e+01
-3.400000000000000000e+01,-3.300000000000000000e+01,-4.800000000000000000e+01,-4.800000000000000000e+01,-4.400000000000000000e+01
-5.900000000000000000e+01,-7.300000000000000000e+01,-4.700000000000000000e+01,-4.700000000000000000e+01,-4.600000000000000000e+01
-5.000000000000000000e+01,-4.800000000000000000e+01,-3.500000000000000000e+01,-3.500000000000000000e+01,-5.300000000000000000e+01
-3.400000000000000000e+01,-5.400000000000000000e+01,-2.500000000000000000e+01,-2.500000000000000000e+01,-4.800000000000000000e+01
-5.000000000000000000e+00,-4.600000000000000000e+01,-5.000000000000000000e+01,-5.000000000000000000e+01,-4.700000000000000000e+01
-3.100000000000000000e+01,-3.100000000000000000e+01,-3.300000000000000000e+01,-3.300000000000000000e+01,-3.500000000000000000e+01
-6.300000000000000000e+01,-4.500000000000000000e+01,-7.300000000000000000e+01,-7.300000000000000000e+01,-2.500000000000000000e+01
-4.500000000000000000e+01,4.000000000000000000e+00,-4.800000000000000000e+01,-4.800000000000000000e+01,-5.000000000000000000e+01
-5.400000000000000000e+01,-2.700000000000000000e+01,-5.400000000000000000e+01,-5.400000000000000000e+01,-3.300000000000000000e+01
-5.600000000000000000e+01,-5.900000000000000000e+01,-4.600000000000000000e+01,-4.600000000000000000e+01,-7.300000000000000000e+01
-4.900000000000000000e+01,-5.500000000000000000e+01,-3.100000000000000000e+01,-3.100000000000000000e+01,-4.800000000000000000e+01
-3.300000000000000000e+01,-5.800000000000000000e+01,-4.500000000000000000e+01,-4.500000000000000000e+01,-5.400000000000000000e+01
1.000000000000000000e+00,-7.000000000000000000e+00,4.000000000000000000e+00,4.000000000000000000e+00,-4.600000000000000000e+01
-4.300000000000000000e+01,-3.300000000000000000e+01,-2.700000000000000000e+01,-2.700000000000000000e+01,-3.100000000000000000e+01
-4.700000000000000000e+01,-2.800000000000000000e+01,-5.900000000000000000e+01,-5.900000000000000000e+01,-4.500000000000000000e+01
-4.700000000000000000e+01,-2.900000000000000000e+01,-5.500000000000000000e+01,-5.500000000000000000e+01,4.000000000000000000e+00
-5.700000000000000000e+01,-4.900000000000000000e+01,-5.800000000000000000e+01,-5.800000000000000000e+01,-2.700000000000000000e+01
-4.900000000000000000e+01,-5.100000000000000000e+01,-7.000000000000000000e+00,-7.000000000000000000e+00,-5.900000000000000000e+01
-4.300000000000000000e+01,-8.500000000000000000e+01,-3.300000000000000000e+01,-3.300000000000000000e+01,-5.500000000000000000e+01
-2.300000000000000000e+01,-3.600000000000000000e+01,-2.800000000000000000e+01,-2.800000000000000000e+01,-5.800000000000000000e+01
-4.300000000000000000e+01,-1.300000000000000000e+01,-2.900000000000000000e+01,-2.900000000000000000e+01,-7.000000000000000000e+00
-4.100000000000000000e+01,-4.700000000000000000e+01,-4.900000000000000000e+01,-4.900000000000000000e+01,-3.300000000000000000e+01
-3.700000000000000000e+01,-3.100000000000000000e+01,-5.100000000000000000e+01,-5.100000000000000000e+01,-2.800000000000000000e+01
-6.900000000000000000e+01,-4.300000000000000000e+01,-8.500000000000000000e+01,-8.500000000000000000e+01,-2.900000000000000000e+01
-4.300000000000000000e+01,-4.700000000000000000e+01,-3.600000000000000000e+01,-3.600000000000000000e+01,-4.900000000000000000e+01
-6.100000000000000000e+01,-7.600000000000000000e+01,-1.300000000000000000e+01,-1.300000000000000000e+01,-5.100000000000000000e+01
-5.700000000000000000e+01,-4.400000000000000000e+01,-4.700000000000000000e+01,-4.700000000000000000e+01,-8.500000000000000000e+01
-3.300000000000000000e+01,-3.300000000000000000e+01,-3.100000000000000000e+01,-3.100000000000000000e+01,-3.600000000000000000e+01
-2.800000000000000000e+01,-4.900000000000000000e+01,-4.300000000000000000e+01,-4.300000000000000000e+01,-1.300000000000000000e+01
-3.700000000000000000e+01,-3.500000000000000000e+01,-4.700000000000000000e+01,-4.700000000000000000e+01,-4.700000000000000000e+01
-5.500000000000000000e+01,-3.600000000000000000e+01,-7.600000000000000000e+01,-7.600000000000000000e+01,-3.100000000000000000e+01
-4.200000000000000000e+01,-3.300000000000000000e+01,-4.400000000000000000e+01,-4.400000000000000000e+01,-4.300000000000000000e+01
-5.500000000000000000e+01,-4.300000000000000000e+01,-3.300000000000000000e+01,-3.300000000000000000e+01,-4.700000000000000000e+01
-5.100000000000000000e+01,-5.900000000000000000e+01,-4.900000000000000000e+01,-4.900000000000000000e+01,-7.600000000000000000e+01
-7.000000000000000000e+00,-4.700000000000000000e+01,-3.500000000000000000e+01,-3.500000000000000000e+01,-4.400000000000000000e+01
-3.100000000000000000e+01,-4.700000000000000000e+01,-3.600000000000000000e+01,-3.600000000000000000e+01,-3.300000000000000000e+01
-2.200000000000000000e+01,-2.000000000000000000e+01,-3.300000000000000000e+01,-3.300000000000000000e+01,-4.900000000000000000e+01
-5.000000000000000000e+01,-3.700000000000000000e+01,-4.300000000000000000e+01,-4.300000000000000000e+01,-3.500000000000000000e+01
-4.400000000000000000e+01,-3.200000000000000000e+01,-5.900000000000000000e+01,-5.900000000000000000e+01,-3.600000000000000000e+01
-7.400000000000000000e+01,-3.800000000000000000e+01,-4.700000000000000000e+01,-4.700000000000000000e+01,-3.300000000000000000e+01
-4.900000000000000000e+01,-4.300000000000000000e+01,-4.700000000000000000e+01,-4.700000000000000000e+01,-4.300000000000000000e+01
-4.400000000000000000e+01,-4.300000000000000000e+01,-2.000000000000000000e+01,-2.000000000000000000e+01,-5.900000000000000000e+01
-4.200000000000000000e+01,-6.800000000000000000e+01,-3.700000000000000000e+01,-3.700000000000000000e+01,-4.700000000000000000e+01
-3.000000000000000000e+01,-3.700000000000000000e+01,-3.200000000000000000e+01,-3.200000000000000000e+01,-4.700000000000000000e+01
-4.800000000000000000e+01,-4.200000000000000000e+01,-3.800000000000000000e+01,-3.800000000000000000e+01,-2.000000000000000000e+01
-4.100000000000000000e+01,-5.400000000000000000e+01,-4.300000000000000000e+01,-4.300000000000000000e+01,-3.700000000000000000e+01
-3.100000000000000000e+01,-2.400000000000000000e+01,-4.300000000000000000e+01,-4.300000000000000000e+01,-3.200000000000000000e+01
-7.000000000000000000e+01,-5.300000000000000000e+01,-6.800000000000000000e+01,-6.800000000000000000e+01,-3.800000000000000000e+01
-5.000000000000000000e+01,-4.200000000000000000e+01,-3.700000000000000000e+01,-3.700000000000000000e+01,-4.300000000000000000e+01
-5.000000000000000000e+01,-7.000000000000000000e+01,-4.200000000000000000e+01,-4.200000000000000000e+01,-4.300000000000000000e+01
5.000000000000000000e+00,-4.700000000000000000e+01,-5.400000000000000000e+01,-5.400000000000000000e+01,-6.800000000000000000e+01
-3.400000000000000000e+01,-4.200000000000000000e+01,-2.400000000000000000e+01,-2.400000000000000000e+01,-3.700000000000000000e+01
-4.100000000000000000e+01,-5.300000000000000000e+01,-5.300000000000000000e+01,-5.300000000000000000e+01,-4.200000000000000000e+01
-3.300000000000000000e+01,1.600000000000000000e+01,-4.200000000000000000e+01,-4.200000000000000000e+01,-5.400000000000000000e+01
-5.400000000000000000e+01,-2.900000000000000000e+01,-7.000000000000000000e+01,-7.000000000000000000e+01,-2.400000000000000000e+01
-5.700000000000000000e+01,-3.800000000000000000e+01,-4.700000000000000000e+01,-4.700000000000000000e+01,-5.300000000000000000e+01
-8.100000000000000000e+01,-5.300000000000000000e+01,-4.200000000000000000e+01,-4.200000000000000000e+01,-4.200000000000000000e+01
-4.000000000000000000e+01,-5.900000000000000000e+01,-5.300000000000000000e+01,-5.300000000000000000e+01,-7.000000000000000000e+01
-1.200000000000000000e+01,-4.400000000000000000e+01,1.600000000000000000e+01,1.600000000000000000e+01,-4.700000000000000000e+01
-4.700000000000000000e+01,-4.700000000000000000e+01,-2.900000000000000000e+01,-2.900000000000000000e+01,-4.200000000000000000e+01
-3.100000000000000000e+01,-2.400000000000000000e+01,-3.800000000000000000e+01,-3.800000000000000000e+01,-5.300000000000000000e+01
-4.400000000000000000e+01,-3.400000000000000000e+01,-5.300000000000000000e+01,-5.300000000000000000e+01,1.600000000000000000e+01
-4.700000000000000000e+01,-3.500000000000000000e+01,-5.900000000000000000e+01,-5.900000000000000000e+01,-2.900000000000000000e+01
-6.300000000000000000e+01,-4.700000000000000000e+01,-4.400000000000000000e+01,-4.400000000000000000e+01,-3.800000000000000000e+01
-4.600000000000000000e+01,-7.900000000000000000e+01,-4.700000000000000000e+01,-4.700000000000000000e+01,-5.300000000000000000e+01
-3.100000000000000000e+01,-3.400000000000000000e+01,-2.400000000000000000e+01,-2.400000000000000000e+01,-5.900000000000000000e+01
-4.800000000000000000e+01,-5.900000000000000000e+01,-3.400000000000000000e+01,-3.400000000000000000e+01,-4.400000000000000000e+01
-3.900000000000000000e+01,-5.000000000000000000e+01,-3.500000000000000000e+01,-3.500000000000000000e+01,-4.700000000000000000e+01
-3.700000000000000000e+01,-3.400000000000000000e+01,-4.700000000000000000e+01,-4.700000000000000000e+01,-2.400000000000000000e+01
-5.400000000000000000e+01,-5.000000000000000000e+00,-7.900000000000000000e+01,-7.900000000000000000e+01,-3.400000000000000000e+01
-3.800000000000000000e+01,-3.100000000000000000e+01,-3.400000000000000000e+01,-3.400000000000000000e+01,-3.500000000000000000e+01
-6.500000000000000000e+01,-6.300000000000000000e+01,-5.900000000000000000e+01,-5.900000000000000000e+01,-4.700000000000000000e+01
-5.000000000000000000e+01,-4.500000000000000000e+01,-5.000000000000000000e+01,-5.000000000000000000e+01,-7.900000000000000000e+01
-3.400000000000000000e+01,-5.400000000000000000e+01,-3.400000000000000000e+01,-3.400000000000000000e+01,-3.400000000000000000e+01
-1.700000000000000000e+01,-5.600000000000000000e+01,-5.000000000000000000e+00,-5.000000000000000000e+00,-5.900000000000000000e+01
-3.400000000000000000e+01,-4.900000000000000000e+01,-3.100000000000000000e+01,-3.100000000000000000e+01,-5.000000000000000000e+01
-4.600000000000000000e+01,-3.300000000000000000e+01,-6.300000000000000000e+01,-6.300000000000000000e+01,-3.400000000000000000e+01
-4.300000000000000000e+01,1.000000000000000000e+00,-4.500000000000000000e+01,-4.500000000000000000e+01,-5.000000000000000000e+00
-5.200000000000000000e+01,-4.300000000000000000e+01,-5.400000000000000000e+01,-5.400000000000000000e+01,-3.100000000000000000e+01
-5.200000000000000000e+01,-4.700000000000000000e+01,-5.600000000000000000e+01,-5.600000000000000000e+01,-6.300000000000000000e+01
-1.900000000000000000e+01,-4.700000000000000000e+01,-4.900000000000000000e+01,-4.900000000000000000e+01,-4.500000000000000000e+01
-3.500000000000000000e+01,-5.700000000000000000e+01,-3.300000000000000000e+01,-3.300000000000000000e+01,-5.400000000000000000e+01
-2.100000000000000000e+01,-4.900000000000000000e+01,1.000000000000000000e+00,1.000000000000000000e+00,-5.600000000000000000e+01
-5.400000000000000000e+01,-4.300000000000000000e+01,-4.300000000000000000e+01,-4.300000000000000000e+01,-4.900000000000000000e+01
-5.000000000000000000e+01,-2.300000000000000000e+01,-4.700000000000000000e+01,-4.700000000000000000e+01,-3.300000000000000000e+01
-6.900000000000000000e+01,-4.300000000000000000e+01,-4.700000000000000000e+01,-4.700000000000000000e+01,1.000000000000000000e+00
-5.100000000000000000e+01,-4.100000000000000000e+01,-5.700000000000000000e+01,-5.700000000000000000e+01,-4.300000000000000000e+01
-3.300000000000000000e+01,-3.700000000000000000e+01,-4.900000000000000000e+01,-4.900000000000000000e+01,-4.700000000000000000e+01
-3.400000000000000000e+01,-6.900000000000000000e+01,-4.300000000000000000e+01,-4.300000000000000000e+01,-4.700000000000000000e+01
-2.700000000000000000e+01,-4.300000000000000000e+01,-2.300000000000000000e+01,-2.300000000000000000e+01,-5.700000000000000000e+01
-4.900000000000000000e+01,-6.100000000000000000e+01,-4.300000000000000000e+01,-4.300000000000000000e+01,-4.900000000000000000e+01
-3.300000000000000000e+01,-5.700000000000000000e+01,-4.100000000000000000e+01,-4.100000000000000000e+01,-4.300000000000000000e+01
-3.300000000000000000e+01,-3.300000000000000000e+01,-3.700000000000000000e+01,-3.700000000000000000e+01,-2.300000000000000000e+01
-7.100000000000000000e+01,-2.800000000000000000e+01,-6.900000000000000000e+01,-6.900000000000000000e+01,-4.300000000000000000e+01
-5.600000000000000000e+01,-3.700000000000000000e+01,-4.300000000000000000e+01,-4.300000000000000000e+01,-4.100000000000000000e+01
-4.500000000000000000e+01,-5.500000000000000000e+01,-6.100000000000000000e+01,-6.100000000000000000e+01,-3.700000000000000000e+01
4.000000000000000000e+00,-4.200000000000000000e+01,-5.700000000000000000e+01,-5.700000000000000000e+01,-6.900000000000000000e+01
-3.600000000000000000e+01,-5.500000000000000000e+01,-3.300000000000000000e+01,-3.300000000000000000e+01,-4.300000000000000000e+01
-4.100000000000000000e+01,-5.100000000000000000e+01,-2.800000000000000000e+01,-2.800000000000000000e+01,-6.100000000000000000e+01
-3.100000000000000000e+01,-7.000000000000000000e+00,-3.700000000000000000e+01,-3.700000000000000000e+01,-5.700000000000000000e+01
-4.900000000000000000e+01,-3.100000000000000000e+01,-5.500000000000000000e+01,-5.500000000000000000e+01,-3.300000000000000000e+01
-5.500000000000000000e+01,-2.200000000000000000e+01,-4.200000000000000000e+01,-4.200000000000000000e+01,-2.800000000000000000e+01
-7.700000000000000000e+01,-5.000000000000000000e+01,-5.500000000000000000e+01,-5.500000000000000000e+01,-3.700000000000000000e+01
-3.500000000000000000e+01,-4.400000000000000000e+01,-5.100000000000000000e+01,-5.100000000000000000e+01,-5.500000000000000000e+01
-1.400000000000000000e+01,-7.400000000000000000e+01,-7.000000000000000000e+00,-7.000000000000000000e+00,-4.200000000000000000e+01
-4.500000000000000000e+01,-4.900000000000000000e+01,-3.100000000000000000e+01,-3.100000000000000000e+01,-5.500000000000000000e+01
-2.800000000000000000e+01,-4.400000000000000000e+01,-2.200000000000000000e+01,-2.200000000000000000e+01,-5.100000000000000000e+01
-4.300000000000000000e+01,-4.200000000000000000e+01,-5.000000000000000000e+01,-5.000000000000000000e+01,-7.000000000000000000e+00
-4.900000000000000000e+01,-3.000000000000000000e+01,-4.400000000000000000e+01,-4.400000000000000000e+01,-3.100000000000000000e+01
-6.100000000000000000e+01,-4.800000000000000000e+01,-7.400000000000000000e+01,-7.400000000000000000e+01,-2.200000000000000000e+01
-4.400000000000000000e+01,-4.100000000000000000e+01,-4.900000000000000000e+01,-4.900000000000000000e+01,-5.000000000000000000e+01
-3.000000000000000000e+01,-3.100000000000000000e+01,-4.400000000000000000e+01,-4.400000000000000000e+01,-4.400000000000000000e+01
-4.300000000000000000e+01,-7.000000000000000000e+01,-4.200000000000000000e+01,-4.200000000000000000e+01,-7.400000000000000000e+01
-3.500000000000000000e+01,-5.000000000000000000e+01,-3.000000000000000000e+01,-3.000000000000000000e+01,-4.900000000000000000e+01
-3.400000000000000000e+01,-5.000000000000000000e+01,-4.800000000000000000e+01,-4.800000000000000000e+01,-4.400000000000000000e+01
-5.200000000000000000e+01,5.000000000000000000e+00,-4.100000000000000000e+01,-4.100000000000000000e+01,-4.200000000000000000e+01
-3.900000000000000000e+01,-3.400000000000000000e+01,-3.100000000000000000e+01,-3.100000000000000000e+01,-3.000000000000000000e+01
-6.700000000000000000e+01,-4.100000000000000000e+01,-7.000000000000000000e+01,-7.000000000000000000e+01,-4.800000000000000000e+01
-4.900000000000000000e+01,-3.300000000000000000e+01,-5.000000000000000000e+01,-5.000000000000000000e+01,-4.100000000000000000e+01
-4.000000000000000000e+01,-5.400000000000000000e+01,-5.000000000000000000e+01,-5.000000000000000000e+01,-3.100000000000000000e+01
-1.200000000000000000e+01,-5.700000000000000000e+01,5.000000000000000000e+00,5.000000000000000000e+00,-7.000000000000000000e+01
-3.500000000000000000e+01,-8.100000000000000000e+01,-3.400000000000000000e+01,-3.400000000000000000e+01,-5.000000000000000000e+01
-4.400000000000000000e+01,-4.000000000000000000e+01,-4.100000000000000000e+01,-4.100000000000000000e+01,-5.000000000000000000e+01
-4.300000000000000000e+01,-1.200000000000000000e+01,-3.300000000000000000e+01,-3.300000000000000000e+01,5.000000000000000000e+00
-5.000000000000000000e+01,-4.700000000000000000e+01,-5.400000000000000000e+01,-5.400000000000000000e+01,-3.400000000000000000e+01
-4.700000000000000000e+01,-3.100000000000000000e+01,-5.700000000000000000e+01,-5.700000000000000000e+01,-4.100000000000000000e+01
-4.000000000000000000e+01,-4.400000000000000000e+01,-8.100000000000000000e+01,-8.100000000000000000e+01,-3.300000000000000000e+01
-3.100000000000000000e+01,-4.700000000000000000e+01,-4.000000000000000000e+01,-4.000000000000000000e+01,-5.400000000000000000e+01
-2.400000000000000000e+01,-6.300000000000000000e+01,-1.200000000000000000e+01,-1.200000000000000000e+01,-5.700000000000000000e+01
-5.000000000000000000e+01,-4.600000000000000000e+01,-4.700000000000000000e+01,-4.700000000000000000e+01,-8.100000000000000000e+01
-3.000000000000000000e+01,-3.100000000000000000e+01,-3.100000000000000000e+01,-3.100000000000000000e+01,-4.000000000000000000e+01
-7.100000000000000000e+01,-4.800000000000000000e+01,-4.400000000000000000e+01,-4.400000000000000000e+01,-1.200000000000000000e+01
-4.700000000000000000e+01,-3.900000000000000000e+01,-4.700000000000000000e+01,-4.700000000000000000e+01,-4.700000000000000000e+01
-5.300000000000000000e+01,-3.700000000000000000e+01,-6.300000000000000000e+01,-6.300000000000000000e+01,-3.100000000000000000e+01
-4.500000000000000000e+01,-5.400000000000000000e+01,-4.600000000000000000e+01,-4.600000000000000000e+01,-4.400000000000000000e+01
-2.800000000000000000e+01,-3.800000000000000000e+01,-3.100000000000000000e+01,-3.100000000000000000e+01,-4.700000000000000000e+01
-4.600000000000000000e+01,-6.500000000000000000e+01,-4.800000000000000000e+01,-4.800000000000000000e+01,-6.300000000000000000e+01
-6.000000000000000000e+00,-5.000000000000000000e+01,-3.900000000000000000e+01,-3.900000000000000000e+01,-4.600000000000000000e+01
-3.000000000000000000e+01,-3.400000000000000000e+01,-3.700000000000000000e+01,-3.700000000000000000e+01,-3.100000000000000000e+01
-5.500000000000000000e+01,-1.700000000000000000e+01,-5.400000000000000000e+01,-5.400000000000000000e+01,-4.800000000000000000e+01
-5.400000000000000000e+01,-3.400000000000000000e+01,-3.800000000000000000e+01,-3.800000000000000000e+01,-3.900000000000000000e+01
-5.800000000000000000e+01,-4.600000000000000000e+01,-6.500000000000000000e+01,-6.500000000000000000e+01,-3.700000000000000000e+01
-1.100000000000000000e+01,-4.300000000000000000e+01,-5.000000000000000000e+01,-5.000000000000000000e+01,-5.400000000000000000e+01
-3.900000000000000000e+01,-5.200000000000000000e+01,-3.400000000000000000e+01,-3.400000000000000000e+01,-3.800000000000000000e+01
-2.200000000000000000e+01,-5.200000000000000000e+01,-1.700000000000000000e+01,-1.700000000000000000e+01,-6.500000000000000000e+01
-2.700000000000000000e+01,-1.900000000000000000e+01,-3.400000000000000000e+01,-3.400000000000000000e+01,-5.000000000000000000e+01
-4.400000000000000000e+01,-3.500000000000000000e+01,-4.600000000000000000e+01,-4.600000000000000000e+01,-3.400000000000000000e+01
-5.200000000000000000e+01,-2.100000000000000000e+01,-4.300000000000000000e+01,-4.300000000000000000e+01,-1.700000000000000000e+01
-9.300000000000000000e+01,-5.400000000000000000e+01,-5.200000000000000000e+01,-5.200000000000000000e+01,-3.400000000000000000e+01
-3.100000000000000000e+01,-5.000000000000000000e+01,-5.200000000000000000e+01,-5.200000000000000000e+01,-4.600000000000000000e+01
-4.200000000000000000e+01,-6.900000000000000000e+01,-1.900000000000000000e+01,-1.900000000000000000e+01,-4.300000000000000000e+01
-5.100000000000000000e+01,-5.100000000000000000e+01,-3.500000000000000000e+01,-3.500000000000000000e+01,-5.200000000000000000e+01
-2.500000000000000000e+01,-3.300000000000000000e+01,-2.100000000000000000e+01,-2.100000000000000000e+01,-5.200000000000000000e+01
-3.300000000000000000e+01,-3.400000000000000000e+01,-5.400000000000000000e+01,-5.400000000000000000e+01,-1.900000000000000000e+01
-3.600000000000000000e+01,-2.700000000000000000e+01,-5.000000000000000000e+01,-5.000000000000000000e+01,-3.500000000000000000e+01
-7.400000000000000000e+01,-4.900000000000000000e+01,-6.900000000000000000e+01,-6.900000000000000000e+01,-2.100000000000000000e+01
-4.500000000000000000e+01,-3.300000000000000000e+01,-5.100000000000000000e+01,-5.100000000000000000e+01,-5.400000000000000000e+01
-4.100000000000000000e+01,-3.300000000000000000e+01,-3.300000000000000000e+01,-3.300000000000000000e+01,-5.000000000000000000e+01
-5.000000000000000000e+01,-7.100000000000000000e+01,-3.400000000000000000e+01,-3.400000000000000000e+01,-6.900000000000000000e+01
-3.400000000000000000e+01,-5.600000000000000000e+01,-2.700000000000000000e+01,-2.700000000000000000e+01,-5.100000000000000000e+01
-3.500000000000000000e+01,-4.500000000000000000e+01,-4.900000000000000000e+01,-4.900000000000000000e+01,-3.300000000000000000e+01
-2.700000000000000000e+01,4.000000000000000000e+00,-3.300000000000000000e+01,-3.300000000000000000e+01,-3.400000000000000000e+01
-3.800000000000000000e+01,-3.600000000000000000e+01,-3.300000000000000000e+01,-3.300000000000000000e+01,-2.700000000000000000e+01
-6.600000000000000000e+01,-4.100000000000000000e+01,-7.100000000000000000e+01,-7.100000000000000000e+01,-4.900000000000000000e+01
-5.000000000000000000e+01,-3.100000000000000000e+01,-5.600000000000000000e+01,-5.600000000000000000e+01,-3.300000000000000000e+01
-4.900000000000000000e+01,-4.900000000000000000e+01,-4.500000000000000000e+01,-4.500000000000000000e+01,-3.300000000000000000e+01
-1.200000000000000000e+01,-5.500000000000000000e+01,4.000000000000000000e+00,4.000000000000000000e+00,-7.100000000000000000e+01
-3.500000000000000000e+01,-7.700000000000000000e+01,-3.600000000000000000e+01,-3.600000000000000000e+01,-5.600000000000000000e+01
-3.700000000000000000e+01,-3.500000000000000000e+01,-4.100000000000000000e+01,-4.100000000000000000e+01,-4.500000000000000000e+01
-3.900000000000000000e+01,-1.400000000000000000e+01,-3.100000000000000000e+01,-3.100000000000000000e+01,4.000000000000000000e+00
-4.800000000000000000e+01,-4.500000000000000000e+01,-4.900000000000000000e+01,-4.900000000000000000e+01,-3.600000000000000000e+01
-4.600000000000000000e+01,-2.800000000000000000e+01,-5.500000000000000000e+01,-5.500000000000000000e+01,-4.100000000000000000e+01
-6.100000000000000000e+01,-4.300000000000000000e+01,-7.700000000000000000e+01,-7.700000000000000000e+01,-3.100000000000000000e+01
-3.500000000000000000e+01,-4.900000000000000000e+01,-3.500000000000000000e+01,-3.500000000000000000e+01,-4.900000000000000000e+01
-3.000000000000000000e+01,-6.100000000000000000e+01,-1.400000000000000000e+01,-1.400000000000000000e+01,-5.500000000000000000e+01
-4.900000000000000000e+01,-4.400000000000000000e+01,-4.500000000000000000e+01,-4.500000000000000000e+01,-7.700000000000000000e+01
-2.600000000000000000e+01,-3.000000000000000000e+01,-2.800000000000000000e+01,-2.800000000000000000e+01,-3.500000000000000000e+01
-6.500000000000000000e+01,-4.300000000000000000e+01,-4.300000000000000000e+01,-4.300000000000000000e+01,-1.400000000000000000e+01
-4.300000000000000000e+01,-3.500000000000000000e+01,-4.900000000000000000e+01,-4.900000000000000000e+01,-4.500000000000000000e+01
-6.100000000000000000e+01,-3.400000000000000000e+01,-6.100000000000000000e+01,-6.100000000000000000e+01,-2.800000000000000000e+01
-4.300000000000000000e+01,-5.200000000000000000e+01,-4.400000000000000000e+01,-4.400000000000000000e+01,-4.300000000000000000e+01
-3.400000000000000000e+01,-3.900000000000000000e+01,-3.000000000000000000e+01,-3.000000000000000000e+01,-4.900000000000000000e+01
-4.500000000000000000e+01,-6.700000000000000000e+01,-4.300000000000000000e+01,-4.300000000000000000e+01,-6.100000000000000000e+01
1.400000000000000000e+01,-4.900000000000000000e+01,-3.500000000000000000e+01,-3.500000000000000000e+01,-4.400000000000000000e+01
-2.000000000000000000e+01,-4.000000000000000000e+01,-3.400000000000000000e+01,-3.400000000000000000e+01,-3.000000000000000000e+01
-5.100000000000000000e+01,-1.200000000000000000e+01,-5.200000000000000000e+01,-5.200000000000000000e+01,-4.300000000000000000e+01
-4.900000000000000000e+01,-3.500000000000000000e+01,-3.900000000000000000e+01,-3.900000000000000000e+01,-3.500000000000000000e+01
-5.300000000000000000e+01,-4.400000000000000000e+01,-6.700000000000000000e+01,-6.700000000000000000e+01,-3.400000000000000000e+01
-2.400000000000000000e+01,-4.300000000000000000e+01,-4.900000000000000000e+01,-4.900000000000000000e+01,-5.200000000000000000e+01
-4.200000000000000000e+01,-5.000000000000000000e+01,-4.000000000000000000e+01,-4.000000000000000000e+01,-3.900000000000000000e+01
-1.600000000000000000e+01,-4.700000000000000000e+01,-1.200000000000000000e+01,-1.200000000000000000e+01,-6.700000000000000000e+01
-2.500000000000000000e+01,-4.000000000000000000e+01,-3.500000000000000000e+01,-3.500000000000000000e+01,-4.900000000000000000e+01
-4.100000000000000000e+01,-3.100000000000000000e+01,-4.400000000000000000e+01,-4.400000000000000000e+01,-4.000000000000000000e+01
-5.100000000000000000e+01,-2.400000000000000000e+01,-4.300000000000000000e+01,-4.300000000000000000e+01,-1.200000000000000000e+01
-9.500000000000000000e+01,-5.000000000000000000e+01,-5.000000000000000000e+01,-5.000000000000000000e+01,-3.500000000000000000e+01
-3.300000000000000000e+01,-3.000000000000000000e+01,-4.700000000000000000e+01,-4.700000000000000000e+01,-4.400000000000000000e+01
-4.900000000000000000e+01,-7.100000000000000000e+01,-4.000000000000000000e+01,-4.000000000000000000e+01,-4.300000000000000000e+01
-4.500000000000000000e+01,-4.700000000000000000e+01,-3.100000000000000000e+01,-3.100000000000000000e+01,-5.000000000000000000e+01
-2.400000000000000000e+01,-5.300000000000000000e+01,-2.400000000000000000e+01,-2.400000000000000000e+01,-4.700000000000000000e+01
-1.900000000000000000e+01,-4.500000000000000000e+01,-5.000000000000000000e+01,-5.000000000000000000e+01,-4.000000000000000000e+01
-3.200000000000000000e+01,-2.800000000000000000e+01,-3.000000000000000000e+01,-3.000000000000000000e+01,-3.100000000000000000e+01
-6.900000000000000000e+01,-4.600000000000000000e+01,-7.100000000000000000e+01,-7.100000000000000000e+01,-2.400000000000000000e+01
-4.100000000000000000e+01,-6.000000000000000000e+00,-4.700000000000000000e+01,-4.700000000000000000e+01,-5.000000000000000000e+01
-4.700000000000000000e+01,-3.000000000000000000e+01,-5.300000000000000000e+01,-5.300000000000000000e+01,-3.000000000000000000e+01
-5.500000000000000000e+01,-5.500000000000000000e+01,-4.500000000000000000e+01,-4.500000000000000000e+01,-7.100000000000000000e+01
-3.100000000000000000e+01,-5.400000000000000000e+01,-2.800000000000000000e+01,-2.800000000000000000e+01,-4.700000000000000000e+01
-3.000000000000000000e+01,-5.800000000000000000e+01,-4.600000000000000000e+01,-4.600000000000000000e+01,-5.300000000000000000e+01
-3.000000000000000000e+00,-1.100000000000000000e+01,-6.000000000000000000e+00,-6.000000000000000000e+00,-4.500000000000000000e+01
-3.700000000000000000e+01,-3.900000000000000000e+01,-3.000000000000000000e+01,-3.000000000000000000e+01,-2.800000000000000000e+01
-5.100000000000000000e+01,-2.200000000000000000e+01,-5.500000000000000000e+01,-5.500000000000000000e+01,-4.600000000000000000e+01
-4.400000000000000000e+01,-2.700000000000000000e+01,-5.400000000000000000e+01,-5.400000000000000000e+01,-6.000000000000000000e+00
-4.700000000000000000e+01,-4.400000000000000000e+01,-5.800000000000000000e+01,-5.800000000000000000e+01,-3.000000000000000000e+01
-3.200000000000000000e+01,-5.200000000000000000e+01,-1.100000000000000000e+01,-1.100000000000000000e+01,-5.500000000000000000e+01
-4.200000000000000000e+01,-9.300000000000000000e+01,-3.900000000000000000e+01,-3.900000000000000000e+01,-5.400000000000000000e+01
-2.200000000000000000e+01,-3.100000000000000000e+01,-2.200000000000000000e+01,-2.200000000000000000e+01,-5.800000000000000000e+01
-3.900000000000000000e+01,-4.200000000000000000e+01,-2.700000000000000000e+01,-2.700000000000000000e+01,-1.100000000000000000e+01
-4.400000000000000000e+01,-5.100000000000000000e+01,-4.400000000000000000e+01,-4.400000000000000000e+01,-3.900000000000000000e+01
-3.800000000000000000e+01,-2.500000000000000000e+01,-5.200000000000000000e+01,-5.200000000000000000e+01,-2.200000000000000000e+01
-6.700000000000000000e+01,-3.300000000000000000e+01,-9.300000000000000000e+01,-9.300000000000000000e+01,-2.700000000000000000e+01
-3.300000000000000000e+01,-3.600000000000000000e+01,-3.100000000000000000e+01,-3.100000000000000000e+01,-4.400000000000000000e+01
-3.800000000000000000e+01,-7.400000000000000000e+01,-4.200000000000000000e+01,-4.200000000000000000e+01,-5.200000000000000000e+01
-5.000000000000000000e+01,-4.500000000000000000e+01,-5.100000000000000000e+01,-5.100000000000000000e+01,-9.300000000000000000e+01
-2.200000000000000000e+01,-4.100000000000000000e+01,-2.500000000000000000e+01,-2.500000000000000000e+01,-3.100000000000000000e+01
-4.500000000000000000e+01,-5.000000000000000000e+01,-3.300000000000000000e+01,-3.300000000000000000e+01,-4.200000000000000000e+01
-3.800000000000000000e+01,-3.400000000000000000e+01,-3.600000000000000000e+01,-3.600000000000000000e+01,-5.100000000000000000e+01
-6.200000000000000000e+01,-3.500000000000000000e+01,-7.400000000000000000e+01,-7.400000000000000000e+01,-2.500000000000000000e+01
-4.300000000000000000e+01,-2.700000000000000000e+01,-4.500000000000000000e+01,-4.500000000000000000e+01,-3.300000000000000000e+01
-4.400000000000000000e+01,-3.800000000000000000e+01,-4.100000000000000000e+01,-4.100000000000000000e+01,-3.600000000000000000e+01
-4.700000000000000000e+01,-6.600000000000000000e+01,-5.000000000000000000e+01,-5.000000000000000000e+01,-7.400000000000000000e+01
1.500000000000000000e+01,-5.000000000000000000e+01,-3.400000000000000000e+01,-3.400000000000000000e+01,-4.500000000000000000e+01
-2.300000000000000000e+01,-4.900000000000000000e+01,-3.500000000000000000e+01,-3.500000000000000000e+01,-4.100000000000000000e+01
-2.600000000000000000e+01,-1.200000000000000000e+01,-2.700000000000000000e+01,-2.700000000000000000e+01,-5.000000000000000000e+01
-4.900000000000000000e+01,-3.500000000000000000e+01,-3.800000000000000000e+01,-3.800000000000000000e+01,-3.400000000000000000e+01
-4.700000000000000000e+01,-3.700000000000000000e+01,-6.600000000000000000e+01,-6.600000000000000000e+01,-3.500000000000000000e+01
-5.700000000000000000e+01,-3.900000000000000000e+01,-5.000000000000000000e+01,-5.000000000000000000e+01,-2.700000000000000000e+01
-4.200000000000000000e+01,-4.800000000000000000e+01,-4.900000000000000000e+01,-4.900000000000000000e+01,-3.800000000000000000e+01
-2.700000000000000000e+01,-4.600000000000000000e+01,-1.200000000000000000e+01,-1.200000000000000000e+01,-6.600000000000000000e+01
-2.900000000000000000e+01,-6.100000000000000000e+01,-3.500000000000000000e+01,-3.500000000000000000e+01,-5.000000000000000000e+01
-2.900000000000000000e+01,-3.500000000000000000e+01,-3.700000000000000000e+01,-3.700000000000000000e+01,-4.900000000000000000e+01
-4.600000000000000000e+01,-3.000000000000000000e+01,-3.900000000000000000e+01,-3.900000000000000000e+01,-1.200000000000000000e+01
-7.300000000000000000e+01,-4.900000000000000000e+01,-4.800000000000000000e+01,-4.800000000000000000e+01,-3.500000000000000000e+01
-2.800000000000000000e+01,-2.600000000000000000e+01,-4.600000000000000000e+01,-4.600000000000000000e+01,-3.700000000000000000e+01
-5.600000000000000000e+01,-6.500000000000000000e+01,-6.100000000000000000e+01,-6.100000000000000000e+01,-3.900000000000000000e+01
-4.600000000000000000e+01,-4.300000000000000000e+01,-3.500000000000000000e+01,-3.500000000000000000e+01,-4.800000000000000000e+01
-2.800000000000000000e+01,-6.100000000000000000e+01,-3.000000000000000000e+01,-3.000000000000000000e+01,-4.600000000000000000e+01
-1.000000000000000000e+01,-4.300000000000000000e+01,-4.900000000000000000e+01,-4.900000000000000000e+01,-6.100000000000000000e+01
-2.600000000000000000e+01,-3.400000000000000000e+01,-2.600000000000000000e+01,-2.600000000000000000e+01,-3.500000000000000000e+01
-6.000000000000000000e+01,-4.500000000000000000e+01,-6.500000000000000000e+01,-6.500000000000000000e+01,-3.000000000000000000e+01
-3.500000000000000000e+01,1.400000000000000000e+01,-4.300000000000000000e+01,-4.300000000000000000e+01,-4.900000000000000000e+01
-5.300000000000000000e+01,-2.000000000000000000e+01,-6.100000000000000000e+01,-6.100000000000000000e+01,-2.600000000000000000e+01
-5.400000000000000000e+01,-5.100000000000000000e+01,-4.300000000000000000e+01,-4.300000000000000000e+01,-6.500000000000000000e+01
-3.400000000000000000e+01,-4.900000000000000000e+01,-3.400000000000000000e+01,-3.400000000000000000e+01,-4.300000000000000000e+01
-2.900000000000000000e+01,-5.300000000000000000e+01,-4.500000000000000000e+01,-4.500000000000000000e+01,-6.100000000000000000e+01
0.000000000000000000e+00,-2.400000000000000000e+01,1.400000000000000000e+01,1.400000000000000000e+01,-4.300000000000000000e+01
-4.000000000000000000e+01,-4.200000000000000000e+01,-2.000000000000000000e+01,-2.000000000000000000e+01,-3.400000000000000000e+01
-4.600000000000000000e+01,-1.600000000000000000e+01,-5.100000000000000000e+01,-5.100000000000000000e+01,-4.500000000000000000e+01
-4.600000000000000000e+01,-2.500000000000000000e+01,-4.900000000000000000e+01,-4.900000000000000000e+01,1.400000000000000000e+01
-4.700000000000000000e+01,-4.100000000000000000e+01,-5.300000000000000000e+01,-5.300000000000000000e+01,-2.000000000000000000e+01
-2.600000000000000000e+01,-5.100000000000000000e+01,-2.400000000000000000e+01,-2.400000000000000000e+01,-5.100000000000000000e+01
-3.700000000000000000e+01,-9.500000000000000000e+01,-4.200000000000000000e+01,-4.200000000000000000e+01,-4.900000000000000000e+01
-2.500000000000000000e+01,-3.300000000000000000e+01,-1.600000000000000000e+01,-1.600000000000000000e+01,-5.300000000000000000e+01
-4.200000000000000000e+01,-4.900000000000000000e+01,-2.500000000000000000e+01,-2.500000000000000000e+01,-2.400000000000000000e+01
-4.200000000000000000e+01,-4.500000000000000000e+01,-4.100000000000000000e+01,-4.100000000000000000e+01,-4.200000000000000000e+01
-4.100000000000000000e+01,-2.400000000000000000e+01,-5.100000000000000000e+01,-5.100000000000000000e+01,-1.600000000000000000e+01
-6.800000000000000000e+01,-1.900000000000000000e+01,-9.500000000000000000e+01,-9.500000000000000000e+01,-2.500000000000000000e+01
-3.200000000000000000e+01,-3.200000000000000000e+01,-3.300000000000000000e+01,-3.300000000000000000e+01,-4.100000000000000000e+01
-3.700000000000000000e+01,-6.900000000000000000e+01,-4.900000000000000000e+01,-4.900000000000000000e+01,-5.100000000000000000e+01
-4.500000000000000000e+01,-4.100000000000000000e+01,-4.500000000000000000e+01,-4.500000000000000000e+01,-9.500000000000000000e+01
-2.200000000000000000e+01,-4.700000000000000000e+01,-2.400000000000000000e+01,-2.400000000000000000e+01,-3.300000000000000000e+01
-4.900000000000000000e+01,-5.500000000000000000e+01,-1.900000000000000000e+01,-1.900000000000000000e+01,-4.900000000000000000e+01
-3.700000000000000000e+01,-3.100000000000000000e+01,-3.200000000000000000e+01,-3.200000000000000000e+01,-4.500000000000000000e+01
-5.700000000000000000e+01,-3.000000000000000000e+01,-6.900000000000000000e+01,-6.900000000000000000e+01,-2.400000000000000000e+01
-4.400000000000000000e+01,-3.000000000000000000e+00,-4.100000000000000000e+01,-4.100000000000000000e+01,-1.900000000000000000e+01
-4.200000000000000000e+01,-3.700000000000000000e+01,-4.700000000000000000e+01,-4.700000000000000000e+01,-3.200000000000000000e+01
-4.500000000000000000e+01,-5.100000000000000000e+01,-5.500000000000000000e+01,-5.500000000000000000e+01,-6.900000000000000000e+01
1.000000000000000000e+01,-4.400000000000000000e+01,-3.100000000000000000e+01,-3.100000000000000000e+01,-4.100000000000000000e+01
-2.200000000000000000e+01,-4.700000000000000000e+01,-3.000000000000000000e+01,-3.000000000000000000e+01,-4.700000000000000000e+01
-2.300000000000000000e+01,-3.200000000000000000e+01,-3.000000000000000000e+00,-3.000000000000000000e+00,-5.500000000000000000e+01
-4.500000000000000000e+01,-4.200000000000000000e+01,-3.700000000000000000e+01,-3.700000000000000000e+01,-3.100000000000000000e+01
-4.600000000000000000e+01,-2.200000000000000000e+01,-5.100000000000000000e+01,-5.100000000000000000e+01,-3.000000000000000000e+01
-5.500000000000000000e+01,-3.900000000000000000e+01,-4.400000000000000000e+01,-4.400000000000000000e+01,-3.000000000000000000e+00
-4.800000000000000000e+01,-4.400000000000000000e+01,-4.700000000000000000e+01,-4.700000000000000000e+01,-3.700000000000000000e+01
-2.500000000000000000e+01,-3.800000000000000000e+01,-3.200000000000000000e+01,-3.200000000000000000e+01,-5.100000000000000000e+01
-3.000000000000000000e+01,-6.700000000000000000e+01,-4.200000000000000000e+01,-4.200000000000000000e+01,-4.400000000000000000e+01
-2.700000000000000000e+01,-3.300000000000000000e+01,-2.200000000000000000e+01,-2.200000000000000000e+01,-4.700000000000000000e+01
-4.600000000000000000e+01,-3.800000000000000000e+01,-3.900000000000000000e+01,-3.900000000000000000e+01,-3.200000000000000000e+01
-7.400000000000000000e+01,-5.000000000000000000e+01,-4.400000000000000000e+01,-4.400000000000000000e+01,-4.200000000000000000e+01
-2.500000000000000000e+01,-2.200000000000000000e+01,-3.800000000000000000e+01,-3.800000000000000000e+01,-2.200000000000000000e+01
-5.900000000000000000e+01,-4.500000000000000000e+01,-6.700000000000000000e+01,-6.700000000000000000e+01,-3.900000000000000000e+01
-5.000000000000000000e+01,-3.800000000000000000e+01,-3.300000000000000000e+01,-3.300000000000000000e+01,-4.400000000000000000e+01
-2.900000000000000000e+01,-6.200000000000000000e+01,-3.800000000000000000e+01,-3.800000000000000000e+01,-3.800000000000000000e+01
1.000000000000000000e+00,-4.300000000000000000e+01,-5.000000000000000000e+01,-5.000000000000000000e+01,-6.700000000000000000e+01
-2.500000000000000000e+01,-4.400000000000000000e+01,-2.200000000000000000e+01,-2.200000000000000000e+01,-3.300000000000000000e+01
-5.800000000000000000e+01,-4.700000000000000000e+01,-4.500000000000000000e+01,-4.500000000000000000e+01,-3.800000000000000000e+01
-3.400000000000000000e+01,1.500000000000000000e+01,-3.800000000000000000e+01,-3.800000000000000000e+01,-5.000000000000000000e+01
-5.000000000000000000e+01,-2.300000000000000000e+01,-6.200000000000000000e+01,-6.200000000000000000e+01,-2.200000000000000000e+01
-4.800000000000000000e+01,-2.600000000000000000e+01,-4.300000000000000000e+01,-4.300000000000000000e+01,-4.500000000000000000e+01
-4.200000000000000000e+01,-4.900000000000000000e+01,-4.400000000000000000e+01,-4.400000000000000000e+01,-3.800000000000000000e+01
-2.900000000000000000e+01,-4.700000000000000000e+01,-4.700000000000000000e+01,-4.700000000000000000e+01,-6.200000000000000000e+01
3.000000000000000000e+00,-5.700000000000000000e+01,1.500000000000000000e+01,1.500000000000000000e+01,-4.300000000000000000e+01
-4.400000000000000000e+01,-4.200000000000000000e+01,-2.300000000000000000e+01,-2.300000000000000000e+01,-4.400000000000000000e+01
-3.400000000000000000e+01,-2.700000000000000000e+01,-2.600000000000000000e+01,-2.600000000000000000e+01,-4.700000000000000000e+01
-4.000000000000000000e+01,-2.900000000000000000e+01,-4.900000000000000000e+01,-4.900000000000000000e+01,1.500000000000000000e+01
-4.700000000000000000e+01,-2.900000000000000000e+01,-4.700000000000000000e+01,-4.700000000000000000e+01,-2.300000000000000000e+01
-5.200000000000000000e+01,-4.600000000000000000e+01,-5.700000000000000000e+01,-5.700000000000000000e+01,-2.600000000000000000e+01
-4.000000000000000000e+01,-7.300000000000000000e+01,-4.200000000000000000e+01,-4.200000000000000000e+01,-4.900000000000000000e+01
-2.500000000000000000e+01,-2.800000000000000000e+01,-2.700000000000000000e+01,-2.700000000000000000e+01,-4.700000000000000000e+01
-4.400000000000000000e+01,-5.600000000000000000e+01,-2.900000000000000000e+01,-2.900000000000000000e+01,-5.700000000000000000e+01
-3.300000000000000000e+01,-4.600000000000000000e+01,-2.900000000000000000e+01,-2.900000000000000000e+01,-4.200000000000000000e+01
-3.400000000000000000e+01,-2.800000000000000000e+01,-4.600000000000000000e+01,-4.600000000000000000e+01,-2.700000000000000000e+01
-5.000000000000000000e+01,-1.000000000000000000e+01,-7.300000000000000000e+01,-7.300000000000000000e+01,-2.900000000000000000e+01
-3.600000000000000000e+01,-2.600000000000000000e+01,-2.800000000000000000e+01,-2.800000000000000000e+01,-2.900000000000000000e+01
-6.400000000000000000e+01,-6.000000000000000000e+01,-5.600000000000000000e+01,-5.600000000000000000e+01,-4.600000000000000000e+01
-4.400000000000000000e+01,-3.500000000000000000e+01,-4.600000000000000000e+01,-4.600000000000000000e+01,-7.300000000000000000e+01
-3.300000000000000000e+01,-5.300000000000000000e+01,-2.800000000000000000e+01,-2.800000000000000000e+01,-2.800000000000000000e+01
-1.000000000000000000e+01,-5.400000000000000000e+01,-1.000000000000000000e+01,-1.000000000000000000e+01,-5.600000000000000000e+01
-2.800000000000000000e+01,-3.400000000000000000e+01,-2.600000000000000000e+01,-2.600000000000000000e+01,-4.600000000000000000e+01
-4.500000000000000000e+01,-2.900000000000000000e+01,-6.000000000000000000e+01,-6.000000000000000000e+01,-2.800000000000000000e+01
-4.000000000000000000e+01,0.000000000000000000e+00,-3.500000000000000000e+01,-3.500000000000000000e+01,-1.000000000000000000e+01
-4.800000000000000000e+01,-4.000000000000000000e+01,-5.300000000000000000e+01,-5.300000000000000000e+01,-2.600000000000000000e+01
-4.500000000000000000e+01,-4.600000000000000000e+01,-5.400000000000000000e+01,-5.400000000000000000e+01,-6.000000000000000000e+01
-3.400000000000000000e+01,-4.600000000000000000e+01,-3.400000000000000000e+01,-3.400000000000000000e+01,-3.500000000000000000e+01
-3.000000000000000000e+01,-4.700000000000000000e+01,-2.900000000000000000e+01,-2.900000000000000000e+01,-5.300000000000000000e+01
-1.300000000000000000e+01,-2.600000000000000000e+01,0.000000000000000000e+00,0.000000000000000000e+00,-5.400000000000000000e+01
-4.900000000000000000e+01,-3.700000000000000000e+01,-4.000000000000000000e+01,-4.000000000000000000e+01,-3.400000000000000000e+01
-3.600000000000000000e+01,-2.500000000000000000e+01,-4.600000000000000000e+01,-4.600000000000000000e+01,-2.900000000000000000e+01
-7.100000000000000000e+01,-4.200000000000000000e+01,-4.600000000000000000e+01,-4.600000000000000000e+01,0.000000000000000000e+00
-4.600000000000000000e+01,-4.200000000000000000e+01,-4.700000000000000000e+01,-4.700000000000000000e+01,-4.000000000000000000e+01
-4.700000000000000000e+01,-4.100000000000000000e+01,-2.600000000000000000e+01,-2.600000000000000000e+01,-4.600000000000000000e+01
-3.700000000000000000e+01,-6.800000000000000000e+01,-3.700000000000000000e+01,-3.700000000000000000e+01,-4.600000000000000000e+01
-2.300000000000000000e+01,-3.200000000000000000e+01,-2.500000000000000000e+01,-2.500000000000000000e+01,-4.700000000000000000e+01
-4.200000000000000000e+01,-3.700000000000000000e+01,-4.200000000000000000e+01,-4.200000000000000000e+01,-2.600000000000000000e+01
-1.700000000000000000e+01,-4.500000000000000000e+01,-4.200000000000000000e+01,-4.200000000000000000e+01,-3.700000000000000000e+01
-2.600000000000000000e+01,-2.200000000000000000e+01,-4.100000000000000000e+01,-4.100000000000000000e+01,-2.500000000000000000e+01
-6.200000000000000000e+01,-4.900000000000000000e+01,-6.800000000000000000e+01,-6.800000000000000000e+01,-4.200000000000000000e+01
-5.000000000000000000e+01,-3.700000000000000000e+01,-3.200000000000000000e+01,-3.200000000000000000e+01,-4.200000000000000000e+01
-5.100000000000000000e+01,-5.700000000000000000e+01,-3.700000000000000000e+01,-3.700000000000000000e+01,-4.100000000000000000e+01
8.000000000000000000e+00,-4.400000000000000000e+01,-4.500000000000000000e+01,-4.500000000000000000e+01,-6.800000000000000000e+01
-2.500000000000000000e+01,-4.200000000000000000e+01,-2.200000000000000000e+01,-2.200000000000000000e+01,-3.200000000000000000e+01
-3.900000000000000000e+01,-4.500000000000000000e+01,-4.900000000000000000e+01,-4.900000000000000000e+01,-3.700000000000000000e+01
-2.900000000000000000e+01,1.000000000000000000e+01,-3.700000000000000000e+01,-3.700000000000000000e+01,-4.500000000000000000e+01
-5.000000000000000000e+01,-2.200000000000000000e+01,-5.700000000000000000e+01,-5.700000000000000000e+01,-2.200000000000000000e+01
-5.100000000000000000e+01,-2.300000000000000000e+01,-4.400000000000000000e+01,-4.400000000000000000e+01,-4.900000000000000000e+01
-6.300000000000000000e+01,-4.500000000000000000e+01,-4.200000000000000000e+01,-4.200000000000000000e+01,-3.700000000000000000e+01
-3.400000000000000000e+01,-4.600000000000000000e+01,-4.500000000000000000e+01,-4.500000000000000000e+01,-5.700000000000000000e+01
-1.000000000000000000e+01,-5.500000000000000000e+01,1.000000000000000000e+01,1.000000000000000000e+01,-4.400000000000000000e+01
-4.200000000000000000e+01,-4.800000000000000000e+01,-2.200000000000000000e+01,-2.200000000000000000e+01,-4.200000000000000000e+01
-2.900000000000000000e+01,-2.500000000000000000e+01,-2.300000000000000000e+01,-2.300000000000000000e+01,-4.500000000000000000e+01
-3.700000000000000000e+01,-3.000000000000000000e+01,-4.500000000000000000e+01,-4.500000000000000000e+01,1.000000000000000000e+01
-4.600000000000000000e+01,-2.700000000000000000e+01,-4.600000000000000000e+01,-4.600000000000000000e+01,-2.200000000000000000e+01
-5.900000000000000000e+01,-4.600000000000000000e+01,-5.500000000000000000e+01,-5.500000000000000000e+01,-2.300000000000000000e+01
-4.300000000000000000e+01,-7.400000000000000000e+01,-4.800000000000000000e+01,-4.800000000000000000e+01,-4.500000000000000000e+01
-2.100000000000000000e+01,-2.500000000000000000e+01,-2.500000000000000000e+01,-2.500000000000000000e+01,-4.600000000000000000e+01
-4.100000000000000000e+01,-5.900000000000000000e+01,-3.000000000000000000e+01,-3.000000000000000000e+01,-5.500000000000000000e+01
-3.400000000000000000e+01,-5.000000000000000000e+01,-2.700000000000000000e+01,-2.700000000000000000e+01,-4.800000000000000000e+01
-3.300000000000000000e+01,-2.900000000000000000e+01,-4.600000000000000000e+01,-4.600000000000000000e+01,-2.500000000000000000e+01
-6.300000000000000000e+01,1.000000000000000000e+00,-7.400000000000000000e+01,-7.400000000000000000e+01,-3.000000000000000000e+01
-3.100000000000000000e+01,-2.500000000000000000e+01,-2.500000000000000000e+01,-2.500000000000000000e+01,-2.700000000000000000e+01
-4.700000000000000000e+01,-5.800000000000000000e+01,-5.900000000000000000e+01,-5.900000000000000000e+01,-4.600000000000000000e+01
-4.900000000000000000e+01,-3.400000000000000000e+01,-5.000000000000000000e+01,-5.000000000000000000e+01,-7.400000000000000000e+01
-3.100000000000000000e+01,-5.000000000000000000e+01,-2.900000000000000000e+01,-2.900000000000000000e+01,-2.500000000000000000e+01
-3.400000000000000000e+01,-4.800000000000000000e+01,1.000000000000000000e+00,1.000000000000000000e+00,-5.900000000000000000e+01
-3.300000000000000000e+01,-4.200000000000000000e+01,-2.500000000000000000e+01,-2.500000000000000000e+01,-5.000000000000000000e+01
-5.900000000000000000e+01,-2.900000000000000000e+01,-5.800000000000000000e+01,-5.800000000000000000e+01,-2.900000000000000000e+01
-4.600000000000000000e+01,3.000000000000000000e+00,-3.400000000000000000e+01,-3.400000000000000000e+01,1.000000000000000000e+00
-4.500000000000000000e+01,-4.400000000000000000e+01,-5.000000000000000000e+01,-5.000000000000000000e+01,-2.500000000000000000e+01
-4.700000000000000000e+01,-3.400000000000000000e+01,-4.800000000000000000e+01,-4.800000000000000000e+01,-5.800000000000000000e+01
1.900000000000000000e+01,-4.000000000000000000e+01,-4.200000000000000000e+01,-4.200000000000000000e+01,-3.400000000000000000e+01
-2.400000000000000000e+01,-4.700000000000000000e+01,-2.900000000000000000e+01,-2.900000000000000000e+01,-5.000000000000000000e+01
-2.200000000000000000e+01,-5.200000000000000000e+01,3.000000000000000000e+00,3.000000000000000000e+00,-4.800000000000000000e+01
-4.500000000000000000e+01,-4.000000000000000000e+01,-4.400000000000000000e+01,-4.400000000000000000e+01,-4.200000000000000000e+01
-4.200000000000000000e+01,-2.500000000000000000e+01,-3.400000000000000000e+01,-3.400000000000000000e+01,-2.900000000000000000e+01
-5.700000000000000000e+01,-4.400000000000000000e+01,-4.000000000000000000e+01,-4.000000000000000000e+01,3.000000000000000000e+00
-4.800000000000000000e+01,-3.300000000000000000e+01,-4.700000000000000000e+01,-4.700000000000000000e+01,-4.400000000000000000e+01
-2.400000000000000000e+01,-3.400000000000000000e+01,-5.200000000000000000e+01,-5.200000000000000000e+01,-3.400000000000000000e+01
-2.900000000000000000e+01,-5.000000000000000000e+01,-4.000000000000000000e+01,-4.000000000000000000e+01,-4.000000000000000000e+01
-2.900000000000000000e+01,-3.600000000000000000e+01,-2.500000000000000000e+01,-2.500000000000000000e+01,-4.700000000000000000e+01
-4.300000000000000000e+01,-6.400000000000000000e+01,-4.400000000000000000e+01,-4.400000000000000000e+01,-5.200000000000000000e+01
-6.100000000000000000e+01,-4.400000000000000000e+01,-3.300000000000000000e+01,-3.300000000000000000e+01,-4.000000000000000000e+01
-2.600000000000000000e+01,-3.300000000000000000e+01,-3.400000000000000000e+01,-3.400000000000000000e+01,-2.500000000000000000e+01
-6.500000000000000000e+01,-1.000000000000000000e+01,-5.000000000000000000e+01,-5.000000000000000000e+01,-4.400000000000000000e+01
-4.900000000000000000e+01,-2.800000000000000000e+01,-3.600000000000000000e+01,-3.600000000000000000e+01,-3.300000000000000000e+01
-3.500000000000000000e+01,-4.500000000000000000e+01,-6.400000000000000000e+01,-6.400000000000000000e+01,-3.400000000000000000e+01
4.000000000000000000e+00,-4.000000000000000000e+01,-4.400000000000000000e+01,-4.400000000000000000e+01,-5.000000000000000000e+01
-2.400000000000000000e+01,-4.800000000000000000e+01,-3.300000000000000000e+01,-3.300000000000000000e+01,-3.600000000000000000e+01
-4.800000000000000000e+01,-4.500000000000000000e+01,-1.000000000000000000e+01,-1.000000000000000000e+01,-6.400000000000000000e+01
-3.200000000000000000e+01,-3.400000000000000000e+01,-2.800000000000000000e+01,-2.800000000000000000e+01,-4.400000000000000000e+01
-5.200000000000000000e+01,-3.000000000000000000e+01,-4.500000000000000000e+01,-4.500000000000000000e+01,-3.300000000000000000e+01
-5.000000000000000000e+01,-1.300000000000000000e+01,-4.000000000000000000e+01,-4.000000000000000000e+01,-1.000000000000000000e+01
-4.000000000000000000e+01,-4.900000000000000000e+01,-4.800000000000000000e+01,-4.800000000000000000e+01,-2.800000000000000000e+01
-2.800000000000000000e+01,-3.600000000000000000e+01,-4.500000000000000000e+01,-4.500000000000000000e+01,-4.500000000000000000e+01
3.000000000000000000e+00,-7.100000000000000000e+01,-3.400000000000000000e+01,-3.400000000000000000e+01,-4.000000000000000000e+01
-3.800000000000000000e+01,-4.600000000000000000e+01,-3.000000000000000000e+01,-3.000000000000000000e+01,-4.800000000000000000e+01
-3.600000000000000000e+01,-4.700000000000000000e+01,-1.300000000000000000e+01,-1.300000000000000000e+01,-4.500000000000000000e+01
-4.200000000000000000e+01,-3.700000000000000000e+01,-4.900000000000000000e+01,-4.900000000000000000e+01,-3.400000000000000000e+01
-4.900000000000000000e+01,-2.300000000000000000e+01,-3.600000000000000000e+01,-3.600000000000000000e+01,-3.000000000000000000e+01
-4.700000000000000000e+01,-4.200000000000000000e+01,-7.100000000000000000e+01,-7.100000000000000000e+01,-1.300000000000000000e+01
-3.900000000000000000e+01,-1.700000000000000000e+01,-4.600000000000000000e+01,-4.600000000000000000e+01,-4.900000000000000000e+01
-2.400000000000000000e+01,-2.600000000000000000e+01,-4.700000000000000000e+01,-4.700000000000000000e+01,-3.600000000000000000e+01
-3.600000000000000000e+01,-6.200000000000000000e+01,-3.700000000000000000e+01,-3.700000000000000000e+01,-7.100000000000000000e+01
-3.800000000000000000e+01,-5.000000000000000000e+01,-2.300000000000000000e+01,-2.300000000000000000e+01,-4.600000000000000000e+01
-3.500000000000000000e+01,-5.100000000000000000e+01,-4.200000000000000000e+01,-4.200000000000000000e+01,-4.700000000000000000e+01
-6.700000000000000000e+01,8.000000000000000000e+00,-1.700000000000000000e+01,-1.700000000000000000e+01,-3.700000000000000000e+01
-3.400000000000000000e+01,-2.500000000000000000e+01,-2.600000000000000000e+01,-2.600000000000000000e+01,-2.300000000000000000e+01
-4.800000000000000000e+01,-3.900000000000000000e+01,-6.200000000000000000e+01,-6.200000000000000000e+01,-4.200000000000000000e+01
-4.800000000000000000e+01,-2.900000000000000000e+01,-5.000000000000000000e+01,-5.000000000000000000e+01,-1.700000000000000000e+01
-2.500000000000000000e+01,-5.000000000000000000e+01,-5.100000000000000000e+01,-5.100000000000000000e+01,-2.600000000000000000e+01
-4.000000000000000000e+01,-5.100000000000000000e+01,8.000000000000000000e+00,8.000000000000000000e+00,-6.200000000000000000e+01
-3.300000000000000000e+01,-6.300000000000000000e+01,-2.500000000000000000e+01,-2.500000000000000000e+01,-5.000000000000000000e+01
-5.800000000000000000e+01,-3.400000000000000000e+01,-3.900000000000000000e+01,-3.900000000000000000e+01,-5.100000000000000000e+01
-4.200000000000000000e+01,-1.000000000000000000e+01,-2.900000000000000000e+01,-2.900000000000000000e+01,8.000000000000000000e+00
-4.000000000000000000e+01,-4.200000000000000000e+01,-5.000000000000000000e+01,-5.000000000000000000e+01,-2.500000000000000000e+01
-4.800000000000000000e+01,-2.900000000000000000e+01,-5.100000000000000000e+01,-5.100000000000000000e+01,-3.900000000000000000e+01
2.000000000000000000e+01,-3.700000000000000000e+01,-6.300000000000000000e+01,-6.300000000000000000e+01,-2.900000000000000000e+01
-2.300000000000000000e+01,-4.600000000000000000e+01,-3.400000000000000000e+01,-3.400000000000000000e+01,-5.000000000000000000e+01
-3.800000000000000000e+01,-5.900000000000000000e+01,-1.000000000000000000e+01,-1.000000000000000000e+01,-5.100000000000000000e+01
-4.700000000000000000e+01,-4.300000000000000000e+01,-4.200000000000000000e+01,-4.200000000000000000e+01,-6.300000000000000000e+01
-5.000000000000000000e+01,-2.100000000000000000e+01,-2.900000000000000000e+01,-2.900000000000000000e+01,-3.400000000000000000e+01
-4.300000000000000000e+01,-4.100000000000000000e+01,-3.700000000000000000e+01,-3.700000000000000000e+01,-1.000000000000000000e+01
-4.100000000000000000e+01,-3.400000000000000000e+01,-4.600000000000000000e+01,-4.600000000000000000e+01,-4.200000000000000000e+01
-1.800000000000000000e+01,-3.300000000000000000e+01,-5.900000000000000000e+01,-5.900000000000000000e+01,-2.900000000000000000e+01
-3.000000000000000000e+01,-6.300000000000000000e+01,-4.300000000000000000e+01,-4.300000000000000000e+01,-3.700000000000000000e+01
-3.200000000000000000e+01,-3.100000000000000000e+01,-2.100000000000000000e+01,-2.100000000000000000e+01,-4.600000000000000000e+01
-4.900000000000000000e+01,-4.700000000000000000e+01,-4.100000000000000000e+01,-4.100000000000000000e+01,-5.900000000000000000e+01
-8.500000000000000000e+01,-4.900000000000000000e+01,-3.400000000000000000e+01,-3.400000000000000000e+01,-4.300000000000000000e+01
-3.100000000000000000e+01,-3.100000000000000000e+01,-3.300000000000000000e+01,-3.300000000000000000e+01,-2.100000000000000000e+01
-4.900000000000000000e+01,-3.400000000000000000e+01,-6.300000000000000000e+01,-6.300000000000000000e+01,-4.100000000000000000e+01
-4.500000000000000000e+01,-3.300000000000000000e+01,-3.100000000000000000e+01,-3.100000000000000000e+01,-3.400000000000000000e+01
-2.400000000000000000e+01,-5.900000000000000000e+01,-4.700000000000000000e+01,-4.700000000000000000e+01,-3.300000000000000000e+01
-1.600000000000000000e+01,-4.600000000000000000e+01,-4.900000000000000000e+01,-4.900000000000000000e+01,-6.300000000000000000e+01
-3.000000000000000000e+01,-4.500000000000000000e+01,-3.100000000000000000e+01,-3.100000000000000000e+01,-3.100000000000000000e+01
-6.200000000000000000e+01,-4.700000000000000000e+01,-3.400000000000000000e+01,-3.400000000000000000e+01,-4.700000000000000000e+01
-3.900000000000000000e+01,1.900000000000000000e+01,-3.300000000000000000e+01,-3.300000000000000000e+01,-4.900000000000000000e+01
-4.900000000000000000e+01,-2.400000000000000000e+01,-5.900000000000000000e+01,-5.900000000000000000e+01,-3.100000000000000000e+01
-5.400000000000000000e+01,-2.200000000000000000e+01,-4.600000000000000000e+01,-4.600000000000000000e+01,-3.400000000000000000e+01
-3.100000000000000000e+01,-4.500000000000000000e+01,-4.500000000000000000e+01,-4.500000000000000000e+01,-3.300000000000000000e+01
-3.100000000000000000e+01,-4.200000000000000000e+01,-4.700000000000000000e+01,-4.700000000000000000e+01,-5.900000000000000000e+01
4.000000000000000000e+00,-5.700000000000000000e+01,1.900000000000000000e+01,1.900000000000000000e+01,-4.600000000000000000e+01
-3.400000000000000000e+01,-4.800000000000000000e+01,-2.400000000000000000e+01,-2.400000000000000000e+01,-4.500000000000000000e+01
-4.600000000000000000e+01,-2.400000000000000000e+01,-2.200000000000000000e+01,-2.200000000000000000e+01,-4.700000000000000000e+01
-4.100000000000000000e+01,-2.900000000000000000e+01,-4.500000000000000000e+01,-4.500000000000000000e+01,1.900000000000000000e+01
-5.400000000000000000e+01,-2.900000000000000000e+01,-4.200000000000000000e+01,-4.200000000000000000e+01,-2.400000000000000000e+01
-3.500000000000000000e+01,-4.300000000000000000e+01,-5.700000000000000000e+01,-5.700000000000000000e+01,-2.200000000000000000e+01
-3.900000000000000000e+01,-6.100000000000000000e+01,-4.800000000000000000e+01,-4.800000000000000000e+01,-4.500000000000000000e+01
-2.400000000000000000e+01,-2.600000000000000000e+01,-2.400000000000000000e+01,-2.400000000000000000e+01,-4.200000000000000000e+01
-3.800000000000000000e+01,-6.500000000000000000e+01,-2.900000000000000000e+01,-2.900000000000000000e+01,-5.700000000000000000e+01
-4.400000000000000000e+01,-4.900000000000000000e+01,-2.900000000000000000e+01,-2.900000000000000000e+01,-4.800000000000000000e+01
-3.800000000000000000e+01,-3.500000000000000000e+01,-4.300000000000000000e+01,-4.300000000000000000e+01,-2.400000000000000000e+01
-6.700000000000000000e+01,4.000000000000000000e+00,-6.100000000000000000e+01,-6.100000000000000000e+01,-2.900000000000000000e+01
-3.400000000000000000e+01,-2.400000000000000000e+01,-2.600000000000000000e+01,-2.600000000000000000e+01,-2.900000000000000000e+01
-3.900000000000000000e+01,-4.800000000000000000e+01,-6.500000000000000000e+01,-6.500000000000000000e+01,-4.300000000000000000e+01
-4.400000000000000000e+01,-3.200000000000000000e+01,-4.900000000000000000e+01,-4.900000000000000000e+01,-6.100000000000000000e+01
-2.400000000000000000e+01,-5.200000000000000000e+01,-3.500000000000000000e+01,-3.500000000000000000e+01,-2.600000000000000000e+01
-5.800000000000000000e+01,-5.000000000000000000e+01,4.000000000000000000e+00,4.000000000000000000e+00,-6.500000000000000000e+01
-4.400000000000000000e+01,-4.000000000000000000e+01,-2.400000000000000000e+01,-2.400000000000000000e+01,-4.900000000000000000e+01
-5.800000000000000000e+01,-2.800000000000000000e+01,-4.800000000000000000e+01,-4.800000000000000000e+01,-3.500000000000000000e+01
-4.400000000000000000e+01,3.000000000000000000e+00,-3.200000000000000000e+01,-3.200000000000000000e+01,4.000000000000000000e+00
-3.300000000000000000e+01,-3.800000000000000000e+01,-5.200000000000000000e+01,-5.200000000000000000e+01,-2.400000000000000000e+01
-4.600000000000000000e+01,-3.600000000000000000e+01,-5.000000000000000000e+01,-5.000000000000000000e+01,-4.800000000000000000e+01
1.000000000000000000e+01,-4.200000000000000000e+01,-4.000000000000000000e+01,-4.000000000000000000e+01,-3.200000000000000000e+01
-2.300000000000000000e+01,-4.900000000000000000e+01,-2.800000000000000000e+01,-2.800000000000000000e+01,-5.200000000000000000e+01
-5.000000000000000000e+01,-4.700000000000000000e+01,3.000000000000000000e+00,3.000000000000000000e+00,-5.000000000000000000e+01
-5.000000000000000000e+01,-3.900000000000000000e+01,-3.800000000000000000e+01,-3.800000000000000000e+01,-4.000000000000000000e+01
-5.600000000000000000e+01,-2.400000000000000000e+01,-3.600000000000000000e+01,-3.600000000000000000e+01,-2.800000000000000000e+01
-1.000000000000000000e+01,-3.600000000000000000e+01,-4.200000000000000000e+01,-4.200000000000000000e+01,3.000000000000000000e+00
-3.800000000000000000e+01,-3.800000000000000000e+01,-4.900000000000000000e+01,-4.900000000000000000e+01,-3.800000000000000000e+01
-2.500000000000000000e+01,-3.500000000000000000e+01,-4.700000000000000000e+01,-4.700000000000000000e+01,-3.600000000000000000e+01
-2.300000000000000000e+01,-6.700000000000000000e+01,-3.900000000000000000e+01,-3.900000000000000000e+01,-4.200000000000000000e+01
-4.300000000000000000e+01,-3.400000000000000000e+01,-2.400000000000000000e+01,-2.400000000000000000e+01,-4.900000000000000000e+01
-5.100000000000000000e+01,-4.800000000000000000e+01,-3.600000000000000000e+01,-3.600000000000000000e+01,-4.700000000000000000e+01
-9.200000000000000000e+01,-4.800000000000000000e+01,-3.800000000000000000e+01,-3.800000000000000000e+01,-3.900000000000000000e+01
-3.100000000000000000e+01,-2.500000000000000000e+01,-3.500000000000000000e+01,-3.500000000000000000e+01,-2.400000000000000000e+01
-2.500000000000000000e+01,-4.000000000000000000e+01,-6.700000000000000000e+01,-6.700000000000000000e+01,-3.600000000000000000e+01
-4.700000000000000000e+01,-3.300000000000000000e+01,-3.400000000000000000e+01,-3.400000000000000000e+01,-3.800000000000000000e+01
-2.200000000000000000e+01,-5.800000000000000000e+01,-4.800000000000000000e+01,-4.800000000000000000e+01,-3.500000000000000000e+01
-3.700000000000000000e+01,-4.200000000000000000e+01,-4.800000000000000000e+01,-4.800000000000000000e+01,-6.700000000000000000e+01
-3.900000000000000000e+01,-4.000000000000000000e+01,-2.500000000000000000e+01,-2.500000000000000000e+01,-3.400000000000000000e+01
-7.300000000000000000e+01,-4.800000000000000000e+01,-4.000000000000000000e+01,-4.000000000000000000e+01,-4.800000000000000000e+01
-4.500000000000000000e+01,2.000000000000000000e+01,-3.300000000000000000e+01,-3.300000000000000000e+01,-4.800000000000000000e+01
-4.000000000000000000e+01,-2.300000000000000000e+01,-5.800000000000000000e+01,-5.800000000000000000e+01,-2.500000000000000000e+01
-4.800000000000000000e+01,-3.800000000000000000e+01,-4.200000000000000000e+01,-4.200000000000000000e+01,-4.000000000000000000e+01
-2.800000000000000000e+01,-4.700000000000000000e+01,-4.000000000000000000e+01,-4.000000000000000000e+01,-3.300000000000000000e+01
-3.000000000000000000e+01,-5.000000000000000000e+01,-4.800000000000000000e+01,-4.800000000000000000e+01,-5.800000000000000000e+01
-1.800000000000000000e+01,-4.300000000000000000e+01,2.000000000000000000e+01,2.000000000000000000e+01,-4.200000000000000000e+01
-4.200000000000000000e+01,-4.100000000000000000e+01,-2.300000000000000000e+01,-2.300000000000000000e+01,-4.000000000000000000e+01
-6.700000000000000000e+01,-1.800000000000000000e+01,-3.800000000000000000e+01,-3.800000000000000000e+01,-4.800000000000000000e+01
-4.800000000000000000e+01,-3.000000000000000000e+01,-4.700000000000000000e+01,-4.700000000000000000e+01,2.000000000000000000e+01
-4.200000000000000000e+01,-3.200000000000000000e+01,-5.000000000000000000e+01,-5.000000000000000000e+01,-2.300000000000000000e+01
-1.500000000000000000e+01,-4.900000000000000000e+01,-4.300000000000000000e+01,-4.300000000000000000e+01,-3.800000000000000000e+01
-3.400000000000000000e+01,-8.500000000000000000e+01,-4.100000000000000000e+01,-4.100000000000000000e+01,-4.700000000000000000e+01
-3.100000000000000000e+01,-3.100000000000000000e+01,-1.800000000000000000e+01,-1.800000000000000000e+01,-5.000000000000000000e+01
-3.700000000000000000e+01,-4.900000000000000000e+01,-3.000000000000000000e+01,-3.000000000000000000e+01,-4.300000000000000000e+01
-4.200000000000000000e+01,-4.500000000000000000e+01,-3.200000000000000000e+01,-3.200000000000000000e+01,-4.100000000000000000e+01
-4.300000000000000000e+01,-2.400000000000000000e+01,-4.900000000000000000e+01,-4.900000000000000000e+01,-1.800000000000000000e+01
-5.900000000000000000e+01,-1.600000000000000000e+01,-8.500000000000000000e+01,-8.500000000000000000e+01,-3.000000000000000000e+01
-3.200000000000000000e+01,-3.000000000000000000e+01,-3.100000000000000000e+01,-3.100000000000000000e+01,-3.200000000000000000e+01
-3.600000000000000000e+01,-6.200000000000000000e+01,-4.900000000000000000e+01,-4.900000000000000000e+01,-4.900000000000000000e+01
-4.500000000000000000e+01,-3.900000000000000000e+01,-4.500000000000000000e+01,-4.500000000000000000e+01,-8.500000000000000000e+01
-2.600000000000000000e+01,-4.900000000000000000e+01,-2.400000000000000000e+01,-2.400000000000000000e+01,-3.100000000000000000e+01
-6.100000000000000000e+01,-5.400000000000000000e+01,-1.600000000000000000e+01,-1.600000000000000000e+01,-4.900000000000000000e+01
-4.400000000000000000e+01,-3.100000000000000000e+01,-3.000000000000000000e+01,-3.000000000000000000e+01,-4.500000000000000000e+01
-5.500000000000000000e+01,-3.100000000000000000e+01,-6.200000000000000000e+01,-6.200000000000000000e+01,-2.400000000000000000e+01
-4.500000000000000000e+01,4.000000000000000000e+00,-3.900000000000000000e+01,-3.900000000000000000e+01,-1.600000000000000000e+01
-3.500000000000000000e+01,-3.400000000000000000e+01,-4.900000000000000000e+01,-4.900000000000000000e+01,-3.000000000000000000e+01
-4.500000000000000000e+01,-4.600000000000000000e+01,-5.400000000000000000e+01,-5.400000000000000000e+01,-6.200000000000000000e+01
1.900000000000000000e+01,-4.100000000000000000e+01,-3.100000000000000000e+01,-3.100000000000000000e+01,-3.900000000000000000e+01
-2.500000000000000000e+01,-5.400000000000000000e+01,-3.100000000000000000e+01,-3.100000000000000000e+01,-4.900000000000000000e+01
-3.900000000000000000e+01,-3.500000000000000000e+01,4.000000000000000000e+00,4.000000000000000000e+00,-5.400000000000000000e+01
-5.300000000000000000e+01,-3.900000000000000000e+01,-3.400000000000000000e+01,-3.400000000000000000e+01,-3.100000000000000000e+01
-5.700000000000000000e+01,-2.400000000000000000e+01,-4.600000000000000000e+01,-4.600000000000000000e+01,-3.100000000000000000e+01
-2.600000000000000000e+01,-3.800000000000000000e+01,-4.100000000000000000e+01,-4.100000000000000000e+01,4.000000000000000000e+00
-3.900000000000000000e+01,-4.400000000000000000e+01,-5.400000000000000000e+01,-5.400000000000000000e+01,-3.400000000000000000e+01
-1.800000000000000000e+01,-3.800000000000000000e+01,-3.500000000000000000e+01,-3.500000000000000000e+01,-4.600000000000000000e+01
-2.700000000000000000e+01,-6.700000000000000000e+01,-3.900000000000000000e+01,-3.900000000000000000e+01,-4.100000000000000000e+01
-2.900000000000000000e+01,-3.400000000000000000e+01,-2.400000000000000000e+01,-2.400000000000000000e+01,-5.400000000000000000e+01
-4.400000000000000000e+01,-3.900000000000000000e+01,-3.800000000000000000e+01,-3.800000000000000000e+01,-3.500000000000000000e+01
-7.700000000000000000e+01,-4.400000000000000000e+01,-4.400000000000000000e+01,-4.400000000000000000e+01,-3.900000000000000000e+01
-3.200000000000000000e+01,-2.400000000000000000e+01,-3.800000000000000000e+01,-3.800000000000000000e+01,-2.400000000000000000e+01
-6.500000000000000000e+01,-5.800000000000000000e+01,-6.700000000000000000e+01,-6.700000000000000000e+01,-3.800000000000000000e+01
-5.000000000000000000e+01,-4.400000000000000000e+01,-3.400000000000000000e+01,-3.400000000000000000e+01,-4.400000000000000000e+01
-2.700000000000000000e+01,-5.800000000000000000e+01,-3.900000000000000000e+01,-3.900000000000000000e+01,-3.800000000000000000e+01
-4.000000000000000000e+00,-4.400000000000000000e+01,-4.400000000000000000e+01,-4.400000000000000000e+01,-6.700000000000000000e+01
-2.500000000000000000e+01,-3.300000000000000000e+01,-2.400000000000000000e+01,-2.400000000000000000e+01,-3.400000000000000000e+01
-5.900000000000000000e+01,-4.600000000000000000e+01,-5.800000000000000000e+01,-5.800000000000000000e+01,-3.900000000000000000e+01
-3.700000000000000000e+01,1.000000000000000000e+01,-4.400000000000000000e+01,-4.400000000000000000e+01,-4.400000000000000000e+01
-5.100000000000000000e+01,-2.300000000000000000e+01,-5.800000000000000000e+01,-5.800000000000000000e+01,-2.400000000000000000e+01
-5.200000000000000000e+01,-5.000000000000000000e+01,-4.400000000000000000e+01,-4.400000000000000000e+01,-5.800000000000000000e+01
-4.000000000000000000e+01,-5.000000000000000000e+01,-3.300000000000000000e+01,-3.300000000000000000e+01,-4.400000000000000000e+01
-3.100000000000000000e+01,-5.600000000000000000e+01,-4.600000000000000000e+01,-4.600000000000000000e+01,-5.800000000000000000e+01
3.000000000000000000e+00,-1.000000000000000000e+01,1.000000000000000000e+01,1.000000000000000000e+01,-4.400000000000000000e+01
-3.800000000000000000e+01,-3.800000000000000000e+01,-2.300000000000000000e+01,-2.300000000000000000e+01,-3.300000000000000000e+01
-4.000000000000000000e+01,-2.500000000000000000e+01,-5.000000000000000000e+01,-5.000000000000000000e+01,-4.600000000000000000e+01
-3.900000000000000000e+01,-2.300000000000000000e+01,-5.000000000000000000e+01,-5.000000000000000000e+01,1.000000000000000000e+01
-4.400000000000000000e+01,-4.300000000000000000e+01,-5.600000000000000000e+01,-5.600000000000000000e+01,-2.300000000000000000e+01
-5.100000000000000000e+01,-5.100000000000000000e+01,-1.000000000000000000e+01,-1.000000000000000000e+01,-5.000000000000000000e+01
-4.100000000000000000e+01,-9.200000000000000000e+01,-3.800000000000000000e+01,-3.800000000000000000e+01,-5.000000000000000000e+01
-2.000000000000000000e+01,-3.100000000000000000e+01,-2.500000000000000000e+01,-2.500000000000000000e+01,-5.600000000000000000e+01
-4.400000000000000000e+01,-2.500000000000000000e+01,-2.300000000000000000e+01,-2.300000000000000000e+01,-1.000000000000000000e+01
-3.300000000000000000e+01,-4.700000000000000000e+01,-4.300000000000000000e+01,-4.300000000000000000e+01,-3.800000000000000000e+01
-3.400000000000000000e+01,-2.200000000000000000e+01,-5.100000000000000000e+01,-5.100000000000000000e+01,-2.500000000000000000e+01
-6.200000000000000000e+01,-3.700000000000000000e+01,-9.200000000000000000e+01,-9.200000000000000000e+01,-2.300000000000000000e+01
-4.100000000000000000e+01,-3.900000000000000000e+01,-3.100000000000000000e+01,-3.100000000000000000e+01,-4.300000000000000000e+01
-5.500000000000000000e+01,-7.300000000000000000e+01,-2.500000000000000000e+01,-2.500000000000000000e+01,-5.100000000000000000e+01
-4.600000000000000000e+01,-4.500000000000000000e+01,-4.700000000000000000e+01,-4.700000000000000000e+01,-9.200000000000000000e+01
-2.800000000000000000e+01,-4.000000000000000000e+01,-2.200000000000000000e+01,-2.200000000000000000e+01,-3.100000000000000000e+01
-1.900000000000000000e+01,-4.800000000000000000e+01,-3.700000000000000000e+01,-3.700000000000000000e+01,-2.500000000000000000e+01
-3.100000000000000000e+01,-2.800000000000000000e+01,-3.900000000000000000e+01,-3.900000000000000000e+01,-4.700000000000000000e+01
-4.400000000000000000e+01,-3.000000000000000000e+01,-7.300000000000000000e+01,-7.300000000000000000e+01,-2.200000000000000000e+01
-3.700000000000000000e+01,-1.800000000000000000e+01,-4.500000000000000000e+01,-4.500000000000000000e+01,-3.700000000000000000e+01
-4.900000000000000000e+01,-4.200000000000000000e+01,-4.000000000000000000e+01,-4.000000000000000000e+01,-3.900000000000000000e+01
-4.400000000000000000e+01,-6.700000000000000000e+01,-4.800000000000000000e+01,-4.800000000000000000e+01,-7.300000000000000000e+01
-4.100000000000000000e+01,-4.800000000000000000e+01,-2.800000000000000000e+01,-2.800000000000000000e+01,-4.500000000000000000e+01
-2.700000000000000000e+01,-4.200000000000000000e+01,-3.000000000000000000e+01,-3.000000000000000000e+01,-4.000000000000000000e+01
-1.400000000000000000e+01,-1.500000000000000000e+01,-1.800000000000000000e+01,-1.800000000000000000e+01,-4.800000000000000000e+01
-4.800000000000000000e+01,-3.400000000000000000e+01,-4.200000000000000000e+01,-4.200000000000000000e+01,-2.800000000000000000e+01
-3.700000000000000000e+01,-3.100000000000000000e+01,-6.700000000000000000e+01,-6.700000000000000000e+01,-3.000000000000000000e+01
-7.400000000000000000e+01,-3.700000000000000000e+01,-4.800000000000000000e+01,-4.800000000000000000e+01,-1.800000000000000000e+01
-4.500000000000000000e+01,-4.200000000000000000e+01,-4.200000000000000000e+01,-4.200000000000000000e+01,-4.200000000000000000e+01
-4.300000000000000000e+01,-4.300000000000000000e+01,-1.500000000000000000e+01,-1.500000000000000000e+01,-6.700000000000000000e+01
-3.800000000000000000e+01,-5.900000000000000000e+01,-3.400000000000000000e+01,-3.400000000000000000e+01,-4.800000000000000000e+01
-2.100000000000000000e+01,-3.200000000000000000e+01,-3.100000000000000000e+01,-3.100000000000000000e+01,-4.200000000000000000e+01
-4.400000000000000000e+01,-3.600000000000000000e+01,-3.700000000000000000e+01,-3.700000000000000000e+01,-1.500000000000000000e+01
-1.300000000000000000e+01,-4.500000000000000000e+01,-4.200000000000000000e+01,-4.200000000000000000e+01,-3.400000000000000000e+01
-2.500000000000000000e+01,-2.600000000000000000e+01,-4.300000000000000000e+01,-4.300000000000000000e+01,-3.100000000000000000e+01
-6.100000000000000000e+01,-6.100000000000000000e+01,-5.900000000000000000e+01,-5.900000000000000000e+01,-3.700000000000000000e+01
-4.700000000000000000e+01,-4.400000000000000000e+01,-3.200000000000000000e+01,-3.200000000000000000e+01,-4.200000000000000000e+01
-5.200000000000000000e+01,-5.500000000000000000e+01,-3.600000000000000000e+01,-3.600000000000000000e+01,-4.300000000000000000e+01
5.000000000000000000e+00,-4.500000000000000000e+01,-4.500000000000000000e+01,-4.500000000000000000e+01,-5.900000000000000000e+01
-2.900000000000000000e+01,-3.500000000000000000e+01,-2.600000000000000000e+01,-2.600000000000000000e+01,-3.200000000000000000e+01
-3.500000000000000000e+01,-4.500000000000000000e+01,-6.100000000000000000e+01,-6.100000000000000000e+01,-3.600000000000000000e+01
-3.000000000000000000e+01,1.900000000000000000e+01,-4.400000000000000000e+01,-4.400000000000000000e+01,-4.500000000000000000e+01
-5.000000000000000000e+01,-2.500000000000000000e+01,-5.500000000000000000e+01,-5.500000000000000000e+01,-2.600000000000000000e+01
-5.000000000000000000e+01,-3.900000000000000000e+01,-4.500000000000000000e+01,-4.500000000000000000e+01,-6.100000000000000000e+01
-6.900000000000000000e+01,-5.300000000000000000e+01,-3.500000000000000000e+01,-3.500000000000000000e+01,-4.400000000000000000e+01
-3.100000000000000000e+01,-5.700000000000000000e+01,-4.500000000000000000e+01,-4.500000000000000000e+01,-5.500000000000000000e+01
-3.000000000000000000e+00,-2.600000000000000000e+01,1.900000000000000000e+01,1.900000000000000000e+01,-4.500000000000000000e+01
-4.300000000000000000e+01,-3.900000000000000000e+01,-2.500000000000000000e+01,-2.500000000000000000e+01,-3.500000000000000000e+01
-2.800000000000000000e+01,-1.800000000000000000e+01,-3.900000000000000000e+01,-3.900000000000000000e+01,-4.500000000000000000e+01
-4.100000000000000000e+01,-2.700000000000000000e+01,-5.300000000000000000e+01,-5.300000000000000000e+01,1.900000000000000000e+01
-4.700000000000000000e+01,-2.900000000000000000e+01,-5.700000000000000000e+01,-5.700000000000000000e+01,-2.500000000000000000e+01
-5.000000000000000000e+01,-4.400000000000000000e+01,-2.600000000000000000e+01,-2.600000000000000000e+01,-3.900000000000000000e+01
-4.400000000000000000e+01,-7.700000000000000000e+01,-3.900000000000000000e+01,-3.900000000000000000e+01,-5.300000000000000000e+01
-2.600000000000000000e+01,-3.200000000000000000e+01,-1.800000000000000000e+01,-1.800000000000000000e+01,-5.700000000000000000e+01
-4.100000000000000000e+01,-6.500000000000000000e+01,-2.700000000000000000e+01,-2.700000000000000000e+01,-2.600000000000000000e+01
-3.100000000000000000e+01,-5.000000000000000000e+01,-2.900000000000000000e+01,-2.900000000000000000e+01,-3.900000000000000000e+01
-3.200000000000000000e+01,-2.700000000000000000e+01,-4.400000000000000000e+01,-4.400000000000000000e+01,-1.800000000000000000e+01
-3.700000000000000000e+01,-4.000000000000000000e+00,-7.700000000000000000e+01,-7.700000000000000000e+01,-2.700000000000000000e+01
-3.900000000000000000e+01,-2.500000000000000000e+01,-3.200000000000000000e+01,-3.200000000000000000e+01,-2.900000000000000000e+01
-6.300000000000000000e+01,-5.900000000000000000e+01,-6.500000000000000000e+01,-6.500000000000000000e+01,-4.400000000000000000e+01
-5.100000000000000000e+01,-3.700000000000000000e+01,-5.000000000000000000e+01,-5.000000000000000000e+01,-7.700000000000000000e+01
-3.400000000000000000e+01,-5.100000000000000000e+01,-2.700000000000000000e+01,-2.700000000000000000e+01,-3.200000000000000000e+01
-1.900000000000000000e+01,-5.200000000000000000e+01,-4.000000000000000000e+00,-4.000000000000000000e+00,-6.500000000000000000e+01
-3.100000000000000000e+01,-4.000000000000000000e+01,-2.500000000000000000e+01,-2.500000000000000000e+01,-5.000000000000000000e+01
-5.400000000000000000e+01,-3.100000000000000000e+01,-5.900000000000000000e+01,-5.900000000000000000e+01,-2.700000000000000000e+01
-3.900000000000000000e+01,3.000000000000000000e+00,-3.700000000000000000e+01,-3.700000000000000000e+01,-4.000000000000000000e+00
-4.800000000000000000e+01,-3.800000000000000000e+01,-5.100000000000000000e+01,-5.100000000000000000e+01,-2.500000000000000000e+01
-4.700000000000000000e+01,-4.000000000000000000e+01,-5.200000000000000000e+01,-5.200000000000000000e+01,-5.900000000000000000e+01
-1.200000000000000000e+01,-3.900000000000000000e+01,-4.000000000000000000e+01,-4.000000000000000000e+01,-3.700000000000000000e+01
-2.600000000000000000e+01,-4.400000000000000000e+01,-3.100000000000000000e+01,-3.100000000000000000e+01,-5.100000000000000000e+01
-1.600000000000000000e+01,-5.100000000000000000e+01,3.000000000000000000e+00,3.000000000000000000e+00,-5.200000000000000000e+01
-4.900000000000000000e+01,-4.100000000000000000e+01,-3.800000000000000000e+01,-3.800000000000000000e+01,-4.000000000000000000e+01
-4.200000000000000000e+01,-2.000000000000000000e+01,-4.000000000000000000e+01,-4.000000000000000000e+01,-3.100000000000000000e+01
-6.600000000000000000e+01,-4.400000000000000000e+01,-3.900000000000000000e+01,-3.900000000000000000e+01,3.000000000000000000e+00
-4.500000000000000000e+01,-3.300000000000000000e+01,-4.400000000000000000e+01,-4.400000000000000000e+01,-3.800000000000000000e+01
-3.000000000000000000e+01,-3.400000000000000000e+01,-5.100000000000000000e+01,-5.100000000000000000e+01,-4.000000000000000000e+01
-3.000000000000000000e+01,-6.200000000000000000e+01,-4.100000000000000000e+01,-4.100000000000000000e+01,-3.900000000000000000e+01
-2.600000000000000000e+01,-4.100000000000000000e+01,-2.000000000000000000e+01,-2.000000000000000000e+01,-4.400000000000000000e+01
-4.700000000000000000e+01,-5.500000000000000000e+01,-4.400000000000000000e+01,-4.400000000000000000e+01,-5.100000000000000000e+01
-4.800000000000000000e+01,-4.600000000000000000e+01,-3.300000000000000000e+01,-3.300000000000000000e+01,-4.100000000000000000e+01
-3.100000000000000000e+01,-2.800000000000000000e+01,-3.400000000000000000e+01,-3.400000000000000000e+01,-2.000000000000000000e+01
-6.800000000000000000e+01,-1.900000000000000000e+01,-6.200000000000000000e+01,-6.200000000000000000e+01,-4.400000000000000000e+01
-5.600000000000000000e+01,-3.100000000000000000e+01,-4.100000000000000000e+01,-4.100000000000000000e+01,-3.300000000000000000e+01
-4.400000000000000000e+01,-4.400000000000000000e+01,-5.500000000000000000e+01,-5.500000000000000000e+01,-3.400000000000000000e+01
9.000000000000000000e+00,-3.700000000000000000e+01,-4.600000000000000000e+01,-4.600000000000000000e+01,-6.200000000000000000e+01
-2.800000000000000000e+01,-4.900000000000000000e+01,-2.800000000000000000e+01,-2.800000000000000000e+01,-4.100000000000000000e+01
-4.100000000000000000e+01,-4.400000000000000000e+01,-1.900000000000000000e+01,-1.900000000000000000e+01,-5.500000000000000000e+01
-2.900000000000000000e+01,-4.100000000000000000e+01,-3.100000000000000000e+01,-3.100000000000000000e+01,-4.600000000000000000e+01
-5.300000000000000000e+01,-2.700000000000000000e+01,-4.400000000000000000e+01,-4.400000000000000000e+01,-2.800000000000000000e+01
-5.200000000000000000e+01,-1.400000000000000000e+01,-3.700000000000000000e+01,-3.700000000000000000e+01,-1.900000000000000000e+01
-6.000000000000000000e+01,-4.800000000000000000e+01,-4.900000000000000000e+01,-4.900000000000000000e+01,-3.100000000000000000e+01
-3.200000000000000000e+01,-3.700000000000000000e+01,-4.400000000000000000e+01,-4.400000000000000000e+01,-4.400000000000000000e+01
-1.000000000000000000e+00,-7.400000000000000000e+01,-4.100000000000000000e+01,-4.100000000000000000e+01,-3.700000000000000000e+01
-4.200000000000000000e+01,-4.500000000000000000e+01,-2.700000000000000000e+01,-2.700000000000000000e+01,-4.900000000000000000e+01
-3.200000000000000000e+01,-4.300000000000000000e+01,-1.400000000000000000e+01,-1.400000000000000000e+01,-4.400000000000000000e+01
-3.900000000000000000e+01,-3.800000000000000000e+01,-4.800000000000000000e+01,-4.800000000000000000e+01,-4.100000000000000000e+01
-5.000000000000000000e+01,-2.100000000000000000e+01,-3.700000000000000000e+01,-3.700000000000000000e+01,-2.700000000000000000e+01
-4.700000000000000000e+01,-4.400000000000000000e+01,-7.400000000000000000e+01,-7.400000000000000000e+01,-1.400000000000000000e+01
-4.000000000000000000e+01,-1.300000000000000000e+01,-4.500000000000000000e+01,-4.500000000000000000e+01,-4.800000000000000000e+01
-2.300000000000000000e+01,-2.500000000000000000e+01,-4.300000000000000000e+01,-4.300000000000000000e+01,-3.700000000000000000e+01
-4.500000000000000000e+01,-6.100000000000000000e+01,-3.800000000000000000e+01,-3.800000000000000000e+01,-7.400000000000000000e+01
-3.300000000000000000e+01,-4.700000000000000000e+01,-2.100000000000000000e+01,-2.100000000000000000e+01,-4.500000000000000000e+01
-3.300000000000000000e+01,-5.200000000000000000e+01,-4.400000000000000000e+01,-4.400000000000000000e+01,-4.300000000000000000e+01
-4.600000000000000000e+01,5.000000000000000000e+00,-1.300000000000000000e+01,-1.300000000000000000e+01,-3.800000000000000000e+01
-4.000000000000000000e+01,-2.900000000000000000e+01,-2.500000000000000000e+01,-2.500000000000000000e+01,-2.100000000000000000e+01
-5.900000000000000000e+01,-3.500000000000000000e+01,-6.100000000000000000e+01,-6.100000000000000000e+01,-4.400000000000000000e+01
-4.600000000000000000e+01,-3.000000000000000000e+01,-4.700000000000000000e+01,-4.700000000000000000e+01,-1.300000000000000000e+01
-3.200000000000000000e+01,-5.000000000000000000e+01,-5.200000000000000000e+01,-5.200000000000000000e+01,-2.500000000000000000e+01
-1.700000000000000000e+01,-5.000000000000000000e+01,5.000000000000000000e+00,5.000000000000000000e+00,-6.100000000000000000e+01
-3.200000000000000000e+01,-6.900000000000000000e+01,-2.900000000000000000e+01,-2.900000000000000000e+01,-4.700000000000000000e+01
-4.700000000000000000e+01,-3.100000000000000000e+01,-3.500000000000000000e+01,-3.500000000000000000e+01,-5.200000000000000000e+01
-4.000000000000000000e+01,-3.000000000000000000e+00,-3.000000000000000000e+01,-3.000000000000000000e+01,5.000000000000000000e+00
-4.700000000000000000e+01,-4.300000000000000000e+01,-5.000000000000000000e+01,-5.000000000000000000e+01,-2.900000000000000000e+01
-4.800000000000000000e+01,-2.800000000000000000e+01,-5.000000000000000000e+01,-5.000000000000000000e+01,-3.500000000000000000e+01
-1.200000000000000000e+01,-4.100000000000000000e+01,-6.900000000000000000e+01,-6.900000000000000000e+01,-3.000000000000000000e+01
-2.800000000000000000e+01,-4.700000000000000000e+01,-3.100000000000000000e+01,-3.100000000000000000e+01,-5.000000000000000000e+01
-1.900000000000000000e+01,-5.000000000000000000e+01,-3.000000000000000000e+00,-3.000000000000000000e+00,-5.000000000000000000e+01
-4.900000000000000000e+01,-4.400000000000000000e+01,-4.300000000000000000e+01,-4.300000000000000000e+01,-6.900000000000000000e+01
-3.800000000000000000e+01,-2.600000000000000000e+01,-2.800000000000000000e+01,-2.800000000000000000e+01,-3.100000000000000000e+01
-6.900000000000000000e+01,-4.100000000000000000e+01,-4.100000000000000000e+01,-4.100000000000000000e+01,-3.000000000000000000e+00
-4.400000000000000000e+01,-3.100000000000000000e+01,-4.700000000000000000e+01,-4.700000000000000000e+01,-4.300000000000000000e+01
-4.100000000000000000e+01,-3.200000000000000000e+01,-5.000000000000000000e+01,-5.000000000000000000e+01,-2.800000000000000000e+01
-3.800000000000000000e+01,-3.700000000000000000e+01,-4.400000000000000000e+01,-4.400000000000000000e+01,-4.100000000000000000e+01
-3.000000000000000000e+01,-3.900000000000000000e+01,-2.600000000000000000e+01,-2.600000000000000000e+01,-4.700000000000000000e+01
-4.300000000000000000e+01,-6.300000000000000000e+01,-4.100000000000000000e+01,-4.100000000000000000e+01,-5.000000000000000000e+01
0.000000000000000000e+00,-5.100000000000000000e+01,-3.100000000000000000e+01,-3.100000000000000000e+01,-4.400000000000000000e+01
-2.500000000000000000e+01,-3.400000000000000000e+01,-3.200000000000000000e+01,-3.200000000000000000e+01,-2.600000000000000000e+01
-6.500000000000000000e+01,-1.900000000000000000e+01,-3.700000000000000000e+01,-3.700000000000000000e+01,-4.100000000000000000e+01
-4.700000000000000000e+01,-3.100000000000000000e+01,-3.900000000000000000e+01,-3.900000000000000000e+01,-3.100000000000000000e+01
-5.800000000000000000e+01,-5.400000000000000000e+01,-6.300000000000000000e+01,-6.300000000000000000e+01,-3.200000000000000000e+01
-1.200000000000000000e+01,-3.900000000000000000e+01,-5.100000000000000000e+01,-5.100000000000000000e+01,-3.700000000000000000e+01
-3.900000000000000000e+01,-4.800000000000000000e+01,-3.400000000000000000e+01,-3.400000000000000000e+01,-3.900000000000000000e+01
-2.300000000000000000e+01,-4.700000000000000000e+01,-1.900000000000000000e+01,-1.900000000000000000e+01,-6.300000000000000000e+01
-2.900000000000000000e+01,-1.200000000000000000e+01,-3.100000000000000000e+01,-3.100000000000000000e+01,-5.100000000000000000e+01
-3.400000000000000000e+01,-2.600000000000000000e+01,-5.400000000000000000e+01,-5.400000000000000000e+01,-3.400000000000000000e+01
-4.900000000000000000e+01,-1.600000000000000000e+01,-3.900000000000000000e+01,-3.900000000000000000e+01,-1.900000000000000000e+01
-9.000000000000000000e+01,-4.900000000000000000e+01,-4.800000000000000000e+01,-4.800000000000000000e+01,-3.100000000000000000e+01
-3.000000000000000000e+01,-4.200000000000000000e+01,-4.700000000000000000e+01,-4.700000000000000000e+01,-5.400000000000000000e+01
-2.500000000000000000e+01,-6.600000000000000000e+01,-1.200000000000000000e+01,-1.200000000000000000e+01,-3.900000000000000000e+01
-4.500000000000000000e+01,-4.500000000000000000e+01,-2.600000000000000000e+01,-2.600000000000000000e+01,-4.800000000000000000e+01
-2.300000000000000000e+01,-3.000000000000000000e+01,-1.600000000000000000e+01,-1.600000000000000000e+01,-4.700000000000000000e+01
-3.500000000000000000e+01,-3.000000000000000000e+01,-4.900000000000000000e+01,-4.900000000000000000e+01,-1.200000000000000000e+01
-3.600000000000000000e+01,-2.600000000000000000e+01,-4.200000000000000000e+01,-4.200000000000000000e+01,-2.600000000000000000e+01
-7.600000000000000000e+01,-4.700000000000000000e+01,-6.600000000000000000e+01,-6.600000000000000000e+01,-1.600000000000000000e+01
-4.400000000000000000e+01,-4.800000000000000000e+01,-4.500000000000000000e+01,-4.500000000000000000e+01,-4.900000000000000000e+01
-4.800000000000000000e+01,-3.100000000000000000e+01,-3.000000000000000000e+01,-3.000000000000000000e+01,-4.200000000000000000e+01
-5.400000000000000000e+01,-6.800000000000000000e+01,-3.000000000000000000e+01,-3.000000000000000000e+01,-6.600000000000000000e+01
-3.300000000000000000e+01,-5.600000000000000000e+01,-2.600000000000000000e+01,-2.600000000000000000e+01,-4.500000000000000000e+01
-3.200000000000000000e+01,-4.400000000000000000e+01,-4.700000000000000000e+01,-4.700000000000000000e+01,-3.000000000000000000e+01
-9.000000000000000000e+00,9.000000000000000000e+00,-4.800000000000000000e+01,-4.800000000000000000e+01,-3.000000000000000000e+01
-4.000000000000000000e+01,-2.800000000000000000e+01,-3.100000000000000000e+01,-3.100000000000000000e+01,-2.600000000000000000e+01
-5.800000000000000000e+01,-4.100000000000000000e+01,-6.800000000000000000e+01,-6.800000000000000000e+01,-4.700000000000000000e+01
-4.300000000000000000e+01,-2.900000000000000000e+01,-5.600000000000000000e+01,-5.600000000000000000e+01,-4.800000000000000000e+01
-4.900000000000000000e+01,-5.300000000000000000e+01,-4.400000000000000000e+01,-4.400000000000000000e+01,-3.100000000000000000e+01
-2.300000000000000000e+01,-5.200000000000000000e+01,9.000000000000000000e+00,9.000000000000000000e+00,-6.800000000000000000e+01
-3.500000000000000000e+01,-6.000000000000000000e+01,-2.800000000000000000e+01,-2.800000000000000000e+01,-5.600000000000000000e+01
-2.200000000000000000e+01,-3.200000000000000000e+01,-4.100000000000000000e+01,-4.100000000000000000e+01,-4.400000000000000000e+01
-3.800000000000000000e+01,-1.000000000000000000e+00,-2.900000000000000000e+01,-2.900000000000000000e+01,9.000000000000000000e+00
-4.300000000000000000e+01,-4.200000000000000000e+01,-5.300000000000000000e+01,-5.300000000000000000e+01,-2.800000000000000000e+01
-4.300000000000000000e+01,-3.200000000000000000e+01,-5.200000000000000000e+01,-5.200000000000000000e+01,-4.100000000000000000e+01
-7.400000000000000000e+01,-3.900000000000000000e+01,-6.000000000000000000e+01,-6.000000000000000000e+01,-2.900000000000000000e+01
-4.000000000000000000e+01,-5.000000000000000000e+01,-3.200000000000000000e+01,-3.200000000000000000e+01,-5.300000000000000000e+01
-4.500000000000000000e+01,-4.700000000000000000e+01,-1.000000000000000000e+00,-1.000000000000000000e+00,-5.200000000000000000e+01
-4.700000000000000000e+01,-4.000000000000000000e+01,-4.200000000000000000e+01,-4.200000000000000000e+01,-6.000000000000000000e+01
-2.500000000000000000e+01,-2.300000000000000000e+01,-3.200000000000000000e+01,-3.200000000000000000e+01,-3.200000000000000000e+01
-5.100000000000000000e+01,-4.500000000000000000e+01,-3.900000000000000000e+01,-3.900000000000000000e+01,-1.000000000000000000e+00
-4.100000000000000000e+01,-3.300000000000000000e+01,-5.000000000000000000e+01,-5.000000000000000000e+01,-4.200000000000000000e+01
-6.100000000000000000e+01,-3.300000000000000000e+01,-4.700000000000000000e+01,-4.700000000000000000e+01,-3.200000000000000000e+01
-4.200000000000000000e+01,-4.600000000000000000e+01,-4.000000000000000000e+01,-4.000000000000000000e+01,-3.900000000000000000e+01
-4.200000000000000000e+01,-4.000000000000000000e+01,-2.300000000000000000e+01,-2.300000000000000000e+01,-5.000000000000000000e+01
-4.900000000000000000e+01,-5.900000000000000000e+01,-4.500000000000000000e+01,-4.500000000000000000e+01,-4.700000000000000000e+01
1.800000000000000000e+01,-4.600000000000000000e+01,-3.300000000000000000e+01,-3.300000000000000000e+01,-4.000000000000000000e+01
-2.600000000000000000e+01,-3.200000000000000000e+01,-3.300000000000000000e+01,-3.300000000000000000e+01,-2.300000000000000000e+01
-3.400000000000000000e+01,-1.700000000000000000e+01,-4.600000000000000000e+01,-4.600000000000000000e+01,-4.500000000000000000e+01
-5.000000000000000000e+01,-3.200000000000000000e+01,-4.000000000000000000e+01,-4.000000000000000000e+01,-3.300000000000000000e+01
-5.000000000000000000e+01,-4.700000000000000000e+01,-5.900000000000000000e+01,-5.900000000000000000e+01,-3.300000000000000000e+01
-5.600000000000000000e+01,-4.000000000000000000e+01,-4.600000000000000000e+01,-4.600000000000000000e+01,-4.600000000000000000e+01
-4.800000000000000000e+01,-4.700000000000000000e+01,-3.200000000000000000e+01,-3.200000000000000000e+01,-4.000000000000000000e+01
-2.600000000000000000e+01,-4.800000000000000000e+01,-1.700000000000000000e+01,-1.700000000000000000e+01,-5.900000000000000000e+01
-2.900000000000000000e+01,-1.200000000000000000e+01,-3.200000000000000000e+01,-3.200000000000000000e+01,-4.600000000000000000e+01
-3.100000000000000000e+01,-2.800000000000000000e+01,-4.700000000000000000e+01,-4.700000000000000000e+01,-3.200000000000000000e+01
-4.800000000000000000e+01,-1.900000000000000000e+01,-4.000000000000000000e+01,-4.000000000000000000e+01,-1.700000000000000000e+01
-6.200000000000000000e+01,-4.900000000000000000e+01,-4.700000000000000000e+01,-4.700000000000000000e+01,-3.200000000000000000e+01
-3.000000000000000000e+01,-3.800000000000000000e+01,-4.800000000000000000e+01,-4.800000000000000000e+01,-4.700000000000000000e+01
-6.800000000000000000e+01,-6.900000000000000000e+01,-1.200000000000000000e+01,-1.200000000000000000e+01,-4.000000000000000000e+01
-5.100000000000000000e+01,-4.400000000000000000e+01,-2.800000000000000000e+01,-2.800000000000000000e+01,-4.700000000000000000e+01
-3.300000000000000000e+01,-4.100000000000000000e+01,-1.900000000000000000e+01,-1.900000000000000000e+01,-4.800000000000000000e+01
1.000000000000000000e+00,-3.800000000000000000e+01,-4.900000000000000000e+01,-4.900000000000000000e+01,-1.200000000000000000e+01
-2.300000000000000000e+01,-3.000000000000000000e+01,-3.800000000000000000e+01,-3.800000000000000000e+01,-2.800000000000000000e+01
-5.000000000000000000e+01,-4.300000000000000000e+01,-6.900000000000000000e+01,-6.900000000000000000e+01,-1.900000000000000000e+01
-3.400000000000000000e+01,0.000000000000000000e+00,-4.400000000000000000e+01,-4.400000000000000000e+01,-4.900000000000000000e+01
-4.900000000000000000e+01,-2.500000000000000000e+01,-4.100000000000000000e+01,-4.100000000000000000e+01,-3.800000000000000000e+01
-5.200000000000000000e+01,-6.500000000000000000e+01,-3.800000000000000000e+01,-3.800000000000000000e+01,-6.900000000000000000e+01
-4.600000000000000000e+01,-4.700000000000000000e+01,-3.000000000000000000e+01,-3.000000000000000000e+01,-4.400000000000000000e+01
-3.200000000000000000e+01,-5.800000000000000000e+01,-4.300000000000000000e+01,-4.300000000000000000e+01,-4.100000000000000000e+01
-1.100000000000000000e+01,-1.200000000000000000e+01,0.000000000000000000e+00,0.000000000000000000e+00,-3.800000000000000000e+01
-4.400000000000000000e+01,-3.900000000000000000e+01,-2.500000000000000000e+01,-2.500000000000000000e+01,-3.000000000000000000e+01
-2.800000000000000000e+01,-2.300000000000000000e+01,-6.500000000000000000e+01,-6.500000000000000000e+01,-4.300000000000000000e+01
-3.700000000000000000e+01,-2.900000000000000000e+01,-4.700000000000000000e+01,-4.700000000000000000e+01,0.000000000000000000e+00
-4.800000000000000000e+01,-3.400000000000000000e+01,-5.800000000000000000e+01,-5.800000000000000000e+01,-2.500000000000000000e+01
-5.700000000000000000e+01,-4.900000000000000000e+01,-1.200000000000000000e+01,-1.200000000000000000e+01,-6.500000000000000000e+01
-4.500000000000000000e+01,-9.000000000000000000e+01,-3.900000000000000000e+01,-3.900000000000000000e+01,-4.700000000000000000e+01
-2.600000000000000000e+01,-3.000000000000000000e+01,-2.300000000000000000e+01,-2.300000000000000000e+01,-5.800000000000000000e+01
-4.400000000000000000e+01,-2.500000000000000000e+01,-2.900000000000000000e+01,-2.900000000000000000e+01,-1.200000000000000000e+01
-3.400000000000000000e+01,-4.500000000000000000e+01,-3.400000000000000000e+01,-3.400000000000000000e+01,-3.900000000000000000e+01
-3.400000000000000000e+01,-2.300000000000000000e+01,-4.900000000000000000e+01,-4.900000000000000000e+01,-2.300000000000000000e+01
-6.700000000000000000e+01,-3.500000000000000000e+01,-9.000000000000000000e+01,-9.000000000000000000e+01,-2.900000000000000000e+01
-3.800000000000000000e+01,-3.600000000000000000e+01,-3.000000000000000000e+01,-3.000000000000000000e+01,-3.400000000000000000e+01
-5.600000000000000000e+01,-7.600000000000000000e+01,-2.500000000000000000e+01,-2.500000000000000000e+01,-4.900000000000000000e+01
-5.000000000000000000e+01,-4.400000000000000000e+01,-4.500000000000000000e+01,-4.500000000000000000e+01,-9.000000000000000000e+01
-2.600000000000000000e+01,-4.800000000000000000e+01,-2.300000000000000000e+01,-2.300000000000000000e+01,-3.000000000000000000e+01
-3.600000000000000000e+01,-5.400000000000000000e+01,-3.500000000000000000e+01,-3.500000000000000000e+01,-2.500000000000000000e+01
-3.600000000000000000e+01,-3.300000000000000000e+01,-3.600000000000000000e+01,-3.600000000000000000e+01,-4.500000000000000000e+01
-5.800000000000000000e+01,-3.200000000000000000e+01,-7.600000000000000000e+01,-7.600000000000000000e+01,-2.300000000000000000e+01
-4.600000000000000000e+01,-9.000000000000000000e+00,-4.400000000000000000e+01,-4.400000000000000000e+01,-3.500000000000000000e+01
-4.800000000000000000e+01,-4.000000000000000000e+01,-4.800000000000000000e+01,-4.800000000000000000e+01,-3.600000000000000000e+01
-5.100000000000000000e+01,-5.800000000000000000e+01,-5.400000000000000000e+01,-5.400000000000000000e+01,-7.600000000000000000e+01
1.400000000000000000e+01,-4.300000000000000000e+01,-3.300000000000000000e+01,-3.300000000000000000e+01,-4.400000000000000000e+01
-2.800000000000000000e+01,-4.900000000000000000e+01,-3.200000000000000000e+01,-3.200000000000000000e+01,-4.800000000000000000e+01
-2.300000000000000000e+01,-2.300000000000000000e+01,-9.000000000000000000e+00,-9.000000000000000000e+00,-5.400000000000000000e+01
-4.800000000000000000e+01,-3.500000000000000000e+01,-4.000000000000000000e+01,-4.000000000000000000e+01,-3.300000000000000000e+01
-4.900000000000000000e+01,-2.200000000000000000e+01,-5.800000000000000000e+01,-5.800000000000000000e+01,-3.200000000000000000e+01
-6.400000000000000000e+01,-3.800000000000000000e+01,-4.300000000000000000e+01,-4.300000000000000000e+01,-9.000000000000000000e+00
-5.100000000000000000e+01,-4.300000000000000000e+01,-4.900000000000000000e+01,-4.900000000000000000e+01,-4.000000000000000000e+01
-3.000000000000000000e+01,-4.300000000000000000e+01,-2.300000000000000000e+01,-2.300000000000000000e+01,-5.800000000000000000e+01
-3.400000000000000000e+01,-7.400000000000000000e+01,-3.500000000000000000e+01,-3.500000000000000000e+01,-4.300000000000000000e+01
-2.800000000000000000e+01,-4.000000000000000000e+01,-2.200000000000000000e+01,-2.200000000000000000e+01,-4.900000000000000000e+01
-4.700000000000000000e+01,-4.500000000000000000e+01,-3.800000000000000000e+01,-3.800000000000000000e+01,-2.300000000000000000e+01
-6.100000000000000000e+01,-4.700000000000000000e+01,-4.300000000000000000e+01,-4.300000000000000000e+01,-3.500000000000000000e+01
-3.000000000000000000e+01,-2.500000000000000000e+01,-4.300000000000000000e+01,-4.300000000000000000e+01,-2.200000000000000000e+01
-6.900000000000000000e+01,-5.100000000000000000e+01,-7.400000000000000000e+01,-7.400000000000000000e+01,-3.800000000000000000e+01
-5.100000000000000000e+01,-4.100000000000000000e+01,-4.000000000000000000e+01,-4.000000000000000000e+01,-4.300000000000000000e+01
-3.600000000000000000e+01,-6.100000000000000000e+01,-4.500000000000000000e+01,-4.500000000000000000e+01,-4.300000000000000000e+01
6.000000000000000000e+00,-4.200000000000000000e+01,-4.700000000000000000e+01,-4.700000000000000000e+01,-7.400000000000000000e+01
-3.300000000000000000e+01,-4.200000000000000000e+01,-2.500000000000000000e+01,-2.500000000000000000e+01,-4.000000000000000000e+01
-4.800000000000000000e+01,-4.900000000000000000e+01,-5.100000000000000000e+01,-5.100000000000000000e+01,-4.500000000000000000e+01
-3.400000000000000000e+01,1.800000000000000000e+01,-4.100000000000000000e+01,-4.100000000000000000e+01,-4.700000000000000000e+01
-5.500000000000000000e+01,-2.600000000000000000e+01,-6.100000000000000000e+01,-6.100000000000000000e+01,-2.500000000000000000e+01
-5.100000000000000000e+01,-3.400000000000000000e+01,-4.200000000000000000e+01,-4.200000000000000000e+01,-5.100000000000000000e+01
-6.600000000000000000e+01,-5.000000000000000000e+01,-4.200000000000000000e+01,-4.200000000000000000e+01,-4.100000000000000000e+01
-3.500000000000000000e+01,-5.000000000000000000e+01,-4.900000000000000000e+01,-4.900000000000000000e+01,-6.100000000000000000e+01
-1.100000000000000000e+01,-5.600000000000000000e+01,1.800000000000000000e+01,1.800000000000000000e+01,-4.200000000000000000e+01
-4.500000000000000000e+01,-4.800000000000000000e+01,-2.600000000000000000e+01,-2.600000000000000000e+01,-4.200000000000000000e+01
-2.700000000000000000e+01,-2.600000000000000000e+01,-3.400000000000000000e+01,-3.400000000000000000e+01,-4.900000000000000000e+01
-3.900000000000000000e+01,-2.900000000000000000e+01,-5.000000000000000000e+01,-5.000000000000000000e+01,1.800000000000000000e+01
-4.700000000000000000e+01,-3.100000000000000000e+01,-5.000000000000000000e+01,-5.000000000000000000e+01,-2.600000000000000000e+01
-6.200000000000000000e+01,-4.800000000000000000e+01,-5.600000000000000000e+01,-5.600000000000000000e+01,-3.400000000000000000e+01
-4.600000000000000000e+01,-6.200000000000000000e+01,-4.800000000000000000e+01,-4.800000000000000000e+01,-5.000000000000000000e+01
-2.700000000000000000e+01,-3.000000000000000000e+01,-2.600000000000000000e+01,-2.600000000000000000e+01,-5.000000000000000000e+01
-4.700000000000000000e+01,-6.800000000000000000e+01,-2.900000000000000000e+01,-2.900000000000000000e+01,-5.600000000000000000e+01
-3.800000000000000000e+01,-5.100000000000000000e+01,-3.100000000000000000e+01,-3.100000000000000000e+01,-4.800000000000000000e+01
-3.700000000000000000e+01,-3.300000000000000000e+01,-4.800000000000000000e+01,-4.800000000000000000e+01,-2.600000000000000000e+01
-5.000000000000000000e+01,1.000000000000000000e+00,-6.200000000000000000e+01,-6.200000000000000000e+01,-2.900000000000000000e+01
-4.000000000000000000e+01,-2.300000000000000000e+01,-3.000000000000000000e+01,-3.000000000000000000e+01,-3.100000000000000000e+01
-6.800000000000000000e+01,-5.000000000000000000e+01,-6.800000000000000000e+01,-6.800000000000000000e+01,-4.800000000000000000e+01
-5.000000000000000000e+01,-3.400000000000000000e+01,-5.100000000000000000e+01,-5.100000000000000000e+01,-6.200000000000000000e+01
-3.400000000000000000e+01,-4.900000000000000000e+01,-3.300000000000000000e+01,-3.300000000000000000e+01,-3.000000000000000000e+01
-1.800000000000000000e+01,-5.200000000000000000e+01,1.000000000000000000e+00,1.000000000000000000e+00,-6.800000000000000000e+01
-3.700000000000000000e+01,-4.600000000000000000e+01,-2.300000000000000000e+01,-2.300000000000000000e+01,-5.100000000000000000e+01
-5.300000000000000000e+01,-3.200000000000000000e+01,-5.000000000000000000e+01,-5.000000000000000000e+01,-3.300000000000000000e+01
-4.300000000000000000e+01,-1.100000000000000000e+01,-3.400000000000000000e+01,-3.400000000000000000e+01,1.000000000000000000e+00
-5.100000000000000000e+01,-4.400000000000000000e+01,-4.900000000000000000e+01,-4.900000000000000000e+01,-2.300000000000000000e+01
-4.800000000000000000e+01,-2.800000000000000000e+01,-5.200000000000000000e+01,-5.200000000000000000e+01,-5.000000000000000000e+01
-2.900000000000000000e+01,-3.700000000000000000e+01,-4.600000000000000000e+01,-4.600000000000000000e+01,-3.400000000000000000e+01
-3.100000000000000000e+01,-4.800000000000000000e+01,-3.200000000000000000e+01,-3.200000000000000000e+01,-4.900000000000000000e+01
-1.800000000000000000e+01,-5.700000000000000000e+01,-1.100000000000000000e+01,-1.100000000000000000e+01,-5.200000000000000000e+01
-5.400000000000000000e+01,-4.500000000000000000e+01,-4.400000000000000000e+01,-4.400000000000000000e+01,-4.600000000000000000e+01
-4.300000000000000000e+01,-2.600000000000000000e+01,-2.800000000000000000e+01,-2.800000000000000000e+01,-3.200000000000000000e+01
-7.100000000000000000e+01,-4.400000000000000000e+01,-3.700000000000000000e+01,-3.700000000000000000e+01,-1.100000000000000000e+01
-4.700000000000000000e+01,-3.400000000000000000e+01,-4.800000000000000000e+01,-4.800000000000000000e+01,-4.400000000000000000e+01
-4.300000000000000000e+01,-3.400000000000000000e+01,-5.700000000000000000e+01,-5.700000000000000000e+01,-2.800000000000000000e+01
-4.000000000000000000e+01,-6.700000000000000000e+01,-4.500000000000000000e+01,-4.500000000000000000e+01,-3.700000000000000000e+01
-2.900000000000000000e+01,-3.800000000000000000e+01,-2.600000000000000000e+01,-2.600000000000000000e+01,-4.800000000000000000e+01
-5.000000000000000000e+01,-5.600000000000000000e+01,-4.400000000000000000e+01,-4.400000000000000000e+01,-5.700000000000000000e+01
-2.200000000000000000e+01,-5.000000000000000000e+01,-3.400000000000000000e+01,-3.400000000000000000e+01,-4.500000000000000000e+01
-2.800000000000000000e+01,-2.600000000000000000e+01,-3.400000000000000000e+01,-3.400000000000000000e+01,-2.600000000000000000e+01
-6.800000000000000000e+01,-3.600000000000000000e+01,-6.700000000000000000e+01,-6.700000000000000000e+01,-4.400000000000000000e+01
-5.100000000000000000e+01,-3.600000000000000000e+01,-3.800000000000000000e+01,-3.800000000000000000e+01,-3.400000000000000000e+01
-5.300000000000000000e+01,-5.800000000000000000e+01,-5.600000000000000000e+01,-5.600000000000000000e+01,-3.400000000000000000e+01
5.000000000000000000e+00,-4.600000000000000000e+01,-5.000000000000000000e+01,-5.000000000000000000e+01,-6.700000000000000000e+01
-3.100000000000000000e+01,-4.800000000000000000e+01,-2.600000000000000000e+01,-2.600000000000000000e+01,-3.800000000000000000e+01
-3.900000000000000000e+01,-5.100000000000000000e+01,-3.600000000000000000e+01,-3.600000000000000000e+01,-5.600000000000000000e+01
-3.200000000000000000e+01,1.400000000000000000e+01,-3.600000000000000000e+01,-3.600000000000000000e+01,-5.000000000000000000e+01
-5.300000000000000000e+01,-2.800000000000000000e+01,-5.800000000000000000e+01,-5.800000000000000000e+01,-2.600000000000000000e+01
-5.500000000000000000e+01,-2.300000000000000000e+01,-4.600000000000000000e+01,-4.600000000000000000e+01,-3.600000000000000000e+01
-6.900000000000000000e+01,-4.800000000000000000e+01,-4.800000000000000000e+01,-4.800000000000000000e+01,-3.600000000000000000e+01
-3.200000000000000000e+01,-4.900000000000000000e+01,-5.100000000000000000e+01,-5.100000000000000000e+01,-5.800000000000000000e+01
-1.000000000000000000e+01,-6.400000000000000000e+01,1.400000000000000000e+01,1.400000000000000000e+01,-4.600000000000000000e+01
-4.500000000000000000e+01,-5.100000000000000000e+01,-2.800000000000000000e+01,-2.800000000000000000e+01,-4.800000000000000000e+01
-3.100000000000000000e+01,-3.000000000000000000e+01,-2.300000000000000000e+01,-2.300000000000000000e+01,-5.100000000000000000e+01
-4.100000000000000000e+01,-3.400000000000000000e+01,-4.800000000000000000e+01,-4.800000000000000000e+01,1.400000000000000000e+01
-4.900000000000000000e+01,-2.800000000000000000e+01,-4.900000000000000000e+01,-4.900000000000000000e+01,-2.800000000000000000e+01
-6.400000000000000000e+01,-4.700000000000000000e+01,-6.400000000000000000e+01,-6.400000000000000000e+01,-2.300000000000000000e+01
-4.400000000000000000e+01,-6.100000000000000000e+01,-5.100000000000000000e+01,-5.100000000000000000e+01,-4.800000000000000000e+01
-3.300000000000000000e+01,-3.000000000000000000e+01,-3.000000000000000000e+01,-3.000000000000000000e+01,-4.900000000000000000e+01
-4.600000000000000000e+01,-6.900000000000000000e+01,-3.400000000000000000e+01,-3.400000000000000000e+01,-6.400000000000000000e+01
-3.100000000000000000e+01,-5.100000000000000000e+01,-2.800000000000000000e+01,-2.800000000000000000e+01,-5.100000000000000000e+01
-3.300000000000000000e+01,-3.600000000000000000e+01,-4.700000000000000000e+01,-4.700000000000000000e+01,-3.000000000000000000e+01
-4.700000000000000000e+01,6.000000000000000000e+00,-6.100000000000000000e+01,-6.100000000000000000e+01,-3.400000000000000000e+01
-3.900000000000000000e+01,-3.300000000000000000e+01,-3.000000000000000000e+01,-3.000000000000000000e+01,-2.800000000000000000e+01
-6.100000000000000000e+01,-4.800000000000000000e+01,-6.900000000000000000e+01,-6.900000000000000000e+01,-4.700000000000000000e+01
-5.000000000000000000e+01,-3.400000000000000000e+01,-5.100000000000000000e+01,-5.100000000000000000e+01,-6.100000000000000000e+01
-3.500000000000000000e+01,-5.500000000000000000e+01,-3.600000000000000000e+01,-3.600000000000000000e+01,-3.000000000000000000e+01
-2.200000000000000000e+01,-5.100000000000000000e+01,6.000000000000000000e+00,6.000000000000000000e+00,-6.900000000000000000e+01
-3.400000000000000000e+01,-6.600000000000000000e+01,-3.300000000000000000e+01,-3.300000000000000000e+01,-5.100000000000000000e+01
-5.200000000000000000e+01,-3.500000000000000000e+01,-4.800000000000000000e+01,-4.800000000000000000e+01,-3.600000000000000000e+01
-4.300000000000000000e+01,-1.100000000000000000e+01,-3.400000000000000000e+01,-3.400000000000000000e+01,6.000000000000000000e+00
-5.200000000000000000e+01,-4.500000000000000000e+01,-5.500000000000000000e+01,-5.500000000000000000e+01,-3.300000000000000000e+01
-5.000000000000000000e+01,-2.700000000000000000e+01,-5.100000000000000000e+01,-5.100000000000000000e+01,-4.800000000000000000e+01
-2.500000000000000000e+01,-3.900000000000000000e+01,-6.600000000000000000e+01,-6.600000000000000000e+01,-3.400000000000000000e+01
-3.500000000000000000e+01,-4.700000000000000000e+01,-3.500000000000000000e+01,-3.500000000000000000e+01,-5.500000000000000000e+01
-1.900000000000000000e+01,-6.200000000000000000e+01,-1.100000000000000000e+01,-1.100000000000000000e+01,-5.100000000000000000e+01
-4.900000000000000000e+01,-4.600000000000000000e+01,-4.500000000000000000e+01,-4.500000000000000000e+01,-6.600000000000000000e+01
-4.200000000000000000e+01,-2.700000000000000000e+01,-2.700000000000000000e+01,-2.700000000000000000e+01,-3.500000000000000000e+01
-7.000000000000000000e+01,-4.700000000000000000e+01,-3.900000000000000000e+01,-3.900000000000000000e+01,-1.100000000000000000e+01
-4.900000000000000000e+01,-3.800000000000000000e+01,-4.700000000000000000e+01,-4.700000000000000000e+01,-4.500000000000000000e+01
-3.600000000000000000e+01,-3.700000000000000000e+01,-6.200000000000000000e+01,-6.200000000000000000e+01,-2.700000000000000000e+01
-3.600000000000000000e+01,-5.000000000000000000e+01,-4.600000000000000000e+01,-4.600000000000000000e+01,-3.900000000000000000e+01
-2.600000000000000000e+01,-4.000000000000000000e+01,-2.700000000000000000e+01,-2.700000000000000000e+01,-4.700000000000000000e+01
-4.600000000000000000e+01,-6.800000000000000000e+01,-4.700000000000000000e+01,-4.700000000000000000e+01,-6.200000000000000000e+01
-5.300000000000000000e+01,-5.000000000000000000e+01,-3.800000000000000000e+01,-3.800000000000000000e+01,-4.600000000000000000e+01
-3.000000000000000000e+01,-3.400000000000000000e+01,-3.700000000000000000e+01,-3.700000000000000000e+01,-2.700000000000000000e+01
-7.400000000000000000e+01,-1.800000000000000000e+01,-5.000000000000000000e+01,-5.000000000000000000e+01,-4.700000000000000000e+01
-5.300000000000000000e+01,-3.700000000000000000e+01,-4.000000000000000000e+01,-4.000000000000000000e+01,-3.800000000000000000e+01
-3.800000000000000000e+01,-5.300000000000000000e+01,-6.800000000000000000e+01,-6.800000000000000000e+01,-3.700000000000000000e+01
6.000000000000000000e+00,-4.300000000000000000e+01,-5.000000000000000000e+01,-5.000000000000000000e+01,-5.000000000000000000e+01
-2.900000000000000000e+01,-5.100000000000000000e+01,-3.400000000000000000e+01,-3.400000000000000000e+01,-4.000000000000000000e+01
-4.900000000000000000e+01,-4.800000000000000000e+01,-1.800000000000000000e+01,-1.800000000000000000e+01,-6.800000000000000000e+01
-3.200000000000000000e+01,-2.900000000000000000e+01,-3.700000000000000000e+01,-3.700000000000000000e+01,-5.000000000000000000e+01
-5.300000000000000000e+01,-3.100000000000000000e+01,-5.300000000000000000e+01,-5.300000000000000000e+01,-3.400000000000000000e+01
-5.200000000000000000e+01,-1.800000000000000000e+01,-4.300000000000000000e+01,-4.300000000000000000e+01,-1.800000000000000000e+01
-4.400000000000000000e+01,-5.400000000000000000e+01,-5.100000000000000000e+01,-5.100000000000000000e+01,-3.700000000000000000e+01
-3.000000000000000000e+01,-4.300000000000000000e+01,-4.800000000000000000e+01,-4.800000000000000000e+01,-5.300000000000000000e+01
0.000000000000000000e+00,-7.100000000000000000e+01,-2.900000000000000000e+01,-2.900000000000000000e+01,-4.300000000000000000e+01
-4.300000000000000000e+01,-4.700000000000000000e+01,-3.100000000000000000e+01,-3.100000000000000000e+01,-5.100000000000000000e+01
-4.700000000000000000e+01,-4.300000000000000000e+01,-1.800000000000000000e+01,-1.800000000000000000e+01,-4.800000000000000000e+01
-4.400000000000000000e+01,-4.000000000000000000e+01,-5.400000000000000000e+01,-5.400000000000000000e+01,-2.900000000000000000e+01
-5.200000000000000000e+01,-2.900000000000000000e+01,-4.300000000000000000e+01,-4.300000000000000000e+01,-3.100000000000000000e+01
-4.500000000000000000e+01,-5.000000000000000000e+01,-7.100000000000000000e+01,-7.100000000000000000e+01,-1.800000000000000000e+01
-3.900000000000000000e+01,-2.200000000000000000e+01,-4.700000000000000000e+01,-4.700000000000000000e+01,-5.400000000000000000e+01
-2.800000000000000000e+01,-2.800000000000000000e+01,-4.300000000000000000e+01,-4.300000000000000000e+01,-4.300000000000000000e+01
-4.600000000000000000e+01,-6.800000000000000000e+01,-4.000000000000000000e+01,-4.000000000000000000e+01,-7.100000000000000000e+01
-3.400000000000000000e+01,-5.100000000000000000e+01,-2.900000000000000000e+01,-2.900000000000000000e+01,-4.700000000000000000e+01
-3.600000000000000000e+01,-5.300000000000000000e+01,-5.000000000000000000e+01,-5.000000000000000000e+01,-4.300000000000000000e+01
-5.900000000000000000e+01,5.000000000000000000e+00,-2.200000000000000000e+01,-2.200000000000000000e+01,-4.000000000000000000e+01
-3.900000000000000000e+01,-3.100000000000000000e+01,-2.800000000000000000e+01,-2.800000000000000000e+01,-2.900000000000000000e+01
-6.700000000000000000e+01,-3.900000000000000000e+01,-6.800000000000000000e+01,-6.800000000000000000e+01,-5.000000000000000000e+01
-5.000000000000000000e+01,-3.200000000000000000e+01,-5.100000000000000000e+01,-5.100000000000000000e+01,-2.200000000000000000e+01
-3.300000000000000000e+01,-5.300000000000000000e+01,-5.300000000000000000e+01,-5.300000000000000000e+01,-2.800000000000000000e+01
-1.500000000000000000e+01,-5.500000000000000000e+01,5.000000000000000000e+00,5.000000000000000000e+00,-6.800000000000000000e+01
-3.500000000000000000e+01,-6.900000000000000000e+01,-3.100000000000000000e+01,-3.100000000000000000e+01,-5.100000000000000000e+01
-5.300000000000000000e+01,-3.200000000000000000e+01,-3.900000000000000000e+01,-3.900000000000000000e+01,-5.300000000000000000e+01
-4.300000000000000000e+01,-1.000000000000000000e+01,-3.200000000000000000e+01,-3.200000000000000000e+01,5.000000000000000000e+00
-5.200000000000000000e+01,-4.500000000000000000e+01,-5.300000000000000000e+01,-5.300000000000000000e+01,-3.100000000000000000e+01
-5.000000000000000000e+01,-3.100000000000000000e+01,-5.500000000000000000e+01,-5.500000000000000000e+01,-3.900000000000000000e+01
-1.900000000000000000e+01,-4.100000000000000000e+01,-6.900000000000000000e+01,-6.900000000000000000e+01,-3.200000000000000000e+01
-3.100000000000000000e+01,-4.900000000000000000e+01,-3.200000000000000000e+01,-3.200000000000000000e+01,-5.300000000000000000e+01
-1.800000000000000000e+01,-6.400000000000000000e+01,-1.000000000000000000e+01,-1.000000000000000000e+01,-5.500000000000000000e+01
-4.900000000000000000e+01,-4.400000000000000000e+01,-4.500000000000000000e+01,-4.500000000000000000e+01,-6.900000000000000000e+01
-4.500000000000000000e+01,-3.300000000000000000e+01,-3.100000000000000000e+01,-3.100000000000000000e+01,-3.200000000000000000e+01
-7.100000000000000000e+01,-4.600000000000000000e+01,-4.100000000000000000e+01,-4.100000000000000000e+01,-1.000000000000000000e+01
-5.200000000000000000e+01,-3.100000000000000000e+01,-4.900000000000000000e+01,-4.900000000000000000e+01,-4.500000000000000000e+01
-3.800000000000000000e+01,-3.300000000000000000e+01,-6.400000000000000000e+01,-6.400000000000000000e+01,-3.100000000000000000e+01
-3.600000000000000000e+01,-4.700000000000000000e+01,-4.400000000000000000e+01,-4.400000000000000000e+01,-4.100000000000000000e+01
-2.600000000000000000e+01,-3.900000000000000000e+01,-3.300000000000000000e+01,-3.300000000000000000e+01,-4.900000000000000000e+01
-5.000000000000000000e+01,-6.100000000000000000e+01,-4.600000000000000000e+01,-4.600000000000000000e+01,-6.400000000000000000e+01
-3.400000000000000000e+01,-5.000000000000000000e+01,-3.100000000000000000e+01,-3.100000000000000000e+01,-4.400000000000000000e+01
-3.200000000000000000e+01,-3.500000000000000000e+01,-3.300000000000000000e+01,-3.300000000000000000e+01,-3.300000000000000000e+01
-7.100000000000000000e+01,-2.200000000000000000e+01,-4.700000000000000000e+01,-4.700000000000000000e+01,-4.600000000000000000e+01
-5.200000000000000000e+01,-3.400000000000000000e+01,-3.900000000000000000e+01,-3.900000000000000000e+01,-3.100000000000000000e+01
-4.800000000000000000e+01,-5.200000000000000000e+01,-6.100000000000000000e+01,-6.100000000000000000e+01,-3.300000000000000000e+01
7.000000000000000000e+00,-4.300000000000000000e+01,-5.000000000000000000e+01,-5.000000000000000000e+01,-4.700000000000000000e+01
-2.800000000000000000e+01,-5.200000000000000000e+01,-3.500000000000000000e+01,-3.500000000000000000e+01,-3.900000000000000000e+01
-5.100000000000000000e+01,-5.000000000000000000e+01,-2.200000000000000000e+01,-2.200000000000000000e+01,-6.100000000000000000e+01
-3.300000000000000000e+01,-2.500000000000000000e+01,-3.400000000000000000e+01,-3.400000000000000000e+01,-5.000000000000000000e+01
-5.500000000000000000e+01,-3.500000000000000000e+01,-5.200000000000000000e+01,-5.200000000000000000e+01,-3.500000000000000000e+01
-5.700000000000000000e+01,-1.900000000000000000e+01,-4.300000000000000000e+01,-4.300000000000000000e+01,-2.200000000000000000e+01
-4.700000000000000000e+01,-4.900000000000000000e+01,-5.200000000000000000e+01,-5.200000000000000000e+01,-3.400000000000000000e+01
-3.000000000000000000e+01,-4.200000000000000000e+01,-5.000000000000000000e+01,-5.000000000000000000e+01,-5.200000000000000000e+01
-4.000000000000000000e+00,-7.000000000000000000e+01,-2.500000000000000000e+01,-2.500000000000000000e+01,-4.300000000000000000e+01
-4.400000000000000000e+01,-4.900000000000000000e+01,-3.500000000000000000e+01,-3.500000000000000000e+01,-5.200000000000000000e+01
-3.800000000000000000e+01,-3.600000000000000000e+01,-1.900000000000000000e+01,-1.900000000000000000e+01,-5.000000000000000000e+01
-4.200000000000000000e+01,-3.600000000000000000e+01,-4.900000000000000000e+01,-4.900000000000000000e+01,-2.500000000000000000e+01
-5.400000000000000000e+01,-2.600000000000000000e+01,-4.200000000000000000e+01,-4.200000000000000000e+01,-3.500000000000000000e+01
-5.700000000000000000e+01,-4.600000000000000000e+01,-7.000000000000000000e+01,-7.000000000000000000e+01,-1.900000000000000000e+01
-4.600000000000000000e+01,-5.300000000000000000e+01,-4.900000000000000000e+01,-4.900000000000000000e+01,-4.900000000000000000e+01
-2.700000000000000000e+01,-3.000000000000000000e+01,-3.600000000000000000e+01,-3.600000000000000000e+01,-4.200000000000000000e+01
-4.700000000000000000e+01,-7.400000000000000000e+01,-3.600000000000000000e+01,-3.600000000000000000e+01,-7.000000000000000000e+01
-3.600000000000000000e+01,-5.300000000000000000e+01,-2.600000000000000000e+01,-2.600000000000000000e+01,-4.900000000000000000e+01
-3.800000000000000000e+01,-3.800000000000000000e+01,-4.600000000000000000e+01,-4.600000000000000000e+01,-3.600000000000000000e+01
-4.800000000000000000e+01,6.000000000000000000e+00,-5.300000000000000000e+01,-5.300000000000000000e+01,-3.600000000000000000e+01
-4.100000000000000000e+01,-2.900000000000000000e+01,-3.000000000000000000e+01,-3.000000000000000000e+01,-2.600000000000000000e+01
-6.800000000000000000e+01,-4.900000000000000000e+01,-7.400000000000000000e+01,-7.400000000000000000e+01,-4.600000000000000000e+01
-5.100000000000000000e+01,-3.200000000000000000e+01,-5.300000000000000000e+01,-5.300000000000000000e+01,-5.300000000000000000e+01
-4.100000000000000000e+01,-5.300000000000000000e+01,-3.800000000000000000e+01,-3.800000000000000000e+01,-3.000000000000000000e+01
-2.200000000000000000e+01,-5.200000000000000000e+01,6.000000000000000000e+00,6.000000000000000000e+00,-7.400000000000000000e+01
-3.500000000000000000e+01,-4.400000000000000000e+01,-2.900000000000000000e+01,-2.900000000000000000e+01,-5.300000000000000000e+01
-5.000000000000000000e+01,-3.000000000000000000e+01,-4.900000000000000000e+01,-4.900000000000000000e+01,-3.800000000000000000e+01
-4.300000000000000000e+01,0.000000000000000000e+00,-3.200000000000000000e+01,-3.200000000000000000e+01,6.000000000000000000e+00
-4.900000000000000000e+01,-4.300000000000000000e+01,-5.300000000000000000e+01,-5.300000000000000000e+01,-2.900000000000000000e+01
-4.600000000000000000e+01,-4.700000000000000000e+01,-5.200000000000000000e+01,-5.200000000000000000e+01,-4.900000000000000000e+01
-3.800000000000000000e+01,-4.400000000000000000e+01,-4.400000000000000000e+01,-4.400000000000000000e+01,-3.200000000000000000e+01
-3.100000000000000000e+01,-5.200000000000000000e+01,-3.000000000000000000e+01,-3.000000000000000000e+01,-5.300000000000000000e+01
-1.900000000000000000e+01,-4.500000000000000000e+01,0.000000000000000000e+00,0.000000000000000000e+00,-5.200000000000000000e+01
-5.000000000000000000e+01,-3.900000000000000000e+01,-4.300000000000000000e+01,-4.300000000000000000e+01,-4.400000000000000000e+01
-3.300000000000000000e+01,-2.800000000000000000e+01,-4.700000000000000000e+01,-4.700000000000000000e+01,-3.000000000000000000e+01
-7.500000000000000000e+01,-4.600000000000000000e+01,-4.400000000000000000e+01,-4.400000000000000000e+01,0.000000000000000000e+00
-5.200000000000000000e+01,-3.400000000000000000e+01,-5.200000000000000000e+01,-5.200000000000000000e+01,-4.300000000000000000e+01
-4.600000000000000000e+01,-3.600000000000000000e+01,-4.500000000000000000e+01,-4.500000000000000000e+01,-4.700000000000000000e+01
-3.800000000000000000e+01,-5.900000000000000000e+01,-3.900000000000000000e+01,-3.900000000000000000e+01,-4.400000000000000000e+01
-3.100000000000000000e+01,-3.900000000000000000e+01,-2.800000000000000000e+01,-2.800000000000000000e+01,-5.200000000000000000e+01
-5.100000000000000000e+01,-6.700000000000000000e+01,-4.600000000000000000e+01,-4.600000000000000000e+01,-4.500000000000000000e+01
-3.600000000000000000e+01,-5.000000000000000000e+01,-3.400000000000000000e+01,-3.400000000000000000e+01,-3.900000000000000000e+01
-3.000000000000000000e+01,-3.300000000000000000e+01,-3.600000000000000000e+01,-3.600000000000000000e+01,-2.800000000000000000e+01
-7.200000000000000000e+01,-1.500000000000000000e+01,-5.900000000000000000e+01,-5.900000000000000000e+01,-4.600000000000000000e+01
-5.300000000000000000e+01,-3.500000000000000000e+01,-3.900000000000000000e+01,-3.900000000000000000e+01,-3.400000000000000000e+01
-5.000000000000000000e+01,-5.300000000000000000e+01,-6.700000000000000000e+01,-6.700000000000000000e+01,-3.600000000000000000e+01
3.000000000000000000e+00,-4.300000000000000000e+01,-5.000000000000000000e+01,-5.000000000000000000e+01,-5.900000000000000000e+01
-3.100000000000000000e+01,-5.200000000000000000e+01,-3.300000000000000000e+01,-3.300000000000000000e+01,-3.900000000000000000e+01
-3.400000000000000000e+01,-5.000000000000000000e+01,-1.500000000000000000e+01,-1.500000000000000000e+01,-6.700000000000000000e+01
-2.900000000000000000e+01,-1.900000000000000000e+01,-3.500000000000000000e+01,-3.500000000000000000e+01,-5.000000000000000000e+01
-4.800000000000000000e+01,-3.100000000000000000e+01,-5.300000000000000000e+01,-5.300000000000000000e+01,-3.300000000000000000e+01
-5.300000000000000000e+01,-1.800000000000000000e+01,-4.300000000000000000e+01,-4.300000000000000000e+01,-1.500000000000000000e+01
-8.200000000000000000e+01,-4.900000000000000000e+01,-5.200000000000000000e+01,-5.200000000000000000e+01,-3.500000000000000000e+01
-3.100000000000000000e+01,-4.500000000000000000e+01,-5.000000000000000000e+01,-5.000000000000000000e+01,-5.300000000000000000e+01
-2.300000000000000000e+01,-7.100000000000000000e+01,-1.900000000000000000e+01,-1.900000000000000000e+01,-4.300000000000000000e+01
-4.700000000000000000e+01,-5.200000000000000000e+01,-3.100000000000000000e+01,-3.100000000000000000e+01,-5.200000000000000000e+01
-2.900000000000000000e+01,-3.800000000000000000e+01,-1.800000000000000000e+01,-1.800000000000000000e+01,-5.000000000000000000e+01
-3.700000000000000000e+01,-3.600000000000000000e+01,-4.900000000000000000e+01,-4.900000000000000000e+01,-1.900000000000000000e+01
-4.400000000000000000e+01,-2.600000000000000000e+01,-4.500000000000000000e+01,-4.500000000000000000e+01,-3.100000000000000000e+01
-7.300000000000000000e+01,-5.000000000000000000e+01,-7.100000000000000000e+01,-7.100000000000000000e+01,-1.800000000000000000e+01
-4.200000000000000000e+01,-3.400000000000000000e+01,-5.200000000000000000e+01,-5.200000000000000000e+01,-4.900000000000000000e+01
-3.600000000000000000e+01,-3.200000000000000000e+01,-3.800000000000000000e+01,-3.800000000000000000e+01,-4.500000000000000000e+01
-4.500000000000000000e+01,-7.100000000000000000e+01,-3.600000000000000000e+01,-3.600000000000000000e+01,-7.100000000000000000e+01
-2.900000000000000000e+01,-5.200000000000000000e+01,-2.600000000000000000e+01,-2.600000000000000000e+01,-5.200000000000000000e+01
-3.700000000000000000e+01,-4.800000000000000000e+01,-5.000000000000000000e+01,-5.000000000000000000e+01,-3.800000000000000000e+01
-2.800000000000000000e+01,7.000000000000000000e+00,-3.400000000000000000e+01,-3.400000000000000000e+01,-3.600000000000000000e+01
-4.200000000000000000e+01,-2.800000000000000000e+01,-3.200000000000000000e+01,-3.200000000000000000e+01,-2.600000000000000000e+01
-6.900000000000000000e+01,-5.100000000000000000e+01,-7.100000000000000000e+01,-7.100000000000000000e+01,-5.000000000000000000e+01
-5.000000000000000000e+01,-3.300000000000000000e+01,-5.200000000000000000e+01,-5.200000000000000000e+01,-3.400000000000000000e+01
-4.800000000000000000e+01,-5.500000000000000000e+01,-4.800000000000000000e+01,-4.800000000000000000e+01,-3.200000000000000000e+01
-1.900000000000000000e+01,-5.700000000000000000e+01,7.000000000000000000e+00,7.000000000000000000e+00,-7.100000000000000000e+01
-3.600000000000000000e+01,-4.700000000000000000e+01,-2.800000000000000000e+01,-2.800000000000000000e+01,-5.200000000000000000e+01
-3.500000000000000000e+01,-3.000000000000000000e+01,-5.100000000000000000e+01,-5.100000000000000000e+01,-4.800000000000000000e+01
-4.200000000000000000e+01,-4.000000000000000000e+00,-3.300000000000000000e+01,-3.300000000000000000e+01,7.000000000000000000e+00
-5.200000000000000000e+01,-4.400000000000000000e+01,-5.500000000000000000e+01,-5.500000000000000000e+01,-2.800000000000000000e+01
-4.900000000000000000e+01,-3.800000000000000000e+01,-5.700000000000000000e+01,-5.700000000000000000e+01,-5.100000000000000000e+01
-5.700000000000000000e+01,-4.200000000000000000e+01,-4.700000000000000000e+01,-4.700000000000000000e+01,-3.300000000000000000e+01
-3.800000000000000000e+01,-5.400000000000000000e+01,-3.000000000000000000e+01,-3.000000000000000000e+01,-5.500000000000000000e+01
-2.500000000000000000e+01,-5.700000000000000000e+01,-4.000000000000000000e+00,-4.000000000000000000e+00,-5.700000000000000000e+01
-5.100000000000000000e+01,-4.600000000000000000e+01,-4.400000000000000000e+01,-4.400000000000000000e+01,-4.700000000000000000e+01
-3.400000000000000000e+01,-2.700000000000000000e+01,-3.800000000000000000e+01,-3.800000000000000000e+01,-3.000000000000000000e+01
-6.600000000000000000e+01,-4.700000000000000000e+01,-4.200000000000000000e+01,-4.200000000000000000e+01,-4.000000000000000000e+00
-4.400000000000000000e+01,-3.600000000000000000e+01,-5.400000000000000000e+01,-5.400000000000000000e+01,-4.400000000000000000e+01
-6.500000000000000000e+01,-3.800000000000000000e+01,-5.700000000000000000e+01,-5.700000000000000000e+01,-3.800000000000000000e+01
-4.600000000000000000e+01,-4.800000000000000000e+01,-4.600000000000000000e+01,-4.600000000000000000e+01,-4.200000000000000000e+01
-3.600000000000000000e+01,-4.100000000000000000e+01,-2.700000000000000000e+01,-2.700000000000000000e+01,-5.400000000000000000e+01
-5.100000000000000000e+01,-6.800000000000000000e+01,-4.700000000000000000e+01,-4.700000000000000000e+01,-5.700000000000000000e+01
1.300000000000000000e+01,-5.100000000000000000e+01,-3.600000000000000000e+01,-3.600000000000000000e+01,-4.600000000000000000e+01
-2.900000000000000000e+01,-4.100000000000000000e+01,-3.800000000000000000e+01,-3.800000000000000000e+01,-2.700000000000000000e+01
-5.200000000000000000e+01,-2.200000000000000000e+01,-4.800000000000000000e+01,-4.800000000000000000e+01,-4.700000000000000000e+01
-5.100000000000000000e+01,-3.500000000000000000e+01,-4.100000000000000000e+01,-4.100000000000000000e+01,-3.600000000000000000e+01
-6.000000000000000000e+01,-5.000000000000000000e+01,-6.800000000000000000e+01,-6.800000000000000000e+01,-3.800000000000000000e+01
-2.100000000000000000e+01,-4.300000000000000000e+01,-5.100000000000000000e+01,-5.100000000000000000e+01,-4.800000000000000000e+01
-3.900000000000000000e+01,-4.900000000000000000e+01,-4.100000000000000000e+01,-4.100000000000000000e+01,-4.100000000000000000e+01
-2.600000000000000000e+01,-4.600000000000000000e+01,-2.200000000000000000e+01,-2.200000000000000000e+01,-6.800000000000000000e+01
-3.100000000000000000e+01,-3.800000000000000000e+01,-3.500000000000000000e+01,-3.500000000000000000e+01,-5.100000000000000000e+01
-4.600000000000000000e+01,-3.100000000000000000e+01,-5.000000000000000000e+01,-5.000000000000000000e+01,-4.100000000000000000e+01
-5.500000000000000000e+01,-1.900000000000000000e+01,-4.300000000000000000e+01,-4.300000000000000000e+01,-2.200000000000000000e+01
-9.500000000000000000e+01,-5.000000000000000000e+01,-4.900000000000000000e+01,-4.900000000000000000e+01,-3.500000000000000000e+01
-3.600000000000000000e+01,-3.300000000000000000e+01,-4.600000000000000000e+01,-4.600000000000000000e+01,-5.000000000000000000e+01
-3.600000000000000000e+01,-7.500000000000000000e+01,-3.800000000000000000e+01,-3.800000000000000000e+01,-4.300000000000000000e+01
-5.000000000000000000e+01,-5.200000000000000000e+01,-3.100000000000000000e+01,-3.100000000000000000e+01,-4.900000000000000000e+01
-2.700000000000000000e+01,-4.600000000000000000e+01,-1.900000000000000000e+01,-1.900000000000000000e+01,-4.600000000000000000e+01
-4.800000000000000000e+01,-3.800000000000000000e+01,-5.000000000000000000e+01,-5.000000000000000000e+01,-3.800000000000000000e+01
-4.700000000000000000e+01,-3.100000000000000000e+01,-3.300000000000000000e+01,-3.300000000000000000e+01,-3.100000000000000000e+01
-7.100000000000000000e+01,-5.100000000000000000e+01,-7.500000000000000000e+01,-7.500000000000000000e+01,-1.900000000000000000e+01
-4.700000000000000000e+01,-3.600000000000000000e+01,-5.200000000000000000e+01,-5.200000000000000000e+01,-5.000000000000000000e+01
-3.800000000000000000e+01,-3.000000000000000000e+01,-4.600000000000000000e+01,-4.600000000000000000e+01,-3.300000000000000000e+01
-5.200000000000000000e+01,-7.200000000000000000e+01,-3.800000000000000000e+01,-3.800000000000000000e+01,-7.500000000000000000e+01
-3.500000000000000000e+01,-5.300000000000000000e+01,-3.100000000000000000e+01,-3.100000000000000000e+01,-5.200000000000000000e+01
-3.500000000000000000e+01,-5.000000000000000000e+01,-5.100000000000000000e+01,-5.100000000000000000e+01,-4.600000000000000000e+01
-4.100000000000000000e+01,3.000000000000000000e+00,-3.600000000000000000e+01,-3.600000000000000000e+01,-3.800000000000000000e+01
-4.300000000000000000e+01,-3.100000000000000000e+01,-3.000000000000000000e+01,-3.000000000000000000e+01,-3.100000000000000000e+01
-6.800000000000000000e+01,-3.400000000000000000e+01,-7.200000000000000000e+01,-7.200000000000000000e+01,-5.100000000000000000e+01
-5.000000000000000000e+01,-2.900000000000000000e+01,-5.300000000000000000e+01,-5.300000000000000000e+01,-3.600000000000000000e+01
-4.300000000000000000e+01,-4.800000000000000000e+01,-5.000000000000000000e+01,-5.000000000000000000e+01,-3.000000000000000000e+01
-1.800000000000000000e+01,-5.300000000000000000e+01,3.000000000000000000e+00,3.000000000000000000e+00,-7.200000000000000000e+01
-3.600000000000000000e+01,-8.200000000000000000e+01,-3.100000000000000000e+01,-3.100000000000000000e+01,-5.300000000000000000e+01
-4.100000000000000000e+01,-3.100000000000000000e+01,-3.400000000000000000e+01,-3.400000000000000000e+01,-5.000000000000000000e+01
-4.500000000000000000e+01,-2.300000000000000000e+01,-2.900000000000000000e+01,-2.900000000000000000e+01,3.000000000000000000e+00
-5.200000000000000000e+01,-4.700000000000000000e+01,-4.800000000000000000e+01,-4.800000000000000000e+01,-3.100000000000000000e+01
-4.900000000000000000e+01,-2.900000000000000000e+01,-5.300000000000000000e+01,-5.300000000000000000e+01,-3.400000000000000000e+01
-5.400000000000000000e+01,-3.700000000000000000e+01,-8.200000000000000000e+01,-8.200000000000000000e+01,-2.900000000000000000e+01
-3.500000000000000000e+01,-4.400000000000000000e+01,-3.100000000000000000e+01,-3.100000000000000000e+01,-4.800000000000000000e+01
-3.000000000000000000e+01,-7.300000000000000000e+01,-2.300000000000000000e+01,-2.300000000000000000e+01,-5.300000000000000000e+01
-5.400000000000000000e+01,-4.200000000000000000e+01,-4.700000000000000000e+01,-4.700000000000000000e+01,-8.200000000000000000e+01
-3.500000000000000000e+01,-3.600000000000000000e+01,-2.900000000000000000e+01,-2.900000000000000000e+01,-3.100000000000000000e+01
-6.900000000000000000e+01,-4.500000000000000000e+01,-3.700000000000000000e+01,-3.700000000000000000e+01,-2.300000000000000000e+01
-4.600000000000000000e+01,-2.900000000000000000e+01,-4.400000000000000000e+01,-4.400000000000000000e+01,-4.700000000000000000e+01
-5.500000000000000000e+01,-3.700000000000000000e+01,-7.300000000000000000e+01,-7.300000000000000000e+01,-2.900000000000000000e+01
-4.500000000000000000e+01,-2.800000000000000000e+01,-4.200000000000000000e+01,-4.200000000000000000e+01,-3.700000000000000000e+01
-3.100000000000000000e+01,-4.200000000000000000e+01,-3.600000000000000000e+01,-3.600000000000000000e+01,-4.400000000000000000e+01
-4.900000000000000000e+01,-6.900000000000000000e+01,-4.500000000000000000e+01,-4.500000000000000000e+01,-7.300000000000000000e+01
-2.000000000000000000e+00,-5.000000000000000000e+01,-2.900000000000000000e+01,-2.900000000000000000e+01,-4.200000000000000000e+01
-3.200000000000000000e+01,-4.800000000000000000e+01,-3.700000000000000000e+01,-3.700000000000000000e+01,-3.600000000000000000e+01
-6.000000000000000000e+01,-1.900000000000000000e+01,-2.800000000000000000e+01,-2.800000000000000000e+01,-4.500000000000000000e+01
-5.200000000000000000e+01,-3.600000000000000000e+01,-4.200000000000000000e+01,-4.200000000000000000e+01,-2.900000000000000000e+01
-6.100000000000000000e+01,-3.500000000000000000e+01,-6.900000000000000000e+01,-6.900000000000000000e+01,-3.700000000000000000e+01
-2.400000000000000000e+01,-4.200000000000000000e+01,-5.000000000000000000e+01,-5.000000000000000000e+01,-2.800000000000000000e+01
-4.100000000000000000e+01,-5.200000000000000000e+01,-4.800000000000000000e+01,-4.800000000000000000e+01,-4.200000000000000000e+01
-2.600000000000000000e+01,-4.900000000000000000e+01,-1.900000000000000000e+01,-1.900000000000000000e+01,-6.900000000000000000e+01
-2.800000000000000000e+01,-5.700000000000000000e+01,-3.600000000000000000e+01,-3.600000000000000000e+01,-5.000000000000000000e+01
-4.100000000000000000e+01,-3.800000000000000000e+01,-3.500000000000000000e+01,-3.500000000000000000e+01,-4.800000000000000000e+01
-5.100000000000000000e+01,-2.500000000000000000e+01,-4.200000000000000000e+01,-4.200000000000000000e+01,-1.900000000000000000e+01
-9.600000000000000000e+01,-5.100000000000000000e+01,-5.200000000000000000e+01,-5.200000000000000000e+01,-3.600000000000000000e+01
-3.800000000000000000e+01,-3.400000000000000000e+01,-4.900000000000000000e+01,-4.900000000000000000e+01,-3.500000000000000000e+01
-3.600000000000000000e+01,-6.600000000000000000e+01,-5.700000000000000000e+01,-5.700000000000000000e+01,-4.200000000000000000e+01
-4.900000000000000000e+01,-4.400000000000000000e+01,-3.800000000000000000e+01,-3.800000000000000000e+01,-5.200000000000000000e+01
-2.800000000000000000e+01,-6.500000000000000000e+01,-2.500000000000000000e+01,-2.500000000000000000e+01,-4.900000000000000000e+01
-4.200000000000000000e+01,-4.600000000000000000e+01,-5.100000000000000000e+01,-5.100000000000000000e+01,-5.700000000000000000e+01
-4.300000000000000000e+01,-3.600000000000000000e+01,-3.400000000000000000e+01,-3.400000000000000000e+01,-3.800000000000000000e+01
-7.600000000000000000e+01,-5.100000000000000000e+01,-6.600000000000000000e+01,-6.600000000000000000e+01,-2.500000000000000000e+01
-4.800000000000000000e+01,1.300000000000000000e+01,-4.400000000000000000e+01,-4.400000000000000000e+01,-5.100000000000000000e+01
-3.700000000000000000e+01,-2.900000000000000000e+01,-6.500000000000000000e+01,-6.500000000000000000e+01,-3.400000000000000000e+01
-5.300000000000000000e+01,-5.200000000000000000e+01,-4.600000000000000000e+01,-4.600000000000000000e+01,-6.600000000000000000e+01
-3.300000000000000000e+01,-5.100000000000000000e+01,-3.600000000000000000e+01,-3.600000000000000000e+01,-4.400000000000000000e+01
-3.400000000000000000e+01,-6.000000000000000000e+01,-5.100000000000000000e+01,-5.100000000000000000e+01,-6.500000000000000000e+01
-1.100000000000000000e+01,-2.100000000000000000e+01,1.300000000000000000e+01,1.300000000000000000e+01,-4.600000000000000000e+01
-4.500000000000000000e+01,-3.900000000000000000e+01,-2.900000000000000000e+01,-2.900000000000000000e+01,-3.600000000000000000e+01
-6.500000000000000000e+01,-2.600000000000000000e+01,-5.200000000000000000e+01,-5.200000000000000000e+01,-5.100000000000000000e+01
-5.200000000000000000e+01,-3.100000000000000000e+01,-5.100000000000000000e+01,-5.100000000000000000e+01,1.300000000000000000e+01
-5.100000000000000000e+01,-4.600000000000000000e+01,-6.000000000000000000e+01,-6.000000000000000000e+01,-2.900000000000000000e+01
-1.400000000000000000e+01,-5.500000000000000000e+01,-2.100000000000000000e+01,-2.100000000000000000e+01,-5.200000000000000000e+01
-3.700000000000000000e+01,-9.500000000000000000e+01,-3.900000000000000000e+01,-3.900000000000000000e+01,-5.100000000000000000e+01
-3.700000000000000000e+01,-3.600000000000000000e+01,-2.600000000000000000e+01,-2.600000000000000000e+01,-6.000000000000000000e+01
-4.500000000000000000e+01,-3.600000000000000000e+01,-3.100000000000000000e+01,-3.100000000000000000e+01,-2.100000000000000000e+01
-5.100000000000000000e+01,-5.000000000000000000e+01,-4.600000000000000000e+01,-4.600000000000000000e+01,-3.900000000000000000e+01
-4.800000000000000000e+01,-2.700000000000000000e+01,-5.500000000000000000e+01,-5.500000000000000000e+01,-2.600000000000000000e+01
-5.900000000000000000e+01,-4.800000000000000000e+01,-9.500000000000000000e+01,-9.500000000000000000e+01,-3.100000000000000000e+01
-3.600000000000000000e+01,-4.700000000000000000e+01,-3.600000000000000000e+01,-3.600000000000000000e+01,-4.600000000000000000e+01
-3.300000000000000000e+01,-7.100000000000000000e+01,-3.600000000000000000e+01,-3.600000000000000000e+01,-5.500000000000000000e+01
-5.000000000000000000e+01,-4.700000000000000000e+01,-5.000000000000000000e+01,-5.000000000000000000e+01,-9.500000000000000000e+01
-3.300000000000000000e+01,-3.800000000000000000e+01,-2.700000000000000000e+01,-2.700000000000000000e+01,-3.600000000000000000e+01
-7.200000000000000000e+01,-5.200000000000000000e+01,-4.800000000000000000e+01,-4.800000000000000000e+01,-3.600000000000000000e+01
-5.000000000000000000e+01,-3.500000000000000000e+01,-4.700000000000000000e+01,-4.700000000000000000e+01,-5.000000000000000000e+01
-5.800000000000000000e+01,-3.500000000000000000e+01,-7.100000000000000000e+01,-7.100000000000000000e+01,-2.700000000000000000e+01
-4.500000000000000000e+01,-4.100000000000000000e+01,-4.700000000000000000e+01,-4.700000000000000000e+01,-4.800000000000000000e+01
-3.600000000000000000e+01,-4.300000000000000000e+01,-3.800000000000000000e+01,-3.800000000000000000e+01,-4.700000000000000000e+01
-5.200000000000000000e+01,-6.800000000000000000e+01,-5.200000000000000000e+01,-5.200000000000000000e+01,-7.100000000000000000e+01
3.000000000000000000e+00,-5.000000000000000000e+01,-3.500000000000000000e+01,-3.500000000000000000e+01,-4.700000000000000000e+01
-2.800000000000000000e+01,-4.300000000000000000e+01,-3.500000000000000000e+01,-3.500000000000000000e+01,-3.800000000000000000e+01
-5.400000000000000000e+01,-1.800000000000000000e+01,-4.100000000000000000e+01,-4.100000000000000000e+01,-5.200000000000000000e+01
-5.000000000000000000e+01,-3.600000000000000000e+01,-4.300000000000000000e+01,-4.300000000000000000e+01,-3.500000000000000000e+01
-6.100000000000000000e+01,-4.100000000000000000e+01,-6.800000000000000000e+01,-6.800000000000000000e+01,-3.500000000000000000e+01
-3.900000000000000000e+01,-4.500000000000000000e+01,-5.000000000000000000e+01,-5.000000000000000000e+01,-4.100000000000000000e+01
-4.400000000000000000e+01,-5.200000000000000000e+01,-4.300000000000000000e+01,-4.300000000000000000e+01,-4.300000000000000000e+01
-2.400000000000000000e+01,-4.900000000000000000e+01,-1.800000000000000000e+01,-1.800000000000000000e+01,-6.800000000000000000e+01
-3.300000000000000000e+01,-5.400000000000000000e+01,-3.600000000000000000e+01,-3.600000000000000000e+01,-5.000000000000000000e+01
-4.300000000000000000e+01,-3.500000000000000000e+01,-4.100000000000000000e+01,-4.100000000000000000e+01,-4.300000000000000000e+01
-5.300000000000000000e+01,-3.000000000000000000e+01,-4.500000000000000000e+01,-4.500000000000000000e+01,-1.800000000000000000e+01
-9.400000000000000000e+01,-5.400000000000000000e+01,-5.200000000000000000e+01,-5.200000000000000000e+01,-3.600000000000000000e+01
-3.300000000000000000e+01,-3.500000000000000000e+01,-4.900000000000000000e+01,-4.900000000000000000e+01,-4.100000000000000000e+01
-4.700000000000000000e+01,-6.900000000000000000e+01,-5.400000000000000000e+01,-5.400000000000000000e+01,-4.500000000000000000e+01
-4.700000000000000000e+01,-4.600000000000000000e+01,-3.500000000000000000e+01,-3.500000000000000000e+01,-5.200000000000000000e+01
-2.700000000000000000e+01,-5.500000000000000000e+01,-3.000000000000000000e+01,-3.000000000000000000e+01,-4.900000000000000000e+01
-2.900000000000000000e+01,-4.500000000000000000e+01,-5.400000000000000000e+01,-5.400000000000000000e+01,-5.400000000000000000e+01
-3.800000000000000000e+01,-3.100000000000000000e+01,-3.500000000000000000e+01,-3.500000000000000000e+01,-3.500000000000000000e+01
-7.200000000000000000e+01,-4.900000000000000000e+01,-6.900000000000000000e+01,-6.900000000000000000e+01,-3.000000000000000000e+01
-4.200000000000000000e+01,-2.000000000000000000e+00,-4.600000000000000000e+01,-4.600000000000000000e+01,-5.400000000000000000e+01
-4.700000000000000000e+01,-3.200000000000000000e+01,-5.500000000000000000e+01,-5.500000000000000000e+01,-3.500000000000000000e+01
-5.100000000000000000e+01,-6.000000000000000000e+01,-4.500000000000000000e+01,-4.500000000000000000e+01,-6.900000000000000000e+01
-3.600000000000000000e+01,-5.200000000000000000e+01,-3.100000000000000000e+01,-3.100000000000000000e+01,-4.600000000000000000e+01
-3.300000000000000000e+01,-6.100000000000000000e+01,-4.900000000000000000e+01,-4.900000000000000000e+01,-5.500000000000000000e+01
-1.100000000000000000e+01,-2.400000000000000000e+01,-2.000000000000000000e+00,-2.000000000000000000e+00,-4.500000000000000000e+01
-4.000000000000000000e+01,-4.100000000000000000e+01,-3.200000000000000000e+01,-3.200000000000000000e+01,-3.100000000000000000e+01
-5.600000000000000000e+01,-2.600000000000000000e+01,-6.000000000000000000e+01,-6.000000000000000000e+01,-4.900000000000000000e+01
-4.500000000000000000e+01,-2.800000000000000000e+01,-5.200000000000000000e+01,-5.200000000000000000e+01,-2.000000000000000000e+00
-5.000000000000000000e+01,-4.100000000000000000e+01,-6.100000000000000000e+01,-6.100000000000000000e+01,-3.200000000000000000e+01
-2.900000000000000000e+01,-5.100000000000000000e+01,-2.400000000000000000e+01,-2.400000000000000000e+01,-6.000000000000000000e+01
-3.900000000000000000e+01,-9.600000000000000000e+01,-4.100000000000000000e+01,-4.100000000000000000e+01,-5.200000000000000000e+01
-3.000000000000000000e+01,-3.800000000000000000e+01,-2.600000000000000000e+01,-2.600000000000000000e+01,-6.100000000000000000e+01
-4.600000000000000000e+01,-3.600000000000000000e+01,-2.800000000000000000e+01,-2.800000000000000000e+01,-2.400000000000000000e+01
-4.400000000000000000e+01,-4.900000000000000000e+01,-4.100000000000000000e+01,-4.100000000000000000e+01,-4.100000000000000000e+01
-4.300000000000000000e+01,-2.800000000000000000e+01,-5.100000000000000000e+01,-5.100000000000000000e+01,-2.600000000000000000e+01
-7.400000000000000000e+01,-4.200000000000000000e+01,-9.600000000000000000e+01,-9.600000000000000000e+01,-2.800000000000000000e+01
-3.900000000000000000e+01,-4.300000000000000000e+01,-3.800000000000000000e+01,-3.800000000000000000e+01,-4.100000000000000000e+01
-4.700000000000000000e+01,-7.600000000000000000e+01,-3.600000000000000000e+01,-3.600000000000000000e+01,-5.100000000000000000e+01
-5.400000000000000000e+01,-4.800000000000000000e+01,-4.900000000000000000e+01,-4.900000000000000000e+01,-9.600000000000000000e+01
-2.700000000000000000e+01,-3.700000000000000000e+01,-2.800000000000000000e+01,-2.800000000000000000e+01,-3.800000000000000000e+01
-4.300000000000000000e+01,-5.300000000000000000e+01,-4.200000000000000000e+01,-4.200000000000000000e+01,-3.600000000000000000e+01
-4.000000000000000000e+01,-3.300000000000000000e+01,-4.300000000000000000e+01,-4.300000000000000000e+01,-4.900000000000000000e+01
-6.200000000000000000e+01,-3.400000000000000000e+01,-7.600000000000000000e+01,-7.600000000000000000e+01,-2.800000000000000000e+01
-4.500000000000000000e+01,-1.100000000000000000e+01,-4.800000000000000000e+01,-4.800000000000000000e+01,-4.200000000000000000e+01
-4.500000000000000000e+01,-4.500000000000000000e+01,-3.700000000000000000e+01,-3.700000000000000000e+01,-4.300000000000000000e+01
-5.300000000000000000e+01,-6.500000000000000000e+01,-5.300000000000000000e+01,-5.300000000000000000e+01,-7.600000000000000000e+01
1.000000000000000000e+00,-5.200000000000000000e+01,-3.300000000000000000e+01,-3.300000000000000000e+01,-4.800000000000000000e+01
-2.900000000000000000e+01,-5.100000000000000000e+01,-3.400000000000000000e+01,-3.400000000000000000e+01,-3.700000000000000000e+01
-2.600000000000000000e+01,-1.400000000000000000e+01,-1.100000000000000000e+01,-1.100000000000000000e+01,-5.300000000000000000e+01
-5.400000000000000000e+01,-3.700000000000000000e+01,-4.500000000000000000e+01,-4.500000000000000000e+01,-3.300000000000000000e+01
-5.000000000000000000e+01,-3.700000000000000000e+01,-6.500000000000000000e+01,-6.500000000000000000e+01,-3.400000000000000000e+01
-7.400000000000000000e+01,-4.500000000000000000e+01,-5.200000000000000000e+01,-5.200000000000000000e+01,-1.100000000000000000e+01
-5.200000000000000000e+01,-5.100000000000000000e+01,-5.100000000000000000e+01,-5.100000000000000000e+01,-4.500000000000000000e+01
-4.300000000000000000e+01,-4.800000000000000000e+01,-1.400000000000000000e+01,-1.400000000000000000e+01,-6.500000000000000000e+01
-4.100000000000000000e+01,-5.900000000000000000e+01,-3.700000000000000000e+01,-3.700000000000000000e+01,-5.200000000000000000e+01
-3.300000000000000000e+01,-3.600000000000000000e+01,-3.700000000000000000e+01,-3.700000000000000000e+01,-5.100000000000000000e+01
-4.900000000000000000e+01,-3.300000000000000000e+01,-4.500000000000000000e+01,-4.500000000000000000e+01,-1.400000000000000000e+01
-4.200000000000000000e+01,-5.000000000000000000e+01,-5.100000000000000000e+01,-5.100000000000000000e+01,-3.700000000000000000e+01
-3.300000000000000000e+01,-3.300000000000000000e+01,-4.800000000000000000e+01,-4.800000000000000000e+01,-3.700000000000000000e+01
-7.300000000000000000e+01,-7.200000000000000000e+01,-5.900000000000000000e+01,-5.900000000000000000e+01,-4.500000000000000000e+01
-5.500000000000000000e+01,-5.000000000000000000e+01,-3.600000000000000000e+01,-3.600000000000000000e+01,-5.100000000000000000e+01
-5.200000000000000000e+01,-5.800000000000000000e+01,-3.300000000000000000e+01,-3.300000000000000000e+01,-4.800000000000000000e+01
5.000000000000000000e+00,-4.500000000000000000e+01,-5.000000000000000000e+01,-5.000000000000000000e+01,-5.900000000000000000e+01
-3.300000000000000000e+01,-3.600000000000000000e+01,-3.300000000000000000e+01,-3.300000000000000000e+01,-3.600000000000000000e+01
-5.300000000000000000e+01,-5.200000000000000000e+01,-7.200000000000000000e+01,-7.200000000000000000e+01,-3.300000000000000000e+01
-3.900000000000000000e+01,3.000000000000000000e+00,-5.000000000000000000e+01,-5.000000000000000000e+01,-5.000000000000000000e+01
-5.400000000000000000e+01,-2.800000000000000000e+01,-5.800000000000000000e+01,-5.800000000000000000e+01,-3.300000000000000000e+01
-5.900000000000000000e+01,-5.400000000000000000e+01,-4.500000000000000000e+01,-4.500000000000000000e+01,-7.200000000000000000e+01
-6.200000000000000000e+01,-5.000000000000000000e+01,-3.600000000000000000e+01,-3.600000000000000000e+01,-5.000000000000000000e+01
-3.700000000000000000e+01,-6.100000000000000000e+01,-5.200000000000000000e+01,-5.200000000000000000e+01,-5.800000000000000000e+01
-3.000000000000000000e+00,-3.900000000000000000e+01,3.000000000000000000e+00,3.000000000000000000e+00,-4.500000000000000000e+01
-4.700000000000000000e+01,-4.400000000000000000e+01,-2.800000000000000000e+01,-2.800000000000000000e+01,-3.600000000000000000e+01
-3.400000000000000000e+01,-2.400000000000000000e+01,-5.400000000000000000e+01,-5.400000000000000000e+01,-5.200000000000000000e+01
-4.500000000000000000e+01,-3.300000000000000000e+01,-5.000000000000000000e+01,-5.000000000000000000e+01,3.000000000000000000e+00
-5.500000000000000000e+01,-4.300000000000000000e+01,-6.100000000000000000e+01,-6.100000000000000000e+01,-2.800000000000000000e+01
-6.300000000000000000e+01,-5.300000000000000000e+01,-3.900000000000000000e+01,-3.900000000000000000e+01,-5.400000000000000000e+01
-5.000000000000000000e+01,-9.400000000000000000e+01,-4.400000000000000000e+01,-4.400000000000000000e+01,-5.000000000000000000e+01
-2.800000000000000000e+01,-3.300000000000000000e+01,-2.400000000000000000e+01,-2.400000000000000000e+01,-6.100000000000000000e+01
-4.500000000000000000e+01,-4.700000000000000000e+01,-3.300000000000000000e+01,-3.300000000000000000e+01,-3.900000000000000000e+01
-3.800000000000000000e+01,-4.700000000000000000e+01,-4.300000000000000000e+01,-4.300000000000000000e+01,-4.400000000000000000e+01
-4.100000000000000000e+01,-2.700000000000000000e+01,-5.300000000000000000e+01,-5.300000000000000000e+01,-2.400000000000000000e+01
-6.200000000000000000e+01,-2.900000000000000000e+01,-9.400000000000000000e+01,-9.400000000000000000e+01,-3.300000000000000000e+01
-3.900000000000000000e+01,-3.800000000000000000e+01,-3.300000000000000000e+01,-3.300000000000000000e+01,-4.300000000000000000e+01
-6.500000000000000000e+01,-7.200000000000000000e+01,-4.700000000000000000e+01,-4.700000000000000000e+01,-5.300000000000000000e+01
-5.300000000000000000e+01,-4.200000000000000000e+01,-4.700000000000000000e+01,-4.700000000000000000e+01,-9.400000000000000000e+01
-3.600000000000000000e+01,-4.700000000000000000e+01,-2.700000000000000000e+01,-2.700000000000000000e+01,-3.300000000000000000e+01
-2.700000000000000000e+01,-5.100000000000000000e+01,-2.900000000000000000e+01,-2.900000000000000000e+01,-4.700000000000000000e+01
-4.100000000000000000e+01,-3.600000000000000000e+01,-3.800000000000000000e+01,-3.800000000000000000e+01,-4.700000000000000000e+01
-5.500000000000000000e+01,-3.300000000000000000e+01,-7.200000000000000000e+01,-7.200000000000000000e+01,-2.700000000000000000e+01
-5.000000000000000000e+01,-1.100000000000000000e+01,-4.200000000000000000e+01,-4.200000000000000000e+01,-2.900000000000000000e+01
-5.300000000000000000e+01,-4.000000000000000000e+01,-4.700000000000000000e+01,-4.700000000000000000e+01,-3.800000000000000000e+01
-5.400000000000000000e+01,-5.600000000000000000e+01,-5.100000000000000000e+01,-5.100000000000000000e+01,-7.200000000000000000e+01
-1.300000000000000000e+01,-4.500000000000000000e+01,-3.600000000000000000e+01,-3.600000000000000000e+01,-4.200000000000000000e+01
-3.500000000000000000e+01,-5.000000000000000000e+01,-3.300000000000000000e+01,-3.300000000000000000e+01,-4.700000000000000000e+01
-2.300000000000000000e+01,-2.900000000000000000e+01,-1.100000000000000000e+01,-1.100000000000000000e+01,-5.100000000000000000e+01
-5.800000000000000000e+01,-3.900000000000000000e+01,-4.000000000000000000e+01,-4.000000000000000000e+01,-3.600000000000000000e+01
-4.200000000000000000e+01,-3.000000000000000000e+01,-5.600000000000000000e+01,-5.600000000000000000e+01,-3.300000000000000000e+01
-7.800000000000000000e+01,-4.600000000000000000e+01,-4.500000000000000000e+01,-4.500000000000000000e+01,-1.100000000000000000e+01
-5.200000000000000000e+01,-4.400000000000000000e+01,-5.000000000000000000e+01,-5.000000000000000000e+01,-4.000000000000000000e+01
-4.700000000000000000e+01,-4.300000000000000000e+01,-2.900000000000000000e+01,-2.900000000000000000e+01,-5.600000000000000000e+01
-4.200000000000000000e+01,-7.400000000000000000e+01,-3.900000000000000000e+01,-3.900000000000000000e+01,-4.500000000000000000e+01
-3.300000000000000000e+01,-3.900000000000000000e+01,-3.000000000000000000e+01,-3.000000000000000000e+01,-5.000000000000000000e+01
-5.300000000000000000e+01,-4.700000000000000000e+01,-4.600000000000000000e+01,-4.600000000000000000e+01,-2.900000000000000000e+01
-2.700000000000000000e+01,-5.400000000000000000e+01,-4.400000000000000000e+01,-4.400000000000000000e+01,-3.900000000000000000e+01
-3.300000000000000000e+01,-2.700000000000000000e+01,-4.300000000000000000e+01,-4.300000000000000000e+01,-3.000000000000000000e+01
-7.100000000000000000e+01,-4.300000000000000000e+01,-7.400000000000000000e+01,-7.400000000000000000e+01,-4.600000000000000000e+01
-5.700000000000000000e+01,-4.000000000000000000e+01,-3.900000000000000000e+01,-3.900000000000000000e+01,-4.400000000000000000e+01
-5.700000000000000000e+01,-6.200000000000000000e+01,-4.700000000000000000e+01,-4.700000000000000000e+01,-4.300000000000000000e+01
-5.000000000000000000e+00,-4.500000000000000000e+01,-5.400000000000000000e+01,-5.400000000000000000e+01,-7.400000000000000000e+01
-4.200000000000000000e+01,-4.500000000000000000e+01,-2.700000000000000000e+01,-2.700000000000000000e+01,-3.900000000000000000e+01
-3.100000000000000000e+01,-5.300000000000000000e+01,-4.300000000000000000e+01,-4.300000000000000000e+01,-4.700000000000000000e+01
-3.400000000000000000e+01,1.000000000000000000e+00,-4.000000000000000000e+01,-4.000000000000000000e+01,-5.400000000000000000e+01
-5.700000000000000000e+01,-2.900000000000000000e+01,-6.200000000000000000e+01,-6.200000000000000000e+01,-2.700000000000000000e+01
-5.400000000000000000e+01,-2.600000000000000000e+01,-4.500000000000000000e+01,-4.500000000000000000e+01,-4.300000000000000000e+01
-8.900000000000000000e+01,-5.400000000000000000e+01,-4.500000000000000000e+01,-4.500000000000000000e+01,-4.000000000000000000e+01
-3.900000000000000000e+01,-5.000000000000000000e+01,-5.300000000000000000e+01,-5.300000000000000000e+01,-6.200000000000000000e+01
-4.100000000000000000e+01,-7.400000000000000000e+01,1.000000000000000000e+00,1.000000000000000000e+00,-4.500000000000000000e+01
-5.500000000000000000e+01,-5.200000000000000000e+01,-2.900000000000000000e+01,-2.900000000000000000e+01,-4.500000000000000000e+01
-3.300000000000000000e+01,-4.300000000000000000e+01,-2.600000000000000000e+01,-2.600000000000000000e+01,-5.300000000000000000e+01
-4.600000000000000000e+01,-4.100000000000000000e+01,-5.400000000000000000e+01,-5.400000000000000000e+01,1.000000000000000000e+00
-4.200000000000000000e+01,-3.300000000000000000e+01,-5.000000000000000000e+01,-5.000000000000000000e+01,-2.900000000000000000e+01
-7.900000000000000000e+01,-4.900000000000000000e+01,-7.400000000000000000e+01,-7.400000000000000000e+01,-2.600000000000000000e+01
-4.800000000000000000e+01,-4.200000000000000000e+01,-5.200000000000000000e+01,-5.200000000000000000e+01,-5.400000000000000000e+01
-4.700000000000000000e+01,-3.300000000000000000e+01,-4.300000000000000000e+01,-4.300000000000000000e+01,-5.000000000000000000e+01
-5.700000000000000000e+01,-7.300000000000000000e+01,-4.100000000000000000e+01,-4.100000000000000000e+01,-7.400000000000000000e+01
-3.900000000000000000e+01,-5.500000000000000000e+01,-3.300000000000000000e+01,-3.300000000000000000e+01,-5.200000000000000000e+01
-3.900000000000000000e+01,-5.200000000000000000e+01,-4.900000000000000000e+01,-4.900000000000000000e+01,-4.300000000000000000e+01
-2.300000000000000000e+01,5.000000000000000000e+00,-4.200000000000000000e+01,-4.200000000000000000e+01,-4.100000000000000000e+01
-4.400000000000000000e+01,-3.300000000000000000e+01,-3.300000000000000000e+01,-3.300000000000000000e+01,-3.300000000000000000e+01
-6.800000000000000000e+01,-5.300000000000000000e+01,-7.300000000000000000e+01,-7.300000000000000000e+01,-4.900000000000000000e+01
-5.400000000000000000e+01,-3.900000000000000000e+01,-5.500000000000000000e+01,-5.500000000000000000e+01,-4.200000000000000000e+01
-5.700000000000000000e+01,-5.400000000000000000e+01,-5.200000000000000000e+01,-5.200000000000000000e+01,-3.300000000000000000e+01
-2.800000000000000000e+01,-5.900000000000000000e+01,5.000000000000000000e+00,5.000000000000000000e+00,-7.300000000000000000e+01
-4.400000000000000000e+01,-6.200000000000000000e+01,-3.300000000000000000e+01,-3.300000000000000000e+01,-5.500000000000000000e+01
-3.400000000000000000e+01,-3.700000000000000000e+01,-5.300000000000000000e+01,-5.300000000000000000e+01,-5.200000000000000000e+01
-4.300000000000000000e+01,-3.000000000000000000e+00,-3.900000000000000000e+01,-3.900000000000000000e+01,5.000000000000000000e+00
-5.200000000000000000e+01,-4.700000000000000000e+01,-5.400000000000000000e+01,-5.400000000000000000e+01,-3.300000000000000000e+01
-4.900000000000000000e+01,-3.400000000000000000e+01,-5.900000000000000000e+01,-5.900000000000000000e+01,-5.300000000000000000e+01
-7.400000000000000000e+01,-4.500000000000000000e+01,-6.200000000000000000e+01,-6.200000000000000000e+01,-3.900000000000000000e+01
-4.300000000000000000e+01,-5.500000000000000000e+01,-3.700000000000000000e+01,-3.700000000000000000e+01,-5.400000000000000000e+01
-4.700000000000000000e+01,-6.300000000000000000e+01,-3.000000000000000000e+00,-3.000000000000000000e+00,-5.900000000000000000e+01
-5.700000000000000000e+01,-5.000000000000000000e+01,-4.700000000000000000e+01,-4.700000000000000000e+01,-6.200000000000000000e+01
-2.900000000000000000e+01,-2.800000000000000000e+01,-3.400000000000000000e+01,-3.400000000000000000e+01,-3.700000000000000000e+01
-5.300000000000000000e+01,-4.500000000000000000e+01,-4.500000000000000000e+01,-4.500000000000000000e+01,-3.000000000000000000e+00
-4.500000000000000000e+01,-3.800000000000000000e+01,-5.500000000000000000e+01,-5.500000000000000000e+01,-4.700000000000000000e+01
-6.800000000000000000e+01,-4.100000000000000000e+01,-6.300000000000000000e+01,-6.300000000000000000e+01,-3.400000000000000000e+01
-5.300000000000000000e+01,-6.200000000000000000e+01,-5.000000000000000000e+01,-5.000000000000000000e+01,-4.500000000000000000e+01
-4.800000000000000000e+01,-3.900000000000000000e+01,-2.800000000000000000e+01,-2.800000000000000000e+01,-5.500000000000000000e+01
-5.700000000000000000e+01,-6.500000000000000000e+01,-4.500000000000000000e+01,-4.500000000000000000e+01,-6.300000000000000000e+01
-1.000000000000000000e+00,-5.300000000000000000e+01,-3.800000000000000000e+01,-3.800000000000000000e+01,-5.000000000000000000e+01
-3.600000000000000000e+01,-3.600000000000000000e+01,-4.100000000000000000e+01,-4.100000000000000000e+01,-2.800000000000000000e+01
-3.100000000000000000e+01,-2.700000000000000000e+01,-6.200000000000000000e+01,-6.200000000000000000e+01,-4.500000000000000000e+01
-5.700000000000000000e+01,-4.100000000000000000e+01,-3.900000000000000000e+01,-3.900000000000000000e+01,-3.800000000000000000e+01
-5.800000000000000000e+01,-5.500000000000000000e+01,-6.500000000000000000e+01,-6.500000000000000000e+01,-4.100000000000000000e+01
-7.900000000000000000e+01,-5.000000000000000000e+01,-5.300000000000000000e+01,-5.300000000000000000e+01,-6.200000000000000000e+01
-6.000000000000000000e+01,-5.300000000000000000e+01,-3.600000000000000000e+01,-3.600000000000000000e+01,-3.900000000000000000e+01
-4.100000000000000000e+01,-5.400000000000000000e+01,-2.700000000000000000e+01,-2.700000000000000000e+01,-6.500000000000000000e+01
-3.900000000000000000e+01,-1.300000000000000000e+01,-4.100000000000000000e+01,-4.100000000000000000e+01,-5.300000000000000000e+01
-3.500000000000000000e+01,-3.500000000000000000e+01,-5.500000000000000000e+01,-5.500000000000000000e+01,-3.600000000000000000e+01
-5.200000000000000000e+01,-2.300000000000000000e+01,-5.000000000000000000e+01,-5.000000000000000000e+01,-2.700000000000000000e+01
-4.700000000000000000e+01,-5.800000000000000000e+01,-5.300000000000000000e+01,-5.300000000000000000e+01,-4.100000000000000000e+01
-3.700000000000000000e+01,-4.200000000000000000e+01,-5.400000000000000000e+01,-5.400000000000000000e+01,-5.500000000000000000e+01
-7.700000000000000000e+01,-7.800000000000000000e+01,-1.300000000000000000e+01,-1.300000000000000000e+01,-5.000000000000000000e+01
-5.700000000000000000e+01,-5.200000000000000000e+01,-3.500000000000000000e+01,-3.500000000000000000e+01,-5.300000000000000000e+01
-5.400000000000000000e+01,-4.700000000000000000e+01,-2.300000000000000000e+01,-2.300000000000000000e+01,-5.400000000000000000e+01
-1.000000000000000000e+00,-4.200000000000000000e+01,-5.800000000000000000e+01,-5.800000000000000000e+01,-1.300000000000000000e+01
-3.800000000000000000e+01,-3.300000000000000000e+01,-4.200000000000000000e+01,-4.200000000000000000e+01,-3.500000000000000000e+01
-4.900000000000000000e+01,-5.300000000000000000e+01,-7.800000000000000000e+01,-7.800000000000000000e+01,-2.300000000000000000e+01
-3.900000000000000000e+01,-2.700000000000000000e+01,-5.200000000000000000e+01,-5.200000000000000000e+01,-5.800000000000000000e+01
-6.100000000000000000e+01,-3.300000000000000000e+01,-4.700000000000000000e+01,-4.700000000000000000e+01,-4.200000000000000000e+01
-5.800000000000000000e+01,-7.100000000000000000e+01,-4.200000000000000000e+01,-4.200000000000000000e+01,-7.800000000000000000e+01
-7.400000000000000000e+01,-5.700000000000000000e+01,-3.300000000000000000e+01,-3.300000000000000000e+01,-5.200000000000000000e+01
-3.800000000000000000e+01,-5.700000000000000000e+01,-5.300000000000000000e+01,-5.300000000000000000e+01,-4.700000000000000000e+01
-8.000000000000000000e+00,-5.000000000000000000e+00,-2.700000000000000000e+01,-2.700000000000000000e+01,-4.200000000000000000e+01
-5.200000000000000000e+01,-4.200000000000000000e+01,-3.300000000000000000e+01,-3.300000000000000000e+01,-3.300000000000000000e+01
-4.200000000000000000e+01,-3.100000000000000000e+01,-7.100000000000000000e+01,-7.100000000000000000e+01,-5.300000000000000000e+01
-4.900000000000000000e+01,-3.400000000000000000e+01,-5.700000000000000000e+01,-5.700000000000000000e+01,-2.700000000000000000e+01
-5.500000000000000000e+01,-5.700000000000000000e+01,-5.700000000000000000e+01,-5.700000000000000000e+01,-3.300000000000000000e+01
-7.000000000000000000e+01,-5.400000000000000000e+01,-5.000000000000000000e+00,-5.000000000000000000e+00,-7.100000000000000000e+01
-5.100000000000000000e+01,-8.900000000000000000e+01,-4.200000000000000000e+01,-4.200000000000000000e+01,-5.700000000000000000e+01
-3.300000000000000000e+01,-3.900000000000000000e+01,-3.100000000000000000e+01,-3.100000000000000000e+01,-5.700000000000000000e+01
-5.100000000000000000e+01,-4.100000000000000000e+01,-3.400000000000000000e+01,-3.400000000000000000e+01,-5.000000000000000000e+00
-4.300000000000000000e+01,-5.500000000000000000e+01,-5.700000000000000000e+01,-5.700000000000000000e+01,-4.200000000000000000e+01
-3.800000000000000000e+01,-3.300000000000000000e+01,-5.400000000000000000e+01,-5.400000000000000000e+01,-3.100000000000000000e+01
-4.600000000000000000e+01,-4.600000000000000000e+01,-8.900000000000000000e+01,-8.900000000000000000e+01,-3.400000000000000000e+01
-4.100000000000000000e+01,-4.200000000000000000e+01,-3.900000000000000000e+01,-3.900000000000000000e+01,-5.700000000000000000e+01
-7.500000000000000000e+01,-7.900000000000000000e+01,-4.100000000000000000e+01,-4.100000000000000000e+01,-5.400000000000000000e+01
-5.200000000000000000e+01,-4.800000000000000000e+01,-5.500000000000000000e+01,-5.500000000000000000e+01,-8.900000000000000000e+01
-4.700000000000000000e+01,-4.700000000000000000e+01,-3.300000000000000000e+01,-3.300000000000000000e+01,-3.900000000000000000e+01
-2.000000000000000000e+01,-5.700000000000000000e+01,-4.600000000000000000e+01,-4.600000000000000000e+01,-4.100000000000000000e+01
-3.800000000000000000e+01,-3.900000000000000000e+01,-4.200000000000000000e+01,-4.200000000000000000e+01,-5.500000000000000000e+01
-5.000000000000000000e+01,-3.900000000000000000e+01,-7.900000000000000000e+01,-7.900000000000000000e+01,-3.300000000000000000e+01
-4.700000000000000000e+01,-2.300000000000000000e+01,-4.800000000000000000e+01,-4.800000000000000000e+01,-4.600000000000000000e+01
-5.500000000000000000e+01,-4.400000000000000000e+01,-4.700000000000000000e+01,-4.700000000000000000e+01,-4.200000000000000000e+01
-5.400000000000000000e+01,-6.800000000000000000e+01,-5.700000000000000000e+01,-5.700000000000000000e+01,-7.900000000000000000e+01
-4.400000000000000000e+01,-5.400000000000000000e+01,-3.900000000000000000e+01,-3.900000000000000000e+01,-4.800000000000000000e+01
-3.700000000000000000e+01,-5.700000000000000000e+01,-3.900000000000000000e+01,-3.900000000000000000e+01,-4.700000000000000000e+01
-3.300000000000000000e+01,-2.800000000000000000e+01,-2.300000000000000000e+01,-2.300000000000000000e+01,-5.700000000000000000e+01
-5.500000000000000000e+01,-4.400000000000000000e+01,-4.400000000000000000e+01,-4.400000000000000000e+01,-3.900000000000000000e+01
-3.300000000000000000e+01,-3.400000000000000000e+01,-6.800000000000000000e+01,-6.800000000000000000e+01,-3.900000000000000000e+01
-6.900000000000000000e+01,-4.300000000000000000e+01,-5.400000000000000000e+01,-5.400000000000000000e+01,-2.300000000000000000e+01
-5.100000000000000000e+01,-5.200000000000000000e+01,-5.700000000000000000e+01,-5.700000000000000000e+01,-4.400000000000000000e+01
-6.500000000000000000e+01,-4.900000000000000000e+01,-2.800000000000000000e+01,-2.800000000000000000e+01,-6.800000000000000000e+01
-5.100000000000000000e+01,-7.400000000000000000e+01,-4.400000000000000000e+01,-4.400000000000000000e+01,-5.400000000000000000e+01
-2.900000000000000000e+01,-4.300000000000000000e+01,-3.400000000000000000e+01,-3.400000000000000000e+01,-5.700000000000000000e+01
-5.100000000000000000e+01,-4.700000000000000000e+01,-4.300000000000000000e+01,-4.300000000000000000e+01,-2.800000000000000000e+01
1.200000000000000000e+01,-5.700000000000000000e+01,-5.200000000000000000e+01,-5.200000000000000000e+01,-4.400000000000000000e+01
-3.100000000000000000e+01,-2.900000000000000000e+01,-4.900000000000000000e+01,-4.900000000000000000e+01,-3.400000000000000000e+01
-5.400000000000000000e+01,-5.300000000000000000e+01,-7.400000000000000000e+01,-7.400000000000000000e+01,-4.300000000000000000e+01
-5.700000000000000000e+01,-4.500000000000000000e+01,-4.300000000000000000e+01,-4.300000000000000000e+01,-5.200000000000000000e+01
-6.400000000000000000e+01,-6.800000000000000000e+01,-4.700000000000000000e+01,-4.700000000000000000e+01,-4.900000000000000000e+01
-3.100000000000000000e+01,-5.300000000000000000e+01,-5.700000000000000000e+01,-5.700000000000000000e+01,-7.400000000000000000e+01
-4.300000000000000000e+01,-4.800000000000000000e+01,-2.900000000000000000e+01,-2.900000000000000000e+01,-4.300000000000000000e+01
-2.500000000000000000e+01,-5.700000000000000000e+01,-5.300000000000000000e+01,-5.300000000000000000e+01,-4.700000000000000000e+01
-3.300000000000000000e+01,-1.000000000000000000e+00,-4.500000000000000000e+01,-4.500000000000000000e+01,-5.700000000000000000e+01
-5.000000000000000000e+01,-3.600000000000000000e+01,-6.800000000000000000e+01,-6.800000000000000000e+01,-2.900000000000000000e+01
-5.900000000000000000e+01,-3.100000000000000000e+01,-5.300000000000000000e+01,-5.300000000000000000e+01,-5.300000000000000000e+01
-9.800000000000000000e+01,-5.700000000000000000e+01,-4.800000000000000000e+01,-4.800000000000000000e+01,-4.500000000000000000e+01
-3.800000000000000000e+01,-5.800000000000000000e+01,-5.700000000000000000e+01,-5.700000000000000000e+01,-6.800000000000000000e+01
-4.100000000000000000e+01,-7.900000000000000000e+01,-1.000000000000000000e+00,-1.000000000000000000e+00,-5.300000000000000000e+01
-5.100000000000000000e+01,-6.000000000000000000e+01,-3.600000000000000000e+01,-3.600000000000000000e+01,-4.800000000000000000e+01
-2.800000000000000000e+01,-4.100000000000000000e+01,-3.100000000000000000e+01,-3.100000000000000000e+01,-5.700000000000000000e+01
-3.800000000000000000e+01,-3.900000000000000000e+01,-5.700000000000000000e+01,-5.700000000000000000e+01,-1.000000000000000000e+00
-4.300000000000000000e+01,-3.500000000000000000e+01,-5.800000000000000000e+01,-5.800000000000000000e+01,-3.600000000000000000e+01
-7.500000000000000000e+01,-5.200000000000000000e+01,-7.900000000000000000e+01,-7.900000000000000000e+01,-3.100000000000000000e+01
-4.800000000000000000e+01,-4.700000000000000000e+01,-6.000000000000000000e+01,-6.000000000000000000e+01,-5.700000000000000000e+01
-5.200000000000000000e+01,-3.700000000000000000e+01,-4.100000000000000000e+01,-4.100000000000000000e+01,-5.800000000000000000e+01
-5.700000000000000000e+01,-7.700000000000000000e+01,-3.900000000000000000e+01,-3.900000000000000000e+01,-7.900000000000000000e+01
-3.500000000000000000e+01,-5.700000000000000000e+01,-3.500000000000000000e+01,-3.500000000000000000e+01,-6.000000000000000000e+01
-3.700000000000000000e+01,-5.400000000000000000e+01,-5.200000000000000000e+01,-5.200000000000000000e+01,-4.100000000000000000e+01
-1.600000000000000000e+01,-1.000000000000000000e+00,-4.700000000000000000e+01,-4.700000000000000000e+01,-3.900000000000000000e+01
-4.600000000000000000e+01,-3.800000000000000000e+01,-3.700000000000000000e+01,-3.700000000000000000e+01,-3.500000000000000000e+01
-6.300000000000000000e+01,-4.900000000000000000e+01,-7.700000000000000000e+01,-7.700000000000000000e+01,-5.200000000000000000e+01
-5.100000000000000000e+01,-3.900000000000000000e+01,-5.700000000000000000e+01,-5.700000000000000000e+01,-4.700000000000000000e+01
-5.700000000000000000e+01,-6.100000000000000000e+01,-5.400000000000000000e+01,-5.400000000000000000e+01,-3.700000000000000000e+01
-3.500000000000000000e+01,-5.800000000000000000e+01,-1.000000000000000000e+00,-1.000000000000000000e+00,-7.700000000000000000e+01
-4.100000000000000000e+01,-7.400000000000000000e+01,-3.800000000000000000e+01,-3.800000000000000000e+01,-5.700000000000000000e+01
-3.000000000000000000e+01,-3.800000000000000000e+01,-4.900000000000000000e+01,-4.900000000000000000e+01,-5.400000000000000000e+01
-4.600000000000000000e+01,-8.000000000000000000e+00,-3.900000000000000000e+01,-3.900000000000000000e+01,-1.000000000000000000e+00
-4.700000000000000000e+01,-5.200000000000000000e+01,-6.100000000000000000e+01,-6.100000000000000000e+01,-3.800000000000000000e+01
-4.500000000000000000e+01,-4.200000000000000000e+01,-5.800000000000000000e+01,-5.800000000000000000e+01,-4.900000000000000000e+01
-7.600000000000000000e+01,-4.900000000000000000e+01,-7.400000000000000000e+01,-7.400000000000000000e+01,-3.900000000000000000e+01
-4.100000000000000000e+01,-5.500000000000000000e+01,-3.800000000000000000e+01,-3.800000000000000000e+01,-6.100000000000000000e+01
-5.300000000000000000e+01,-7.000000000000000000e+01,-8.000000000000000000e+00,-8.000000000000000000e+00,-5.800000000000000000e+01
-5.600000000000000000e+01,-5.100000000000000000e+01,-5.200000000000000000e+01,-5.200000000000000000e+01,-7.400000000000000000e+01
-2.900000000000000000e+01,-3.300000000000000000e+01,-4.200000000000000000e+01,-4.200000000000000000e+01,-3.800000000000000000e+01
-5.400000000000000000e+01,-5.100000000000000000e+01,-4.900000000000000000e+01,-4.900000000000000000e+01,-8.000000000000000000e+00
-4.300000000000000000e+01,-4.300000000000000000e+01,-5.500000000000000000e+01,-5.500000000000000000e+01,-5.200000000000000000e+01
-6.600000000000000000e+01,-3.800000000000000000e+01,-7.000000000000000000e+01,-7.000000000000000000e+01,-4.200000000000000000e+01
-5.100000000000000000e+01,-4.600000000000000000e+01,-5.100000000000000000e+01,-5.100000000000000000e+01,-4.900000000000000000e+01
-4.900000000000000000e+01,-4.100000000000000000e+01,-3.300000000000000000e+01,-3.300000000000000000e+01,-5.500000000000000000e+01
-5.200000000000000000e+01,-7.500000000000000000e+01,-5.100000000000000000e+01,-5.100000000000000000e+01,-7.000000000000000000e+01
3.000000000000000000e+00,-5.200000000000000000e+01,-4.300000000000000000e+01,-4.300000000000000000e+01,-5.100000000000000000e+01
-3.100000000000000000e+01,-4.700000000000000000e+01,-3.800000000000000000e+01,-3.800000000000000000e+01,-3.300000000000000000e+01
-3.000000000000000000e+01,-2.000000000000000000e+01,-4.600000000000000000e+01,-4.600000000000000000e+01,-5.100000000000000000e+01
-5.100000000000000000e+01,-3.800000000000000000e+01,-4.100000000000000000e+01,-4.100000000000000000e+01,-4.300000000000000000e+01
-5.200000000000000000e+01,-5.000000000000000000e+01,-7.500000000000000000e+01,-7.500000000000000000e+01,-3.800000000000000000e+01
-7.300000000000000000e+01,-4.700000000000000000e+01,-5.200000000000000000e+01,-5.200000000000000000e+01,-4.600000000000000000e+01
-5.400000000000000000e+01,-5.500000000000000000e+01,-4.700000000000000000e+01,-4.700000000000000000e+01,-4.100000000000000000e+01
-3.600000000000000000e+01,-5.400000000000000000e+01,-2.000000000000000000e+01,-2.000000000000000000e+01,-7.500000000000000000e+01
-3.900000000000000000e+01,-4.400000000000000000e+01,-3.800000000000000000e+01,-3.800000000000000000e+01,-5.200000000000000000e+01
-3.500000000000000000e+01,-3.700000000000000000e+01,-5.000000000000000000e+01,-5.000000000000000000e+01,-4.700000000000000000e+01
-5.300000000000000000e+01,-3.300000000000000000e+01,-4.700000000000000000e+01,-4.700000000000000000e+01,-2.000000000000000000e+01
-6.000000000000000000e+01,-5.500000000000000000e+01,-5.500000000000000000e+01,-5.500000000000000000e+01,-3.800000000000000000e+01
-3.200000000000000000e+01,-3.300000000000000000e+01,-5.400000000000000000e+01,-5.400000000000000000e+01,-5.000000000000000000e+01
-7.400000000000000000e+01,-6.900000000000000000e+01,-4.400000000000000000e+01,-4.400000000000000000e+01,-4.700000000000000000e+01
-5.900000000000000000e+01,-5.100000000000000000e+01,-3.700000000000000000e+01,-3.700000000000000000e+01,-5.500000000000000000e+01
-4.000000000000000000e+01,-6.500000000000000000e+01,-3.300000000000000000e+01,-3.300000000000000000e+01,-5.400000000000000000e+01
-2.000000000000000000e+00,-5.100000000000000000e+01,-5.500000000000000000e+01,-5.500000000000000000e+01,-4.400000000000000000e+01
-3.400000000000000000e+01,-2.900000000000000000e+01,-3.300000000000000000e+01,-3.300000000000000000e+01,-3.700000000000000000e+01
-6.100000000000000000e+01,-5.100000000000000000e+01,-6.900000000000000000e+01,-6.900000000000000000e+01,-3.300000000000000000e+01
-4.300000000000000000e+01,1.200000000000000000e+01,-5.100000000000000000e+01,-5.100000000000000000e+01,-5.500000000000000000e+01
-5.800000000000000000e+01,-3.100000000000000000e+01,-6.500000000000000000e+01,-6.500000000000000000e+01,-3.300000000000000000e+01
-5.800000000000000000e+01,-5.400000000000000000e+01,-5.100000000000000000e+01,-5.100000000000000000e+01,-6.900000000000000000e+01
-5.500000000000000000e+01,-5.700000000000000000e+01,-2.900000000000000000e+01,-2.900000000000000000e+01,-5.100000000000000000e+01
-3.900000000000000000e+01,-6.400000000000000000e+01,-5.100000000000000000e+01,-5.100000000000000000e+01,-6.500000000000000000e+01
-7.000000000000000000e+00,-3.100000000000000000e+01,1.200000000000000000e+01,1.200000000000000000e+01,-5.100000000000000000e+01
-4.500000000000000000e+01,-4.300000000000000000e+01,-3.100000000000000000e+01,-3.100000000000000000e+01,-2.900000000000000000e+01
-4.300000000000000000e+01,-2.500000000000000000e+01,-5.400000000000000000e+01,-5.400000000000000000e+01,-5.100000000000000000e+01
-4.800000000000000000e+01,-3.300000000000000000e+01,-5.700000000000000000e+01,-5.700000000000000000e+01,1.200000000000000000e+01
-5.800000000000000000e+01,-5.000000000000000000e+01,-6.400000000000000000e+01,-6.400000000000000000e+01,-3.100000000000000000e+01
-6.000000000000000000e+01,-5.900000000000000000e+01,-3.100000000000000000e+01,-3.100000000000000000e+01,-5.400000000000000000e+01
-5.100000000000000000e+01,-9.800000000000000000e+01,-4.300000000000000000e+01,-4.300000000000000000e+01,-5.700000000000000000e+01
-2.900000000000000000e+01,-3.800000000000000000e+01,-2.500000000000000000e+01,-2.500000000000000000e+01,-6.400000000000000000e+01
-4.900000000000000000e+01,-4.100000000000000000e+01,-3.300000000000000000e+01,-3.300000000000000000e+01,-3.100000000000000000e+01
-4.300000000000000000e+01,-5.100000000000000000e+01,-5.000000000000000000e+01,-5.000000000000000000e+01,-4.300000000000000000e+01
-4.300000000000000000e+01,-2.800000000000000000e+01,-5.900000000000000000e+01,-5.900000000000000000e+01,-2.500000000000000000e+01
-5.600000000000000000e+01,-3.800000000000000000e+01,-9.800000000000000000e+01,-9.800000000000000000e+01,-3.300000000000000000e+01
-4.200000000000000000e+01,-4.300000000000000000e+01,-3.800000000000000000e+01,-3.800000000000000000e+01,-5.000000000000000000e+01
-7.100000000000000000e+01,-7.500000000000000000e+01,-4.100000000000000000e+01,-4.100000000000000000e+01,-5.900000000000000000e+01
-5.400000000000000000e+01,-4.800000000000000000e+01,-5.100000000000000000e+01,-5.100000000000000000e+01,-9.800000000000000000e+01
-3.900000000000000000e+01,-5.200000000000000000e+01,-2.800000000000000000e+01,-2.800000000000000000e+01,-3.800000000000000000e+01
-2.400000000000000000e+01,-5.700000000000000000e+01,-3.800000000000000000e+01,-3.800000000000000000e+01,-4.100000000000000000e+01
-3.800000000000000000e+01,-3.500000000000000000e+01,-4.300000000000000000e+01,-4.300000000000000000e+01,-5.100000000000000000e+01
-5.400000000000000000e+01,-3.700000000000000000e+01,-7.500000000000000000e+01,-7.500000000000000000e+01,-2.800000000000000000e+01
-4.600000000000000000e+01,-1.600000000000000000e+01,-4.800000000000000000e+01,-4.800000000000000000e+01,-3.800000000000000000e+01
-5.800000000000000000e+01,-4.600000000000000000e+01,-5.200000000000000000e+01,-5.200000000000000000e+01,-4.300000000000000000e+01
-5.300000000000000000e+01,-6.300000000000000000e+01,-5.700000000000000000e+01,-5.700000000000000000e+01,-7.500000000000000000e+01
-2.500000000000000000e+01,-5.100000000000000000e+01,-3.500000000000000000e+01,-3.500000000000000000e+01,-4.800000000000000000e+01
-3.600000000000000000e+01,-5.700000000000000000e+01,-3.700000000000000000e+01,-3.700000000000000000e+01,-5.200000000000000000e+01
-2.200000000000000000e+01,-3.500000000000000000e+01,-1.600000000000000000e+01,-1.600000000000000000e+01,-5.700000000000000000e+01
-5.800000000000000000e+01,-4.100000000000000000e+01,-4.600000000000000000e+01,-4.600000000000000000e+01,-3.500000000000000000e+01
-3.800000000000000000e+01,-3.000000000000000000e+01,-6.300000000000000000e+01,-6.300000000000000000e+01,-3.700000000000000000e+01
-7.600000000000000000e+01,-4.600000000000000000e+01,-5.100000000000000000e+01,-5.100000000000000000e+01,-1.600000000000000000e+01
-5.600000000000000000e+01,-4.700000000000000000e+01,-5.700000000000000000e+01,-5.700000000000000000e+01,-4.600000000000000000e+01
-5.400000000000000000e+01,-4.500000000000000000e+01,-3.500000000000000000e+01,-3.500000000000000000e+01,-6.300000000000000000e+01
-4.400000000000000000e+01,-7.600000000000000000e+01,-4.100000000000000000e+01,-4.100000000000000000e+01,-5.100000000000000000e+01
-3.400000000000000000e+01,-4.100000000000000000e+01,-3.000000000000000000e+01,-3.000000000000000000e+01,-5.700000000000000000e+01
-5.100000000000000000e+01,-5.300000000000000000e+01,-4.600000000000000000e+01,-4.600000000000000000e+01,-3.500000000000000000e+01
-1.700000000000000000e+01,-5.600000000000000000e+01,-4.700000000000000000e+01,-4.700000000000000000e+01,-4.100000000000000000e+01
-3.000000000000000000e+01,-2.900000000000000000e+01,-4.500000000000000000e+01,-4.500000000000000000e+01,-3.000000000000000000e+01
-7.200000000000000000e+01,-5.400000000000000000e+01,-7.600000000000000000e+01,-7.600000000000000000e+01,-4.600000000000000000e+01
-5.500000000000000000e+01,-4.300000000000000000e+01,-4.100000000000000000e+01,-4.100000000000000000e+01,-4.700000000000000000e+01
-5.900000000000000000e+01,-6.600000000000000000e+01,-5.300000000000000000e+01,-5.300000000000000000e+01,-4.500000000000000000e+01
-4.000000000000000000e+00,-5.100000000000000000e+01,-5.600000000000000000e+01,-5.600000000000000000e+01,-7.600000000000000000e+01
-3.600000000000000000e+01,-4.900000000000000000e+01,-2.900000000000000000e+01,-2.900000000000000000e+01,-4.100000000000000000e+01
-3.300000000000000000e+01,-5.200000000000000000e+01,-5.400000000000000000e+01,-5.400000000000000000e+01,-5.300000000000000000e+01
-3.200000000000000000e+01,3.000000000000000000e+00,-4.300000000000000000e+01,-4.300000000000000000e+01,-5.600000000000000000e+01
-5.000000000000000000e+01,-3.100000000000000000e+01,-6.600000000000000000e+01,-6.600000000000000000e+01,-2.900000000000000000e+01
-5.300000000000000000e+01,-3.000000000000000000e+01,-5.100000000000000000e+01,-5.100000000000000000e+01,-5.400000000000000000e+01
-9.600000000000000000e+01,-5.100000000000000000e+01,-4.900000000000000000e+01,-4.900000000000000000e+01,-4.300000000000000000e+01
-3.800000000000000000e+01,-5.200000000000000000e+01,-5.200000000000000000e+01,-5.200000000000000000e+01,-6.600000000000000000e+01
-4.400000000000000000e+01,-7.300000000000000000e+01,3.000000000000000000e+00,3.000000000000000000e+00,-5.100000000000000000e+01
-5.000000000000000000e+01,-5.400000000000000000e+01,-3.100000000000000000e+01,-3.100000000000000000e+01,-4.900000000000000000e+01
-2.700000000000000000e+01,-3.600000000000000000e+01,-3.000000000000000000e+01,-3.000000000000000000e+01,-5.200000000000000000e+01
-2.900000000000000000e+01,-3.900000000000000000e+01,-5.100000000000000000e+01,-5.100000000000000000e+01,3.000000000000000000e+00
-4.100000000000000000e+01,-3.500000000000000000e+01,-5.200000000000000000e+01,-5.200000000000000000e+01,-3.100000000000000000e+01
-7.400000000000000000e+01,-5.300000000000000000e+01,-7.300000000000000000e+01,-7.300000000000000000e+01,-3.000000000000000000e+01
-4.600000000000000000e+01,-6.000000000000000000e+01,-5.400000000000000000e+01,-5.400000000000000000e+01,-5.100000000000000000e+01
-4.700000000000000000e+01,-3.200000000000000000e+01,-3.600000000000000000e+01,-3.600000000000000000e+01,-5.200000000000000000e+01
-5.800000000000000000e+01,-7.400000000000000000e+01,-3.900000000000000000e+01,-3.900000000000000000e+01,-7.300000000000000000e+01
-3.800000000000000000e+01,-5.900000000000000000e+01,-3.500000000000000000e+01,-3.500000000000000000e+01,-5.400000000000000000e+01
-3.600000000000000000e+01,-4.000000000000000000e+01,-5.300000000000000000e+01,-5.300000000000000000e+01,-3.600000000000000000e+01
-5.000000000000000000e+00,-2.000000000000000000e+00,-6.000000000000000000e+01,-6.000000000000000000e+01,-3.900000000000000000e+01
-4.900000000000000000e+01,-3.400000000000000000e+01,-3.200000000000000000e+01,-3.200000000000000000e+01,-3.500000000000000000e+01
-5.400000000000000000e+01,-6.100000000000000000e+01,-7.400000000000000000e+01,-7.400000000000000000e+01,-5.300000000000000000e+01
-4.900000000000000000e+01,-4.300000000000000000e+01,-5.900000000000000000e+01,-5.900000000000000000e+01,-6.000000000000000000e+01
-5.700000000000000000e+01,-5.800000000000000000e+01,-4.000000000000000000e+01,-4.000000000000000000e+01,-3.200000000000000000e+01
-4.100000000000000000e+01,-5.800000000000000000e+01,-2.000000000000000000e+00,-2.000000000000000000e+00,-7.400000000000000000e+01
-4.200000000000000000e+01,-5.500000000000000000e+01,-3.400000000000000000e+01,-3.400000000000000000e+01,-5.900000000000000000e+01
-2.600000000000000000e+01,-3.900000000000000000e+01,-6.100000000000000000e+01,-6.100000000000000000e+01,-4.000000000000000000e+01
-4.300000000000000000e+01,-7.000000000000000000e+00,-4.300000000000000000e+01,-4.300000000000000000e+01,-2.000000000000000000e+00
-4.600000000000000000e+01,-4.500000000000000000e+01,-5.800000000000000000e+01,-5.800000000000000000e+01,-3.400000000000000000e+01
-4.500000000000000000e+01,-4.300000000000000000e+01,-5.800000000000000000e+01,-5.800000000000000000e+01,-6.100000000000000000e+01
-7.400000000000000000e+01,-4.800000000000000000e+01,-5.500000000000000000e+01,-5.500000000000000000e+01,-4.300000000000000000e+01
-4.000000000000000000e+01,-5.800000000000000000e+01,-3.900000000000000000e+01,-3.900000000000000000e+01,-5.800000000000000000e+01
-5.500000000000000000e+01,-6.000000000000000000e+01,-7.000000000000000000e+00,-7.000000000000000000e+00,-5.800000000000000000e+01
-5.400000000000000000e+01,-5.100000000000000000e+01,-4.500000000000000000e+01,-4.500000000000000000e+01,-5.500000000000000000e+01
-2.800000000000000000e+01,-2.900000000000000000e+01,-4.300000000000000000e+01,-4.300000000000000000e+01,-3.900000000000000000e+01
-3.900000000000000000e+01,-4.900000000000000000e+01,-4.800000000000000000e+01,-4.800000000000000000e+01,-7.000000000000000000e+00
-4.200000000000000000e+01,-4.300000000000000000e+01,-5.800000000000000000e+01,-5.800000000000000000e+01,-4.500000000000000000e+01
-6.400000000000000000e+01,-4.300000000000000000e+01,-6.000000000000000000e+01,-6.000000000000000000e+01,-4.300000000000000000e+01
-4.900000000000000000e+01,-5.600000000000000000e+01,-5.100000000000000000e+01,-5.100000000000000000e+01,-4.800000000000000000e+01
-5.100000000000000000e+01,-4.200000000000000000e+01,-2.900000000000000000e+01,-2.900000000000000000e+01,-5.800000000000000000e+01
-5.300000000000000000e+01,-7.100000000000000000e+01,-4.900000000000000000e+01,-4.900000000000000000e+01,-6.000000000000000000e+01
-9.000000000000000000e+00,-5.400000000000000000e+01,-4.300000000000000000e+01,-4.300000000000000000e+01,-5.100000000000000000e+01
-3.400000000000000000e+01,-3.900000000000000000e+01,-4.300000000000000000e+01,-4.300000000000000000e+01,-2.900000000000000000e+01
-2.300000000000000000e+01,-2.400000000000000000e+01,-5.600000000000000000e+01,-5.600000000000000000e+01,-4.900000000000000000e+01
-5.300000000000000000e+01,-3.800000000000000000e+01,-4.200000000000000000e+01,-4.200000000000000000e+01,-4.300000000000000000e+01
-5.000000000000000000e+01,-5.400000000000000000e+01,-7.100000000000000000e+01,-7.100000000000000000e+01,-4.300000000000000000e+01
-7.100000000000000000e+01,-4.600000000000000000e+01,-5.400000000000000000e+01,-5.400000000000000000e+01,-5.600000000000000000e+01
-5.300000000000000000e+01,-5.800000000000000000e+01,-3.900000000000000000e+01,-3.900000000000000000e+01,-4.200000000000000000e+01
-3.400000000000000000e+01,-5.300000000000000000e+01,-2.400000000000000000e+01,-2.400000000000000000e+01,-7.100000000000000000e+01
-3.600000000000000000e+01,-2.500000000000000000e+01,-3.800000000000000000e+01,-3.800000000000000000e+01,-5.400000000000000000e+01
-3.300000000000000000e+01,-3.600000000000000000e+01,-5.400000000000000000e+01,-5.400000000000000000e+01,-3.900000000000000000e+01
-5.000000000000000000e+01,-2.200000000000000000e+01,-4.600000000000000000e+01,-4.600000000000000000e+01,-2.400000000000000000e+01
-6.100000000000000000e+01,-5.800000000000000000e+01,-5.800000000000000000e+01,-5.800000000000000000e+01,-3.800000000000000000e+01
-3.100000000000000000e+01,-3.800000000000000000e+01,-5.300000000000000000e+01,-5.300000000000000000e+01,-5.400000000000000000e+01
-7.200000000000000000e+01,-7.600000000000000000e+01,-2.500000000000000000e+01,-2.500000000000000000e+01,-4.600000000000000000e+01
-5.100000000000000000e+01,-5.600000000000000000e+01,-3.600000000000000000e+01,-3.600000000000000000e+01,-5.800000000000000000e+01
-4.200000000000000000e+01,-5.400000000000000000e+01,-2.200000000000000000e+01,-2.200000000000000000e+01,-5.300000000000000000e+01
4.000000000000000000e+00,-4.400000000000000000e+01,-5.800000000000000000e+01,-5.800000000000000000e+01,-2.500000000000000000e+01
-3.000000000000000000e+01,-3.400000000000000000e+01,-3.800000000000000000e+01,-3.800000000000000000e+01,-3.600000000000000000e+01
-5.700000000000000000e+01,-5.100000000000000000e+01,-7.600000000000000000e+01,-7.600000000000000000e+01,-2.200000000000000000e+01
-4.300000000000000000e+01,-1.700000000000000000e+01,-5.600000000000000000e+01,-5.600000000000000000e+01,-5.800000000000000000e+01
-5.700000000000000000e+01,-3.000000000000000000e+01,-5.400000000000000000e+01,-5.400000000000000000e+01,-3.800000000000000000e+01
-5.500000000000000000e+01,-7.200000000000000000e+01,-4.400000000000000000e+01,-4.400000000000000000e+01,-7.600000000000000000e+01
-4.900000000000000000e+01,-5.500000000000000000e+01,-3.400000000000000000e+01,-3.400000000000000000e+01,-5.600000000000000000e+01
-3.400000000000000000e+01,-5.900000000000000000e+01,-5.100000000000000000e+01,-5.100000000000000000e+01,-5.400000000000000000e+01
-5.000000000000000000e+00,-4.000000000000000000e+00,-1.700000000000000000e+01,-1.700000000000000000e+01,-4.400000000000000000e+01
-4.200000000000000000e+01,-3.600000000000000000e+01,-3.000000000000000000e+01,-3.000000000000000000e+01,-3.400000000000000000e+01
-4.200000000000000000e+01,-3.300000000000000000e+01,-7.200000000000000000e+01,-7.200000000000000000e+01,-5.100000000000000000e+01
-4.500000000000000000e+01,-3.200000000000000000e+01,-5.500000000000000000e+01,-5.500000000000000000e+01,-1.700000000000000000e+01
-5.200000000000000000e+01,-5.000000000000000000e+01,-5.900000000000000000e+01,-5.900000000000000000e+01,-3.000000000000000000e+01
-4.900000000000000000e+01,-5.300000000000000000e+01,-4.000000000000000000e+00,-4.000000000000000000e+00,-7.200000000000000000e+01
-4.400000000000000000e+01,-9.600000000000000000e+01,-3.600000000000000000e+01,-3.600000000000000000e+01,-5.500000000000000000e+01
-2.300000000000000000e+01,-3.800000000000000000e+01,-3.300000000000000000e+01,-3.300000000000000000e+01,-5.900000000000000000e+01
-4.300000000000000000e+01,-4.400000000000000000e+01,-3.200000000000000000e+01,-3.200000000000000000e+01,-4.000000000000000000e+00
-3.800000000000000000e+01,-5.000000000000000000e+01,-5.000000000000000000e+01,-5.000000000000000000e+01,-3.600000000000000000e+01
-3.700000000000000000e+01,-2.700000000000000000e+01,-5.300000000000000000e+01,-5.300000000000000000e+01,-3.300000000000000000e+01
-6.200000000000000000e+01,-2.900000000000000000e+01,-9.600000000000000000e+01,-9.600000000000000000e+01,-3.200000000000000000e+01
-3.800000000000000000e+01,-4.100000000000000000e+01,-3.800000000000000000e+01,-3.800000000000000000e+01,-5.000000000000000000e+01
-5.800000000000000000e+01,-7.400000000000000000e+01,-4.400000000000000000e+01,-4.400000000000000000e+01,-5.300000000000000000e+01
-4.900000000000000000e+01,-4.600000000000000000e+01,-5.000000000000000000e+01,-5.000000000000000000e+01,-9.600000000000000000e+01
-3.000000000000000000e+01,-4.700000000000000000e+01,-2.700000000000000000e+01,-2.700000000000000000e+01,-3.800000000000000000e+01
-2.000000000000000000e+01,-5.800000000000000000e+01,-2.900000000000000000e+01,-2.900000000000000000e+01,-4.400000000000000000e+01
-3.300000000000000000e+01,-3.800000000000000000e+01,-4.100000000000000000e+01,-4.100000000000000000e+01,-5.000000000000000000e+01
-5.200000000000000000e+01,-3.600000000000000000e+01,-7.400000000000000000e+01,-7.400000000000000000e+01,-2.700000000000000000e+01
-4.300000000000000000e+01,-5.000000000000000000e+00,-4.600000000000000000e+01,-4.600000000000000000e+01,-2.900000000000000000e+01
-5.300000000000000000e+01,-4.900000000000000000e+01,-4.700000000000000000e+01,-4.700000000000000000e+01,-4.100000000000000000e+01
-4.900000000000000000e+01,-5.400000000000000000e+01,-5.800000000000000000e+01,-5.800000000000000000e+01,-7.400000000000000000e+01
-2.000000000000000000e+01,-4.900000000000000000e+01,-3.800000000000000000e+01,-3.800000000000000000e+01,-4.600000000000000000e+01
-3.000000000000000000e+01,-5.700000000000000000e+01,-3.600000000000000000e+01,-3.600000000000000000e+01,-4.700000000000000000e+01
-2.000000000000000000e+01,-4.100000000000000000e+01,-5.000000000000000000e+00,-5.000000000000000000e+00,-5.800000000000000000e+01
-5.200000000000000000e+01,-4.200000000000000000e+01,-4.900000000000000000e+01,-4.900000000000000000e+01,-3.800000000000000000e+01
-3.000000000000000000e+01,-2.600000000000000000e+01,-5.400000000000000000e+01,-5.400000000000000000e+01,-3.600000000000000000e+01
-7.500000000000000000e+01,-4.300000000000000000e+01,-4.900000000000000000e+01,-4.900000000000000000e+01,-5.000000000000000000e+00
-4.800000000000000000e+01,-4.600000000000000000e+01,-5.700000000000000000e+01,-5.700000000000000000e+01,-4.900000000000000000e+01
-5.100000000000000000e+01,-4.500000000000000000e+01,-4.100000000000000000e+01,-4.100000000000000000e+01,-5.400000000000000000e+01
-4.400000000000000000e+01,-7.400000000000000000e+01,-4.200000000000000000e+01,-4.200000000000000000e+01,-4.900000000000000000e+01
-2.800000000000000000e+01,-4.000000000000000000e+01,-2.600000000000000000e+01,-2.600000000000000000e+01,-5.700000000000000000e+01
-4.500000000000000000e+01,-5.500000000000000000e+01,-4.300000000000000000e+01,-4.300000000000000000e+01,-4.100000000000000000e+01
1.000000000000000000e+00,-5.400000000000000000e+01,-4.600000000000000000e+01,-4.600000000000000000e+01,-4.200000000000000000e+01
-2.500000000000000000e+01,-2.800000000000000000e+01,-4.500000000000000000e+01,-4.500000000000000000e+01,-2.600000000000000000e+01
-5.900000000000000000e+01,-3.900000000000000000e+01,-7.400000000000000000e+01,-7.400000000000000000e+01,-4.300000000000000000e+01
-5.300000000000000000e+01,-4.200000000000000000e+01,-4.000000000000000000e+01,-4.000000000000000000e+01,-4.600000000000000000e+01
-5.700000000000000000e+01,-6.400000000000000000e+01,-5.500000000000000000e+01,-5.500000000000000000e+01,-4.500000000000000000e+01
-1.400000000000000000e+01,-4.900000000000000000e+01,-5.400000000000000000e+01,-5.400000000000000000e+01,-7.400000000000000000e+01
-3.700000000000000000e+01,-5.100000000000000000e+01,-2.800000000000000000e+01,-2.800000000000000000e+01,-4.000000000000000000e+01
-2.500000000000000000e+01,-5.300000000000000000e+01,-3.900000000000000000e+01,-3.900000000000000000e+01,-5.500000000000000000e+01
-2.600000000000000000e+01,-9.000000000000000000e+00,-4.200000000000000000e+01,-4.200000000000000000e+01,-5.400000000000000000e+01
-3.700000000000000000e+01,-3.400000000000000000e+01,-6.400000000000000000e+01,-6.400000000000000000e+01,-2.800000000000000000e+01
-4.700000000000000000e+01,-2.300000000000000000e+01,-4.900000000000000000e+01,-4.900000000000000000e+01,-3.900000000000000000e+01
-8.900000000000000000e+01,-5.300000000000000000e+01,-5.100000000000000000e+01,-5.100000000000000000e+01,-4.200000000000000000e+01
-3.300000000000000000e+01,-5.000000000000000000e+01,-5.300000000000000000e+01,-5.300000000000000000e+01,-6.400000000000000000e+01
-4.200000000000000000e+01,-7.100000000000000000e+01,-9.000000000000000000e+00,-9.000000000000000000e+00,-4.900000000000000000e+01
-4.800000000000000000e+01,-5.300000000000000000e+01,-3.400000000000000000e+01,-3.400000000000000000e+01,-5.100000000000000000e+01
-2.700000000000000000e+01,-3.400000000000000000e+01,-2.300000000000000000e+01,-2.300000000000000000e+01,-5.300000000000000000e+01
-1.500000000000000000e+01,-3.600000000000000000e+01,-5.300000000000000000e+01,-5.300000000000000000e+01,-9.000000000000000000e+00
-3.100000000000000000e+01,-3.300000000000000000e+01,-5.000000000000000000e+01,-5.000000000000000000e+01,-3.400000000000000000e+01
-7.100000000000000000e+01,-5.000000000000000000e+01,-7.100000000000000000e+01,-7.100000000000000000e+01,-2.300000000000000000e+01
-4.000000000000000000e+01,-6.100000000000000000e+01,-5.300000000000000000e+01,-5.300000000000000000e+01,-5.300000000000000000e+01
-4.100000000000000000e+01,-3.100000000000000000e+01,-3.400000000000000000e+01,-3.400000000000000000e+01,-5.000000000000000000e+01
-4.900000000000000000e+01,-7.200000000000000000e+01,-3.600000000000000000e+01,-3.600000000000000000e+01,-7.100000000000000000e+01
-3.200000000000000000e+01,-5.100000000000000000e+01,-3.300000000000000000e+01,-3.300000000000000000e+01,-5.300000000000000000e+01
-3.100000000000000000e+01,-4.200000000000000000e+01,-5.000000000000000000e+01,-5.000000000000000000e+01,-3.400000000000000000e+01
-5.000000000000000000e+00,4.000000000000000000e+00,-6.100000000000000000e+01,-6.100000000000000000e+01,-3.600000000000000000e+01
-4.000000000000000000e+01,-3.000000000000000000e+01,-3.100000000000000000e+01,-3.100000000000000000e+01,-3.300000000000000000e+01
-5.900000000000000000e+01,-5.700000000000000000e+01,-7.200000000000000000e+01,-7.200000000000000000e+01,-5.000000000000000000e+01
-4.400000000000000000e+01,-4.300000000000000000e+01,-5.100000000000000000e+01,-5.100000000000000000e+01,-6.100000000000000000e+01
-4.900000000000000000e+01,-5.700000000000000000e+01,-4.200000000000000000e+01,-4.200000000000000000e+01,-3.100000000000000000e+01
-2.200000000000000000e+01,-5.500000000000000000e+01,4.000000000000000000e+00,4.000000000000000000e+00,-7.200000000000000000e+01
-3.400000000000000000e+01,-4.900000000000000000e+01,-3.000000000000000000e+01,-3.000000000000000000e+01,-5.100000000000000000e+01
-2.600000000000000000e+01,-3.400000000000000000e+01,-5.700000000000000000e+01,-5.700000000000000000e+01,-4.200000000000000000e+01
-3.800000000000000000e+01,-5.000000000000000000e+00,-4.300000000000000000e+01,-4.300000000000000000e+01,4.000000000000000000e+00
-4.200000000000000000e+01,-4.200000000000000000e+01,-5.700000000000000000e+01,-5.700000000000000000e+01,-3.000000000000000000e+01
-3.800000000000000000e+01,-4.200000000000000000e+01,-5.500000000000000000e+01,-5.500000000000000000e+01,-5.700000000000000000e+01
-6.900000000000000000e+01,-4.500000000000000000e+01,-4.900000000000000000e+01,-4.900000000000000000e+01,-4.300000000000000000e+01
-3.500000000000000000e+01,-5.200000000000000000e+01,-3.400000000000000000e+01,-3.400000000000000000e+01,-5.700000000000000000e+01
-4.600000000000000000e+01,-4.900000000000000000e+01,-5.000000000000000000e+00,-5.000000000000000000e+00,-5.500000000000000000e+01
-4.400000000000000000e+01,-4.400000000000000000e+01,-4.200000000000000000e+01,-4.200000000000000000e+01,-4.900000000000000000e+01
-2.600000000000000000e+01,-2.300000000000000000e+01,-4.200000000000000000e+01,-4.200000000000000000e+01,-3.400000000000000000e+01
-3.700000000000000000e+01,-4.300000000000000000e+01,-4.500000000000000000e+01,-4.500000000000000000e+01,-5.000000000000000000e+00
-3.600000000000000000e+01,-3.800000000000000000e+01,-5.200000000000000000e+01,-5.200000000000000000e+01,-4.200000000000000000e+01
-6.200000000000000000e+01,-3.700000000000000000e+01,-4.900000000000000000e+01,-4.900000000000000000e+01,-4.200000000000000000e+01
-4.200000000000000000e+01,-6.200000000000000000e+01,-4.400000000000000000e+01,-4.400000000000000000e+01,-4.500000000000000000e+01
-3.900000000000000000e+01,-3.800000000000000000e+01,-2.300000000000000000e+01,-2.300000000000000000e+01,-5.200000000000000000e+01
-4.500000000000000000e+01,-5.800000000000000000e+01,-4.300000000000000000e+01,-4.300000000000000000e+01,-4.900000000000000000e+01
1.700000000000000000e+01,-4.900000000000000000e+01,-3.800000000000000000e+01,-3.800000000000000000e+01,-4.400000000000000000e+01
-2.400000000000000000e+01,-3.000000000000000000e+01,-3.700000000000000000e+01,-3.700000000000000000e+01,-2.300000000000000000e+01
-3.400000000000000000e+01,-2.000000000000000000e+01,-6.200000000000000000e+01,-6.200000000000000000e+01,-4.300000000000000000e+01
-4.900000000000000000e+01,-3.300000000000000000e+01,-3.800000000000000000e+01,-3.800000000000000000e+01,-3.800000000000000000e+01
-4.900000000000000000e+01,-5.200000000000000000e+01,-5.800000000000000000e+01,-5.800000000000000000e+01,-3.700000000000000000e+01
-5.800000000000000000e+01,-4.300000000000000000e+01,-4.900000000000000000e+01,-4.900000000000000000e+01,-6.200000000000000000e+01
-4.700000000000000000e+01,-5.300000000000000000e+01,-3.000000000000000000e+01,-3.000000000000000000e+01,-3.800000000000000000e+01
-2.500000000000000000e+01,-4.900000000000000000e+01,-2.000000000000000000e+01,-2.000000000000000000e+01,-5.800000000000000000e+01
-2.800000000000000000e+01,-2.000000000000000000e+01,-3.300000000000000000e+01,-3.300000000000000000e+01,-4.900000000000000000e+01
-3.000000000000000000e+01,-3.000000000000000000e+01,-5.200000000000000000e+01,-5.200000000000000000e+01,-3.000000000000000000e+01
-4.400000000000000000e+01,-2.000000000000000000e+01,-4.300000000000000000e+01,-4.300000000000000000e+01,-2.000000000000000000e+01
-6.200000000000000000e+01,-5.200000000000000000e+01,-5.300000000000000000e+01,-5.300000000000000000e+01,-3.300000000000000000e+01
-2.900000000000000000e+01,-3.000000000000000000e+01,-4.900000000000000000e+01,-4.900000000000000000e+01,-5.200000000000000000e+01
-6.600000000000000000e+01,-7.500000000000000000e+01,-2.000000000000000000e+01,-2.000000000000000000e+01,-4.300000000000000000e+01
-5.100000000000000000e+01,-4.800000000000000000e+01,-3.000000000000000000e+01,-3.000000000000000000e+01,-5.300000000000000000e+01
-3.500000000000000000e+01,-5.100000000000000000e+01,-2.000000000000000000e+01,-2.000000000000000000e+01,-4.900000000000000000e+01
-2.000000000000000000e+00,-4.400000000000000000e+01,-5.200000000000000000e+01,-5.200000000000000000e+01,-2.000000000000000000e+01
-3.000000000000000000e+01,-2.800000000000000000e+01,-3.000000000000000000e+01,-3.000000000000000000e+01,-3.000000000000000000e+01
-6.300000000000000000e+01,-4.500000000000000000e+01,-7.500000000000000000e+01,-7.500000000000000000e+01,-2.000000000000000000e+01
-3.400000000000000000e+01,1.000000000000000000e+00,-4.800000000000000000e+01,-4.800000000000000000e+01,-5.200000000000000000e+01
-5.200000000000000000e+01,-2.500000000000000000e+01,-5.100000000000000000e+01,-5.100000000000000000e+01,-3.000000000000000000e+01
-4.900000000000000000e+01,-5.900000000000000000e+01,-4.400000000000000000e+01,-4.400000000000000000e+01,-7.500000000000000000e+01
-3.700000000000000000e+01,-5.300000000000000000e+01,-2.800000000000000000e+01,-2.800000000000000000e+01,-4.800000000000000000e+01
-3.100000000000000000e+01,-5.700000000000000000e+01,-4.500000000000000000e+01,-4.500000000000000000e+01,-5.100000000000000000e+01
-1.000000000000000000e+00,-1.400000000000000000e+01,1.000000000000000000e+00,1.000000000000000000e+00,-4.400000000000000000e+01
-4.200000000000000000e+01,-3.700000000000000000e+01,-2.500000000000000000e+01,-2.500000000000000000e+01,-2.800000000000000000e+01
-4.500000000000000000e+01,-2.500000000000000000e+01,-5.900000000000000000e+01,-5.900000000000000000e+01,-4.500000000000000000e+01
-4.300000000000000000e+01,-2.600000000000000000e+01,-5.300000000000000000e+01,-5.300000000000000000e+01,1.000000000000000000e+00
-5.000000000000000000e+01,-3.700000000000000000e+01,-5.700000000000000000e+01,-5.700000000000000000e+01,-2.500000000000000000e+01
-3.900000000000000000e+01,-4.700000000000000000e+01,-1.400000000000000000e+01,-1.400000000000000000e+01,-5.900000000000000000e+01
-3.900000000000000000e+01,-8.900000000000000000e+01,-3.700000000000000000e+01,-3.700000000000000000e+01,-5.300000000000000000e+01
-2.100000000000000000e+01,-3.300000000000000000e+01,-2.500000000000000000e+01,-2.500000000000000000e+01,-5.700000000000000000e+01
-3.900000000000000000e+01,-4.200000000000000000e+01,-2.600000000000000000e+01,-2.600000000000000000e+01,-1.400000000000000000e+01
-3.700000000000000000e+01,-4.800000000000000000e+01,-3.700000000000000000e+01,-3.700000000000000000e+01,-3.700000000000000000e+01
-3.600000000000000000e+01,-2.700000000000000000e+01,-4.700000000000000000e+01,-4.700000000000000000e+01,-2.500000000000000000e+01
-6.700000000000000000e+01,-1.500000000000000000e+01,-8.900000000000000000e+01,-8.900000000000000000e+01,-2.600000000000000000e+01
-3.300000000000000000e+01,-3.100000000000000000e+01,-3.300000000000000000e+01,-3.300000000000000000e+01,-3.700000000000000000e+01
-3.900000000000000000e+01,-7.100000000000000000e+01,-4.200000000000000000e+01,-4.200000000000000000e+01,-4.700000000000000000e+01
-5.300000000000000000e+01,-4.000000000000000000e+01,-4.800000000000000000e+01,-4.800000000000000000e+01,-8.900000000000000000e+01
-2.200000000000000000e+01,-4.100000000000000000e+01,-2.700000000000000000e+01,-2.700000000000000000e+01,-3.300000000000000000e+01
-4.700000000000000000e+01,-4.900000000000000000e+01,-1.500000000000000000e+01,-1.500000000000000000e+01,-4.200000000000000000e+01
-3.500000000000000000e+01,-3.200000000000000000e+01,-3.100000000000000000e+01,-3.100000000000000000e+01,-4.800000000000000000e+01
-5.900000000000000000e+01,-3.100000000000000000e+01,-7.100000000000000000e+01,-7.100000000000000000e+01,-2.700000000000000000e+01
-4.500000000000000000e+01,-5.000000000000000000e+00,-4.000000000000000000e+01,-4.000000000000000000e+01,-1.500000000000000000e+01
-4.000000000000000000e+01,-4.000000000000000000e+01,-4.100000000000000000e+01,-4.100000000000000000e+01,-3.100000000000000000e+01
-4.800000000000000000e+01,-5.900000000000000000e+01,-4.900000000000000000e+01,-4.900000000000000000e+01,-7.100000000000000000e+01
1.900000000000000000e+01,-4.400000000000000000e+01,-3.200000000000000000e+01,-3.200000000000000000e+01,-4.000000000000000000e+01
-2.500000000000000000e+01,-4.900000000000000000e+01,-3.100000000000000000e+01,-3.100000000000000000e+01,-4.100000000000000000e+01
-3.200000000000000000e+01,-2.200000000000000000e+01,-5.000000000000000000e+00,-5.000000000000000000e+00,-4.900000000000000000e+01
-4.900000000000000000e+01,-3.400000000000000000e+01,-4.000000000000000000e+01,-4.000000000000000000e+01,-3.200000000000000000e+01
-5.300000000000000000e+01,-2.600000000000000000e+01,-5.900000000000000000e+01,-5.900000000000000000e+01,-3.100000000000000000e+01
-3.500000000000000000e+01,-3.800000000000000000e+01,-4.400000000000000000e+01,-4.400000000000000000e+01,-5.000000000000000000e+00
-4.300000000000000000e+01,-4.200000000000000000e+01,-4.900000000000000000e+01,-4.900000000000000000e+01,-4.000000000000000000e+01
-2.400000000000000000e+01,-3.800000000000000000e+01,-2.200000000000000000e+01,-2.200000000000000000e+01,-5.900000000000000000e+01
-3.000000000000000000e+01,-6.900000000000000000e+01,-3.400000000000000000e+01,-3.400000000000000000e+01,-4.400000000000000000e+01
-3.700000000000000000e+01,-3.500000000000000000e+01,-2.600000000000000000e+01,-2.600000000000000000e+01,-4.900000000000000000e+01
-5.100000000000000000e+01,-4.600000000000000000e+01,-3.800000000000000000e+01,-3.800000000000000000e+01,-2.200000000000000000e+01
-9.500000000000000000e+01,-4.400000000000000000e+01,-4.200000000000000000e+01,-4.200000000000000000e+01,-3.400000000000000000e+01
-3.100000000000000000e+01,-2.600000000000000000e+01,-3.800000000000000000e+01,-3.800000000000000000e+01,-2.600000000000000000e+01
-4.300000000000000000e+01,-3.700000000000000000e+01,-6.900000000000000000e+01,-6.900000000000000000e+01,-3.800000000000000000e+01
-5.000000000000000000e+01,-3.600000000000000000e+01,-3.500000000000000000e+01,-3.500000000000000000e+01,-4.200000000000000000e+01
-2.600000000000000000e+01,-6.200000000000000000e+01,-4.600000000000000000e+01,-4.600000000000000000e+01,-3.800000000000000000e+01
-1.600000000000000000e+01,-4.200000000000000000e+01,-4.400000000000000000e+01,-4.400000000000000000e+01,-6.900000000000000000e+01
-3.300000000000000000e+01,-3.900000000000000000e+01,-2.600000000000000000e+01,-2.600000000000000000e+01,-3.500000000000000000e+01
-6.700000000000000000e+01,-4.500000000000000000e+01,-3.700000000000000000e+01,-3.700000000000000000e+01,-4.600000000000000000e+01
-4.100000000000000000e+01,1.700000000000000000e+01,-3.600000000000000000e+01,-3.600000000000000000e+01,-4.400000000000000000e+01
-5.300000000000000000e+01,-2.400000000000000000e+01,-6.200000000000000000e+01,-6.200000000000000000e+01,-2.600000000000000000e+01
-5.000000000000000000e+01,-3.400000000000000000e+01,-4.200000000000000000e+01,-4.200000000000000000e+01,-3.700000000000000000e+01
-3.400000000000000000e+01,-4.900000000000000000e+01,-3.900000000000000000e+01,-3.900000000000000000e+01,-3.600000000000000000e+01
-3.200000000000000000e+01,-4.900000000000000000e+01,-4.500000000000000000e+01,-4.500000000000000000e+01,-6.200000000000000000e+01
-6.000000000000000000e+00,-5.800000000000000000e+01,1.700000000000000000e+01,1.700000000000000000e+01,-4.200000000000000000e+01
-4.400000000000000000e+01,-4.700000000000000000e+01,-2.400000000000000000e+01,-2.400000000000000000e+01,-3.900000000000000000e+01
-5.100000000000000000e+01,-2.500000000000000000e+01,-3.400000000000000000e+01,-3.400000000000000000e+01,-4.500000000000000000e+01
-4.300000000000000000e+01,-2.800000000000000000e+01,-4.900000000000000000e+01,-4.900000000000000000e+01,1.700000000000000000e+01
-5.000000000000000000e+01,-3.000000000000000000e+01,-4.900000000000000000e+01,-4.900000000000000000e+01,-2.400000000000000000e+01
-2.800000000000000000e+01,-4.400000000000000000e+01,-5.800000000000000000e+01,-5.800000000000000000e+01,-3.400000000000000000e+01
-3.600000000000000000e+01,-6.200000000000000000e+01,-4.700000000000000000e+01,-4.700000000000000000e+01,-4.900000000000000000e+01
-2.500000000000000000e+01,-2.900000000000000000e+01,-2.500000000000000000e+01,-2.500000000000000000e+01,-4.900000000000000000e+01
-3.800000000000000000e+01,-6.600000000000000000e+01,-2.800000000000000000e+01,-2.800000000000000000e+01,-5.800000000000000000e+01
-3.800000000000000000e+01,-5.100000000000000000e+01,-3.000000000000000000e+01,-3.000000000000000000e+01,-4.700000000000000000e+01
-4.200000000000000000e+01,-3.500000000000000000e+01,-4.400000000000000000e+01,-4.400000000000000000e+01,-2.500000000000000000e+01
-7.100000000000000000e+01,-2.000000000000000000e+00,-6.200000000000000000e+01,-6.200000000000000000e+01,-2.800000000000000000e+01
-3.400000000000000000e+01,-3.000000000000000000e+01,-2.900000000000000000e+01,-2.900000000000000000e+01,-3.000000000000000000e+01
-4.800000000000000000e+01,-6.300000000000000000e+01,-6.600000000000000000e+01,-6.600000000000000000e+01,-4.400000000000000000e+01
-5.000000000000000000e+01,-3.400000000000000000e+01,-5.100000000000000000e+01,-5.100000000000000000e+01,-6.200000000000000000e+01
-3.000000000000000000e+01,-5.200000000000000000e+01,-3.500000000000000000e+01,-3.500000000000000000e+01,-2.900000000000000000e+01
-3.000000000000000000e+01,-4.900000000000000000e+01,-2.000000000000000000e+00,-2.000000000000000000e+00,-6.600000000000000000e+01
-3.600000000000000000e+01,-3.700000000000000000e+01,-3.000000000000000000e+01,-3.000000000000000000e+01,-5.100000000000000000e+01
-5.800000000000000000e+01,-3.100000000000000000e+01,-6.300000000000000000e+01,-6.300000000000000000e+01,-3.500000000000000000e+01
-4.500000000000000000e+01,-1.000000000000000000e+00,-3.400000000000000000e+01,-3.400000000000000000e+01,-2.000000000000000000e+00
-5.100000000000000000e+01,-4.200000000000000000e+01,-5.200000000000000000e+01,-5.200000000000000000e+01,-3.000000000000000000e+01
-5.100000000000000000e+01,-4.500000000000000000e+01,-4.900000000000000000e+01,-4.900000000000000000e+01,-6.300000000000000000e+01
3.000000000000000000e+00,-4.300000000000000000e+01,-3.700000000000000000e+01,-3.700000000000000000e+01,-3.400000000000000000e+01
-2.600000000000000000e+01,-5.000000000000000000e+01,-3.100000000000000000e+01,-3.100000000000000000e+01,-5.200000000000000000e+01
-2.100000000000000000e+01,-3.900000000000000000e+01,-1.000000000000000000e+00,-1.000000000000000000e+00,-4.900000000000000000e+01
-5.300000000000000000e+01,-3.900000000000000000e+01,-4.200000000000000000e+01,-4.200000000000000000e+01,-3.700000000000000000e+01
-5.300000000000000000e+01,-2.100000000000000000e+01,-4.500000000000000000e+01,-4.500000000000000000e+01,-3.100000000000000000e+01
-6.300000000000000000e+01,-3.900000000000000000e+01,-4.300000000000000000e+01,-4.300000000000000000e+01,-1.000000000000000000e+00
-4.900000000000000000e+01,-3.700000000000000000e+01,-5.000000000000000000e+01,-5.000000000000000000e+01,-4.200000000000000000e+01
-3.000000000000000000e+01,-3.600000000000000000e+01,-3.900000000000000000e+01,-3.900000000000000000e+01,-4.500000000000000000e+01
-3.500000000000000000e+01,-6.700000000000000000e+01,-3.900000000000000000e+01,-3.900000000000000000e+01,-4.300000000000000000e+01
-3.000000000000000000e+01,-3.300000000000000000e+01,-2.100000000000000000e+01,-2.100000000000000000e+01,-5.000000000000000000e+01
-4.500000000000000000e+01,-3.900000000000000000e+01,-3.900000000000000000e+01,-3.900000000000000000e+01,-3.900000000000000000e+01
-4.400000000000000000e+01,-5.300000000000000000e+01,-3.700000000000000000e+01,-3.700000000000000000e+01,-3.900000000000000000e+01
-2.900000000000000000e+01,-2.200000000000000000e+01,-3.600000000000000000e+01,-3.600000000000000000e+01,-2.100000000000000000e+01
-7.300000000000000000e+01,-4.700000000000000000e+01,-6.700000000000000000e+01,-6.700000000000000000e+01,-3.900000000000000000e+01
-5.200000000000000000e+01,-3.500000000000000000e+01,-3.300000000000000000e+01,-3.300000000000000000e+01,-3.700000000000000000e+01
-4.800000000000000000e+01,-5.900000000000000000e+01,-3.900000000000000000e+01,-3.900000000000000000e+01,-3.600000000000000000e+01
7.000000000000000000e+00,-4.500000000000000000e+01,-5.300000000000000000e+01,-5.300000000000000000e+01,-6.700000000000000000e+01
-3.000000000000000000e+01,-4.000000000000000000e+01,-2.200000000000000000e+01,-2.200000000000000000e+01,-3.300000000000000000e+01
-4.900000000000000000e+01,-4.800000000000000000e+01,-4.700000000000000000e+01,-4.700000000000000000e+01,-3.900000000000000000e+01
-3.300000000000000000e+01,1.900000000000000000e+01,-3.500000000000000000e+01,-3.500000000000000000e+01,-5.300000000000000000e+01
-5.400000000000000000e+01,-2.500000000000000000e+01,-5.900000000000000000e+01,-5.900000000000000000e+01,-2.200000000000000000e+01
-5.000000000000000000e+01,-3.200000000000000000e+01,-4.500000000000000000e+01,-4.500000000000000000e+01,-4.700000000000000000e+01
-5.000000000000000000e+01,-4.900000000000000000e+01,-4.000000000000000000e+01,-4.000000000000000000e+01,-3.500000000000000000e+01
-3.300000000000000000e+01,-5.300000000000000000e+01,-4.800000000000000000e+01,-4.800000000000000000e+01,-5.900000000000000000e+01
0.000000000000000000e+00,-3.500000000000000000e+01,1.900000000000000000e+01,1.900000000000000000e+01,-4.500000000000000000e+01
-4.300000000000000000e+01,-4.300000000000000000e+01,-2.500000000000000000e+01,-2.500000000000000000e+01,-4.000000000000000000e+01
-3.800000000000000000e+01,-2.400000000000000000e+01,-3.200000000000000000e+01,-3.200000000000000000e+01,-4.800000000000000000e+01
-4.200000000000000000e+01,-3.000000000000000000e+01,-4.900000000000000000e+01,-4.900000000000000000e+01,1.900000000000000000e+01
-5.200000000000000000e+01,-3.700000000000000000e+01,-5.300000000000000000e+01,-5.300000000000000000e+01,-2.500000000000000000e+01
-5.400000000000000000e+01,-5.100000000000000000e+01,-3.500000000000000000e+01,-3.500000000000000000e+01,-3.200000000000000000e+01
-4.100000000000000000e+01,-9.500000000000000000e+01,-4.300000000000000000e+01,-4.300000000000000000e+01,-4.900000000000000000e+01
-3.200000000000000000e+01,-3.100000000000000000e+01,-2.400000000000000000e+01,-2.400000000000000000e+01,-5.300000000000000000e+01
-4.600000000000000000e+01,-4.300000000000000000e+01,-3.000000000000000000e+01,-3.000000000000000000e+01,-3.500000000000000000e+01
-3.400000000000000000e+01,-5.000000000000000000e+01,-3.700000000000000000e+01,-3.700000000000000000e+01,-4.300000000000000000e+01
-4.200000000000000000e+01,-2.600000000000000000e+01,-5.100000000000000000e+01,-5.100000000000000000e+01,-2.400000000000000000e+01
-5.800000000000000000e+01,-1.600000000000000000e+01,-9.500000000000000000e+01,-9.500000000000000000e+01,-3.000000000000000000e+01
-4.100000000000000000e+01,-3.300000000000000000e+01,-3.100000000000000000e+01,-3.100000000000000000e+01,-3.700000000000000000e+01
-6.800000000000000000e+01,-6.700000000000000000e+01,-4.300000000000000000e+01,-4.300000000000000000e+01,-5.100000000000000000e+01
-4.800000000000000000e+01,-4.100000000000000000e+01,-5.000000000000000000e+01,-5.000000000000000000e+01,-9.500000000000000000e+01
-3.800000000000000000e+01,-5.300000000000000000e+01,-2.600000000000000000e+01,-2.600000000000000000e+01,-3.100000000000000000e+01
-2.100000000000000000e+01,-5.000000000000000000e+01,-1.600000000000000000e+01,-1.600000000000000000e+01,-4.300000000000000000e+01
-3.800000000000000000e+01,-3.400000000000000000e+01,-3.300000000000000000e+01,-3.300000000000000000e+01,-5.000000000000000000e+01
-5.100000000000000000e+01,-3.200000000000000000e+01,-6.700000000000000000e+01,-6.700000000000000000e+01,-2.600000000000000000e+01
-4.200000000000000000e+01,-6.000000000000000000e+00,-4.100000000000000000e+01,-4.100000000000000000e+01,-1.600000000000000000e+01
-5.600000000000000000e+01,-4.400000000000000000e+01,-5.300000000000000000e+01,-5.300000000000000000e+01,-3.300000000000000000e+01
-5.000000000000000000e+01,-5.100000000000000000e+01,-5.000000000000000000e+01,-5.000000000000000000e+01,-6.700000000000000000e+01
-1.700000000000000000e+01,-4.300000000000000000e+01,-3.400000000000000000e+01,-3.400000000000000000e+01,-4.100000000000000000e+01
-3.300000000000000000e+01,-5.000000000000000000e+01,-3.200000000000000000e+01,-3.200000000000000000e+01,-5.300000000000000000e+01
-2.000000000000000000e+01,-2.800000000000000000e+01,-6.000000000000000000e+00,-6.000000000000000000e+00,-5.000000000000000000e+01
-4.900000000000000000e+01,-3.600000000000000000e+01,-4.400000000000000000e+01,-4.400000000000000000e+01,-3.400000000000000000e+01
-3.700000000000000000e+01,-2.500000000000000000e+01,-5.100000000000000000e+01,-5.100000000000000000e+01,-3.200000000000000000e+01
-7.500000000000000000e+01,-3.800000000000000000e+01,-4.300000000000000000e+01,-4.300000000000000000e+01,-6.000000000000000000e+00
-5.000000000000000000e+01,-3.800000000000000000e+01,-5.000000000000000000e+01,-5.000000000000000000e+01,-4.400000000000000000e+01
-5.100000000000000000e+01,-4.200000000000000000e+01,-2.800000000000000000e+01,-2.800000000000000000e+01,-5.100000000000000000e+01
-4.500000000000000000e+01,-7.100000000000000000e+01,-3.600000000000000000e+01,-3.600000000000000000e+01,-4.300000000000000000e+01
-2.900000000000000000e+01,-3.400000000000000000e+01,-2.500000000000000000e+01,-2.500000000000000000e+01,-5.000000000000000000e+01
-4.600000000000000000e+01,-4.800000000000000000e+01,-3.800000000000000000e+01,-3.800000000000000000e+01,-2.800000000000000000e+01
-8.000000000000000000e+00,-5.000000000000000000e+01,-3.800000000000000000e+01,-3.800000000000000000e+01,-3.600000000000000000e+01
-3.300000000000000000e+01,-3.000000000000000000e+01,-4.200000000000000000e+01,-4.200000000000000000e+01,-2.500000000000000000e+01
-6.200000000000000000e+01,-3.000000000000000000e+01,-7.100000000000000000e+01,-7.100000000000000000e+01,-3.800000000000000000e+01
-5.700000000000000000e+01,-3.600000000000000000e+01,-3.400000000000000000e+01,-3.400000000000000000e+01,-3.800000000000000000e+01
-5.900000000000000000e+01,-5.800000000000000000e+01,-4.800000000000000000e+01,-4.800000000000000000e+01,-4.200000000000000000e+01
-4.000000000000000000e+00,-4.500000000000000000e+01,-5.000000000000000000e+01,-5.000000000000000000e+01,-7.100000000000000000e+01
-3.300000000000000000e+01,-5.100000000000000000e+01,-3.000000000000000000e+01,-3.000000000000000000e+01,-3.400000000000000000e+01
-3.300000000000000000e+01,-5.100000000000000000e+01,-3.000000000000000000e+01,-3.000000000000000000e+01,-4.800000000000000000e+01
-3.200000000000000000e+01,3.000000000000000000e+00,-3.600000000000000000e+01,-3.600000000000000000e+01,-5.000000000000000000e+01
-5.300000000000000000e+01,-2.600000000000000000e+01,-5.800000000000000000e+01,-5.800000000000000000e+01,-3.000000000000000000e+01
-5.600000000000000000e+01,-2.100000000000000000e+01,-4.500000000000000000e+01,-4.500000000000000000e+01,-3.000000000000000000e+01
-9.100000000000000000e+01,-5.300000000000000000e+01,-5.100000000000000000e+01,-5.100000000000000000e+01,-3.600000000000000000e+01
-3.700000000000000000e+01,-5.300000000000000000e+01,-5.100000000000000000e+01,-5.100000000000000000e+01,-5.800000000000000000e+01
-2.600000000000000000e+01,-6.300000000000000000e+01,3.000000000000000000e+00,3.000000000000000000e+00,-4.500000000000000000e+01
-4.800000000000000000e+01,-4.900000000000000000e+01,-2.600000000000000000e+01,-2.600000000000000000e+01,-5.100000000000000000e+01
-3.000000000000000000e+01,-3.000000000000000000e+01,-2.100000000000000000e+01,-2.100000000000000000e+01,-5.100000000000000000e+01
-4.300000000000000000e+01,-3.500000000000000000e+01,-5.300000000000000000e+01,-5.300000000000000000e+01,3.000000000000000000e+00
-4.700000000000000000e+01,-3.000000000000000000e+01,-5.300000000000000000e+01,-5.300000000000000000e+01,-2.600000000000000000e+01
-7.300000000000000000e+01,-4.500000000000000000e+01,-6.300000000000000000e+01,-6.300000000000000000e+01,-2.100000000000000000e+01
-5.100000000000000000e+01,-4.400000000000000000e+01,-4.900000000000000000e+01,-4.900000000000000000e+01,-5.300000000000000000e+01
-3.300000000000000000e+01,-2.900000000000000000e+01,-3.000000000000000000e+01,-3.000000000000000000e+01,-5.300000000000000000e+01
-4.800000000000000000e+01,-7.300000000000000000e+01,-3.500000000000000000e+01,-3.500000000000000000e+01,-6.300000000000000000e+01
-3.500000000000000000e+01,-5.200000000000000000e+01,-3.000000000000000000e+01,-3.000000000000000000e+01,-4.900000000000000000e+01
-4.100000000000000000e+01,-4.800000000000000000e+01,-4.500000000000000000e+01,-4.500000000000000000e+01,-3.000000000000000000e+01
-4.400000000000000000e+01,7.000000000000000000e+00,-4.400000000000000000e+01,-4.400000000000000000e+01,-3.500000000000000000e+01
-4.100000000000000000e+01,-3.000000000000000000e+01,-2.900000000000000000e+01,-2.900000000000000000e+01,-3.000000000000000000e+01
-7.100000000000000000e+01,-4.900000000000000000e+01,-7.300000000000000000e+01,-7.300000000000000000e+01,-4.500000000000000000e+01
-5.500000000000000000e+01,-3.300000000000000000e+01,-5.200000000000000000e+01,-5.200000000000000000e+01,-4.400000000000000000e+01
-4.700000000000000000e+01,-5.400000000000000000e+01,-4.800000000000000000e+01,-4.800000000000000000e+01,-2.900000000000000000e+01
-1.700000000000000000e+01,-5.000000000000000000e+01,7.000000000000000000e+00,7.000000000000000000e+00,-7.300000000000000000e+01
-3.400000000000000000e+01,-5.000000000000000000e+01,-3.000000000000000000e+01,-3.000000000000000000e+01,-5.200000000000000000e+01
-4.700000000000000000e+01,-3.300000000000000000e+01,-4.900000000000000000e+01,-4.900000000000000000e+01,-4.800000000000000000e+01
-4.400000000000000000e+01,0.000000000000000000e+00,-3.300000000000000000e+01,-3.300000000000000000e+01,7.000000000000000000e+00
-5.200000000000000000e+01,-4.300000000000000000e+01,-5.400000000000000000e+01,-5.400000000000000000e+01,-3.000000000000000000e+01
-4.900000000000000000e+01,-3.800000000000000000e+01,-5.000000000000000000e+01,-5.000000000000000000e+01,-4.900000000000000000e+01
-2.800000000000000000e+01,-4.200000000000000000e+01,-5.000000000000000000e+01,-5.000000000000000000e+01,-3.300000000000000000e+01
-3.300000000000000000e+01,-5.200000000000000000e+01,-3.300000000000000000e+01,-3.300000000000000000e+01,-5.400000000000000000e+01
-2.300000000000000000e+01,-5.400000000000000000e+01,0.000000000000000000e+00,0.000000000000000000e+00,-5.000000000000000000e+01
-5.100000000000000000e+01,-4.100000000000000000e+01,-4.300000000000000000e+01,-4.300000000000000000e+01,-5.000000000000000000e+01
-3.700000000000000000e+01,-3.200000000000000000e+01,-3.800000000000000000e+01,-3.800000000000000000e+01,-3.300000000000000000e+01
-7.700000000000000000e+01,-4.600000000000000000e+01,-4.200000000000000000e+01,-4.200000000000000000e+01,0.000000000000000000e+00
-5.100000000000000000e+01,-3.400000000000000000e+01,-5.200000000000000000e+01,-5.200000000000000000e+01,-4.300000000000000000e+01
-4.500000000000000000e+01,-4.200000000000000000e+01,-5.400000000000000000e+01,-5.400000000000000000e+01,-3.800000000000000000e+01
-4.100000000000000000e+01,-5.800000000000000000e+01,-4.100000000000000000e+01,-4.100000000000000000e+01,-4.200000000000000000e+01
-2.900000000000000000e+01,-4.100000000000000000e+01,-3.200000000000000000e+01,-3.200000000000000000e+01,-5.200000000000000000e+01
-5.100000000000000000e+01,-6.800000000000000000e+01,-4.600000000000000000e+01,-4.600000000000000000e+01,-5.400000000000000000e+01
-4.300000000000000000e+01,-4.800000000000000000e+01,-3.400000000000000000e+01,-3.400000000000000000e+01,-4.100000000000000000e+01
-3.100000000000000000e+01,-3.800000000000000000e+01,-4.200000000000000000e+01,-4.200000000000000000e+01,-3.200000000000000000e+01
-7.400000000000000000e+01,-2.100000000000000000e+01,-5.800000000000000000e+01,-5.800000000000000000e+01,-4.600000000000000000e+01
-5.500000000000000000e+01,-3.800000000000000000e+01,-4.100000000000000000e+01,-4.100000000000000000e+01,-3.400000000000000000e+01
-4.300000000000000000e+01,-5.100000000000000000e+01,-6.800000000000000000e+01,-6.800000000000000000e+01,-4.200000000000000000e+01
2.000000000000000000e+00,-4.200000000000000000e+01,-4.800000000000000000e+01,-4.800000000000000000e+01,-5.800000000000000000e+01
-3.300000000000000000e+01,-5.600000000000000000e+01,-3.800000000000000000e+01,-3.800000000000000000e+01,-4.100000000000000000e+01
-5.500000000000000000e+01,-5.000000000000000000e+01,-2.100000000000000000e+01,-2.100000000000000000e+01,-6.800000000000000000e+01
-3.700000000000000000e+01,-1.700000000000000000e+01,-3.800000000000000000e+01,-3.800000000000000000e+01,-4.800000000000000000e+01
-5.600000000000000000e+01,-3.300000000000000000e+01,-5.100000000000000000e+01,-5.100000000000000000e+01,-3.800000000000000000e+01
-5.400000000000000000e+01,-2.000000000000000000e+01,-4.200000000000000000e+01,-4.200000000000000000e+01,-2.100000000000000000e+01
-5.800000000000000000e+01,-4.900000000000000000e+01,-5.600000000000000000e+01,-5.600000000000000000e+01,-3.800000000000000000e+01
-3.600000000000000000e+01,-3.700000000000000000e+01,-5.000000000000000000e+01,-5.000000000000000000e+01,-5.100000000000000000e+01
-2.000000000000000000e+00,-7.500000000000000000e+01,-1.700000000000000000e+01,-1.700000000000000000e+01,-4.200000000000000000e+01
-4.800000000000000000e+01,-5.000000000000000000e+01,-3.300000000000000000e+01,-3.300000000000000000e+01,-5.600000000000000000e+01
-3.500000000000000000e+01,-5.100000000000000000e+01,-2.000000000000000000e+01,-2.000000000000000000e+01,-5.000000000000000000e+01
-4.300000000000000000e+01,-4.500000000000000000e+01,-4.900000000000000000e+01,-4.900000000000000000e+01,-1.700000000000000000e+01
-5.100000000000000000e+01,-2.900000000000000000e+01,-3.700000000000000000e+01,-3.700000000000000000e+01,-3.300000000000000000e+01
-6.000000000000000000e+01,-4.600000000000000000e+01,-7.500000000000000000e+01,-7.500000000000000000e+01,-2.000000000000000000e+01
-4.500000000000000000e+01,-8.000000000000000000e+00,-5.000000000000000000e+01,-5.000000000000000000e+01,-4.900000000000000000e+01
-3.000000000000000000e+01,-3.300000000000000000e+01,-5.100000000000000000e+01,-5.100000000000000000e+01,-3.700000000000000000e+01
-4.700000000000000000e+01,-6.200000000000000000e+01,-4.500000000000000000e+01,-4.500000000000000000e+01,-7.500000000000000000e+01
-3.600000000000000000e+01,-5.700000000000000000e+01,-2.900000000000000000e+01,-2.900000000000000000e+01,-5.000000000000000000e+01
-4.000000000000000000e+01,-5.900000000000000000e+01,-4.600000000000000000e+01,-4.600000000000000000e+01,-5.100000000000000000e+01
-5.100000000000000000e+01,-4.000000000000000000e+00,-8.000000000000000000e+00,-8.000000000000000000e+00,-4.500000000000000000e+01
-4.000000000000000000e+01,-3.300000000000000000e+01,-3.300000000000000000e+01,-3.300000000000000000e+01,-2.900000000000000000e+01
-7.100000000000000000e+01,-3.300000000000000000e+01,-6.200000000000000000e+01,-6.200000000000000000e+01,-4.600000000000000000e+01
-5.300000000000000000e+01,-3.200000000000000000e+01,-5.700000000000000000e+01,-5.700000000000000000e+01,-8.000000000000000000e+00
-3.900000000000000000e+01,-5.300000000000000000e+01,-5.900000000000000000e+01,-5.900000000000000000e+01,-3.300000000000000000e+01
-1.800000000000000000e+01,-5.600000000000000000e+01,-4.000000000000000000e+00,-4.000000000000000000e+00,-6.200000000000000000e+01
-3.600000000000000000e+01,-9.100000000000000000e+01,-3.300000000000000000e+01,-3.300000000000000000e+01,-5.700000000000000000e+01
-4.200000000000000000e+01,-3.700000000000000000e+01,-3.300000000000000000e+01,-3.300000000000000000e+01,-5.900000000000000000e+01
-4.400000000000000000e+01,-2.600000000000000000e+01,-3.200000000000000000e+01,-3.200000000000000000e+01,-4.000000000000000000e+00
-5.400000000000000000e+01,-4.800000000000000000e+01,-5.300000000000000000e+01,-5.300000000000000000e+01,-3.300000000000000000e+01
-5.000000000000000000e+01,-3.000000000000000000e+01,-5.600000000000000000e+01,-5.600000000000000000e+01,-3.300000000000000000e+01
-4.500000000000000000e+01,-4.300000000000000000e+01,-9.100000000000000000e+01,-9.100000000000000000e+01,-3.200000000000000000e+01
-3.500000000000000000e+01,-4.700000000000000000e+01,-3.700000000000000000e+01,-3.700000000000000000e+01,-5.300000000000000000e+01
-2.400000000000000000e+01,-7.300000000000000000e+01,-2.600000000000000000e+01,-2.600000000000000000e+01,-5.600000000000000000e+01
-5.600000000000000000e+01,-5.100000000000000000e+01,-4.800000000000000000e+01,-4.800000000000000000e+01,-9.100000000000000000e+01
-3.500000000000000000e+01,-3.300000000000000000e+01,-3.000000000000000000e+01,-3.000000000000000000e+01,-3.700000000000000000e+01
-7.500000000000000000e+01,-4.800000000000000000e+01,-4.300000000000000000e+01,-4.300000000000000000e+01,-2.600000000000000000e+01
-4.900000000000000000e+01,-3.500000000000000000e+01,-4.700000000000000000e+01,-4.700000000000000000e+01,-4.800000000000000000e+01
-5.300000000000000000e+01,-4.100000000000000000e+01,-7.300000000000000000e+01,-7.300000000000000000e+01,-3.000000000000000000e+01
-4.400000000000000000e+01,-4.400000000000000000e+01,-5.100000000000000000e+01,-5.100000000000000000e+01,-4.300000000000000000e+01
-3.000000000000000000e+01,-4.100000000000000000e+01,-3.300000000000000000e+01,-3.300000000000000000e+01,-4.700000000000000000e+01
-5.000000000000000000e+01,-7.100000000000000000e+01,-4.800000000000000000e+01,-4.800000000000000000e+01,-7.300000000000000000e+01
-1.300000000000000000e+01,-5.500000000000000000e+01,-3.500000000000000000e+01,-3.500000000000000000e+01,-5.100000000000000000e+01
-2.900000000000000000e+01,-4.700000000000000000e+01,-4.100000000000000000e+01,-4.100000000000000000e+01,-3.300000000000000000e+01
-6.400000000000000000e+01,-1.700000000000000000e+01,-4.400000000000000000e+01,-4.400000000000000000e+01,-4.800000000000000000e+01
-5.400000000000000000e+01,-3.400000000000000000e+01,-4.100000000000000000e+01,-4.100000000000000000e+01,-3.500000000000000000e+01
-5.600000000000000000e+01,-4.700000000000000000e+01,-7.100000000000000000e+01,-7.100000000000000000e+01,-4.100000000000000000e+01
-1.200000000000000000e+01,-4.400000000000000000e+01,-5.500000000000000000e+01,-5.500000000000000000e+01,-4.400000000000000000e+01
-4.200000000000000000e+01,-5.200000000000000000e+01,-4.700000000000000000e+01,-4.700000000000000000e+01,-4.100000000000000000e+01
-2.700000000000000000e+01,-4.900000000000000000e+01,-1.700000000000000000e+01,-1.700000000000000000e+01,-7.100000000000000000e+01
-2.900000000000000000e+01,-2.800000000000000000e+01,-3.400000000000000000e+01,-3.400000000000000000e+01,-5.500000000000000000e+01
-5.400000000000000000e+01,-3.300000000000000000e+01,-4.700000000000000000e+01,-4.700000000000000000e+01,-4.700000000000000000e+01
-5.600000000000000000e+01,-2.300000000000000000e+01,-4.400000000000000000e+01,-4.400000000000000000e+01,-1.700000000000000000e+01
-9.000000000000000000e+01,-5.100000000000000000e+01,-5.200000000000000000e+01,-5.200000000000000000e+01,-3.400000000000000000e+01
-3.600000000000000000e+01,-3.700000000000000000e+01,-4.900000000000000000e+01,-4.900000000000000000e+01,-4.700000000000000000e+01
-3.000000000000000000e+01,-7.700000000000000000e+01,-2.800000000000000000e+01,-2.800000000000000000e+01,-4.400000000000000000e+01
-5.100000000000000000e+01,-5.100000000000000000e+01,-3.300000000000000000e+01,-3.300000000000000000e+01,-5.200000000000000000e+01
-2.900000000000000000e+01,-4.500000000000000000e+01,-2.300000000000000000e+01,-2.300000000000000000e+01,-4.900000000000000000e+01
-4.500000000000000000e+01,-4.100000000000000000e+01,-5.100000000000000000e+01,-5.100000000000000000e+01,-2.800000000000000000e+01
-4.700000000000000000e+01,-2.900000000000000000e+01,-3.700000000000000000e+01,-3.700000000000000000e+01,-3.300000000000000000e+01
-7.300000000000000000e+01,-5.100000000000000000e+01,-7.700000000000000000e+01,-7.700000000000000000e+01,-2.300000000000000000e+01
-4.600000000000000000e+01,-4.300000000000000000e+01,-5.100000000000000000e+01,-5.100000000000000000e+01,-5.100000000000000000e+01
-4.300000000000000000e+01,-3.100000000000000000e+01,-4.500000000000000000e+01,-4.500000000000000000e+01,-3.700000000000000000e+01
-5.300000000000000000e+01,-7.400000000000000000e+01,-4.100000000000000000e+01,-4.100000000000000000e+01,-7.700000000000000000e+01
-3.700000000000000000e+01,-5.500000000000000000e+01,-2.900000000000000000e+01,-2.900000000000000000e+01,-5.100000000000000000e+01
-3.600000000000000000e+01,-4.300000000000000000e+01,-5.100000000000000000e+01,-5.100000000000000000e+01,-4.500000000000000000e+01
-2.700000000000000000e+01,2.000000000000000000e+00,-4.300000000000000000e+01,-4.300000000000000000e+01,-4.100000000000000000e+01
-4.500000000000000000e+01,-3.300000000000000000e+01,-3.100000000000000000e+01,-3.100000000000000000e+01,-2.900000000000000000e+01
-6.700000000000000000e+01,-5.500000000000000000e+01,-7.400000000000000000e+01,-7.400000000000000000e+01,-5.100000000000000000e+01
-5.200000000000000000e+01,-3.700000000000000000e+01,-5.500000000000000000e+01,-5.500000000000000000e+01,-4.300000000000000000e+01
-5.100000000000000000e+01,-5.600000000000000000e+01,-4.300000000000000000e+01,-4.300000000000000000e+01,-3.100000000000000000e+01
-2.100000000000000000e+01,-5.400000000000000000e+01,2.000000000000000000e+00,2.000000000000000000e+00,-7.400000000000000000e+01
-4.000000000000000000e+01,-5.800000000000000000e+01,-3.300000000000000000e+01,-3.300000000000000000e+01,-5.500000000000000000e+01
-3.200000000000000000e+01,-3.600000000000000000e+01,-5.500000000000000000e+01,-5.500000000000000000e+01,-4.300000000000000000e+01
-4.400000000000000000e+01,-2.000000000000000000e+00,-3.700000000000000000e+01,-3.700000000000000000e+01,2.000000000000000000e+00
-5.400000000000000000e+01,-4.800000000000000000e+01,-5.600000000000000000e+01,-5.600000000000000000e+01,-3.300000000000000000e+01
-4.900000000000000000e+01,-3.500000000000000000e+01,-5.400000000000000000e+01,-5.400000000000000000e+01,-5.500000000000000000e+01
-5.100000000000000000e+01,-4.300000000000000000e+01,-5.800000000000000000e+01,-5.800000000000000000e+01,-3.700000000000000000e+01
-3.500000000000000000e+01,-5.100000000000000000e+01,-3.600000000000000000e+01,-3.600000000000000000e+01,-5.600000000000000000e+01
-2.100000000000000000e+01,-6.000000000000000000e+01,-2.000000000000000000e+00,-2.000000000000000000e+00,-5.400000000000000000e+01
-5.300000000000000000e+01,-4.500000000000000000e+01,-4.800000000000000000e+01,-4.800000000000000000e+01,-5.800000000000000000e+01
-3.500000000000000000e+01,-3.000000000000000000e+01,-3.500000000000000000e+01,-3.500000000000000000e+01,-3.600000000000000000e+01
-7.900000000000000000e+01,-4.700000000000000000e+01,-4.300000000000000000e+01,-4.300000000000000000e+01,-2.000000000000000000e+00
-4.800000000000000000e+01,-3.600000000000000000e+01,-5.100000000000000000e+01,-5.100000000000000000e+01,-4.800000000000000000e+01
-5.400000000000000000e+01,-4.000000000000000000e+01,-6.000000000000000000e+01,-6.000000000000000000e+01,-3.500000000000000000e+01
-4.600000000000000000e+01,-5.100000000000000000e+01,-4.500000000000000000e+01,-4.500000000000000000e+01,-4.300000000000000000e+01
-3.000000000000000000e+01,-4.000000000000000000e+01,-3.000000000000000000e+01,-3.000000000000000000e+01,-5.100000000000000000e+01
-5.100000000000000000e+01,-7.100000000000000000e+01,-4.700000000000000000e+01,-4.700000000000000000e+01,-6.000000000000000000e+01
2.000000000000000000e+00,-5.300000000000000000e+01,-3.600000000000000000e+01,-3.600000000000000000e+01,-4.500000000000000000e+01
-2.900000000000000000e+01,-3.900000000000000000e+01,-4.000000000000000000e+01,-4.000000000000000000e+01,-3.000000000000000000e+01
-5.700000000000000000e+01,-1.800000000000000000e+01,-5.100000000000000000e+01,-5.100000000000000000e+01,-4.700000000000000000e+01
-5.500000000000000000e+01,-3.600000000000000000e+01,-4.000000000000000000e+01,-4.000000000000000000e+01,-3.600000000000000000e+01
-5.800000000000000000e+01,-4.200000000000000000e+01,-7.100000000000000000e+01,-7.100000000000000000e+01,-4.000000000000000000e+01
-1.000000000000000000e+01,-4.400000000000000000e+01,-5.300000000000000000e+01,-5.300000000000000000e+01,-5.100000000000000000e+01
-4.100000000000000000e+01,-5.400000000000000000e+01,-3.900000000000000000e+01,-3.900000000000000000e+01,-4.000000000000000000e+01
-2.400000000000000000e+01,-5.000000000000000000e+01,-1.800000000000000000e+01,-1.800000000000000000e+01,-7.100000000000000000e+01
-3.500000000000000000e+01,-4.500000000000000000e+01,-3.600000000000000000e+01,-3.600000000000000000e+01,-5.300000000000000000e+01
-5.000000000000000000e+01,-3.500000000000000000e+01,-4.200000000000000000e+01,-4.200000000000000000e+01,-3.900000000000000000e+01
-5.400000000000000000e+01,-2.400000000000000000e+01,-4.400000000000000000e+01,-4.400000000000000000e+01,-1.800000000000000000e+01
-9.800000000000000000e+01,-5.600000000000000000e+01,-5.400000000000000000e+01,-5.400000000000000000e+01,-3.600000000000000000e+01
-3.100000000000000000e+01,-3.500000000000000000e+01,-5.000000000000000000e+01,-5.000000000000000000e+01,-4.200000000000000000e+01
-3.400000000000000000e+01,-7.500000000000000000e+01,-4.500000000000000000e+01,-4.500000000000000000e+01,-4.400000000000000000e+01
-5.000000000000000000e+01,-4.900000000000000000e+01,-3.500000000000000000e+01,-3.500000000000000000e+01,-5.400000000000000000e+01
-3.000000000000000000e+01,-5.300000000000000000e+01,-2.400000000000000000e+01,-2.400000000000000000e+01,-5.000000000000000000e+01
-4.200000000000000000e+01,-4.400000000000000000e+01,-5.600000000000000000e+01,-5.600000000000000000e+01,-4.500000000000000000e+01
-4.500000000000000000e+01,-3.000000000000000000e+01,-3.500000000000000000e+01,-3.500000000000000000e+01,-3.500000000000000000e+01
-7.300000000000000000e+01,-5.000000000000000000e+01,-7.500000000000000000e+01,-7.500000000000000000e+01,-2.400000000000000000e+01
-4.700000000000000000e+01,-1.300000000000000000e+01,-4.900000000000000000e+01,-4.900000000000000000e+01,-5.600000000000000000e+01
-4.000000000000000000e+01,-2.900000000000000000e+01,-5.300000000000000000e+01,-5.300000000000000000e+01,-3.500000000000000000e+01
-5.100000000000000000e+01,-6.400000000000000000e+01,-4.400000000000000000e+01,-4.400000000000000000e+01,-7.500000000000000000e+01
-3.500000000000000000e+01,-5.400000000000000000e+01,-3.000000000000000000e+01,-3.000000000000000000e+01,-4.900000000000000000e+01
-3.800000000000000000e+01,-5.600000000000000000e+01,-5.000000000000000000e+01,-5.000000000000000000e+01,-5.300000000000000000e+01
-2.800000000000000000e+01,-1.200000000000000000e+01,-1.300000000000000000e+01,-1.300000000000000000e+01,-4.400000000000000000e+01
-4.200000000000000000e+01,-4.200000000000000000e+01,-2.900000000000000000e+01,-2.900000000000000000e+01,-3.000000000000000000e+01
-6.500000000000000000e+01,-2.700000000000000000e+01,-6.400000000000000000e+01,-6.400000000000000000e+01,-5.000000000000000000e+01
-5.100000000000000000e+01,-2.900000000000000000e+01,-5.400000000000000000e+01,-5.400000000000000000e+01,-1.300000000000000000e+01
-5.000000000000000000e+01,-5.400000000000000000e+01,-5.600000000000000000e+01,-5.600000000000000000e+01,-2.900000000000000000e+01
-2.300000000000000000e+01,-5.600000000000000000e+01,-1.200000000000000000e+01,-1.200000000000000000e+01,-6.400000000000000000e+01
-3.900000000000000000e+01,-9.000000000000000000e+01,-4.200000000000000000e+01,-4.200000000000000000e+01,-5.400000000000000000e+01
-3.400000000000000000e+01,-3.600000000000000000e+01,-2.700000000000000000e+01,-2.700000000000000000e+01,-5.600000000000000000e+01
-4.100000000000000000e+01,-3.000000000000000000e+01,-2.900000000000000000e+01,-2.900000000000000000e+01,-1.200000000000000000e+01
-4.900000000000000000e+01,-5.100000000000000000e+01,-5.400000000000000000e+01,-5.400000000000000000e+01,-4.200000000000000000e+01
-4.300000000000000000e+01,-2.900000000000000000e+01,-5.600000000000000000e+01,-5.600000000000000000e+01,-2.700000000000000000e+01
-6.700000000000000000e+01,-4.500000000000000000e+01,-9.000000000000000000e+01,-9.000000000000000000e+01,-2.900000000000000000e+01
-4.000000000000000000e+01,-4.700000000000000000e+01,-3.600000000000000000e+01,-3.600000000000000000e+01,-5.400000000000000000e+01
-4.200000000000000000e+01,-7.300000000000000000e+01,-3.000000000000000000e+01,-3.000000000000000000e+01,-5.600000000000000000e+01
-5.400000000000000000e+01,-4.600000000000000000e+01,-5.100000000000000000e+01,-5.100000000000000000e+01,-9.000000000000000000e+01
-3.200000000000000000e+01,-4.300000000000000000e+01,-2.900000000000000000e+01,-2.900000000000000000e+01,-3.600000000000000000e+01
-6.900000000000000000e+01,-5.300000000000000000e+01,-4.500000000000000000e+01,-4.500000000000000000e+01,-3.000000000000000000e+01
-4.600000000000000000e+01,-3.700000000000000000e+01,-4.700000000000000000e+01,-4.700000000000000000e+01,-5.100000000000000000e+01
-6.100000000000000000e+01,-3.600000000000000000e+01,-7.300000000000000000e+01,-7.300000000000000000e+01,-2.900000000000000000e+01
-4.600000000000000000e+01,-2.700000000000000000e+01,-4.600000000000000000e+01,-4.600000000000000000e+01,-4.500000000000000000e+01
-3.500000000000000000e+01,-4.500000000000000000e+01,-4.300000000000000000e+01,-4.300000000000000000e+01,-4.700000000000000000e+01
-5.000000000000000000e+01,-6.700000000000000000e+01,-5.300000000000000000e+01,-5.300000000000000000e+01,-7.300000000000000000e+01
5.000000000000000000e+00,-5.200000000000000000e+01,-3.700000000000000000e+01,-3.700000000000000000e+01,-4.600000000000000000e+01
-2.800000000000000000e+01,-5.100000000000000000e+01,-3.600000000000000000e+01,-3.600000000000000000e+01,-4.300000000000000000e+01
-4.600000000000000000e+01,-2.100000000000000000e+01,-2.700000000000000000e+01,-2.700000000000000000e+01,-5.300000000000000000e+01
-5.600000000000000000e+01,-4.000000000000000000e+01,-4.500000000000000000e+01,-4.500000000000000000e+01,-3.700000000000000000e+01
-6.200000000000000000e+01,-3.200000000000000000e+01,-6.700000000000000000e+01,-6.700000000000000000e+01,-3.600000000000000000e+01
-3.500000000000000000e+01,-4.400000000000000000e+01,-5.200000000000000000e+01,-5.200000000000000000e+01,-2.700000000000000000e+01
-4.900000000000000000e+01,-5.400000000000000000e+01,-5.100000000000000000e+01,-5.100000000000000000e+01,-4.500000000000000000e+01
-2.100000000000000000e+01,-4.900000000000000000e+01,-2.100000000000000000e+01,-2.100000000000000000e+01,-6.700000000000000000e+01
-3.000000000000000000e+01,-5.100000000000000000e+01,-4.000000000000000000e+01,-4.000000000000000000e+01,-5.200000000000000000e+01
-3.800000000000000000e+01,-3.500000000000000000e+01,-3.200000000000000000e+01,-3.200000000000000000e+01,-5.100000000000000000e+01
-5.100000000000000000e+01,-2.100000000000000000e+01,-4.400000000000000000e+01,-4.400000000000000000e+01,-2.100000000000000000e+01
-8.900000000000000000e+01,-5.300000000000000000e+01,-5.400000000000000000e+01,-5.400000000000000000e+01,-4.000000000000000000e+01
-3.400000000000000000e+01,-3.500000000000000000e+01,-4.900000000000000000e+01,-4.900000000000000000e+01,-3.200000000000000000e+01
-4.500000000000000000e+01,-7.900000000000000000e+01,-5.100000000000000000e+01,-5.100000000000000000e+01,-4.400000000000000000e+01
-5.300000000000000000e+01,-4.800000000000000000e+01,-3.500000000000000000e+01,-3.500000000000000000e+01,-5.400000000000000000e+01
-2.800000000000000000e+01,-5.400000000000000000e+01,-2.100000000000000000e+01,-2.100000000000000000e+01,-4.900000000000000000e+01
-3.400000000000000000e+01,-4.600000000000000000e+01,-5.300000000000000000e+01,-5.300000000000000000e+01,-5.100000000000000000e+01
-4.100000000000000000e+01,-3.000000000000000000e+01,-3.500000000000000000e+01,-3.500000000000000000e+01,-3.500000000000000000e+01
-7.300000000000000000e+01,-5.100000000000000000e+01,-7.900000000000000000e+01,-7.900000000000000000e+01,-2.100000000000000000e+01
-4.500000000000000000e+01,2.000000000000000000e+00,-4.800000000000000000e+01,-4.800000000000000000e+01,-5.300000000000000000e+01
-4.700000000000000000e+01,-2.900000000000000000e+01,-5.400000000000000000e+01,-5.400000000000000000e+01,-3.500000000000000000e+01
-5.400000000000000000e+01,-5.700000000000000000e+01,-4.600000000000000000e+01,-4.600000000000000000e+01,-7.900000000000000000e+01
-3.400000000000000000e+01,-5.500000000000000000e+01,-3.000000000000000000e+01,-3.000000000000000000e+01,-4.800000000000000000e+01
-3.300000000000000000e+01,-5.800000000000000000e+01,-5.100000000000000000e+01,-5.100000000000000000e+01,-5.400000000000000000e+01
-2.500000000000000000e+01,-1.000000000000000000e+01,2.000000000000000000e+00,2.000000000000000000e+00,-4.600000000000000000e+01
-4.500000000000000000e+01,-4.100000000000000000e+01,-2.900000000000000000e+01,-2.900000000000000000e+01,-3.000000000000000000e+01
-6.700000000000000000e+01,-2.400000000000000000e+01,-5.700000000000000000e+01,-5.700000000000000000e+01,-5.100000000000000000e+01
-4.900000000000000000e+01,-3.500000000000000000e+01,-5.500000000000000000e+01,-5.500000000000000000e+01,2.000000000000000000e+00
-5.200000000000000000e+01,-5.000000000000000000e+01,-5.800000000000000000e+01,-5.800000000000000000e+01,-2.900000000000000000e+01
-1.700000000000000000e+01,-5.400000000000000000e+01,-1.000000000000000000e+01,-1.000000000000000000e+01,-5.700000000000000000e+01
-3.600000000000000000e+01,-9.800000000000000000e+01,-4.100000000000000000e+01,-4.100000000000000000e+01,-5.500000000000000000e+01
-3.900000000000000000e+01,-3.100000000000000000e+01,-2.400000000000000000e+01,-2.400000000000000000e+01,-5.800000000000000000e+01
-4.100000000000000000e+01,-3.400000000000000000e+01,-3.500000000000000000e+01,-3.500000000000000000e+01,-1.000000000000000000e+01
-5.100000000000000000e+01,-5.000000000000000000e+01,-5.000000000000000000e+01,-5.000000000000000000e+01,-4.100000000000000000e+01
-4.600000000000000000e+01,-3.000000000000000000e+01,-5.400000000000000000e+01,-5.400000000000000000e+01,-2.400000000000000000e+01
-7.000000000000000000e+01,-4.200000000000000000e+01,-9.800000000000000000e+01,-9.800000000000000000e+01,-3.500000000000000000e+01
-4.000000000000000000e+01,-4.500000000000000000e+01,-3.100000000000000000e+01,-3.100000000000000000e+01,-5.000000000000000000e+01
-4.300000000000000000e+01,-7.300000000000000000e+01,-3.400000000000000000e+01,-3.400000000000000000e+01,-5.400000000000000000e+01
-5.400000000000000000e+01,-4.700000000000000000e+01,-5.000000000000000000e+01,-5.000000000000000000e+01,-9.800000000000000000e+01
-3.000000000000000000e+01,-4.000000000000000000e+01,-3.000000000000000000e+01,-3.000000000000000000e+01,-3.100000000000000000e+01
-4.900000000000000000e+01,-5.100000000000000000e+01,-4.200000000000000000e+01,-4.200000000000000000e+01,-3.400000000000000000e+01
-4.200000000000000000e+01,-3.500000000000000000e+01,-4.500000000000000000e+01,-4.500000000000000000e+01,-5.000000000000000000e+01
-6.500000000000000000e+01,-3.800000000000000000e+01,-7.300000000000000000e+01,-7.300000000000000000e+01,-3.000000000000000000e+01
-4.900000000000000000e+01,-2.800000000000000000e+01,-4.700000000000000000e+01,-4.700000000000000000e+01,-4.200000000000000000e+01
-3.800000000000000000e+01,-4.200000000000000000e+01,-4.000000000000000000e+01,-4.000000000000000000e+01,-4.500000000000000000e+01
-5.100000000000000000e+01,-6.500000000000000000e+01,-5.100000000000000000e+01,-5.100000000000000000e+01,-7.300000000000000000e+01
1.500000000000000000e+01,-5.100000000000000000e+01,-3.500000000000000000e+01,-3.500000000000000000e+01,-4.700000000000000000e+01
8.020000000000000000e+02,-5.000000000000000000e+01,-3.800000000000000000e+01,-3.800000000000000000e+01,-4.000000000000000000e+01
-3.572000000000000000e+03,-2.300000000000000000e+01,-2.800000000000000000e+01,-2.800000000000000000e+01,-5.100000000000000000e+01
-7.740000000000000000e+03,-3.900000000000000000e+01,-4.200000000000000000e+01,-4.200000000000000000e+01,-3.500000000000000000e+01
-7.430000000000000000e+03,-3.400000000000000000e+01,-6.500000000000000000e+01,-6.500000000000000000e+01,-3.800000000000000000e+01
1.047000000000000000e+03,-4.100000000000000000e+01,-5.100000000000000000e+01,-5.100000000000000000e+01,-2.800000000000000000e+01
5.313000000000000000e+03,-4.900000000000000000e+01,-5.000000000000000000e+01,-5.000000000000000000e+01,-4.200000000000000000e+01
5.223000000000000000e+03,-4.300000000000000000e+01,-2.300000000000000000e+01,-2.300000000000000000e+01,-6.500000000000000000e+01
5.203000000000000000e+03,-6.700000000000000000e+01,-3.900000000000000000e+01,-3.900000000000000000e+01,-5.100000000000000000e+01
5.197000000000000000e+03,-4.000000000000000000e+01,-3.400000000000000000e+01,-3.400000000000000000e+01,-5.000000000000000000e+01
3.240000000000000000e+02,-4.200000000000000000e+01,-4.100000000000000000e+01,-4.100000000000000000e+01,-2.300000000000000000e+01
-7.679000000000000000e+03,-5.400000000000000000e+01,-4.900000000000000000e+01,-4.900000000000000000e+01,-3.900000000000000000e+01
-7.701000000000000000e+03,-3.200000000000000000e+01,-4.300000000000000000e+01,-4.300000000000000000e+01,-3.400000000000000000e+01
-7.713000000000000000e+03,-6.900000000000000000e+01,-6.700000000000000000e+01,-6.700000000000000000e+01,-4.100000000000000000e+01
-7.686000000000000000e+03,-4.600000000000000000e+01,-4.000000000000000000e+01,-4.000000000000000000e+01,-4.900000000000000000e+01
-2.566000000000000000e+03,-6.100000000000000000e+01,-4.200000000000000000e+01,-4.200000000000000000e+01,-4.300000000000000000e+01
5.220000000000000000e+03,-4.600000000000000000e+01,-5.400000000000000000e+01,-5.400000000000000000e+01,-6.700000000000000000e+01
5.153000000000000000e+03,-3.500000000000000000e+01,-3.200000000000000000e+01,-3.200000000000000000e+01,-4.000000000000000000e+01
5.143000000000000000e+03,-5.000000000000000000e+01,-6.900000000000000000e+01,-6.900000000000000000e+01,-4.200000000000000000e+01
5.157000000000000000e+03,5.000000000000000000e+00,-4.600000000000000000e+01,-4.600000000000000000e+01,-5.400000000000000000e+01
5.138000000000000000e+03,-2.800000000000000000e+01,-6.100000000000000000e+01,-6.100000000000000000e+01,-3.200000000000000000e+01
5.146000000000000000e+03,-4.600000000000000000e+01,-4.600000000000000000e+01,-4.600000000000000000e+01,-6.900000000000000000e+01
4.938000000000000000e+03,-5.600000000000000000e+01,-3.500000000000000000e+01,-3.500000000000000000e+01,-4.600000000000000000e+01
-1.638000000000000000e+03,-6.200000000000000000e+01,-5.000000000000000000e+01,-5.000000000000000000e+01,-6.100000000000000000e+01
-7.816000000000000000e+03,-3.500000000000000000e+01,5.000000000000000000e+00,5.000000000000000000e+00,-4.600000000000000000e+01
-7.700000000000000000e+03,-4.900000000000000000e+01,-2.800000000000000000e+01,-2.800000000000000000e+01,-3.500000000000000000e+01
-7.675000000000000000e+03,-2.100000000000000000e+01,-4.600000000000000000e+01,-4.600000000000000000e+01,-5.000000000000000000e+01
-7.668000000000000000e+03,-3.000000000000000000e+01,-5.600000000000000000e+01,-5.600000000000000000e+01,5.000000000000000000e+00
-7.664000000000000000e+03,-3.800000000000000000e+01,-6.200000000000000000e+01,-6.200000000000000000e+01,-2.800000000000000000e+01
-7.479000000000000000e+03,-5.100000000000000000e+01,-3.500000000000000000e+01,-3.500000000000000000e+01,-4.600000000000000000e+01
1.674000000000000000e+03,-8.900000000000000000e+01,-4.900000000000000000e+01,-4.900000000000000000e+01,-5.600000000000000000e+01
5.160000000000000000e+03,-3.400000000000000000e+01,-2.100000000000000000e+01,-2.100000000000000000e+01,-6.200000000000000000e+01
5.114000000000000000e+03,-4.500000000000000000e+01,-3.000000000000000000e+01,-3.000000000000000000e+01,-3.500000000000000000e+01
5.107000000000000000e+03,-5.300000000000000000e+01,-3.800000000000000000e+01,-3.800000000000000000e+01,-4.900000000000000000e+01
5.138000000000000000e+03,-2.800000000000000000e+01,-5.100000000000000000e+01,-5.100000000000000000e+01,-2.100000000000000000e+01
5.159000000000000000e+03,-3.400000000000000000e+01,-8.900000000000000000e+01,-8.900000000000000000e+01,-3.000000000000000000e+01
-6.910000000000000000e+02,-4.100000000000000000e+01,-3.400000000000000000e+01,-3.400000000000000000e+01,-3.800000000000000000e+01
-7.750000000000000000e+03,-7.300000000000000000e+01,-4.500000000000000000e+01,-4.500000000000000000e+01,-5.100000000000000000e+01
-7.669000000000000000e+03,-4.500000000000000000e+01,-5.300000000000000000e+01,-5.300000000000000000e+01,-8.900000000000000000e+01
-7.668000000000000000e+03,-4.700000000000000000e+01,-2.800000000000000000e+01,-2.800000000000000000e+01,-3.400000000000000000e+01
-7.686000000000000000e+03,-5.400000000000000000e+01,-3.400000000000000000e+01,-3.400000000000000000e+01,-4.500000000000000000e+01
-7.652000000000000000e+03,-3.400000000000000000e+01,-4.100000000000000000e+01,-4.100000000000000000e+01,-5.300000000000000000e+01
-7.655000000000000000e+03,-3.300000000000000000e+01,-7.300000000000000000e+01,-7.300000000000000000e+01,-2.800000000000000000e+01
-7.644000000000000000e+03,-2.500000000000000000e+01,-4.500000000000000000e+01,-4.500000000000000000e+01,-3.400000000000000000e+01
-1.754000000000000000e+03,-4.500000000000000000e+01,-4.700000000000000000e+01,-4.700000000000000000e+01,-4.100000000000000000e+01
5.159000000000000000e+03,-6.700000000000000000e+01,-5.400000000000000000e+01,-5.400000000000000000e+01,-7.300000000000000000e+01
5.096000000000000000e+03,-4.900000000000000000e+01,-3.400000000000000000e+01,-3.400000000000000000e+01,-4.500000000000000000e+01
5.121000000000000000e+03,-5.200000000000000000e+01,-3.300000000000000000e+01,-3.300000000000000000e+01,-4.700000000000000000e+01
5.153000000000000000e+03,-1.700000000000000000e+01,-2.500000000000000000e+01,-2.500000000000000000e+01,-5.400000000000000000e+01
5.166000000000000000e+03,-3.600000000000000000e+01,-4.500000000000000000e+01,-4.500000000000000000e+01,-3.400000000000000000e+01
5.156000000000000000e+03,-3.900000000000000000e+01,-6.700000000000000000e+01,-6.700000000000000000e+01,-3.300000000000000000e+01
5.147000000000000000e+03,-4.100000000000000000e+01,-4.900000000000000000e+01,-4.900000000000000000e+01,-2.500000000000000000e+01
-4.560000000000000000e+02,-5.100000000000000000e+01,-5.200000000000000000e+01,-5.200000000000000000e+01,-4.500000000000000000e+01
-7.697000000000000000e+03,-4.600000000000000000e+01,-1.700000000000000000e+01,-1.700000000000000000e+01,-6.700000000000000000e+01
-7.670000000000000000e+03,-7.000000000000000000e+01,-3.600000000000000000e+01,-3.600000000000000000e+01,-4.900000000000000000e+01
-7.700000000000000000e+03,-4.000000000000000000e+01,-3.900000000000000000e+01,-3.900000000000000000e+01,-5.200000000000000000e+01
-7.640000000000000000e+03,-4.300000000000000000e+01,-4.100000000000000000e+01,-4.100000000000000000e+01,-1.700000000000000000e+01
-7.623000000000000000e+03,-5.400000000000000000e+01,-5.100000000000000000e+01,-5.100000000000000000e+01,-3.600000000000000000e+01
-7.626000000000000000e+03,-3.000000000000000000e+01,-4.600000000000000000e+01,-4.600000000000000000e+01,-3.900000000000000000e+01
-2.869000000000000000e+03,-4.900000000000000000e+01,-7.000000000000000000e+01,-7.000000000000000000e+01,-4.100000000000000000e+01
5.067000000000000000e+03,-4.200000000000000000e+01,-4.000000000000000000e+01,-4.000000000000000000e+01,-5.100000000000000000e+01
5.135000000000000000e+03,-6.500000000000000000e+01,-4.300000000000000000e+01,-4.300000000000000000e+01,-4.600000000000000000e+01
5.121000000000000000e+03,-4.900000000000000000e+01,-5.400000000000000000e+01,-5.400000000000000000e+01,-7.000000000000000000e+01
5.145000000000000000e+03,-3.800000000000000000e+01,-3.000000000000000000e+01,-3.000000000000000000e+01,-4.000000000000000000e+01
5.133000000000000000e+03,-5.100000000000000000e+01,-4.900000000000000000e+01,-4.900000000000000000e+01,-4.300000000000000000e+01
5.143000000000000000e+03,1.500000000000000000e+01,-4.200000000000000000e+01,-4.200000000000000000e+01,-5.400000000000000000e+01
5.097000000000000000e+03,8.020000000000000000e+02,-6.500000000000000000e+01,-6.500000000000000000e+01,-3.000000000000000000e+01
-5.390000000000000000e+02,-3.572000000000000000e+03,-4.900000000000000000e+01,-4.900000000000000000e+01,-4.900000000000000000e+01
-7.697000000000000000e+03,-7.740000000000000000e+03,-3.800000000000000000e+01,-3.800000000000000000e+01,-4.200000000000000000e+01
-7.649000000000000000e+03,-7.430000000000000000e+03,-5.100000000000000000e+01,-5.100000000000000000e+01,-6.500000000000000000e+01
-7.621000000000000000e+03,1.047000000000000000e+03,1.500000000000000000e+01,1.500000000000000000e+01,-4.900000000000000000e+01
-7.608000000000000000e+03,5.313000000000000000e+03,8.020000000000000000e+02,8.020000000000000000e+02,-3.800000000000000000e+01
-7.607000000000000000e+03,5.223000000000000000e+03,-3.572000000000000000e+03,-3.572000000000000000e+03,-5.100000000000000000e+01
-7.625000000000000000e+03,5.203000000000000000e+03,-7.740000000000000000e+03,-7.740000000000000000e+03,1.500000000000000000e+01
-2.271000000000000000e+03,5.197000000000000000e+03,-7.430000000000000000e+03,-7.430000000000000000e+03,8.020000000000000000e+02
5.139000000000000000e+03,3.240000000000000000e+02,1.047000000000000000e+03,1.047000000000000000e+03,-3.572000000000000000e+03
5.128000000000000000e+03,-7.679000000000000000e+03,5.313000000000000000e+03,5.313000000000000000e+03,-7.740000000000000000e+03
5.105000000000000000e+03,-7.701000000000000000e+03,5.223000000000000000e+03,5.223000000000000000e+03,-7.430000000000000000e+03
5.160000000000000000e+03,-7.713000000000000000e+03,5.203000000000000000e+03,5.203000000000000000e+03,1.047000000000000000e+03
5.177000000000000000e+03,-7.686000000000000000e+03,5.197000000000000000e+03,5.197000000000000000e+03,5.313000000000000000e+03
5.174000000000000000e+03,-2.566000000000000000e+03,3.240000000000000000e+02,3.240000000000000000e+02,5.223000000000000000e+03
5.007000000000000000e+03,5.220000000000000000e+03,-7.679000000000000000e+03,-7.679000000000000000e+03,5.203000000000000000e+03
-2.645000000000000000e+03,5.153000000000000000e+03,-7.701000000000000000e+03,-7.701000000000000000e+03,5.197000000000000000e+03
-7.713000000000000000e+03,5.143000000000000000e+03,-7.713000000000000000e+03,-7.713000000000000000e+03,3.240000000000000000e+02
-7.636000000000000000e+03,5.157000000000000000e+03,-7.686000000000000000e+03,-7.686000000000000000e+03,-7.679000000000000000e+03
-7.609000000000000000e+03,5.138000000000000000e+03,-2.566000000000000000e+03,-2.566000000000000000e+03,-7.701000000000000000e+03
-7.621000000000000000e+03,5.146000000000000000e+03,5.220000000000000000e+03,5.220000000000000000e+03,-7.713000000000000000e+03
-7.602000000000000000e+03,4.938000000000000000e+03,5.153000000000000000e+03,5.153000000000000000e+03,-7.686000000000000000e+03
-7.304000000000000000e+03,-1.638000000000000000e+03,5.143000000000000000e+03,5.143000000000000000e+03,-2.566000000000000000e+03
1.897000000000000000e+03,-7.816000000000000000e+03,5.157000000000000000e+03,5.157000000000000000e+03,5.220000000000000000e+03
5.245000000000000000e+03,-7.700000000000000000e+03,5.138000000000000000e+03,5.138000000000000000e+03,5.153000000000000000e+03
5.193000000000000000e+03,-7.675000000000000000e+03,5.146000000000000000e+03,5.146000000000000000e+03,5.143000000000000000e+03
5.231000000000000000e+03,-7.668000000000000000e+03,4.938000000000000000e+03,4.938000000000000000e+03,5.157000000000000000e+03
5.237000000000000000e+03,-7.664000000000000000e+03,-1.638000000000000000e+03,-1.638000000000000000e+03,5.138000000000000000e+03
5.234000000000000000e+03,-7.479000000000000000e+03,-7.816000000000000000e+03,-7.816000000000000000e+03,5.146000000000000000e+03
5.223000000000000000e+03,1.674000000000000000e+03,-7.700000000000000000e+03,-7.700000000000000000e+03,4.938000000000000000e+03
4.844000000000000000e+03,5.160000000000000000e+03,-7.675000000000000000e+03,-7.675000000000000000e+03,-1.638000000000000000e+03
-6.368000000000000000e+03,5.114000000000000000e+03,-7.668000000000000000e+03,-7.668000000000000000e+03,-7.816000000000000000e+03
-7.649000000000000000e+03,5.107000000000000000e+03,-7.664000000000000000e+03,-7.664000000000000000e+03,-7.700000000000000000e+03
-7.649000000000000000e+03,5.138000000000000000e+03,-7.479000000000000000e+03,-7.479000000000000000e+03,-7.675000000000000000e+03
-7.602000000000000000e+03,5.159000000000000000e+03,1.674000000000000000e+03,1.674000000000000000e+03,-7.668000000000000000e+03
-7.585000000000000000e+03,-6.910000000000000000e+02,5.160000000000000000e+03,5.160000000000000000e+03,-7.664000000000000000e+03
-7.586000000000000000e+03,-7.750000000000000000e+03,5.114000000000000000e+03,5.114000000000000000e+03,-7.479000000000000000e+03
-3.414000000000000000e+03,-7.669000000000000000e+03,5.107000000000000000e+03,5.107000000000000000e+03,1.674000000000000000e+03
5.059000000000000000e+03,-7.668000000000000000e+03,5.138000000000000000e+03,5.138000000000000000e+03,5.160000000000000000e+03
5.239000000000000000e+03,-7.686000000000000000e+03,5.159000000000000000e+03,5.159000000000000000e+03,5.114000000000000000e+03
5.219000000000000000e+03,-7.652000000000000000e+03,-6.910000000000000000e+02,-6.910000000000000000e+02,5.107000000000000000e+03
5.256000000000000000e+03,-7.655000000000000000e+03,-7.750000000000000000e+03,-7.750000000000000000e+03,5.138000000000000000e+03
5.253000000000000000e+03,-7.644000000000000000e+03,-7.669000000000000000e+03,-7.669000000000000000e+03,5.159000000000000000e+03
5.265000000000000000e+03,-1.754000000000000000e+03,-7.668000000000000000e+03,-7.668000000000000000e+03,-6.910000000000000000e+02
5.219000000000000000e+03,5.159000000000000000e+03,-7.686000000000000000e+03,-7.686000000000000000e+03,-7.750000000000000000e+03
-8.790000000000000000e+02,5.096000000000000000e+03,-7.652000000000000000e+03,-7.652000000000000000e+03,-7.669000000000000000e+03
-7.680000000000000000e+03,5.121000000000000000e+03,-7.655000000000000000e+03,-7.655000000000000000e+03,-7.668000000000000000e+03
-7.608000000000000000e+03,5.153000000000000000e+03,-7.644000000000000000e+03,-7.644000000000000000e+03,-7.686000000000000000e+03
-7.579000000000000000e+03,5.166000000000000000e+03,-1.754000000000000000e+03,-1.754000000000000000e+03,-7.652000000000000000e+03
-7.566000000000000000e+03,5.156000000000000000e+03,5.159000000000000000e+03,5.159000000000000000e+03,-7.655000000000000000e+03
-7.563000000000000000e+03,5.147000000000000000e+03,5.096000000000000000e+03,5.096000000000000000e+03,-7.644000000000000000e+03
-7.425000000000000000e+03,-4.560000000000000000e+02,5.121000000000000000e+03,5.121000000000000000e+03,-1.754000000000000000e+03
1.240000000000000000e+02,-7.697000000000000000e+03,5.153000000000000000e+03,5.153000000000000000e+03,5.159000000000000000e+03
5.364000000000000000e+03,-7.670000000000000000e+03,5.166000000000000000e+03,5.166000000000000000e+03,5.096000000000000000e+03
5.255000000000000000e+03,-7.700000000000000000e+03,5.156000000000000000e+03,5.156000000000000000e+03,5.121000000000000000e+03
5.234000000000000000e+03,-7.640000000000000000e+03,5.147000000000000000e+03,5.147000000000000000e+03,5.153000000000000000e+03
5.287000000000000000e+03,-7.623000000000000000e+03,-4.560000000000000000e+02,-4.560000000000000000e+02,5.166000000000000000e+03
5.305000000000000000e+03,-7.626000000000000000e+03,-7.697000000000000000e+03,-7.697000000000000000e+03,5.156000000000000000e+03
5.299000000000000000e+03,-2.869000000000000000e+03,-7.670000000000000000e+03,-7.670000000000000000e+03,5.147000000000000000e+03
5.136000000000000000e+03,5.067000000000000000e+03,-7.700000000000000000e+03,-7.700000000000000000e+03,-4.560000000000000000e+02
-3.226000000000000000e+03,5.135000000000000000e+03,-7.640000000000000000e+03,-7.640000000000000000e+03,-7.697000000000000000e+03
-7.662000000000000000e+03,5.121000000000000000e+03,-7.623000000000000000e+03,-7.623000000000000000e+03,-7.670000000000000000e+03
-7.610000000000000000e+03,5.145000000000000000e+03,-7.626000000000000000e+03,-7.626000000000000000e+03,-7.700000000000000000e+03
-7.581000000000000000e+03,5.133000000000000000e+03,-2.869000000000000000e+03,-2.869000000000000000e+03,-7.640000000000000000e+03
-7.587000000000000000e+03,5.143000000000000000e+03,5.067000000000000000e+03,5.067000000000000000e+03,-7.623000000000000000e+03
-7.571000000000000000e+03,5.097000000000000000e+03,5.135000000000000000e+03,5.135000000000000000e+03,-7.626000000000000000e+03
-6.216000000000000000e+03,-5.390000000000000000e+02,5.121000000000000000e+03,5.121000000000000000e+03,-2.869000000000000000e+03
3.068000000000000000e+03,-7.697000000000000000e+03,5.145000000000000000e+03,5.145000000000000000e+03,5.067000000000000000e+03
5.324000000000000000e+03,-7.649000000000000000e+03,5.133000000000000000e+03,5.133000000000000000e+03,5.135000000000000000e+03
5.290000000000000000e+03,-7.621000000000000000e+03,5.143000000000000000e+03,5.143000000000000000e+03,5.121000000000000000e+03
5.322000000000000000e+03,-7.608000000000000000e+03,5.097000000000000000e+03,5.097000000000000000e+03,5.145000000000000000e+03
5.342000000000000000e+03,-7.607000000000000000e+03,-5.390000000000000000e+02,-5.390000000000000000e+02,5.133000000000000000e+03
5.330000000000000000e+03,-7.625000000000000000e+03,-7.697000000000000000e+03,-7.697000000000000000e+03,5.143000000000000000e+03
5.324000000000000000e+03,-2.271000000000000000e+03,-7.649000000000000000e+03,-7.649000000000000000e+03,5.097000000000000000e+03
5.113000000000000000e+03,5.139000000000000000e+03,-7.621000000000000000e+03,-7.621000000000000000e+03,-5.390000000000000000e+02
-5.452000000000000000e+03,5.128000000000000000e+03,-7.608000000000000000e+03,-7.608000000000000000e+03,-7.697000000000000000e+03
-7.628000000000000000e+03,5.105000000000000000e+03,-7.607000000000000000e+03,-7.607000000000000000e+03,-7.649000000000000000e+03
-7.636000000000000000e+03,5.160000000000000000e+03,-7.625000000000000000e+03,-7.625000000000000000e+03,-7.621000000000000000e+03
-7.573000000000000000e+03,5.177000000000000000e+03,-2.271000000000000000e+03,-2.271000000000000000e+03,-7.608000000000000000e+03
-7.568000000000000000e+03,5.174000000000000000e+03,5.139000000000000000e+03,5.139000000000000000e+03,-7.607000000000000000e+03
-7.558000000000000000e+03,5.007000000000000000e+03,5.128000000000000000e+03,5.128000000000000000e+03,-7.625000000000000000e+03
-4.405000000000000000e+03,-2.645000000000000000e+03,5.105000000000000000e+03,5.105000000000000000e+03,-2.271000000000000000e+03
4.230000000000000000e+03,-7.713000000000000000e+03,5.160000000000000000e+03,5.160000000000000000e+03,5.139000000000000000e+03
5.305000000000000000e+03,-7.636000000000000000e+03,5.177000000000000000e+03,5.177000000000000000e+03,5.128000000000000000e+03
5.289000000000000000e+03,-7.609000000000000000e+03,5.174000000000000000e+03,5.174000000000000000e+03,5.105000000000000000e+03
5.311000000000000000e+03,-7.621000000000000000e+03,5.007000000000000000e+03,5.007000000000000000e+03,5.160000000000000000e+03
5.302000000000000000e+03,-7.602000000000000000e+03,-2.645000000000000000e+03,-2.645000000000000000e+03,5.177000000000000000e+03
5.314000000000000000e+03,-7.304000000000000000e+03,-7.713000000000000000e+03,-7.713000000000000000e+03,5.174000000000000000e+03
5.274000000000000000e+03,1.897000000000000000e+03,-7.636000000000000000e+03,-7.636000000000000000e+03,5.007000000000000000e+03
4.915000000000000000e+03,5.245000000000000000e+03,-7.609000000000000000e+03,-7.609000000000000000e+03,-2.645000000000000000e+03
-6.582000000000000000e+03,5.193000000000000000e+03,-7.621000000000000000e+03,-7.621000000000000000e+03,-7.713000000000000000e+03
-7.612000000000000000e+03,5.231000000000000000e+03,-7.602000000000000000e+03,-7.602000000000000000e+03,-7.636000000000000000e+03
-7.566000000000000000e+03,5.237000000000000000e+03,-7.304000000000000000e+03,-7.304000000000000000e+03,-7.609000000000000000e+03
-7.546000000000000000e+03,5.234000000000000000e+03,1.897000000000000000e+03,1.897000000000000000e+03,-7.621000000000000000e+03
-7.548000000000000000e+03,5.223000000000000000e+03,5.245000000000000000e+03,5.245000000000000000e+03,-7.602000000000000000e+03
-7.563000000000000000e+03,4.844000000000000000e+03,5.193000000000000000e+03,5.193000000000000000e+03,-7.304000000000000000e+03
-4.452000000000000000e+03,-6.368000000000000000e+03,5.231000000000000000e+03,5.231000000000000000e+03,1.897000000000000000e+03
4.161000000000000000e+03,-7.649000000000000000e+03,5.237000000000000000e+03,5.237000000000000000e+03,5.245000000000000000e+03
5.288000000000000000e+03,-7.649000000000000000e+03,5.234000000000000000e+03,5.234000000000000000e+03,5.193000000000000000e+03
5.277000000000000000e+03,-7.602000000000000000e+03,5.223000000000000000e+03,5.223000000000000000e+03,5.231000000000000000e+03
5.308000000000000000e+03,-7.585000000000000000e+03,4.844000000000000000e+03,4.844000000000000000e+03,5.237000000000000000e+03
5.346000000000000000e+03,-7.586000000000000000e+03,-6.368000000000000000e+03,-6.368000000000000000e+03,5.234000000000000000e+03
5.323000000000000000e+03,-3.414000000000000000e+03,-7.649000000000000000e+03,-7.649000000000000000e+03,5.223000000000000000e+03
5.353000000000000000e+03,5.059000000000000000e+03,-7.649000000000000000e+03,-7.649000000000000000e+03,4.844000000000000000e+03
5.123000000000000000e+03,5.239000000000000000e+03,-7.602000000000000000e+03,-7.602000000000000000e+03,-6.368000000000000000e+03
-5.850000000000000000e+03,5.219000000000000000e+03,-7.585000000000000000e+03,-7.585000000000000000e+03,-7.649000000000000000e+03
-7.625000000000000000e+03,5.256000000000000000e+03,-7.586000000000000000e+03,-7.586000000000000000e+03,-7.649000000000000000e+03
-7.569000000000000000e+03,5.253000000000000000e+03,-3.414000000000000000e+03,-3.414000000000000000e+03,-7.602000000000000000e+03
-7.572000000000000000e+03,5.265000000000000000e+03,5.059000000000000000e+03,5.059000000000000000e+03,-7.585000000000000000e+03
-7.555000000000000000e+03,5.219000000000000000e+03,5.239000000000000000e+03,5.239000000000000000e+03,-7.586000000000000000e+03
-7.534000000000000000e+03,-8.790000000000000000e+02,5.219000000000000000e+03,5.219000000000000000e+03,-3.414000000000000000e+03
-6.276000000000000000e+03,-7.680000000000000000e+03,5.256000000000000000e+03,5.256000000000000000e+03,5.059000000000000000e+03
3.002000000000000000e+03,-7.608000000000000000e+03,5.253000000000000000e+03,5.253000000000000000e+03,5.239000000000000000e+03
5.309000000000000000e+03,-7.579000000000000000e+03,5.265000000000000000e+03,5.265000000000000000e+03,5.219000000000000000e+03
5.323000000000000000e+03,-7.566000000000000000e+03,5.219000000000000000e+03,5.219000000000000000e+03,5.256000000000000000e+03
5.310000000000000000e+03,-7.563000000000000000e+03,-8.790000000000000000e+02,-8.790000000000000000e+02,5.253000000000000000e+03
5.323000000000000000e+03,-7.425000000000000000e+03,-7.680000000000000000e+03,-7.680000000000000000e+03,5.265000000000000000e+03
5.300000000000000000e+03,1.240000000000000000e+02,-7.608000000000000000e+03,-7.608000000000000000e+03,5.219000000000000000e+03
5.333000000000000000e+03,5.364000000000000000e+03,-7.579000000000000000e+03,-7.579000000000000000e+03,-8.790000000000000000e+02
3.855000000000000000e+03,5.255000000000000000e+03,-7.566000000000000000e+03,-7.566000000000000000e+03,-7.680000000000000000e+03
-7.069000000000000000e+03,5.234000000000000000e+03,-7.563000000000000000e+03,-7.563000000000000000e+03,-7.608000000000000000e+03
-7.585000000000000000e+03,5.287000000000000000e+03,-7.425000000000000000e+03,-7.425000000000000000e+03,-7.579000000000000000e+03
-7.557000000000000000e+03,5.305000000000000000e+03,1.240000000000000000e+02,1.240000000000000000e+02,-7.566000000000000000e+03
-7.514000000000000000e+03,5.299000000000000000e+03,5.364000000000000000e+03,5.364000000000000000e+03,-7.563000000000000000e+03
-7.534000000000000000e+03,5.136000000000000000e+03,5.255000000000000000e+03,5.255000000000000000e+03,-7.425000000000000000e+03
-7.513000000000000000e+03,-3.226000000000000000e+03,5.234000000000000000e+03,5.234000000000000000e+03,1.240000000000000000e+02
-7.295000000000000000e+03,-7.662000000000000000e+03,5.287000000000000000e+03,5.287000000000000000e+03,5.364000000000000000e+03
-5.190000000000000000e+02,-7.610000000000000000e+03,5.305000000000000000e+03,5.305000000000000000e+03,5.255000000000000000e+03
5.361000000000000000e+03,-7.581000000000000000e+03,5.299000000000000000e+03,5.299000000000000000e+03,5.234000000000000000e+03
5.288000000000000000e+03,-7.587000000000000000e+03,5.136000000000000000e+03,5.136000000000000000e+03,5.287000000000000000e+03
5.295000000000000000e+03,-7.571000000000000000e+03,-3.226000000000000000e+03,-3.226000000000000000e+03,5.305000000000000000e+03
5.310000000000000000e+03,-6.216000000000000000e+03,-7.662000000000000000e+03,-7.662000000000000000e+03,5.299000000000000000e+03
5.302000000000000000e+03,3.068000000000000000e+03,-7.610000000000000000e+03,-7.610000000000000000e+03,5.136000000000000000e+03
5.338000000000000000e+03,5.324000000000000000e+03,-7.581000000000000000e+03,-7.581000000000000000e+03,-3.226000000000000000e+03
5.156000000000000000e+03,5.290000000000000000e+03,-7.587000000000000000e+03,-7.587000000000000000e+03,-7.662000000000000000e+03
-4.873000000000000000e+03,5.322000000000000000e+03,-7.571000000000000000e+03,-7.571000000000000000e+03,-7.610000000000000000e+03
-7.572000000000000000e+03,5.342000000000000000e+03,-6.216000000000000000e+03,-6.216000000000000000e+03,-7.581000000000000000e+03
-7.539000000000000000e+03,5.330000000000000000e+03,3.068000000000000000e+03,3.068000000000000000e+03,-7.587000000000000000e+03
-7.529000000000000000e+03,5.324000000000000000e+03,5.324000000000000000e+03,5.324000000000000000e+03,-7.571000000000000000e+03
-7.544000000000000000e+03,5.113000000000000000e+03,5.290000000000000000e+03,5.290000000000000000e+03,-6.216000000000000000e+03
-7.507000000000000000e+03,-5.452000000000000000e+03,5.322000000000000000e+03,5.322000000000000000e+03,3.068000000000000000e+03
-7.514000000000000000e+03,-7.628000000000000000e+03,5.342000000000000000e+03,5.342000000000000000e+03,5.324000000000000000e+03
-3.612000000000000000e+03,-7.636000000000000000e+03,5.330000000000000000e+03,5.330000000000000000e+03,5.290000000000000000e+03
5.051000000000000000e+03,-7.573000000000000000e+03,5.324000000000000000e+03,5.324000000000000000e+03,5.322000000000000000e+03
5.314000000000000000e+03,-7.568000000000000000e+03,5.113000000000000000e+03,5.113000000000000000e+03,5.342000000000000000e+03
5.342000000000000000e+03,-7.558000000000000000e+03,-5.452000000000000000e+03,-5.452000000000000000e+03,5.330000000000000000e+03
5.330000000000000000e+03,-4.405000000000000000e+03,-7.628000000000000000e+03,-7.628000000000000000e+03,5.324000000000000000e+03
5.362000000000000000e+03,4.230000000000000000e+03,-7.636000000000000000e+03,-7.636000000000000000e+03,5.113000000000000000e+03
5.385000000000000000e+03,5.305000000000000000e+03,-7.573000000000000000e+03,-7.573000000000000000e+03,-5.452000000000000000e+03
5.178000000000000000e+03,5.289000000000000000e+03,-7.568000000000000000e+03,-7.568000000000000000e+03,-7.628000000000000000e+03
-3.003000000000000000e+03,5.311000000000000000e+03,-7.558000000000000000e+03,-7.558000000000000000e+03,-7.636000000000000000e+03
-7.646000000000000000e+03,5.302000000000000000e+03,-4.405000000000000000e+03,-4.405000000000000000e+03,-7.573000000000000000e+03
-7.533000000000000000e+03,5.314000000000000000e+03,4.230000000000000000e+03,4.230000000000000000e+03,-7.568000000000000000e+03
-7.516000000000000000e+03,5.274000000000000000e+03,5.305000000000000000e+03,5.305000000000000000e+03,-7.558000000000000000e+03
-7.534000000000000000e+03,4.915000000000000000e+03,5.289000000000000000e+03,5.289000000000000000e+03,-4.405000000000000000e+03
-7.486000000000000000e+03,-6.582000000000000000e+03,5.311000000000000000e+03,5.311000000000000000e+03,4.230000000000000000e+03
-7.475000000000000000e+03,-7.612000000000000000e+03,5.302000000000000000e+03,5.302000000000000000e+03,5.305000000000000000e+03
-4.452000000000000000e+03,-7.566000000000000000e+03,5.314000000000000000e+03,5.314000000000000000e+03,5.289000000000000000e+03
5.062000000000000000e+03,-7.546000000000000000e+03,5.274000000000000000e+03,5.274000000000000000e+03,5.311000000000000000e+03
5.354000000000000000e+03,-7.548000000000000000e+03,4.915000000000000000e+03,4.915000000000000000e+03,5.302000000000000000e+03
5.346000000000000000e+03,-7.563000000000000000e+03,-6.582000000000000000e+03,-6.582000000000000000e+03,5.314000000000000000e+03
5.340000000000000000e+03,-4.452000000000000000e+03,-7.612000000000000000e+03,-7.612000000000000000e+03,5.274000000000000000e+03
5.366000000000000000e+03,4.161000000000000000e+03,-7.566000000000000000e+03,-7.566000000000000000e+03,4.915000000000000000e+03
5.352000000000000000e+03,5.288000000000000000e+03,-7.546000000000000000e+03,-7.546000000000000000e+03,-6.582000000000000000e+03
5.366000000000000000e+03,5.277000000000000000e+03,-7.548000000000000000e+03,-7.548000000000000000e+03,-7.612000000000000000e+03
-2.580000000000000000e+02,5.308000000000000000e+03,-7.563000000000000000e+03,-7.563000000000000000e+03,-7.566000000000000000e+03
-7.590000000000000000e+03,5.346000000000000000e+03,-4.452000000000000000e+03,-4.452000000000000000e+03,-7.546000000000000000e+03
-7.498000000000000000e+03,5.323000000000000000e+03,4.161000000000000000e+03,4.161000000000000000e+03,-7.548000000000000000e+03
-7.499000000000000000e+03,5.353000000000000000e+03,5.288000000000000000e+03,5.288000000000000000e+03,-7.563000000000000000e+03
-7.471000000000000000e+03,5.123000000000000000e+03,5.277000000000000000e+03,5.277000000000000000e+03,-4.452000000000000000e+03
-7.478000000000000000e+03,-5.850000000000000000e+03,5.308000000000000000e+03,5.308000000000000000e+03,4.161000000000000000e+03
-7.468000000000000000e+03,-7.625000000000000000e+03,5.346000000000000000e+03,5.346000000000000000e+03,5.288000000000000000e+03
-7.330000000000000000e+03,-7.569000000000000000e+03,5.323000000000000000e+03,5.323000000000000000e+03,5.277000000000000000e+03
1.309000000000000000e+03,-7.572000000000000000e+03,5.353000000000000000e+03,5.353000000000000000e+03,5.308000000000000000e+03
5.387000000000000000e+03,-7.555000000000000000e+03,5.123000000000000000e+03,5.123000000000000000e+03,5.346000000000000000e+03
5.339000000000000000e+03,-7.534000000000000000e+03,-5.850000000000000000e+03,-5.850000000000000000e+03,5.323000000000000000e+03
5.354000000000000000e+03,-6.276000000000000000e+03,-7.625000000000000000e+03,-7.625000000000000000e+03,5.353000000000000000e+03
5.375000000000000000e+03,3.002000000000000000e+03,-7.569000000000000000e+03,-7.569000000000000000e+03,5.123000000000000000e+03
5.417000000000000000e+03,5.309000000000000000e+03,-7.572000000000000000e+03,-7.572000000000000000e+03,-5.850000000000000000e+03
5.388000000000000000e+03,5.323000000000000000e+03,-7.555000000000000000e+03,-7.555000000000000000e+03,-7.625000000000000000e+03
5.198000000000000000e+03,5.310000000000000000e+03,-7.534000000000000000e+03,-7.534000000000000000e+03,-7.569000000000000000e+03
-6.114000000000000000e+03,5.323000000000000000e+03,-6.276000000000000000e+03,-6.276000000000000000e+03,-7.572000000000000000e+03
-7.521000000000000000e+03,5.300000000000000000e+03,3.002000000000000000e+03,3.002000000000000000e+03,-7.555000000000000000e+03
-7.514000000000000000e+03,5.333000000000000000e+03,5.309000000000000000e+03,5.309000000000000000e+03,-7.534000000000000000e+03
-7.482000000000000000e+03,3.855000000000000000e+03,5.323000000000000000e+03,5.323000000000000000e+03,-6.276000000000000000e+03
-7.464000000000000000e+03,-7.069000000000000000e+03,5.310000000000000000e+03,5.310000000000000000e+03,3.002000000000000000e+03
-7.455000000000000000e+03,-7.585000000000000000e+03,5.323000000000000000e+03,5.323000000000000000e+03,5.309000000000000000e+03
-7.438000000000000000e+03,-7.557000000000000000e+03,5.300000000000000000e+03,5.300000000000000000e+03,5.323000000000000000e+03
-4.894000000000000000e+03,-7.514000000000000000e+03,5.333000000000000000e+03,5.333000000000000000e+03,5.310000000000000000e+03
4.749000000000000000e+03,-7.534000000000000000e+03,3.855000000000000000e+03,3.855000000000000000e+03,5.323000000000000000e+03
5.379000000000000000e+03,-7.513000000000000000e+03,-7.069000000000000000e+03,-7.069000000000000000e+03,5.300000000000000000e+03
5.372000000000000000e+03,-7.295000000000000000e+03,-7.585000000000000000e+03,-7.585000000000000000e+03,5.333000000000000000e+03
5.387000000000000000e+03,-5.190000000000000000e+02,-7.557000000000000000e+03,-7.557000000000000000e+03,3.855000000000000000e+03
5.390000000000000000e+03,5.361000000000000000e+03,-7.514000000000000000e+03,-7.514000000000000000e+03,-7.069000000000000000e+03
5.387000000000000000e+03,5.288000000000000000e+03,-7.534000000000000000e+03,-7.534000000000000000e+03,-7.585000000000000000e+03
5.217000000000000000e+03,5.295000000000000000e+03,-7.513000000000000000e+03,-7.513000000000000000e+03,-7.557000000000000000e+03
-3.478000000000000000e+03,5.310000000000000000e+03,-7.295000000000000000e+03,-7.295000000000000000e+03,-7.514000000000000000e+03
-7.554000000000000000e+03,5.302000000000000000e+03,-5.190000000000000000e+02,-5.190000000000000000e+02,-7.534000000000000000e+03
-7.460000000000000000e+03,5.338000000000000000e+03,5.361000000000000000e+03,5.361000000000000000e+03,-7.513000000000000000e+03
-7.455000000000000000e+03,5.156000000000000000e+03,5.288000000000000000e+03,5.288000000000000000e+03,-7.295000000000000000e+03
-7.417000000000000000e+03,-4.873000000000000000e+03,5.295000000000000000e+03,5.295000000000000000e+03,-5.190000000000000000e+02
-7.437000000000000000e+03,-7.572000000000000000e+03,5.310000000000000000e+03,5.310000000000000000e+03,5.361000000000000000e+03
-7.429000000000000000e+03,-7.539000000000000000e+03,5.302000000000000000e+03,5.302000000000000000e+03,5.288000000000000000e+03
-7.425000000000000000e+03,-7.529000000000000000e+03,5.338000000000000000e+03,5.338000000000000000e+03,5.295000000000000000e+03
-7.241000000000000000e+03,-7.544000000000000000e+03,5.156000000000000000e+03,5.156000000000000000e+03,5.310000000000000000e+03
1.888000000000000000e+03,-7.507000000000000000e+03,-4.873000000000000000e+03,-4.873000000000000000e+03,5.302000000000000000e+03
5.447000000000000000e+03,-7.514000000000000000e+03,-7.572000000000000000e+03,-7.572000000000000000e+03,5.338000000000000000e+03
5.411000000000000000e+03,-3.612000000000000000e+03,-7.539000000000000000e+03,-7.539000000000000000e+03,5.156000000000000000e+03
5.414000000000000000e+03,5.051000000000000000e+03,-7.529000000000000000e+03,-7.529000000000000000e+03,-4.873000000000000000e+03
5.438000000000000000e+03,5.314000000000000000e+03,-7.544000000000000000e+03,-7.544000000000000000e+03,-7.572000000000000000e+03
5.441000000000000000e+03,5.342000000000000000e+03,-7.507000000000000000e+03,-7.507000000000000000e+03,-7.539000000000000000e+03
5.265000000000000000e+03,5.330000000000000000e+03,-7.514000000000000000e+03,-7.514000000000000000e+03,-7.529000000000000000e+03
-6.241000000000000000e+03,5.362000000000000000e+03,-3.612000000000000000e+03,-3.612000000000000000e+03,-7.544000000000000000e+03
-7.457000000000000000e+03,5.385000000000000000e+03,5.051000000000000000e+03,5.051000000000000000e+03,-7.507000000000000000e+03
-7.438000000000000000e+03,5.178000000000000000e+03,5.314000000000000000e+03,5.314000000000000000e+03,-7.514000000000000000e+03
-7.436000000000000000e+03,-3.003000000000000000e+03,5.342000000000000000e+03,5.342000000000000000e+03,-3.612000000000000000e+03
-7.441000000000000000e+03,-7.646000000000000000e+03,5.330000000000000000e+03,5.330000000000000000e+03,5.051000000000000000e+03
-7.410000000000000000e+03,-7.533000000000000000e+03,5.362000000000000000e+03,5.362000000000000000e+03,5.314000000000000000e+03
-7.397000000000000000e+03,-7.516000000000000000e+03,5.385000000000000000e+03,5.385000000000000000e+03,5.342000000000000000e+03
-7.393000000000000000e+03,-7.534000000000000000e+03,5.178000000000000000e+03,5.178000000000000000e+03,5.330000000000000000e+03
-6.819000000000000000e+03,-7.486000000000000000e+03,-3.003000000000000000e+03,-3.003000000000000000e+03,5.362000000000000000e+03
2.593000000000000000e+03,-7.475000000000000000e+03,-7.646000000000000000e+03,-7.646000000000000000e+03,5.385000000000000000e+03
5.513000000000000000e+03,-4.452000000000000000e+03,-7.533000000000000000e+03,-7.533000000000000000e+03,5.178000000000000000e+03
5.446000000000000000e+03,5.062000000000000000e+03,-7.516000000000000000e+03,-7.516000000000000000e+03,-3.003000000000000000e+03
5.472000000000000000e+03,5.354000000000000000e+03,-7.534000000000000000e+03,-7.534000000000000000e+03,-7.646000000000000000e+03
5.461000000000000000e+03,5.346000000000000000e+03,-7.486000000000000000e+03,-7.486000000000000000e+03,-7.533000000000000000e+03
5.473000000000000000e+03,5.340000000000000000e+03,-7.475000000000000000e+03,-7.475000000000000000e+03,-7.516000000000000000e+03
5.223000000000000000e+03,5.366000000000000000e+03,-4.452000000000000000e+03,-4.452000000000000000e+03,-7.534000000000000000e+03
-6.647000000000000000e+03,5.352000000000000000e+03,5.062000000000000000e+03,5.062000000000000000e+03,-7.486000000000000000e+03
-7.435000000000000000e+03,5.366000000000000000e+03,5.354000000000000000e+03,5.354000000000000000e+03,-7.475000000000000000e+03
-7.411000000000000000e+03,-2.580000000000000000e+02,5.346000000000000000e+03,5.346000000000000000e+03,-4.452000000000000000e+03
-7.391000000000000000e+03,-7.590000000000000000e+03,5.340000000000000000e+03,5.340000000000000000e+03,5.062000000000000000e+03
-7.382000000000000000e+03,-7.498000000000000000e+03,5.366000000000000000e+03,5.366000000000000000e+03,5.354000000000000000e+03
-7.342000000000000000e+03,-7.499000000000000000e+03,5.352000000000000000e+03,5.352000000000000000e+03,5.346000000000000000e+03
-7.363000000000000000e+03,-7.471000000000000000e+03,5.366000000000000000e+03,5.366000000000000000e+03,5.340000000000000000e+03
-7.353000000000000000e+03,-7.478000000000000000e+03,-2.580000000000000000e+02,-2.580000000000000000e+02,5.366000000000000000e+03
-1.917000000000000000e+03,-7.468000000000000000e+03,-7.590000000000000000e+03,-7.590000000000000000e+03,5.352000000000000000e+03
5.491000000000000000e+03,-7.330000000000000000e+03,-7.498000000000000000e+03,-7.498000000000000000e+03,5.366000000000000000e+03
5.438000000000000000e+03,1.309000000000000000e+03,-7.499000000000000000e+03,-7.499000000000000000e+03,-2.580000000000000000e+02
5.469000000000000000e+03,5.387000000000000000e+03,-7.471000000000000000e+03,-7.471000000000000000e+03,-7.590000000000000000e+03
5.477000000000000000e+03,5.339000000000000000e+03,-7.478000000000000000e+03,-7.478000000000000000e+03,-7.498000000000000000e+03
5.486000000000000000e+03,5.354000000000000000e+03,-7.468000000000000000e+03,-7.468000000000000000e+03,-7.499000000000000000e+03
5.298000000000000000e+03,5.375000000000000000e+03,-7.330000000000000000e+03,-7.330000000000000000e+03,-7.471000000000000000e+03
-2.955000000000000000e+03,5.417000000000000000e+03,1.309000000000000000e+03,1.309000000000000000e+03,-7.478000000000000000e+03
-7.421000000000000000e+03,5.388000000000000000e+03,5.387000000000000000e+03,5.387000000000000000e+03,-7.468000000000000000e+03
-7.377000000000000000e+03,5.198000000000000000e+03,5.339000000000000000e+03,5.339000000000000000e+03,-7.330000000000000000e+03
-7.351000000000000000e+03,-6.114000000000000000e+03,5.354000000000000000e+03,5.354000000000000000e+03,1.309000000000000000e+03
-7.357000000000000000e+03,-7.521000000000000000e+03,5.375000000000000000e+03,5.375000000000000000e+03,5.387000000000000000e+03
-7.345000000000000000e+03,-7.514000000000000000e+03,5.417000000000000000e+03,5.417000000000000000e+03,5.339000000000000000e+03
-7.370000000000000000e+03,-7.482000000000000000e+03,5.388000000000000000e+03,5.388000000000000000e+03,5.354000000000000000e+03
-7.331000000000000000e+03,-7.464000000000000000e+03,5.198000000000000000e+03,5.198000000000000000e+03,5.375000000000000000e+03
-7.119000000000000000e+03,-7.455000000000000000e+03,-6.114000000000000000e+03,-6.114000000000000000e+03,5.417000000000000000e+03
1.770000000000000000e+02,-7.438000000000000000e+03,-7.521000000000000000e+03,-7.521000000000000000e+03,5.388000000000000000e+03
5.589000000000000000e+03,-4.894000000000000000e+03,-7.514000000000000000e+03,-7.514000000000000000e+03,5.198000000000000000e+03
5.501000000000000000e+03,4.749000000000000000e+03,-7.482000000000000000e+03,-7.482000000000000000e+03,-6.114000000000000000e+03
5.538000000000000000e+03,5.379000000000000000e+03,-7.464000000000000000e+03,-7.464000000000000000e+03,-7.521000000000000000e+03
5.521000000000000000e+03,5.372000000000000000e+03,-7.455000000000000000e+03,-7.455000000000000000e+03,-7.514000000000000000e+03
5.556000000000000000e+03,5.387000000000000000e+03,-7.438000000000000000e+03,-7.438000000000000000e+03,-7.482000000000000000e+03
1.772000000000000000e+03,5.390000000000000000e+03,-4.894000000000000000e+03,-4.894000000000000000e+03,-7.464000000000000000e+03
-7.298000000000000000e+03,5.387000000000000000e+03,4.749000000000000000e+03,4.749000000000000000e+03,-7.455000000000000000e+03
-7.372000000000000000e+03,5.217000000000000000e+03,5.379000000000000000e+03,5.379000000000000000e+03,-7.438000000000000000e+03
-7.336000000000000000e+03,-3.478000000000000000e+03,5.372000000000000000e+03,5.372000000000000000e+03,-4.894000000000000000e+03
-7.348000000000000000e+03,-7.554000000000000000e+03,5.387000000000000000e+03,5.387000000000000000e+03,4.749000000000000000e+03
-7.330000000000000000e+03,-7.460000000000000000e+03,5.390000000000000000e+03,5.390000000000000000e+03,5.379000000000000000e+03
-7.329000000000000000e+03,-7.455000000000000000e+03,5.387000000000000000e+03,5.387000000000000000e+03,5.372000000000000000e+03
-7.303000000000000000e+03,-7.417000000000000000e+03,5.217000000000000000e+03,5.217000000000000000e+03,5.387000000000000000e+03
-7.274000000000000000e+03,-7.437000000000000000e+03,-3.478000000000000000e+03,-3.478000000000000000e+03,5.390000000000000000e+03
-3.663000000000000000e+03,-7.429000000000000000e+03,-7.554000000000000000e+03,-7.554000000000000000e+03,5.387000000000000000e+03
4.935000000000000000e+03,-7.425000000000000000e+03,-7.460000000000000000e+03,-7.460000000000000000e+03,5.217000000000000000e+03
5.558000000000000000e+03,-7.241000000000000000e+03,-7.455000000000000000e+03,-7.455000000000000000e+03,-3.478000000000000000e+03
5.553000000000000000e+03,1.888000000000000000e+03,-7.417000000000000000e+03,-7.417000000000000000e+03,-7.554000000000000000e+03
5.541000000000000000e+03,5.447000000000000000e+03,-7.437000000000000000e+03,-7.437000000000000000e+03,-7.460000000000000000e+03
5.570000000000000000e+03,5.411000000000000000e+03,-7.429000000000000000e+03,-7.429000000000000000e+03,-7.455000000000000000e+03
5.558000000000000000e+03,5.414000000000000000e+03,-7.425000000000000000e+03,-7.425000000000000000e+03,-7.417000000000000000e+03
5.336000000000000000e+03,5.438000000000000000e+03,-7.241000000000000000e+03,-7.241000000000000000e+03,-7.437000000000000000e+03
-5.547000000000000000e+03,5.441000000000000000e+03,1.888000000000000000e+03,1.888000000000000000e+03,-7.429000000000000000e+03
-7.342000000000000000e+03,5.265000000000000000e+03,5.447000000000000000e+03,5.447000000000000000e+03,-7.425000000000000000e+03
-7.312000000000000000e+03,-6.241000000000000000e+03,5.411000000000000000e+03,5.411000000000000000e+03,-7.241000000000000000e+03
-7.309000000000000000e+03,-7.457000000000000000e+03,5.414000000000000000e+03,5.414000000000000000e+03,1.888000000000000000e+03
-7.283000000000000000e+03,-7.438000000000000000e+03,5.438000000000000000e+03,5.438000000000000000e+03,5.447000000000000000e+03
-7.282000000000000000e+03,-7.436000000000000000e+03,5.441000000000000000e+03,5.441000000000000000e+03,5.411000000000000000e+03
-7.273000000000000000e+03,-7.441000000000000000e+03,5.265000000000000000e+03,5.265000000000000000e+03,5.414000000000000000e+03
-7.300000000000000000e+03,-7.410000000000000000e+03,-6.241000000000000000e+03,-6.241000000000000000e+03,5.438000000000000000e+03
-1.175000000000000000e+03,-7.397000000000000000e+03,-7.457000000000000000e+03,-7.457000000000000000e+03,5.441000000000000000e+03
5.606000000000000000e+03,-7.393000000000000000e+03,-7.438000000000000000e+03,-7.438000000000000000e+03,5.265000000000000000e+03
5.533000000000000000e+03,-6.819000000000000000e+03,-7.436000000000000000e+03,-7.436000000000000000e+03,-6.241000000000000000e+03
5.546000000000000000e+03,2.593000000000000000e+03,-7.441000000000000000e+03,-7.441000000000000000e+03,-7.457000000000000000e+03
5.581000000000000000e+03,5.513000000000000000e+03,-7.410000000000000000e+03,-7.410000000000000000e+03,-7.438000000000000000e+03
5.618000000000000000e+03,5.446000000000000000e+03,-7.397000000000000000e+03,-7.397000000000000000e+03,-7.436000000000000000e+03
5.591000000000000000e+03,5.472000000000000000e+03,-7.393000000000000000e+03,-7.393000000000000000e+03,-7.441000000000000000e+03
2.530000000000000000e+02,5.461000000000000000e+03,-6.819000000000000000e+03,-6.819000000000000000e+03,-7.410000000000000000e+03
-7.290000000000000000e+03,5.473000000000000000e+03,2.593000000000000000e+03,2.593000000000000000e+03,-7.397000000000000000e+03
-7.297000000000000000e+03,5.223000000000000000e+03,5.513000000000000000e+03,5.513000000000000000e+03,-7.393000000000000000e+03
-7.316000000000000000e+03,-6.647000000000000000e+03,5.446000000000000000e+03,5.446000000000000000e+03,-6.819000000000000000e+03
-7.281000000000000000e+03,-7.435000000000000000e+03,5.472000000000000000e+03,5.472000000000000000e+03,2.593000000000000000e+03
-7.276000000000000000e+03,-7.411000000000000000e+03,5.461000000000000000e+03,5.461000000000000000e+03,5.513000000000000000e+03
-7.269000000000000000e+03,-7.391000000000000000e+03,5.473000000000000000e+03,5.473000000000000000e+03,5.446000000000000000e+03
-7.245000000000000000e+03,-7.382000000000000000e+03,5.223000000000000000e+03,5.223000000000000000e+03,5.472000000000000000e+03
-7.058000000000000000e+03,-7.342000000000000000e+03,-6.647000000000000000e+03,-6.647000000000000000e+03,5.461000000000000000e+03
2.443000000000000000e+03,-7.363000000000000000e+03,-7.435000000000000000e+03,-7.435000000000000000e+03,5.473000000000000000e+03
5.661000000000000000e+03,-7.353000000000000000e+03,-7.411000000000000000e+03,-7.411000000000000000e+03,5.223000000000000000e+03
5.600000000000000000e+03,-1.917000000000000000e+03,-7.391000000000000000e+03,-7.391000000000000000e+03,-6.647000000000000000e+03
5.594000000000000000e+03,5.491000000000000000e+03,-7.382000000000000000e+03,-7.382000000000000000e+03,-7.435000000000000000e+03
5.602000000000000000e+03,5.438000000000000000e+03,-7.342000000000000000e+03,-7.342000000000000000e+03,-7.411000000000000000e+03
5.585000000000000000e+03,5.469000000000000000e+03,-7.363000000000000000e+03,-7.363000000000000000e+03,-7.391000000000000000e+03
5.396000000000000000e+03,5.477000000000000000e+03,-7.353000000000000000e+03,-7.353000000000000000e+03,-7.382000000000000000e+03
-5.943000000000000000e+03,5.486000000000000000e+03,-1.917000000000000000e+03,-1.917000000000000000e+03,-7.342000000000000000e+03
-7.302000000000000000e+03,5.298000000000000000e+03,5.491000000000000000e+03,5.491000000000000000e+03,-7.363000000000000000e+03
-7.283000000000000000e+03,-2.955000000000000000e+03,5.438000000000000000e+03,5.438000000000000000e+03,-7.353000000000000000e+03
-7.261000000000000000e+03,-7.421000000000000000e+03,5.469000000000000000e+03,5.469000000000000000e+03,-1.917000000000000000e+03
-7.226000000000000000e+03,-7.377000000000000000e+03,5.477000000000000000e+03,5.477000000000000000e+03,5.491000000000000000e+03
-7.242000000000000000e+03,-7.351000000000000000e+03,5.486000000000000000e+03,5.486000000000000000e+03,5.438000000000000000e+03
-7.218000000000000000e+03,-7.357000000000000000e+03,5.298000000000000000e+03,5.298000000000000000e+03,5.469000000000000000e+03
-7.229000000000000000e+03,-7.345000000000000000e+03,-2.955000000000000000e+03,-2.955000000000000000e+03,5.477000000000000000e+03
-1.024000000000000000e+03,-7.370000000000000000e+03,-7.421000000000000000e+03,-7.421000000000000000e+03,5.486000000000000000e+03
5.663000000000000000e+03,-7.331000000000000000e+03,-7.377000000000000000e+03,-7.377000000000000000e+03,5.298000000000000000e+03
5.599000000000000000e+03,-7.119000000000000000e+03,-7.351000000000000000e+03,-7.351000000000000000e+03,-2.955000000000000000e+03
5.597000000000000000e+03,1.770000000000000000e+02,-7.357000000000000000e+03,-7.357000000000000000e+03,-7.421000000000000000e+03
5.613000000000000000e+03,5.589000000000000000e+03,-7.345000000000000000e+03,-7.345000000000000000e+03,-7.377000000000000000e+03
5.588000000000000000e+03,5.501000000000000000e+03,-7.370000000000000000e+03,-7.370000000000000000e+03,-7.351000000000000000e+03
5.637000000000000000e+03,5.538000000000000000e+03,-7.331000000000000000e+03,-7.331000000000000000e+03,-7.357000000000000000e+03
5.655000000000000000e+03,5.521000000000000000e+03,-7.119000000000000000e+03,-7.119000000000000000e+03,-7.345000000000000000e+03
1.209000000000000000e+03,5.556000000000000000e+03,1.770000000000000000e+02,1.770000000000000000e+02,-7.370000000000000000e+03
-7.235000000000000000e+03,1.772000000000000000e+03,5.589000000000000000e+03,5.589000000000000000e+03,-7.331000000000000000e+03
-7.242000000000000000e+03,-7.298000000000000000e+03,5.501000000000000000e+03,5.501000000000000000e+03,-7.119000000000000000e+03
-7.245000000000000000e+03,-7.372000000000000000e+03,5.538000000000000000e+03,5.538000000000000000e+03,1.770000000000000000e+02
-7.261000000000000000e+03,-7.336000000000000000e+03,5.521000000000000000e+03,5.521000000000000000e+03,5.589000000000000000e+03
-7.230000000000000000e+03,-7.348000000000000000e+03,5.556000000000000000e+03,5.556000000000000000e+03,5.501000000000000000e+03
-7.236000000000000000e+03,-7.330000000000000000e+03,1.772000000000000000e+03,1.772000000000000000e+03,5.538000000000000000e+03
-7.016000000000000000e+03,-7.329000000000000000e+03,-7.298000000000000000e+03,-7.298000000000000000e+03,5.521000000000000000e+03
2.190000000000000000e+02,-7.303000000000000000e+03,-7.372000000000000000e+03,-7.372000000000000000e+03,5.556000000000000000e+03
5.734000000000000000e+03,-7.274000000000000000e+03,-7.336000000000000000e+03,-7.336000000000000000e+03,1.772000000000000000e+03
5.657000000000000000e+03,-3.663000000000000000e+03,-7.348000000000000000e+03,-7.348000000000000000e+03,-7.298000000000000000e+03
5.625000000000000000e+03,4.935000000000000000e+03,-7.330000000000000000e+03,-7.330000000000000000e+03,-7.372000000000000000e+03
5.661000000000000000e+03,5.558000000000000000e+03,-7.329000000000000000e+03,-7.329000000000000000e+03,-7.336000000000000000e+03
5.642000000000000000e+03,5.553000000000000000e+03,-7.303000000000000000e+03,-7.303000000000000000e+03,-7.348000000000000000e+03
5.649000000000000000e+03,5.541000000000000000e+03,-7.274000000000000000e+03,-7.274000000000000000e+03,-7.330000000000000000e+03
5.626000000000000000e+03,5.570000000000000000e+03,-3.663000000000000000e+03,-3.663000000000000000e+03,-7.329000000000000000e+03
2.525000000000000000e+03,5.558000000000000000e+03,4.935000000000000000e+03,4.935000000000000000e+03,-7.303000000000000000e+03
-7.165000000000000000e+03,5.336000000000000000e+03,5.558000000000000000e+03,5.558000000000000000e+03,-7.274000000000000000e+03
-7.266000000000000000e+03,-5.547000000000000000e+03,5.553000000000000000e+03,5.553000000000000000e+03,-3.663000000000000000e+03
-7.255000000000000000e+03,-7.342000000000000000e+03,5.541000000000000000e+03,5.541000000000000000e+03,4.935000000000000000e+03
-7.236000000000000000e+03,-7.312000000000000000e+03,5.570000000000000000e+03,5.570000000000000000e+03,5.558000000000000000e+03
-7.194000000000000000e+03,-7.309000000000000000e+03,5.558000000000000000e+03,5.558000000000000000e+03,5.553000000000000000e+03
-7.219000000000000000e+03,-7.283000000000000000e+03,5.336000000000000000e+03,5.336000000000000000e+03,5.541000000000000000e+03
-7.199000000000000000e+03,-7.282000000000000000e+03,-5.547000000000000000e+03,-5.547000000000000000e+03,5.570000000000000000e+03
-7.202000000000000000e+03,-7.273000000000000000e+03,-7.342000000000000000e+03,-7.342000000000000000e+03,5.558000000000000000e+03
-7.000000000000000000e+03,-7.300000000000000000e+03,-7.312000000000000000e+03,-7.312000000000000000e+03,5.336000000000000000e+03
1.233000000000000000e+03,-1.175000000000000000e+03,-7.309000000000000000e+03,-7.309000000000000000e+03,-5.547000000000000000e+03
5.748000000000000000e+03,5.606000000000000000e+03,-7.283000000000000000e+03,-7.283000000000000000e+03,-7.342000000000000000e+03
5.626000000000000000e+03,5.533000000000000000e+03,-7.282000000000000000e+03,-7.282000000000000000e+03,-7.312000000000000000e+03
5.634000000000000000e+03,5.546000000000000000e+03,-7.273000000000000000e+03,-7.273000000000000000e+03,-7.309000000000000000e+03
5.646000000000000000e+03,5.581000000000000000e+03,-7.300000000000000000e+03,-7.300000000000000000e+03,-7.283000000000000000e+03
5.652000000000000000e+03,5.618000000000000000e+03,-1.175000000000000000e+03,-1.175000000000000000e+03,-7.282000000000000000e+03
2.290000000000000000e+02,5.591000000000000000e+03,5.606000000000000000e+03,5.606000000000000000e+03,-7.273000000000000000e+03
-7.308000000000000000e+03,2.530000000000000000e+02,5.533000000000000000e+03,5.533000000000000000e+03,-7.300000000000000000e+03
-7.201000000000000000e+03,-7.290000000000000000e+03,5.546000000000000000e+03,5.546000000000000000e+03,-1.175000000000000000e+03
-7.208000000000000000e+03,-7.297000000000000000e+03,5.581000000000000000e+03,5.581000000000000000e+03,5.606000000000000000e+03
-7.195000000000000000e+03,-7.316000000000000000e+03,5.618000000000000000e+03,5.618000000000000000e+03,5.533000000000000000e+03
-7.215000000000000000e+03,-7.281000000000000000e+03,5.591000000000000000e+03,5.591000000000000000e+03,5.546000000000000000e+03
-6.967000000000000000e+03,-7.276000000000000000e+03,2.530000000000000000e+02,2.530000000000000000e+02,5.581000000000000000e+03
3.470000000000000000e+02,-7.269000000000000000e+03,-7.290000000000000000e+03,-7.290000000000000000e+03,5.618000000000000000e+03
5.754000000000000000e+03,-7.245000000000000000e+03,-7.297000000000000000e+03,-7.297000000000000000e+03,5.591000000000000000e+03
5.641000000000000000e+03,-7.058000000000000000e+03,-7.316000000000000000e+03,-7.316000000000000000e+03,2.530000000000000000e+02
5.659000000000000000e+03,2.443000000000000000e+03,-7.281000000000000000e+03,-7.281000000000000000e+03,-7.290000000000000000e+03
5.701000000000000000e+03,5.661000000000000000e+03,-7.276000000000000000e+03,-7.276000000000000000e+03,-7.297000000000000000e+03
4.270000000000000000e+02,5.600000000000000000e+03,-7.269000000000000000e+03,-7.269000000000000000e+03,-7.316000000000000000e+03
-7.180000000000000000e+03,5.594000000000000000e+03,-7.245000000000000000e+03,-7.245000000000000000e+03,-7.281000000000000000e+03
-7.202000000000000000e+03,5.602000000000000000e+03,-7.058000000000000000e+03,-7.058000000000000000e+03,-7.276000000000000000e+03
-7.185000000000000000e+03,5.585000000000000000e+03,2.443000000000000000e+03,2.443000000000000000e+03,-7.269000000000000000e+03
-7.205000000000000000e+03,5.396000000000000000e+03,5.661000000000000000e+03,5.661000000000000000e+03,-7.245000000000000000e+03
-6.994000000000000000e+03,-5.943000000000000000e+03,5.600000000000000000e+03,5.600000000000000000e+03,-7.058000000000000000e+03
1.510000000000000000e+03,-7.302000000000000000e+03,5.594000000000000000e+03,5.594000000000000000e+03,2.443000000000000000e+03
5.751000000000000000e+03,-7.283000000000000000e+03,5.602000000000000000e+03,5.602000000000000000e+03,5.661000000000000000e+03
5.651000000000000000e+03,-7.261000000000000000e+03,5.585000000000000000e+03,5.585000000000000000e+03,5.600000000000000000e+03
5.678000000000000000e+03,-7.226000000000000000e+03,5.396000000000000000e+03,5.396000000000000000e+03,5.594000000000000000e+03
5.714000000000000000e+03,-7.242000000000000000e+03,-5.943000000000000000e+03,-5.943000000000000000e+03,5.602000000000000000e+03
5.652000000000000000e+03,-7.218000000000000000e+03,-7.302000000000000000e+03,-7.302000000000000000e+03,5.585000000000000000e+03
-9.030000000000000000e+02,-7.229000000000000000e+03,-7.283000000000000000e+03,-7.283000000000000000e+03,5.396000000000000000e+03
-7.285000000000000000e+03,-1.024000000000000000e+03,-7.261000000000000000e+03,-7.261000000000000000e+03,-5.943000000000000000e+03
-7.190000000000000000e+03,5.663000000000000000e+03,-7.226000000000000000e+03,-7.226000000000000000e+03,-7.302000000000000000e+03
-7.206000000000000000e+03,5.599000000000000000e+03,-7.242000000000000000e+03,-7.242000000000000000e+03,-7.283000000000000000e+03
-7.173000000000000000e+03,5.597000000000000000e+03,-7.218000000000000000e+03,-7.218000000000000000e+03,-7.261000000000000000e+03
-7.181000000000000000e+03,5.613000000000000000e+03,-7.229000000000000000e+03,-7.229000000000000000e+03,-7.226000000000000000e+03
-7.165000000000000000e+03,5.588000000000000000e+03,-1.024000000000000000e+03,-1.024000000000000000e+03,-7.242000000000000000e+03
-7.157000000000000000e+03,5.637000000000000000e+03,5.663000000000000000e+03,5.663000000000000000e+03,-7.218000000000000000e+03
-3.641000000000000000e+03,5.655000000000000000e+03,5.599000000000000000e+03,5.599000000000000000e+03,-7.229000000000000000e+03
5.543000000000000000e+03,1.209000000000000000e+03,5.597000000000000000e+03,5.597000000000000000e+03,-1.024000000000000000e+03
5.686000000000000000e+03,-7.235000000000000000e+03,5.613000000000000000e+03,5.613000000000000000e+03,5.663000000000000000e+03
5.709000000000000000e+03,-7.242000000000000000e+03,5.588000000000000000e+03,5.588000000000000000e+03,5.599000000000000000e+03
5.705000000000000000e+03,-7.245000000000000000e+03,5.637000000000000000e+03,5.637000000000000000e+03,5.597000000000000000e+03
5.712000000000000000e+03,-7.261000000000000000e+03,5.655000000000000000e+03,5.655000000000000000e+03,5.613000000000000000e+03
5.486000000000000000e+03,-7.230000000000000000e+03,1.209000000000000000e+03,1.209000000000000000e+03,5.588000000000000000e+03
-5.290000000000000000e+03,-7.236000000000000000e+03,-7.235000000000000000e+03,-7.235000000000000000e+03,5.637000000000000000e+03
-7.205000000000000000e+03,-7.016000000000000000e+03,-7.242000000000000000e+03,-7.242000000000000000e+03,5.655000000000000000e+03
-7.173000000000000000e+03,2.190000000000000000e+02,-7.245000000000000000e+03,-7.245000000000000000e+03,1.209000000000000000e+03
-7.175000000000000000e+03,5.734000000000000000e+03,-7.261000000000000000e+03,-7.261000000000000000e+03,-7.235000000000000000e+03
-7.144000000000000000e+03,5.657000000000000000e+03,-7.230000000000000000e+03,-7.230000000000000000e+03,-7.242000000000000000e+03
-7.124000000000000000e+03,5.625000000000000000e+03,-7.236000000000000000e+03,-7.236000000000000000e+03,-7.245000000000000000e+03
-7.129000000000000000e+03,5.661000000000000000e+03,-7.016000000000000000e+03,-7.016000000000000000e+03,-7.261000000000000000e+03
-7.105000000000000000e+03,5.642000000000000000e+03,2.190000000000000000e+02,2.190000000000000000e+02,-7.230000000000000000e+03
-3.443000000000000000e+03,5.649000000000000000e+03,5.734000000000000000e+03,5.734000000000000000e+03,-7.236000000000000000e+03
5.623000000000000000e+03,5.626000000000000000e+03,5.657000000000000000e+03,5.657000000000000000e+03,-7.016000000000000000e+03
5.686000000000000000e+03,2.525000000000000000e+03,5.625000000000000000e+03,5.625000000000000000e+03,2.190000000000000000e+02
5.711000000000000000e+03,-7.165000000000000000e+03,5.661000000000000000e+03,5.661000000000000000e+03,5.734000000000000000e+03
5.703000000000000000e+03,-7.266000000000000000e+03,5.642000000000000000e+03,5.642000000000000000e+03,5.657000000000000000e+03
5.718000000000000000e+03,-7.255000000000000000e+03,5.649000000000000000e+03,5.649000000000000000e+03,5.625000000000000000e+03
5.691000000000000000e+03,-7.236000000000000000e+03,5.626000000000000000e+03,5.626000000000000000e+03,5.661000000000000000e+03
5.546000000000000000e+03,-7.194000000000000000e+03,2.525000000000000000e+03,2.525000000000000000e+03,5.642000000000000000e+03
-3.156000000000000000e+03,-7.219000000000000000e+03,-7.165000000000000000e+03,-7.165000000000000000e+03,5.649000000000000000e+03
-7.199000000000000000e+03,-7.199000000000000000e+03,-7.266000000000000000e+03,-7.266000000000000000e+03,5.626000000000000000e+03
-7.141000000000000000e+03,-7.202000000000000000e+03,-7.255000000000000000e+03,-7.255000000000000000e+03,2.525000000000000000e+03
-7.107000000000000000e+03,-7.000000000000000000e+03,-7.236000000000000000e+03,-7.236000000000000000e+03,-7.165000000000000000e+03
-7.120000000000000000e+03,1.233000000000000000e+03,-7.194000000000000000e+03,-7.194000000000000000e+03,-7.266000000000000000e+03
-7.138000000000000000e+03,5.748000000000000000e+03,-7.219000000000000000e+03,-7.219000000000000000e+03,-7.255000000000000000e+03
-7.110000000000000000e+03,5.626000000000000000e+03,-7.199000000000000000e+03,-7.199000000000000000e+03,-7.236000000000000000e+03
-7.118000000000000000e+03,5.634000000000000000e+03,-7.202000000000000000e+03,-7.202000000000000000e+03,-7.194000000000000000e+03
-3.224000000000000000e+03,5.646000000000000000e+03,-7.000000000000000000e+03,-7.000000000000000000e+03,-7.219000000000000000e+03
5.628000000000000000e+03,5.652000000000000000e+03,1.233000000000000000e+03,1.233000000000000000e+03,-7.199000000000000000e+03
5.729000000000000000e+03,2.290000000000000000e+02,5.748000000000000000e+03,5.748000000000000000e+03,-7.202000000000000000e+03
5.747000000000000000e+03,-7.308000000000000000e+03,5.626000000000000000e+03,5.626000000000000000e+03,-7.000000000000000000e+03
5.737000000000000000e+03,-7.201000000000000000e+03,5.634000000000000000e+03,5.634000000000000000e+03,1.233000000000000000e+03
5.769000000000000000e+03,-7.208000000000000000e+03,5.646000000000000000e+03,5.646000000000000000e+03,5.748000000000000000e+03
5.777000000000000000e+03,-7.195000000000000000e+03,5.652000000000000000e+03,5.652000000000000000e+03,5.626000000000000000e+03
5.578000000000000000e+03,-7.215000000000000000e+03,2.290000000000000000e+02,2.290000000000000000e+02,5.634000000000000000e+03
-3.081000000000000000e+03,-6.967000000000000000e+03,-7.308000000000000000e+03,-7.308000000000000000e+03,5.646000000000000000e+03
-7.182000000000000000e+03,3.470000000000000000e+02,-7.201000000000000000e+03,-7.201000000000000000e+03,5.652000000000000000e+03
-7.143000000000000000e+03,5.754000000000000000e+03,-7.208000000000000000e+03,-7.208000000000000000e+03,2.290000000000000000e+02
-7.130000000000000000e+03,5.641000000000000000e+03,-7.195000000000000000e+03,-7.195000000000000000e+03,-7.308000000000000000e+03
-7.142000000000000000e+03,5.659000000000000000e+03,-7.215000000000000000e+03,-7.215000000000000000e+03,-7.201000000000000000e+03
-7.103000000000000000e+03,5.701000000000000000e+03,-6.967000000000000000e+03,-6.967000000000000000e+03,-7.208000000000000000e+03
-7.076000000000000000e+03,4.270000000000000000e+02,3.470000000000000000e+02,3.470000000000000000e+02,-7.195000000000000000e+03
-7.090000000000000000e+03,-7.180000000000000000e+03,5.754000000000000000e+03,5.754000000000000000e+03,-7.215000000000000000e+03
-1.124000000000000000e+03,-7.202000000000000000e+03,5.641000000000000000e+03,5.641000000000000000e+03,-6.967000000000000000e+03
5.829000000000000000e+03,-7.185000000000000000e+03,5.659000000000000000e+03,5.659000000000000000e+03,3.470000000000000000e+02
5.743000000000000000e+03,-7.205000000000000000e+03,5.701000000000000000e+03,5.701000000000000000e+03,5.754000000000000000e+03
5.726000000000000000e+03,-6.994000000000000000e+03,4.270000000000000000e+02,4.270000000000000000e+02,5.641000000000000000e+03
5.759000000000000000e+03,1.510000000000000000e+03,-7.180000000000000000e+03,-7.180000000000000000e+03,5.659000000000000000e+03
5.749000000000000000e+03,5.751000000000000000e+03,-7.202000000000000000e+03,-7.202000000000000000e+03,5.701000000000000000e+03
5.761000000000000000e+03,5.651000000000000000e+03,-7.185000000000000000e+03,-7.185000000000000000e+03,4.270000000000000000e+02
2.680000000000000000e+02,5.678000000000000000e+03,-7.205000000000000000e+03,-7.205000000000000000e+03,-7.180000000000000000e+03
-7.181000000000000000e+03,5.714000000000000000e+03,-6.994000000000000000e+03,-6.994000000000000000e+03,-7.202000000000000000e+03
-7.130000000000000000e+03,5.652000000000000000e+03,1.510000000000000000e+03,1.510000000000000000e+03,-7.185000000000000000e+03
-7.110000000000000000e+03,-9.030000000000000000e+02,5.751000000000000000e+03,5.751000000000000000e+03,-7.205000000000000000e+03
-7.086000000000000000e+03,-7.285000000000000000e+03,5.651000000000000000e+03,5.651000000000000000e+03,-6.994000000000000000e+03
-7.072000000000000000e+03,-7.190000000000000000e+03,5.678000000000000000e+03,5.678000000000000000e+03,1.510000000000000000e+03
-7.076000000000000000e+03,-7.206000000000000000e+03,5.714000000000000000e+03,5.714000000000000000e+03,5.751000000000000000e+03
-7.086000000000000000e+03,-7.173000000000000000e+03,5.652000000000000000e+03,5.652000000000000000e+03,5.651000000000000000e+03
-6.860000000000000000e+03,-7.181000000000000000e+03,-9.030000000000000000e+02,-9.030000000000000000e+02,5.678000000000000000e+03
1.782000000000000000e+03,-7.165000000000000000e+03,-7.285000000000000000e+03,-7.285000000000000000e+03,5.714000000000000000e+03
5.826000000000000000e+03,-7.157000000000000000e+03,-7.190000000000000000e+03,-7.190000000000000000e+03,5.652000000000000000e+03
5.718000000000000000e+03,-3.641000000000000000e+03,-7.206000000000000000e+03,-7.206000000000000000e+03,-9.030000000000000000e+02
5.774000000000000000e+03,5.543000000000000000e+03,-7.173000000000000000e+03,-7.173000000000000000e+03,-7.285000000000000000e+03
5.779000000000000000e+03,5.686000000000000000e+03,-7.181000000000000000e+03,-7.181000000000000000e+03,-7.190000000000000000e+03
5.787000000000000000e+03,5.709000000000000000e+03,-7.165000000000000000e+03,-7.165000000000000000e+03,-7.206000000000000000e+03
5.621000000000000000e+03,5.705000000000000000e+03,-7.157000000000000000e+03,-7.157000000000000000e+03,-7.173000000000000000e+03
-4.157000000000000000e+03,5.712000000000000000e+03,-3.641000000000000000e+03,-3.641000000000000000e+03,-7.181000000000000000e+03
-7.112000000000000000e+03,5.486000000000000000e+03,5.543000000000000000e+03,5.543000000000000000e+03,-7.165000000000000000e+03
-7.094000000000000000e+03,-5.290000000000000000e+03,5.686000000000000000e+03,5.686000000000000000e+03,-7.157000000000000000e+03
-7.071000000000000000e+03,-7.205000000000000000e+03,5.709000000000000000e+03,5.709000000000000000e+03,-3.641000000000000000e+03
-7.087000000000000000e+03,-7.173000000000000000e+03,5.705000000000000000e+03,5.705000000000000000e+03,5.543000000000000000e+03
-7.070000000000000000e+03,-7.175000000000000000e+03,5.712000000000000000e+03,5.712000000000000000e+03,5.686000000000000000e+03
-7.103000000000000000e+03,-7.144000000000000000e+03,5.486000000000000000e+03,5.486000000000000000e+03,5.709000000000000000e+03
-6.804000000000000000e+03,-7.124000000000000000e+03,-5.290000000000000000e+03,-5.290000000000000000e+03,5.705000000000000000e+03
1.105000000000000000e+03,-7.129000000000000000e+03,-7.205000000000000000e+03,-7.205000000000000000e+03,5.712000000000000000e+03
5.892000000000000000e+03,-7.105000000000000000e+03,-7.173000000000000000e+03,-7.173000000000000000e+03,5.486000000000000000e+03
5.796000000000000000e+03,-3.443000000000000000e+03,-7.175000000000000000e+03,-7.175000000000000000e+03,-5.290000000000000000e+03
5.818000000000000000e+03,5.623000000000000000e+03,-7.144000000000000000e+03,-7.144000000000000000e+03,-7.205000000000000000e+03
5.811000000000000000e+03,5.686000000000000000e+03,-7.124000000000000000e+03,-7.124000000000000000e+03,-7.173000000000000000e+03
5.803000000000000000e+03,5.711000000000000000e+03,-7.129000000000000000e+03,-7.129000000000000000e+03,-7.175000000000000000e+03
5.822000000000000000e+03,5.703000000000000000e+03,-7.105000000000000000e+03,-7.105000000000000000e+03,-7.144000000000000000e+03
8.540000000000000000e+02,5.718000000000000000e+03,-3.443000000000000000e+03,-3.443000000000000000e+03,-7.124000000000000000e+03
-7.127000000000000000e+03,5.691000000000000000e+03,5.623000000000000000e+03,5.623000000000000000e+03,-7.129000000000000000e+03
-7.136000000000000000e+03,5.546000000000000000e+03,5.686000000000000000e+03,5.686000000000000000e+03,-7.105000000000000000e+03
-7.073000000000000000e+03,-3.156000000000000000e+03,5.711000000000000000e+03,5.711000000000000000e+03,-3.443000000000000000e+03
-7.069000000000000000e+03,-7.199000000000000000e+03,5.703000000000000000e+03,5.703000000000000000e+03,5.623000000000000000e+03
-7.058000000000000000e+03,-7.141000000000000000e+03,5.718000000000000000e+03,5.718000000000000000e+03,5.686000000000000000e+03
-7.035000000000000000e+03,-7.107000000000000000e+03,5.691000000000000000e+03,5.691000000000000000e+03,5.711000000000000000e+03
-7.013000000000000000e+03,-7.120000000000000000e+03,5.546000000000000000e+03,5.546000000000000000e+03,5.703000000000000000e+03
-7.023000000000000000e+03,-7.138000000000000000e+03,-3.156000000000000000e+03,-3.156000000000000000e+03,5.718000000000000000e+03
-7.029000000000000000e+03,-7.110000000000000000e+03,-7.199000000000000000e+03,-7.199000000000000000e+03,5.691000000000000000e+03
-4.423000000000000000e+03,-7.118000000000000000e+03,-7.141000000000000000e+03,-7.141000000000000000e+03,5.546000000000000000e+03
5.359000000000000000e+03,-3.224000000000000000e+03,-7.107000000000000000e+03,-7.107000000000000000e+03,-3.156000000000000000e+03
5.812000000000000000e+03,5.628000000000000000e+03,-7.120000000000000000e+03,-7.120000000000000000e+03,-7.199000000000000000e+03
5.761000000000000000e+03,5.729000000000000000e+03,-7.138000000000000000e+03,-7.138000000000000000e+03,-7.141000000000000000e+03
5.829000000000000000e+03,5.747000000000000000e+03,-7.110000000000000000e+03,-7.110000000000000000e+03,-7.107000000000000000e+03
5.821000000000000000e+03,5.737000000000000000e+03,-7.118000000000000000e+03,-7.118000000000000000e+03,-7.120000000000000000e+03
5.807000000000000000e+03,5.769000000000000000e+03,-3.224000000000000000e+03,-3.224000000000000000e+03,-7.138000000000000000e+03
-6.160000000000000000e+02,5.777000000000000000e+03,5.628000000000000000e+03,5.628000000000000000e+03,-7.110000000000000000e+03
-7.117000000000000000e+03,5.578000000000000000e+03,5.729000000000000000e+03,5.729000000000000000e+03,-7.118000000000000000e+03
-7.039000000000000000e+03,-3.081000000000000000e+03,5.747000000000000000e+03,5.747000000000000000e+03,-3.224000000000000000e+03
-7.039000000000000000e+03,-7.182000000000000000e+03,5.737000000000000000e+03,5.737000000000000000e+03,5.628000000000000000e+03
-7.020000000000000000e+03,-7.143000000000000000e+03,5.769000000000000000e+03,5.769000000000000000e+03,5.729000000000000000e+03
-7.033000000000000000e+03,-7.130000000000000000e+03,5.777000000000000000e+03,5.777000000000000000e+03,5.747000000000000000e+03
-7.020000000000000000e+03,-7.142000000000000000e+03,5.578000000000000000e+03,5.578000000000000000e+03,5.737000000000000000e+03
-7.053000000000000000e+03,-7.103000000000000000e+03,-3.081000000000000000e+03,-3.081000000000000000e+03,5.769000000000000000e+03
-7.000000000000000000e+03,-7.076000000000000000e+03,-7.182000000000000000e+03,-7.182000000000000000e+03,5.777000000000000000e+03
-1.489000000000000000e+03,-7.090000000000000000e+03,-7.143000000000000000e+03,-7.143000000000000000e+03,5.578000000000000000e+03
5.862000000000000000e+03,-1.124000000000000000e+03,-7.130000000000000000e+03,-7.130000000000000000e+03,-3.081000000000000000e+03
5.851000000000000000e+03,5.829000000000000000e+03,-7.142000000000000000e+03,-7.142000000000000000e+03,-7.182000000000000000e+03
5.890000000000000000e+03,5.743000000000000000e+03,-7.103000000000000000e+03,-7.103000000000000000e+03,-7.143000000000000000e+03
5.865000000000000000e+03,5.726000000000000000e+03,-7.076000000000000000e+03,-7.076000000000000000e+03,-7.130000000000000000e+03
5.877000000000000000e+03,5.759000000000000000e+03,-7.090000000000000000e+03,-7.090000000000000000e+03,-7.142000000000000000e+03
5.879000000000000000e+03,5.749000000000000000e+03,-1.124000000000000000e+03,-1.124000000000000000e+03,-7.103000000000000000e+03
5.625000000000000000e+03,5.761000000000000000e+03,5.829000000000000000e+03,5.829000000000000000e+03,-7.076000000000000000e+03
-5.503000000000000000e+03,2.680000000000000000e+02,5.743000000000000000e+03,5.743000000000000000e+03,-7.090000000000000000e+03
-7.096000000000000000e+03,-7.181000000000000000e+03,5.726000000000000000e+03,5.726000000000000000e+03,-1.124000000000000000e+03
-7.021000000000000000e+03,-7.130000000000000000e+03,5.759000000000000000e+03,5.759000000000000000e+03,5.829000000000000000e+03
-7.026000000000000000e+03,-7.110000000000000000e+03,5.749000000000000000e+03,5.749000000000000000e+03,5.743000000000000000e+03
-7.008000000000000000e+03,-7.086000000000000000e+03,5.761000000000000000e+03,5.761000000000000000e+03,5.726000000000000000e+03
-6.980000000000000000e+03,-7.072000000000000000e+03,2.680000000000000000e+02,2.680000000000000000e+02,5.759000000000000000e+03
-6.965000000000000000e+03,-7.076000000000000000e+03,-7.181000000000000000e+03,-7.181000000000000000e+03,5.749000000000000000e+03
-6.726000000000000000e+03,-7.086000000000000000e+03,-7.130000000000000000e+03,-7.130000000000000000e+03,5.761000000000000000e+03
9.190000000000000000e+02,-6.860000000000000000e+03,-7.110000000000000000e+03,-7.110000000000000000e+03,2.680000000000000000e+02
5.974000000000000000e+03,1.782000000000000000e+03,-7.086000000000000000e+03,-7.086000000000000000e+03,-7.181000000000000000e+03
5.836000000000000000e+03,5.826000000000000000e+03,-7.072000000000000000e+03,-7.072000000000000000e+03,-7.130000000000000000e+03
5.853000000000000000e+03,5.718000000000000000e+03,-7.076000000000000000e+03,-7.076000000000000000e+03,-7.110000000000000000e+03
5.818000000000000000e+03,5.774000000000000000e+03,-7.086000000000000000e+03,-7.086000000000000000e+03,-7.086000000000000000e+03
5.880000000000000000e+03,5.779000000000000000e+03,-6.860000000000000000e+03,-6.860000000000000000e+03,-7.072000000000000000e+03
5.695000000000000000e+03,5.787000000000000000e+03,1.782000000000000000e+03,1.782000000000000000e+03,-7.076000000000000000e+03
-2.180000000000000000e+03,5.621000000000000000e+03,5.826000000000000000e+03,5.826000000000000000e+03,-7.086000000000000000e+03
-7.099000000000000000e+03,-4.157000000000000000e+03,5.718000000000000000e+03,5.718000000000000000e+03,-6.860000000000000000e+03
-6.980000000000000000e+03,-7.112000000000000000e+03,5.774000000000000000e+03,5.774000000000000000e+03,1.782000000000000000e+03
-6.988000000000000000e+03,-7.094000000000000000e+03,5.779000000000000000e+03,5.779000000000000000e+03,5.826000000000000000e+03
-7.006000000000000000e+03,-7.071000000000000000e+03,5.787000000000000000e+03,5.787000000000000000e+03,5.718000000000000000e+03
-6.977000000000000000e+03,-7.087000000000000000e+03,5.621000000000000000e+03,5.621000000000000000e+03,5.774000000000000000e+03
-6.989000000000000000e+03,-7.070000000000000000e+03,-4.157000000000000000e+03,-4.157000000000000000e+03,5.779000000000000000e+03
-6.972000000000000000e+03,-7.103000000000000000e+03,-7.112000000000000000e+03,-7.112000000000000000e+03,5.787000000000000000e+03
-6.813000000000000000e+03,-6.804000000000000000e+03,-7.094000000000000000e+03,-7.094000000000000000e+03,5.621000000000000000e+03
1.857000000000000000e+03,1.105000000000000000e+03,-7.071000000000000000e+03,-7.071000000000000000e+03,-4.157000000000000000e+03
5.996000000000000000e+03,5.892000000000000000e+03,-7.087000000000000000e+03,-7.087000000000000000e+03,-7.112000000000000000e+03
5.877000000000000000e+03,5.796000000000000000e+03,-7.070000000000000000e+03,-7.070000000000000000e+03,-7.094000000000000000e+03
5.913000000000000000e+03,5.818000000000000000e+03,-7.103000000000000000e+03,-7.103000000000000000e+03,-7.071000000000000000e+03
5.915000000000000000e+03,5.811000000000000000e+03,-6.804000000000000000e+03,-6.804000000000000000e+03,-7.087000000000000000e+03
5.903000000000000000e+03,5.803000000000000000e+03,1.105000000000000000e+03,1.105000000000000000e+03,-7.070000000000000000e+03
1.180000000000000000e+02,5.822000000000000000e+03,5.892000000000000000e+03,5.892000000000000000e+03,-7.103000000000000000e+03
-7.049000000000000000e+03,8.540000000000000000e+02,5.796000000000000000e+03,5.796000000000000000e+03,-6.804000000000000000e+03
-7.005000000000000000e+03,-7.127000000000000000e+03,5.818000000000000000e+03,5.818000000000000000e+03,1.105000000000000000e+03
-6.986000000000000000e+03,-7.136000000000000000e+03,5.811000000000000000e+03,5.811000000000000000e+03,5.892000000000000000e+03
-6.994000000000000000e+03,-7.073000000000000000e+03,5.803000000000000000e+03,5.803000000000000000e+03,5.796000000000000000e+03
-6.959000000000000000e+03,-7.069000000000000000e+03,5.822000000000000000e+03,5.822000000000000000e+03,5.818000000000000000e+03
-6.934000000000000000e+03,-7.058000000000000000e+03,8.540000000000000000e+02,8.540000000000000000e+02,5.811000000000000000e+03
-6.943000000000000000e+03,-7.035000000000000000e+03,-7.127000000000000000e+03,-7.127000000000000000e+03,5.803000000000000000e+03
-6.908000000000000000e+03,-7.013000000000000000e+03,-7.136000000000000000e+03,-7.136000000000000000e+03,5.822000000000000000e+03
6.010000000000000000e+02,-7.023000000000000000e+03,-7.073000000000000000e+03,-7.073000000000000000e+03,8.540000000000000000e+02
6.000000000000000000e+03,-7.029000000000000000e+03,-7.069000000000000000e+03,-7.069000000000000000e+03,-7.127000000000000000e+03
5.876000000000000000e+03,-4.423000000000000000e+03,-7.058000000000000000e+03,-7.058000000000000000e+03,-7.136000000000000000e+03
5.908000000000000000e+03,5.359000000000000000e+03,-7.035000000000000000e+03,-7.035000000000000000e+03,-7.073000000000000000e+03
5.899000000000000000e+03,5.812000000000000000e+03,-7.013000000000000000e+03,-7.013000000000000000e+03,-7.069000000000000000e+03
5.912000000000000000e+03,5.761000000000000000e+03,-7.023000000000000000e+03,-7.023000000000000000e+03,-7.058000000000000000e+03
2.262000000000000000e+03,5.829000000000000000e+03,-7.029000000000000000e+03,-7.029000000000000000e+03,-7.035000000000000000e+03
-6.929000000000000000e+03,5.821000000000000000e+03,-4.423000000000000000e+03,-4.423000000000000000e+03,-7.013000000000000000e+03
-6.976000000000000000e+03,5.807000000000000000e+03,5.359000000000000000e+03,5.359000000000000000e+03,-7.023000000000000000e+03
-6.959000000000000000e+03,-6.160000000000000000e+02,5.812000000000000000e+03,5.812000000000000000e+03,-7.029000000000000000e+03
-6.935000000000000000e+03,-7.117000000000000000e+03,5.761000000000000000e+03,5.761000000000000000e+03,-4.423000000000000000e+03
-6.919000000000000000e+03,-7.039000000000000000e+03,5.829000000000000000e+03,5.829000000000000000e+03,5.359000000000000000e+03
-6.923000000000000000e+03,-7.039000000000000000e+03,5.821000000000000000e+03,5.821000000000000000e+03,5.812000000000000000e+03
-6.941000000000000000e+03,-7.020000000000000000e+03,5.807000000000000000e+03,5.807000000000000000e+03,5.761000000000000000e+03
-6.910000000000000000e+03,-7.033000000000000000e+03,-6.160000000000000000e+02,-6.160000000000000000e+02,5.829000000000000000e+03
-6.657000000000000000e+03,-7.020000000000000000e+03,-7.117000000000000000e+03,-7.117000000000000000e+03,5.821000000000000000e+03
2.519000000000000000e+03,-7.053000000000000000e+03,-7.039000000000000000e+03,-7.039000000000000000e+03,5.807000000000000000e+03
5.958000000000000000e+03,-7.000000000000000000e+03,-7.039000000000000000e+03,-7.039000000000000000e+03,-6.160000000000000000e+02
5.935000000000000000e+03,-1.489000000000000000e+03,-7.020000000000000000e+03,-7.020000000000000000e+03,-7.117000000000000000e+03
5.939000000000000000e+03,5.862000000000000000e+03,-7.033000000000000000e+03,-7.033000000000000000e+03,-7.039000000000000000e+03
5.944000000000000000e+03,5.851000000000000000e+03,-7.020000000000000000e+03,-7.020000000000000000e+03,-7.039000000000000000e+03
5.964000000000000000e+03,5.890000000000000000e+03,-7.053000000000000000e+03,-7.053000000000000000e+03,-7.020000000000000000e+03
5.802000000000000000e+03,5.865000000000000000e+03,-7.000000000000000000e+03,-7.000000000000000000e+03,-7.033000000000000000e+03
-2.311000000000000000e+03,5.877000000000000000e+03,-1.489000000000000000e+03,-1.489000000000000000e+03,-7.020000000000000000e+03
-6.986000000000000000e+03,5.879000000000000000e+03,5.862000000000000000e+03,5.862000000000000000e+03,-7.053000000000000000e+03
-6.931000000000000000e+03,5.625000000000000000e+03,5.851000000000000000e+03,5.851000000000000000e+03,-7.000000000000000000e+03
-6.942000000000000000e+03,-5.503000000000000000e+03,5.890000000000000000e+03,5.890000000000000000e+03,-1.489000000000000000e+03
-6.925000000000000000e+03,-7.096000000000000000e+03,5.865000000000000000e+03,5.865000000000000000e+03,5.862000000000000000e+03
-6.956000000000000000e+03,-7.021000000000000000e+03,5.877000000000000000e+03,5.877000000000000000e+03,5.851000000000000000e+03
-6.902000000000000000e+03,-7.026000000000000000e+03,5.879000000000000000e+03,5.879000000000000000e+03,5.890000000000000000e+03
-6.902000000000000000e+03,-7.008000000000000000e+03,5.625000000000000000e+03,5.625000000000000000e+03,5.865000000000000000e+03
-3.531000000000000000e+03,-6.980000000000000000e+03,-5.503000000000000000e+03,-5.503000000000000000e+03,5.877000000000000000e+03
5.443000000000000000e+03,-6.965000000000000000e+03,-7.096000000000000000e+03,-7.096000000000000000e+03,5.879000000000000000e+03
5.991000000000000000e+03,-6.726000000000000000e+03,-7.021000000000000000e+03,-7.021000000000000000e+03,5.625000000000000000e+03
5.965000000000000000e+03,9.190000000000000000e+02,-7.026000000000000000e+03,-7.026000000000000000e+03,-5.503000000000000000e+03
5.955000000000000000e+03,5.974000000000000000e+03,-7.008000000000000000e+03,-7.008000000000000000e+03,-7.096000000000000000e+03
5.976000000000000000e+03,5.836000000000000000e+03,-6.980000000000000000e+03,-6.980000000000000000e+03,-7.021000000000000000e+03
5.769000000000000000e+03,5.853000000000000000e+03,-6.965000000000000000e+03,-6.965000000000000000e+03,-7.026000000000000000e+03
-3.025000000000000000e+03,5.818000000000000000e+03,-6.726000000000000000e+03,-6.726000000000000000e+03,-7.008000000000000000e+03
-7.012000000000000000e+03,5.880000000000000000e+03,9.190000000000000000e+02,9.190000000000000000e+02,-6.980000000000000000e+03
-6.915000000000000000e+03,5.695000000000000000e+03,5.974000000000000000e+03,5.974000000000000000e+03,-6.965000000000000000e+03
-6.903000000000000000e+03,-2.180000000000000000e+03,5.836000000000000000e+03,5.836000000000000000e+03,-6.726000000000000000e+03
-6.903000000000000000e+03,-7.099000000000000000e+03,5.853000000000000000e+03,5.853000000000000000e+03,9.190000000000000000e+02
-6.877000000000000000e+03,-6.980000000000000000e+03,5.818000000000000000e+03,5.818000000000000000e+03,5.974000000000000000e+03
-6.874000000000000000e+03,-6.988000000000000000e+03,5.880000000000000000e+03,5.880000000000000000e+03,5.836000000000000000e+03
-6.870000000000000000e+03,-7.006000000000000000e+03,5.695000000000000000e+03,5.695000000000000000e+03,5.853000000000000000e+03
-6.732000000000000000e+03,-6.977000000000000000e+03,-2.180000000000000000e+03,-2.180000000000000000e+03,5.818000000000000000e+03
4.030000000000000000e+02,-6.989000000000000000e+03,-7.099000000000000000e+03,-7.099000000000000000e+03,5.880000000000000000e+03
6.058000000000000000e+03,-6.972000000000000000e+03,-6.980000000000000000e+03,-6.980000000000000000e+03,5.695000000000000000e+03
5.950000000000000000e+03,-6.813000000000000000e+03,-6.988000000000000000e+03,-6.988000000000000000e+03,-2.180000000000000000e+03
5.931000000000000000e+03,1.857000000000000000e+03,-7.006000000000000000e+03,-7.006000000000000000e+03,-7.099000000000000000e+03
5.983000000000000000e+03,5.996000000000000000e+03,-6.977000000000000000e+03,-6.977000000000000000e+03,-6.980000000000000000e+03
5.998000000000000000e+03,5.877000000000000000e+03,-6.989000000000000000e+03,-6.989000000000000000e+03,-6.988000000000000000e+03
1.466000000000000000e+03,5.913000000000000000e+03,-6.972000000000000000e+03,-6.972000000000000000e+03,-7.006000000000000000e+03
-6.864000000000000000e+03,5.915000000000000000e+03,-6.813000000000000000e+03,-6.813000000000000000e+03,-6.977000000000000000e+03
-6.873000000000000000e+03,5.903000000000000000e+03,1.857000000000000000e+03,1.857000000000000000e+03,-6.989000000000000000e+03
-6.880000000000000000e+03,1.180000000000000000e+02,5.996000000000000000e+03,5.996000000000000000e+03,-6.972000000000000000e+03
-6.893000000000000000e+03,-7.049000000000000000e+03,5.877000000000000000e+03,5.877000000000000000e+03,-6.813000000000000000e+03
-6.868000000000000000e+03,-7.005000000000000000e+03,5.913000000000000000e+03,5.913000000000000000e+03,1.857000000000000000e+03
-6.881000000000000000e+03,-6.986000000000000000e+03,5.915000000000000000e+03,5.915000000000000000e+03,5.996000000000000000e+03
-6.863000000000000000e+03,-6.994000000000000000e+03,5.903000000000000000e+03,5.903000000000000000e+03,5.877000000000000000e+03
-6.880000000000000000e+03,-6.959000000000000000e+03,1.180000000000000000e+02,1.180000000000000000e+02,5.913000000000000000e+03
-2.459000000000000000e+03,-6.934000000000000000e+03,-7.049000000000000000e+03,-7.049000000000000000e+03,5.915000000000000000e+03
5.876000000000000000e+03,-6.943000000000000000e+03,-7.005000000000000000e+03,-7.005000000000000000e+03,5.903000000000000000e+03
6.000000000000000000e+03,-6.908000000000000000e+03,-6.986000000000000000e+03,-6.986000000000000000e+03,1.180000000000000000e+02
6.021000000000000000e+03,6.010000000000000000e+02,-6.994000000000000000e+03,-6.994000000000000000e+03,-7.049000000000000000e+03
6.036000000000000000e+03,6.000000000000000000e+03,-6.959000000000000000e+03,-6.959000000000000000e+03,-7.005000000000000000e+03
6.029000000000000000e+03,5.876000000000000000e+03,-6.934000000000000000e+03,-6.934000000000000000e+03,-6.986000000000000000e+03
6.017000000000000000e+03,5.908000000000000000e+03,-6.943000000000000000e+03,-6.943000000000000000e+03,-6.994000000000000000e+03
5.830000000000000000e+03,5.899000000000000000e+03,-6.908000000000000000e+03,-6.908000000000000000e+03,-6.959000000000000000e+03
-3.704000000000000000e+03,5.912000000000000000e+03,6.010000000000000000e+02,6.010000000000000000e+02,-6.934000000000000000e+03
-6.911000000000000000e+03,2.262000000000000000e+03,6.000000000000000000e+03,6.000000000000000000e+03,-6.943000000000000000e+03
-6.912000000000000000e+03,-6.929000000000000000e+03,5.876000000000000000e+03,5.876000000000000000e+03,-6.908000000000000000e+03
-6.866000000000000000e+03,-6.976000000000000000e+03,5.908000000000000000e+03,5.908000000000000000e+03,6.010000000000000000e+02
-6.850000000000000000e+03,-6.959000000000000000e+03,5.899000000000000000e+03,5.899000000000000000e+03,6.000000000000000000e+03
-6.851000000000000000e+03,-6.935000000000000000e+03,5.912000000000000000e+03,5.912000000000000000e+03,5.876000000000000000e+03
-6.824000000000000000e+03,-6.919000000000000000e+03,2.262000000000000000e+03,2.262000000000000000e+03,5.908000000000000000e+03
-6.626000000000000000e+03,-6.923000000000000000e+03,-6.929000000000000000e+03,-6.929000000000000000e+03,5.899000000000000000e+03
1.672000000000000000e+03,-6.941000000000000000e+03,-6.976000000000000000e+03,-6.976000000000000000e+03,5.912000000000000000e+03
6.116000000000000000e+03,-6.910000000000000000e+03,-6.959000000000000000e+03,-6.959000000000000000e+03,2.262000000000000000e+03
6.007000000000000000e+03,-6.657000000000000000e+03,-6.935000000000000000e+03,-6.935000000000000000e+03,-6.929000000000000000e+03
5.998000000000000000e+03,2.519000000000000000e+03,-6.919000000000000000e+03,-6.919000000000000000e+03,-6.976000000000000000e+03
6.012000000000000000e+03,5.958000000000000000e+03,-6.923000000000000000e+03,-6.923000000000000000e+03,-6.959000000000000000e+03
5.978000000000000000e+03,5.935000000000000000e+03,-6.941000000000000000e+03,-6.941000000000000000e+03,-6.935000000000000000e+03
6.014000000000000000e+03,5.939000000000000000e+03,-6.910000000000000000e+03,-6.910000000000000000e+03,-6.919000000000000000e+03
-2.500000000000000000e+01,5.944000000000000000e+03,-6.657000000000000000e+03,-6.657000000000000000e+03,-6.923000000000000000e+03
-6.926000000000000000e+03,5.964000000000000000e+03,2.519000000000000000e+03,2.519000000000000000e+03,-6.941000000000000000e+03
-6.858000000000000000e+03,5.802000000000000000e+03,5.958000000000000000e+03,5.958000000000000000e+03,-6.910000000000000000e+03
-6.835000000000000000e+03,-2.311000000000000000e+03,5.935000000000000000e+03,5.935000000000000000e+03,-6.657000000000000000e+03
-6.841000000000000000e+03,-6.986000000000000000e+03,5.939000000000000000e+03,5.939000000000000000e+03,2.519000000000000000e+03
-6.862000000000000000e+03,-6.931000000000000000e+03,5.944000000000000000e+03,5.944000000000000000e+03,5.958000000000000000e+03
-6.832000000000000000e+03,-6.942000000000000000e+03,5.964000000000000000e+03,5.964000000000000000e+03,5.935000000000000000e+03
-6.839000000000000000e+03,-6.925000000000000000e+03,5.802000000000000000e+03,5.802000000000000000e+03,5.939000000000000000e+03
-6.605000000000000000e+03,-6.956000000000000000e+03,-2.311000000000000000e+03,-2.311000000000000000e+03,5.944000000000000000e+03
2.979000000000000000e+03,-6.902000000000000000e+03,-6.986000000000000000e+03,-6.986000000000000000e+03,5.964000000000000000e+03
6.069000000000000000e+03,-6.902000000000000000e+03,-6.931000000000000000e+03,-6.931000000000000000e+03,5.802000000000000000e+03
6.047000000000000000e+03,-3.531000000000000000e+03,-6.942000000000000000e+03,-6.942000000000000000e+03,-2.311000000000000000e+03
6.027000000000000000e+03,5.443000000000000000e+03,-6.925000000000000000e+03,-6.925000000000000000e+03,-6.986000000000000000e+03
6.059000000000000000e+03,5.991000000000000000e+03,-6.956000000000000000e+03,-6.956000000000000000e+03,-6.931000000000000000e+03
6.059000000000000000e+03,5.965000000000000000e+03,-6.902000000000000000e+03,-6.902000000000000000e+03,-6.942000000000000000e+03
5.863000000000000000e+03,5.955000000000000000e+03,-6.902000000000000000e+03,-6.902000000000000000e+03,-6.925000000000000000e+03
-4.441000000000000000e+03,5.976000000000000000e+03,-3.531000000000000000e+03,-3.531000000000000000e+03,-6.956000000000000000e+03
-6.874000000000000000e+03,5.769000000000000000e+03,5.443000000000000000e+03,5.443000000000000000e+03,-6.902000000000000000e+03
-6.867000000000000000e+03,-3.025000000000000000e+03,5.991000000000000000e+03,5.991000000000000000e+03,-6.902000000000000000e+03
-6.849000000000000000e+03,-7.012000000000000000e+03,5.965000000000000000e+03,5.965000000000000000e+03,-3.531000000000000000e+03
-6.869000000000000000e+03,-6.915000000000000000e+03,5.955000000000000000e+03,5.955000000000000000e+03,5.443000000000000000e+03
-6.826000000000000000e+03,-6.903000000000000000e+03,5.976000000000000000e+03,5.976000000000000000e+03,5.991000000000000000e+03
-6.794000000000000000e+03,-6.903000000000000000e+03,5.769000000000000000e+03,5.769000000000000000e+03,5.965000000000000000e+03
-6.810000000000000000e+03,-6.877000000000000000e+03,-3.025000000000000000e+03,-3.025000000000000000e+03,5.955000000000000000e+03
-2.635000000000000000e+03,-6.874000000000000000e+03,-7.012000000000000000e+03,-7.012000000000000000e+03,5.976000000000000000e+03
5.988000000000000000e+03,-6.870000000000000000e+03,-6.915000000000000000e+03,-6.915000000000000000e+03,5.769000000000000000e+03
6.041000000000000000e+03,-6.732000000000000000e+03,-6.903000000000000000e+03,-6.903000000000000000e+03,-3.025000000000000000e+03
6.010000000000000000e+03,4.030000000000000000e+02,-6.903000000000000000e+03,-6.903000000000000000e+03,-7.012000000000000000e+03
6.044000000000000000e+03,6.058000000000000000e+03,-6.877000000000000000e+03,-6.877000000000000000e+03,-6.915000000000000000e+03
6.038000000000000000e+03,5.950000000000000000e+03,-6.874000000000000000e+03,-6.874000000000000000e+03,-6.903000000000000000e+03
6.047000000000000000e+03,5.931000000000000000e+03,-6.870000000000000000e+03,-6.870000000000000000e+03,-6.903000000000000000e+03
4.195000000000000000e+03,5.983000000000000000e+03,-6.732000000000000000e+03,-6.732000000000000000e+03,-6.877000000000000000e+03
-6.294000000000000000e+03,5.998000000000000000e+03,4.030000000000000000e+02,4.030000000000000000e+02,-6.874000000000000000e+03
-6.843000000000000000e+03,1.466000000000000000e+03,6.058000000000000000e+03,6.058000000000000000e+03,-6.870000000000000000e+03
-6.834000000000000000e+03,-6.864000000000000000e+03,5.950000000000000000e+03,5.950000000000000000e+03,-6.732000000000000000e+03
-6.810000000000000000e+03,-6.873000000000000000e+03,5.931000000000000000e+03,5.931000000000000000e+03,4.030000000000000000e+02
-6.815000000000000000e+03,-6.880000000000000000e+03,5.983000000000000000e+03,5.983000000000000000e+03,6.058000000000000000e+03
-6.806000000000000000e+03,-6.893000000000000000e+03,5.998000000000000000e+03,5.998000000000000000e+03,5.950000000000000000e+03
-6.830000000000000000e+03,-6.868000000000000000e+03,1.466000000000000000e+03,1.466000000000000000e+03,5.931000000000000000e+03
-6.797000000000000000e+03,-6.881000000000000000e+03,-6.864000000000000000e+03,-6.864000000000000000e+03,5.983000000000000000e+03
1.710000000000000000e+02,-6.863000000000000000e+03,-6.873000000000000000e+03,-6.873000000000000000e+03,5.998000000000000000e+03
6.139000000000000000e+03,-6.880000000000000000e+03,-6.880000000000000000e+03,-6.880000000000000000e+03,1.466000000000000000e+03
6.009000000000000000e+03,-2.459000000000000000e+03,-6.893000000000000000e+03,-6.893000000000000000e+03,-6.864000000000000000e+03
6.047000000000000000e+03,5.876000000000000000e+03,-6.868000000000000000e+03,-6.868000000000000000e+03,-6.873000000000000000e+03
6.070000000000000000e+03,6.000000000000000000e+03,-6.881000000000000000e+03,-6.881000000000000000e+03,-6.880000000000000000e+03
6.057000000000000000e+03,6.021000000000000000e+03,-6.863000000000000000e+03,-6.863000000000000000e+03,-6.893000000000000000e+03
6.073000000000000000e+03,6.036000000000000000e+03,-6.880000000000000000e+03,-6.880000000000000000e+03,-6.868000000000000000e+03
3.800000000000000000e+01,6.029000000000000000e+03,-2.459000000000000000e+03,-2.459000000000000000e+03,-6.881000000000000000e+03
-6.918000000000000000e+03,6.017000000000000000e+03,5.876000000000000000e+03,5.876000000000000000e+03,-6.863000000000000000e+03
-6.839000000000000000e+03,5.830000000000000000e+03,6.000000000000000000e+03,6.000000000000000000e+03,-6.880000000000000000e+03
-6.811000000000000000e+03,-3.704000000000000000e+03,6.021000000000000000e+03,6.021000000000000000e+03,-2.459000000000000000e+03
-6.822000000000000000e+03,-6.911000000000000000e+03,6.036000000000000000e+03,6.036000000000000000e+03,5.876000000000000000e+03
-6.809000000000000000e+03,-6.912000000000000000e+03,6.029000000000000000e+03,6.029000000000000000e+03,6.000000000000000000e+03
-6.799000000000000000e+03,-6.866000000000000000e+03,6.017000000000000000e+03,6.017000000000000000e+03,6.021000000000000000e+03
-6.780000000000000000e+03,-6.850000000000000000e+03,5.830000000000000000e+03,5.830000000000000000e+03,6.036000000000000000e+03
-5.436000000000000000e+03,-6.851000000000000000e+03,-3.704000000000000000e+03,-3.704000000000000000e+03,6.029000000000000000e+03
4.698000000000000000e+03,-6.824000000000000000e+03,-6.911000000000000000e+03,-6.911000000000000000e+03,6.017000000000000000e+03
6.100000000000000000e+03,-6.626000000000000000e+03,-6.912000000000000000e+03,-6.912000000000000000e+03,5.830000000000000000e+03
6.073000000000000000e+03,1.672000000000000000e+03,-6.866000000000000000e+03,-6.866000000000000000e+03,-3.704000000000000000e+03
6.081000000000000000e+03,6.116000000000000000e+03,-6.850000000000000000e+03,-6.850000000000000000e+03,-6.911000000000000000e+03
6.061000000000000000e+03,6.007000000000000000e+03,-6.851000000000000000e+03,-6.851000000000000000e+03,-6.912000000000000000e+03
6.089000000000000000e+03,5.998000000000000000e+03,-6.824000000000000000e+03,-6.824000000000000000e+03,-6.866000000000000000e+03
5.865000000000000000e+03,6.012000000000000000e+03,-6.626000000000000000e+03,-6.626000000000000000e+03,-6.850000000000000000e+03
-4.977000000000000000e+03,5.978000000000000000e+03,1.672000000000000000e+03,1.672000000000000000e+03,-6.851000000000000000e+03
-6.865000000000000000e+03,6.014000000000000000e+03,6.116000000000000000e+03,6.116000000000000000e+03,-6.824000000000000000e+03
-6.805000000000000000e+03,-2.500000000000000000e+01,6.007000000000000000e+03,6.007000000000000000e+03,-6.626000000000000000e+03
-6.779000000000000000e+03,-6.926000000000000000e+03,5.998000000000000000e+03,5.998000000000000000e+03,1.672000000000000000e+03
-6.789000000000000000e+03,-6.858000000000000000e+03,6.012000000000000000e+03,6.012000000000000000e+03,6.116000000000000000e+03
-6.766000000000000000e+03,-6.835000000000000000e+03,5.978000000000000000e+03,5.978000000000000000e+03,6.007000000000000000e+03
-6.770000000000000000e+03,-6.841000000000000000e+03,6.014000000000000000e+03,6.014000000000000000e+03,5.998000000000000000e+03
-6.765000000000000000e+03,-6.862000000000000000e+03,-2.500000000000000000e+01,-2.500000000000000000e+01,6.012000000000000000e+03
-1.904000000000000000e+03,-6.832000000000000000e+03,-6.926000000000000000e+03,-6.926000000000000000e+03,5.978000000000000000e+03
6.106000000000000000e+03,-6.839000000000000000e+03,-6.858000000000000000e+03,-6.858000000000000000e+03,6.014000000000000000e+03
6.055000000000000000e+03,-6.605000000000000000e+03,-6.835000000000000000e+03,-6.835000000000000000e+03,-2.500000000000000000e+01
6.068000000000000000e+03,2.979000000000000000e+03,-6.841000000000000000e+03,-6.841000000000000000e+03,-6.926000000000000000e+03
6.039000000000000000e+03,6.069000000000000000e+03,-6.862000000000000000e+03,-6.862000000000000000e+03,-6.858000000000000000e+03
6.095000000000000000e+03,6.047000000000000000e+03,-6.832000000000000000e+03,-6.832000000000000000e+03,-6.835000000000000000e+03
6.088000000000000000e+03,6.027000000000000000e+03,-6.839000000000000000e+03,-6.839000000000000000e+03,-6.841000000000000000e+03
5.892000000000000000e+03,6.059000000000000000e+03,-6.605000000000000000e+03,-6.605000000000000000e+03,-6.862000000000000000e+03
-4.773000000000000000e+03,6.059000000000000000e+03,2.979000000000000000e+03,2.979000000000000000e+03,-6.832000000000000000e+03
-6.792000000000000000e+03,5.863000000000000000e+03,6.069000000000000000e+03,6.069000000000000000e+03,-6.839000000000000000e+03
-6.787000000000000000e+03,-4.441000000000000000e+03,6.047000000000000000e+03,6.047000000000000000e+03,-6.605000000000000000e+03
-6.801000000000000000e+03,-6.874000000000000000e+03,6.027000000000000000e+03,6.027000000000000000e+03,2.979000000000000000e+03
-6.773000000000000000e+03,-6.867000000000000000e+03,6.059000000000000000e+03,6.059000000000000000e+03,6.069000000000000000e+03
-6.784000000000000000e+03,-6.849000000000000000e+03,6.059000000000000000e+03,6.059000000000000000e+03,6.047000000000000000e+03
-6.771000000000000000e+03,-6.869000000000000000e+03,5.863000000000000000e+03,5.863000000000000000e+03,6.027000000000000000e+03
-6.780000000000000000e+03,-6.826000000000000000e+03,-4.441000000000000000e+03,-4.441000000000000000e+03,6.059000000000000000e+03
-6.747000000000000000e+03,-6.794000000000000000e+03,-6.874000000000000000e+03,-6.874000000000000000e+03,6.059000000000000000e+03
-3.190000000000000000e+02,-6.810000000000000000e+03,-6.867000000000000000e+03,-6.867000000000000000e+03,5.863000000000000000e+03
6.179000000000000000e+03,-2.635000000000000000e+03,-6.849000000000000000e+03,-6.849000000000000000e+03,-4.441000000000000000e+03
6.102000000000000000e+03,5.988000000000000000e+03,-6.869000000000000000e+03,-6.869000000000000000e+03,-6.874000000000000000e+03
6.122000000000000000e+03,6.041000000000000000e+03,-6.826000000000000000e+03,-6.826000000000000000e+03,-6.867000000000000000e+03
6.110000000000000000e+03,6.010000000000000000e+03,-6.794000000000000000e+03,-6.794000000000000000e+03,-6.849000000000000000e+03
6.101000000000000000e+03,6.044000000000000000e+03,-6.810000000000000000e+03,-6.810000000000000000e+03,-6.869000000000000000e+03
5.945000000000000000e+03,6.038000000000000000e+03,-2.635000000000000000e+03,-2.635000000000000000e+03,-6.826000000000000000e+03
-1.387000000000000000e+03,6.047000000000000000e+03,5.988000000000000000e+03,5.988000000000000000e+03,-6.794000000000000000e+03
-6.895000000000000000e+03,4.195000000000000000e+03,6.041000000000000000e+03,6.041000000000000000e+03,-6.810000000000000000e+03
-6.826000000000000000e+03,-6.294000000000000000e+03,6.010000000000000000e+03,6.010000000000000000e+03,-2.635000000000000000e+03
-6.765000000000000000e+03,-6.843000000000000000e+03,6.044000000000000000e+03,6.044000000000000000e+03,5.988000000000000000e+03
-6.760000000000000000e+03,-6.834000000000000000e+03,6.038000000000000000e+03,6.038000000000000000e+03,6.041000000000000000e+03
-6.752000000000000000e+03,-6.810000000000000000e+03,6.047000000000000000e+03,6.047000000000000000e+03,6.010000000000000000e+03
-6.725000000000000000e+03,-6.815000000000000000e+03,4.195000000000000000e+03,4.195000000000000000e+03,6.044000000000000000e+03
-6.727000000000000000e+03,-6.806000000000000000e+03,-6.294000000000000000e+03,-6.294000000000000000e+03,6.038000000000000000e+03
-6.526000000000000000e+03,-6.830000000000000000e+03,-6.843000000000000000e+03,-6.843000000000000000e+03,6.047000000000000000e+03
2.315000000000000000e+03,-6.797000000000000000e+03,-6.834000000000000000e+03,-6.834000000000000000e+03,4.195000000000000000e+03
6.175000000000000000e+03,1.710000000000000000e+02,-6.810000000000000000e+03,-6.810000000000000000e+03,-6.294000000000000000e+03
6.088000000000000000e+03,6.139000000000000000e+03,-6.815000000000000000e+03,-6.815000000000000000e+03,-6.843000000000000000e+03
6.104000000000000000e+03,6.009000000000000000e+03,-6.806000000000000000e+03,-6.806000000000000000e+03,-6.834000000000000000e+03
6.065000000000000000e+03,6.047000000000000000e+03,-6.830000000000000000e+03,-6.830000000000000000e+03,-6.810000000000000000e+03
6.131000000000000000e+03,6.070000000000000000e+03,-6.797000000000000000e+03,-6.797000000000000000e+03,-6.815000000000000000e+03
1.894000000000000000e+03,6.057000000000000000e+03,1.710000000000000000e+02,1.710000000000000000e+02,-6.806000000000000000e+03
-6.751000000000000000e+03,6.073000000000000000e+03,6.139000000000000000e+03,6.139000000000000000e+03,-6.830000000000000000e+03
-6.755000000000000000e+03,3.800000000000000000e+01,6.009000000000000000e+03,6.009000000000000000e+03,-6.797000000000000000e+03
-6.724000000000000000e+03,-6.918000000000000000e+03,6.047000000000000000e+03,6.047000000000000000e+03,1.710000000000000000e+02
-6.735000000000000000e+03,-6.839000000000000000e+03,6.070000000000000000e+03,6.070000000000000000e+03,6.139000000000000000e+03
-6.745000000000000000e+03,-6.811000000000000000e+03,6.057000000000000000e+03,6.057000000000000000e+03,6.009000000000000000e+03
-6.723000000000000000e+03,-6.822000000000000000e+03,6.073000000000000000e+03,6.073000000000000000e+03,6.047000000000000000e+03
-6.735000000000000000e+03,-6.809000000000000000e+03,3.800000000000000000e+01,3.800000000000000000e+01,6.070000000000000000e+03
-6.720000000000000000e+03,-6.799000000000000000e+03,-6.918000000000000000e+03,-6.918000000000000000e+03,6.057000000000000000e+03
-2.860000000000000000e+03,-6.780000000000000000e+03,-6.839000000000000000e+03,-6.839000000000000000e+03,6.073000000000000000e+03
6.071000000000000000e+03,-5.436000000000000000e+03,-6.811000000000000000e+03,-6.811000000000000000e+03,3.800000000000000000e+01
6.130000000000000000e+03,4.698000000000000000e+03,-6.822000000000000000e+03,-6.822000000000000000e+03,-6.918000000000000000e+03
6.129000000000000000e+03,6.100000000000000000e+03,-6.809000000000000000e+03,-6.809000000000000000e+03,-6.839000000000000000e+03
6.155000000000000000e+03,6.073000000000000000e+03,-6.799000000000000000e+03,-6.799000000000000000e+03,-6.811000000000000000e+03
6.192000000000000000e+03,6.081000000000000000e+03,-6.780000000000000000e+03,-6.780000000000000000e+03,-6.822000000000000000e+03
6.163000000000000000e+03,6.061000000000000000e+03,-5.436000000000000000e+03,-5.436000000000000000e+03,-6.809000000000000000e+03
7.830000000000000000e+02,6.089000000000000000e+03,4.698000000000000000e+03,4.698000000000000000e+03,-6.799000000000000000e+03
-6.756000000000000000e+03,5.865000000000000000e+03,6.100000000000000000e+03,6.100000000000000000e+03,-6.780000000000000000e+03
-6.749000000000000000e+03,-4.977000000000000000e+03,6.073000000000000000e+03,6.073000000000000000e+03,-5.436000000000000000e+03
-6.739000000000000000e+03,-6.865000000000000000e+03,6.081000000000000000e+03,6.081000000000000000e+03,4.698000000000000000e+03
-6.777000000000000000e+03,-6.805000000000000000e+03,6.061000000000000000e+03,6.061000000000000000e+03,6.100000000000000000e+03
-6.717000000000000000e+03,-6.779000000000000000e+03,6.089000000000000000e+03,6.089000000000000000e+03,6.073000000000000000e+03
-6.724000000000000000e+03,-6.789000000000000000e+03,5.865000000000000000e+03,5.865000000000000000e+03,6.081000000000000000e+03
-6.704000000000000000e+03,-6.766000000000000000e+03,-4.977000000000000000e+03,-4.977000000000000000e+03,6.061000000000000000e+03
-6.690000000000000000e+03,-6.770000000000000000e+03,-6.865000000000000000e+03,-6.865000000000000000e+03,6.089000000000000000e+03
3.350000000000000000e+02,-6.765000000000000000e+03,-6.805000000000000000e+03,-6.805000000000000000e+03,5.865000000000000000e+03
6.260000000000000000e+03,-1.904000000000000000e+03,-6.779000000000000000e+03,-6.779000000000000000e+03,-4.977000000000000000e+03
6.147000000000000000e+03,6.106000000000000000e+03,-6.789000000000000000e+03,-6.789000000000000000e+03,-6.865000000000000000e+03
6.157000000000000000e+03,6.055000000000000000e+03,-6.766000000000000000e+03,-6.766000000000000000e+03,-6.805000000000000000e+03
6.149000000000000000e+03,6.068000000000000000e+03,-6.770000000000000000e+03,-6.770000000000000000e+03,-6.779000000000000000e+03
6.153000000000000000e+03,6.039000000000000000e+03,-6.765000000000000000e+03,-6.765000000000000000e+03,-6.789000000000000000e+03
5.919000000000000000e+03,6.095000000000000000e+03,-1.904000000000000000e+03,-1.904000000000000000e+03,-6.766000000000000000e+03
-2.130000000000000000e+03,6.088000000000000000e+03,6.106000000000000000e+03,6.106000000000000000e+03,-6.770000000000000000e+03
-6.793000000000000000e+03,5.892000000000000000e+03,6.055000000000000000e+03,6.055000000000000000e+03,-6.765000000000000000e+03
-6.729000000000000000e+03,-4.773000000000000000e+03,6.068000000000000000e+03,6.068000000000000000e+03,-1.904000000000000000e+03
-6.707000000000000000e+03,-6.792000000000000000e+03,6.039000000000000000e+03,6.039000000000000000e+03,6.106000000000000000e+03
-6.680000000000000000e+03,-6.787000000000000000e+03,6.095000000000000000e+03,6.095000000000000000e+03,6.055000000000000000e+03
-6.691000000000000000e+03,-6.801000000000000000e+03,6.088000000000000000e+03,6.088000000000000000e+03,6.068000000000000000e+03
-6.699000000000000000e+03,-6.773000000000000000e+03,5.892000000000000000e+03,5.892000000000000000e+03,6.039000000000000000e+03
-6.679000000000000000e+03,-6.784000000000000000e+03,-4.773000000000000000e+03,-4.773000000000000000e+03,6.095000000000000000e+03
-6.430000000000000000e+03,-6.771000000000000000e+03,-6.792000000000000000e+03,-6.792000000000000000e+03,6.088000000000000000e+03
3.858000000000000000e+03,-6.780000000000000000e+03,-6.787000000000000000e+03,-6.787000000000000000e+03,5.892000000000000000e+03
6.135000000000000000e+03,-6.747000000000000000e+03,-6.801000000000000000e+03,-6.801000000000000000e+03,-4.773000000000000000e+03
6.163000000000000000e+03,-3.190000000000000000e+02,-6.773000000000000000e+03,-6.773000000000000000e+03,-6.792000000000000000e+03
6.161000000000000000e+03,6.179000000000000000e+03,-6.784000000000000000e+03,-6.784000000000000000e+03,-6.787000000000000000e+03
6.174000000000000000e+03,6.102000000000000000e+03,-6.771000000000000000e+03,-6.771000000000000000e+03,-6.801000000000000000e+03
6.195000000000000000e+03,6.122000000000000000e+03,-6.780000000000000000e+03,-6.780000000000000000e+03,-6.773000000000000000e+03
1.229000000000000000e+03,6.110000000000000000e+03,-6.747000000000000000e+03,-6.747000000000000000e+03,-6.784000000000000000e+03
-6.730000000000000000e+03,6.101000000000000000e+03,-3.190000000000000000e+02,-3.190000000000000000e+02,-6.771000000000000000e+03
-6.705000000000000000e+03,5.945000000000000000e+03,6.179000000000000000e+03,6.179000000000000000e+03,-6.780000000000000000e+03
-6.691000000000000000e+03,-1.387000000000000000e+03,6.102000000000000000e+03,6.102000000000000000e+03,-6.747000000000000000e+03
-6.702000000000000000e+03,-6.895000000000000000e+03,6.122000000000000000e+03,6.122000000000000000e+03,-3.190000000000000000e+02
-6.692000000000000000e+03,-6.826000000000000000e+03,6.110000000000000000e+03,6.110000000000000000e+03,6.179000000000000000e+03
-6.728000000000000000e+03,-6.765000000000000000e+03,6.101000000000000000e+03,6.101000000000000000e+03,6.102000000000000000e+03
-6.667000000000000000e+03,-6.760000000000000000e+03,5.945000000000000000e+03,5.945000000000000000e+03,6.122000000000000000e+03
-6.481000000000000000e+03,-6.752000000000000000e+03,-1.387000000000000000e+03,-1.387000000000000000e+03,6.110000000000000000e+03
1.286000000000000000e+03,-6.725000000000000000e+03,-6.895000000000000000e+03,-6.895000000000000000e+03,6.101000000000000000e+03
6.293000000000000000e+03,-6.727000000000000000e+03,-6.826000000000000000e+03,-6.826000000000000000e+03,5.945000000000000000e+03
6.215000000000000000e+03,-6.526000000000000000e+03,-6.765000000000000000e+03,-6.765000000000000000e+03,-1.387000000000000000e+03
6.191000000000000000e+03,2.315000000000000000e+03,-6.760000000000000000e+03,-6.760000000000000000e+03,-6.895000000000000000e+03
6.203000000000000000e+03,6.175000000000000000e+03,-6.752000000000000000e+03,-6.752000000000000000e+03,-6.826000000000000000e+03
6.209000000000000000e+03,6.088000000000000000e+03,-6.725000000000000000e+03,-6.725000000000000000e+03,-6.765000000000000000e+03
5.957000000000000000e+03,6.104000000000000000e+03,-6.727000000000000000e+03,-6.727000000000000000e+03,-6.760000000000000000e+03
-6.125000000000000000e+03,6.065000000000000000e+03,-6.526000000000000000e+03,-6.526000000000000000e+03,-6.752000000000000000e+03
-6.754000000000000000e+03,6.131000000000000000e+03,2.315000000000000000e+03,2.315000000000000000e+03,-6.725000000000000000e+03
-6.690000000000000000e+03,1.894000000000000000e+03,6.175000000000000000e+03,6.175000000000000000e+03,-6.727000000000000000e+03
-6.698000000000000000e+03,-6.751000000000000000e+03,6.088000000000000000e+03,6.088000000000000000e+03,-6.526000000000000000e+03
-6.676000000000000000e+03,-6.755000000000000000e+03,6.104000000000000000e+03,6.104000000000000000e+03,2.315000000000000000e+03
-6.654000000000000000e+03,-6.724000000000000000e+03,6.065000000000000000e+03,6.065000000000000000e+03,6.175000000000000000e+03
-6.628000000000000000e+03,-6.735000000000000000e+03,6.131000000000000000e+03,6.131000000000000000e+03,6.088000000000000000e+03
-6.641000000000000000e+03,-6.745000000000000000e+03,1.894000000000000000e+03,1.894000000000000000e+03,6.104000000000000000e+03
-3.317000000000000000e+03,-6.723000000000000000e+03,-6.751000000000000000e+03,-6.751000000000000000e+03,6.065000000000000000e+03
6.010000000000000000e+03,-6.735000000000000000e+03,-6.755000000000000000e+03,-6.755000000000000000e+03,6.131000000000000000e+03
6.197000000000000000e+03,-6.720000000000000000e+03,-6.724000000000000000e+03,-6.724000000000000000e+03,1.894000000000000000e+03
6.194000000000000000e+03,-2.860000000000000000e+03,-6.735000000000000000e+03,-6.735000000000000000e+03,-6.751000000000000000e+03
6.155000000000000000e+03,6.071000000000000000e+03,-6.745000000000000000e+03,-6.745000000000000000e+03,-6.755000000000000000e+03
6.219000000000000000e+03,6.130000000000000000e+03,-6.723000000000000000e+03,-6.723000000000000000e+03,-6.724000000000000000e+03
6.224000000000000000e+03,6.129000000000000000e+03,-6.735000000000000000e+03,-6.735000000000000000e+03,-6.735000000000000000e+03
6.005000000000000000e+03,6.155000000000000000e+03,-6.720000000000000000e+03,-6.720000000000000000e+03,-6.745000000000000000e+03
-5.107000000000000000e+03,6.192000000000000000e+03,-2.860000000000000000e+03,-2.860000000000000000e+03,-6.723000000000000000e+03
-6.667000000000000000e+03,6.163000000000000000e+03,6.071000000000000000e+03,6.071000000000000000e+03,-6.735000000000000000e+03
-6.668000000000000000e+03,7.830000000000000000e+02,6.130000000000000000e+03,6.130000000000000000e+03,-6.720000000000000000e+03
-6.683000000000000000e+03,-6.756000000000000000e+03,6.129000000000000000e+03,6.129000000000000000e+03,-2.860000000000000000e+03
-6.657000000000000000e+03,-6.749000000000000000e+03,6.155000000000000000e+03,6.155000000000000000e+03,6.071000000000000000e+03
-6.665000000000000000e+03,-6.739000000000000000e+03,6.192000000000000000e+03,6.192000000000000000e+03,6.130000000000000000e+03
-6.652000000000000000e+03,-6.777000000000000000e+03,6.163000000000000000e+03,6.163000000000000000e+03,6.129000000000000000e+03
-6.655000000000000000e+03,-6.717000000000000000e+03,7.830000000000000000e+02,7.830000000000000000e+02,6.155000000000000000e+03
-3.992000000000000000e+03,-6.724000000000000000e+03,-6.756000000000000000e+03,-6.756000000000000000e+03,6.192000000000000000e+03
5.086000000000000000e+03,-6.704000000000000000e+03,-6.749000000000000000e+03,-6.749000000000000000e+03,6.163000000000000000e+03
6.229000000000000000e+03,-6.690000000000000000e+03,-6.739000000000000000e+03,-6.739000000000000000e+03,7.830000000000000000e+02
6.244000000000000000e+03,3.350000000000000000e+02,-6.777000000000000000e+03,-6.777000000000000000e+03,-6.756000000000000000e+03
6.239000000000000000e+03,6.260000000000000000e+03,-6.717000000000000000e+03,-6.717000000000000000e+03,-6.749000000000000000e+03
6.238000000000000000e+03,6.147000000000000000e+03,-6.724000000000000000e+03,-6.724000000000000000e+03,-6.739000000000000000e+03
6.145000000000000000e+03,6.157000000000000000e+03,-6.704000000000000000e+03,-6.704000000000000000e+03,-6.777000000000000000e+03
-3.580000000000000000e+02,6.149000000000000000e+03,-6.690000000000000000e+03,-6.690000000000000000e+03,-6.717000000000000000e+03
-6.774000000000000000e+03,6.153000000000000000e+03,3.350000000000000000e+02,3.350000000000000000e+02,-6.724000000000000000e+03
-6.670000000000000000e+03,5.919000000000000000e+03,6.260000000000000000e+03,6.260000000000000000e+03,-6.704000000000000000e+03
-6.679000000000000000e+03,-2.130000000000000000e+03,6.147000000000000000e+03,6.147000000000000000e+03,-6.690000000000000000e+03
-6.643000000000000000e+03,-6.793000000000000000e+03,6.157000000000000000e+03,6.157000000000000000e+03,3.350000000000000000e+02
-6.627000000000000000e+03,-6.729000000000000000e+03,6.149000000000000000e+03,6.149000000000000000e+03,6.260000000000000000e+03
-6.631000000000000000e+03,-6.707000000000000000e+03,6.153000000000000000e+03,6.153000000000000000e+03,6.147000000000000000e+03
-6.607000000000000000e+03,-6.680000000000000000e+03,5.919000000000000000e+03,5.919000000000000000e+03,6.157000000000000000e+03
-6.620000000000000000e+03,-6.691000000000000000e+03,-2.130000000000000000e+03,-2.130000000000000000e+03,6.149000000000000000e+03
3.300000000000000000e+02,-6.699000000000000000e+03,-6.793000000000000000e+03,-6.793000000000000000e+03,6.153000000000000000e+03
6.309000000000000000e+03,-6.679000000000000000e+03,-6.729000000000000000e+03,-6.729000000000000000e+03,5.919000000000000000e+03
6.215000000000000000e+03,-6.430000000000000000e+03,-6.707000000000000000e+03,-6.707000000000000000e+03,-2.130000000000000000e+03
6.221000000000000000e+03,3.858000000000000000e+03,-6.680000000000000000e+03,-6.680000000000000000e+03,-6.793000000000000000e+03
6.229000000000000000e+03,6.135000000000000000e+03,-6.691000000000000000e+03,-6.691000000000000000e+03,-6.729000000000000000e+03
6.220000000000000000e+03,6.163000000000000000e+03,-6.699000000000000000e+03,-6.699000000000000000e+03,-6.707000000000000000e+03
6.062000000000000000e+03,6.161000000000000000e+03,-6.679000000000000000e+03,-6.679000000000000000e+03,-6.680000000000000000e+03
-3.515000000000000000e+03,6.174000000000000000e+03,-6.430000000000000000e+03,-6.430000000000000000e+03,-6.691000000000000000e+03
-6.672000000000000000e+03,6.195000000000000000e+03,3.858000000000000000e+03,3.858000000000000000e+03,-6.699000000000000000e+03
-6.629000000000000000e+03,1.229000000000000000e+03,6.135000000000000000e+03,6.135000000000000000e+03,-6.679000000000000000e+03
-6.622000000000000000e+03,-6.730000000000000000e+03,6.163000000000000000e+03,6.163000000000000000e+03,-6.430000000000000000e+03
-6.619000000000000000e+03,-6.705000000000000000e+03,6.161000000000000000e+03,6.161000000000000000e+03,3.858000000000000000e+03
-6.646000000000000000e+03,-6.691000000000000000e+03,6.174000000000000000e+03,6.174000000000000000e+03,6.135000000000000000e+03
-6.613000000000000000e+03,-6.702000000000000000e+03,6.195000000000000000e+03,6.195000000000000000e+03,6.163000000000000000e+03
-6.614000000000000000e+03,-6.692000000000000000e+03,1.229000000000000000e+03,1.229000000000000000e+03,6.161000000000000000e+03
-6.607000000000000000e+03,-6.728000000000000000e+03,-6.730000000000000000e+03,-6.730000000000000000e+03,6.174000000000000000e+03
-8.380000000000000000e+02,-6.667000000000000000e+03,-6.705000000000000000e+03,-6.705000000000000000e+03,6.195000000000000000e+03
6.308000000000000000e+03,-6.481000000000000000e+03,-6.691000000000000000e+03,-6.691000000000000000e+03,1.229000000000000000e+03
6.276000000000000000e+03,1.286000000000000000e+03,-6.702000000000000000e+03,-6.702000000000000000e+03,-6.730000000000000000e+03
6.249000000000000000e+03,6.293000000000000000e+03,-6.692000000000000000e+03,-6.692000000000000000e+03,-6.705000000000000000e+03
6.283000000000000000e+03,6.215000000000000000e+03,-6.728000000000000000e+03,-6.728000000000000000e+03,-6.691000000000000000e+03
6.279000000000000000e+03,6.191000000000000000e+03,-6.667000000000000000e+03,-6.667000000000000000e+03,-6.702000000000000000e+03
4.004000000000000000e+03,6.203000000000000000e+03,-6.481000000000000000e+03,-6.481000000000000000e+03,-6.692000000000000000e+03
-6.424000000000000000e+03,6.209000000000000000e+03,1.286000000000000000e+03,1.286000000000000000e+03,-6.728000000000000000e+03
-6.631000000000000000e+03,5.957000000000000000e+03,6.293000000000000000e+03,6.293000000000000000e+03,-6.667000000000000000e+03
-6.636000000000000000e+03,-6.125000000000000000e+03,6.215000000000000000e+03,6.215000000000000000e+03,-6.481000000000000000e+03
-6.618000000000000000e+03,-6.754000000000000000e+03,6.191000000000000000e+03,6.191000000000000000e+03,1.286000000000000000e+03
-6.629000000000000000e+03,-6.690000000000000000e+03,6.203000000000000000e+03,6.203000000000000000e+03,6.293000000000000000e+03
-6.594000000000000000e+03,-6.698000000000000000e+03,6.209000000000000000e+03,6.209000000000000000e+03,6.215000000000000000e+03
-6.563000000000000000e+03,-6.676000000000000000e+03,5.957000000000000000e+03,5.957000000000000000e+03,6.191000000000000000e+03
-6.578000000000000000e+03,-6.654000000000000000e+03,-6.125000000000000000e+03,-6.125000000000000000e+03,6.203000000000000000e+03
-2.345000000000000000e+03,-6.628000000000000000e+03,-6.754000000000000000e+03,-6.754000000000000000e+03,6.209000000000000000e+03
6.201000000000000000e+03,-6.641000000000000000e+03,-6.690000000000000000e+03,-6.690000000000000000e+03,5.957000000000000000e+03
6.280000000000000000e+03,-3.317000000000000000e+03,-6.698000000000000000e+03,-6.698000000000000000e+03,-6.125000000000000000e+03
6.257000000000000000e+03,6.010000000000000000e+03,-6.676000000000000000e+03,-6.676000000000000000e+03,-6.754000000000000000e+03
6.283000000000000000e+03,6.197000000000000000e+03,-6.654000000000000000e+03,-6.654000000000000000e+03,-6.690000000000000000e+03
6.269000000000000000e+03,6.194000000000000000e+03,-6.628000000000000000e+03,-6.628000000000000000e+03,-6.698000000000000000e+03
6.114000000000000000e+03,6.155000000000000000e+03,-6.641000000000000000e+03,-6.641000000000000000e+03,-6.676000000000000000e+03
-8.270000000000000000e+02,6.219000000000000000e+03,-3.317000000000000000e+03,-3.317000000000000000e+03,-6.654000000000000000e+03
-6.663000000000000000e+03,6.224000000000000000e+03,6.010000000000000000e+03,6.010000000000000000e+03,-6.628000000000000000e+03
-6.633000000000000000e+03,6.005000000000000000e+03,6.197000000000000000e+03,6.197000000000000000e+03,-6.641000000000000000e+03
-6.602000000000000000e+03,-5.107000000000000000e+03,6.194000000000000000e+03,6.194000000000000000e+03,-3.317000000000000000e+03
-6.580000000000000000e+03,-6.667000000000000000e+03,6.155000000000000000e+03,6.155000000000000000e+03,6.010000000000000000e+03
-6.555000000000000000e+03,-6.668000000000000000e+03,6.219000000000000000e+03,6.219000000000000000e+03,6.197000000000000000e+03
-6.567000000000000000e+03,-6.683000000000000000e+03,6.224000000000000000e+03,6.224000000000000000e+03,6.194000000000000000e+03
-6.576000000000000000e+03,-6.657000000000000000e+03,6.005000000000000000e+03,6.005000000000000000e+03,6.155000000000000000e+03
-6.554000000000000000e+03,-6.665000000000000000e+03,-5.107000000000000000e+03,-5.107000000000000000e+03,6.219000000000000000e+03
-3.695000000000000000e+03,-6.652000000000000000e+03,-6.667000000000000000e+03,-6.667000000000000000e+03,6.224000000000000000e+03
5.882000000000000000e+03,-6.655000000000000000e+03,-6.668000000000000000e+03,-6.668000000000000000e+03,6.005000000000000000e+03
6.246000000000000000e+03,-3.992000000000000000e+03,-6.683000000000000000e+03,-6.683000000000000000e+03,-5.107000000000000000e+03
6.294000000000000000e+03,5.086000000000000000e+03,-6.657000000000000000e+03,-6.657000000000000000e+03,-6.667000000000000000e+03
6.289000000000000000e+03,6.229000000000000000e+03,-6.665000000000000000e+03,-6.665000000000000000e+03,-6.668000000000000000e+03
6.300000000000000000e+03,6.244000000000000000e+03,-6.652000000000000000e+03,-6.652000000000000000e+03,-6.683000000000000000e+03
6.113000000000000000e+03,6.239000000000000000e+03,-6.655000000000000000e+03,-6.655000000000000000e+03,-6.657000000000000000e+03
-4.339000000000000000e+03,6.238000000000000000e+03,-3.992000000000000000e+03,-3.992000000000000000e+03,-6.665000000000000000e+03
-6.594000000000000000e+03,6.145000000000000000e+03,5.086000000000000000e+03,5.086000000000000000e+03,-6.652000000000000000e+03
-6.577000000000000000e+03,-3.580000000000000000e+02,6.229000000000000000e+03,6.229000000000000000e+03,-6.655000000000000000e+03
-6.565000000000000000e+03,-6.774000000000000000e+03,6.244000000000000000e+03,6.244000000000000000e+03,-3.992000000000000000e+03
-6.576000000000000000e+03,-6.670000000000000000e+03,6.239000000000000000e+03,6.239000000000000000e+03,5.086000000000000000e+03
-6.567000000000000000e+03,-6.679000000000000000e+03,6.238000000000000000e+03,6.238000000000000000e+03,6.229000000000000000e+03
-6.604000000000000000e+03,-6.643000000000000000e+03,6.145000000000000000e+03,6.145000000000000000e+03,6.244000000000000000e+03
-6.543000000000000000e+03,-6.627000000000000000e+03,-3.580000000000000000e+02,-3.580000000000000000e+02,6.239000000000000000e+03
-6.556000000000000000e+03,-6.631000000000000000e+03,-6.774000000000000000e+03,-6.774000000000000000e+03,6.238000000000000000e+03
-2.424000000000000000e+03,-6.607000000000000000e+03,-6.670000000000000000e+03,-6.670000000000000000e+03,6.145000000000000000e+03
6.285000000000000000e+03,-6.620000000000000000e+03,-6.679000000000000000e+03,-6.679000000000000000e+03,-3.580000000000000000e+02
6.352000000000000000e+03,3.300000000000000000e+02,-6.643000000000000000e+03,-6.643000000000000000e+03,-6.774000000000000000e+03
6.324000000000000000e+03,6.309000000000000000e+03,-6.627000000000000000e+03,-6.627000000000000000e+03,-6.670000000000000000e+03
6.327000000000000000e+03,6.215000000000000000e+03,-6.631000000000000000e+03,-6.631000000000000000e+03,-6.679000000000000000e+03
6.337000000000000000e+03,6.221000000000000000e+03,-6.607000000000000000e+03,-6.607000000000000000e+03,-6.643000000000000000e+03
6.135000000000000000e+03,6.229000000000000000e+03,-6.620000000000000000e+03,-6.620000000000000000e+03,-6.627000000000000000e+03
-1.265000000000000000e+03,6.220000000000000000e+03,3.300000000000000000e+02,3.300000000000000000e+02,-6.631000000000000000e+03
-6.662000000000000000e+03,6.062000000000000000e+03,6.309000000000000000e+03,6.309000000000000000e+03,-6.607000000000000000e+03
-6.565000000000000000e+03,-3.515000000000000000e+03,6.215000000000000000e+03,6.215000000000000000e+03,-6.620000000000000000e+03
-6.579000000000000000e+03,-6.672000000000000000e+03,6.221000000000000000e+03,6.221000000000000000e+03,3.300000000000000000e+02
-6.553000000000000000e+03,-6.629000000000000000e+03,6.229000000000000000e+03,6.229000000000000000e+03,6.309000000000000000e+03
-6.531000000000000000e+03,-6.622000000000000000e+03,6.220000000000000000e+03,6.220000000000000000e+03,6.215000000000000000e+03
-6.505000000000000000e+03,-6.619000000000000000e+03,6.062000000000000000e+03,6.062000000000000000e+03,6.221000000000000000e+03
-6.520000000000000000e+03,-6.646000000000000000e+03,-3.515000000000000000e+03,-3.515000000000000000e+03,6.229000000000000000e+03
-6.530000000000000000e+03,-6.613000000000000000e+03,-6.672000000000000000e+03,-6.672000000000000000e+03,6.220000000000000000e+03
6.830000000000000000e+02,-6.614000000000000000e+03,-6.629000000000000000e+03,-6.629000000000000000e+03,6.062000000000000000e+03
6.421000000000000000e+03,-6.607000000000000000e+03,-6.622000000000000000e+03,-6.622000000000000000e+03,-3.515000000000000000e+03
6.307000000000000000e+03,-8.380000000000000000e+02,-6.619000000000000000e+03,-6.619000000000000000e+03,-6.672000000000000000e+03
6.278000000000000000e+03,6.308000000000000000e+03,-6.646000000000000000e+03,-6.646000000000000000e+03,-6.629000000000000000e+03
6.337000000000000000e+03,6.276000000000000000e+03,-6.613000000000000000e+03,-6.613000000000000000e+03,-6.622000000000000000e+03
6.319000000000000000e+03,6.249000000000000000e+03,-6.614000000000000000e+03,-6.614000000000000000e+03,-6.619000000000000000e+03
6.173000000000000000e+03,6.283000000000000000e+03,-6.607000000000000000e+03,-6.607000000000000000e+03,-6.646000000000000000e+03
-6.980000000000000000e+02,6.279000000000000000e+03,-8.380000000000000000e+02,-8.380000000000000000e+02,-6.613000000000000000e+03
-6.594000000000000000e+03,4.004000000000000000e+03,6.308000000000000000e+03,6.308000000000000000e+03,-6.614000000000000000e+03
-6.546000000000000000e+03,-6.424000000000000000e+03,6.276000000000000000e+03,6.276000000000000000e+03,-6.607000000000000000e+03
-6.547000000000000000e+03,-6.631000000000000000e+03,6.249000000000000000e+03,6.249000000000000000e+03,-8.380000000000000000e+02
-6.530000000000000000e+03,-6.636000000000000000e+03,6.283000000000000000e+03,6.283000000000000000e+03,6.308000000000000000e+03
-6.545000000000000000e+03,-6.618000000000000000e+03,6.279000000000000000e+03,6.279000000000000000e+03,6.276000000000000000e+03
-6.531000000000000000e+03,-6.629000000000000000e+03,4.004000000000000000e+03,4.004000000000000000e+03,6.249000000000000000e+03
-6.561000000000000000e+03,-6.594000000000000000e+03,-6.424000000000000000e+03,-6.424000000000000000e+03,6.283000000000000000e+03
-6.508000000000000000e+03,-6.563000000000000000e+03,-6.631000000000000000e+03,-6.631000000000000000e+03,6.279000000000000000e+03
1.067000000000000000e+03,-6.578000000000000000e+03,-6.636000000000000000e+03,-6.636000000000000000e+03,4.004000000000000000e+03
6.434000000000000000e+03,-2.345000000000000000e+03,-6.618000000000000000e+03,-6.618000000000000000e+03,-6.424000000000000000e+03
6.350000000000000000e+03,6.201000000000000000e+03,-6.629000000000000000e+03,-6.629000000000000000e+03,-6.631000000000000000e+03
6.371000000000000000e+03,6.280000000000000000e+03,-6.594000000000000000e+03,-6.594000000000000000e+03,-6.636000000000000000e+03
6.358000000000000000e+03,6.257000000000000000e+03,-6.563000000000000000e+03,-6.563000000000000000e+03,-6.618000000000000000e+03
6.352000000000000000e+03,6.283000000000000000e+03,-6.578000000000000000e+03,-6.578000000000000000e+03,-6.629000000000000000e+03
3.852000000000000000e+03,6.269000000000000000e+03,-2.345000000000000000e+03,-2.345000000000000000e+03,-6.594000000000000000e+03
-6.431000000000000000e+03,6.114000000000000000e+03,6.201000000000000000e+03,6.201000000000000000e+03,-6.563000000000000000e+03
-6.554000000000000000e+03,-8.270000000000000000e+02,6.280000000000000000e+03,6.280000000000000000e+03,-6.578000000000000000e+03
-6.586000000000000000e+03,-6.663000000000000000e+03,6.257000000000000000e+03,6.257000000000000000e+03,-2.345000000000000000e+03
-6.526000000000000000e+03,-6.633000000000000000e+03,6.283000000000000000e+03,6.283000000000000000e+03,6.201000000000000000e+03
-6.530000000000000000e+03,-6.602000000000000000e+03,6.269000000000000000e+03,6.269000000000000000e+03,6.280000000000000000e+03
-6.513000000000000000e+03,-6.580000000000000000e+03,6.114000000000000000e+03,6.114000000000000000e+03,6.257000000000000000e+03
-6.490000000000000000e+03,-6.555000000000000000e+03,-8.270000000000000000e+02,-8.270000000000000000e+02,6.283000000000000000e+03
-6.465000000000000000e+03,-6.567000000000000000e+03,-6.663000000000000000e+03,-6.663000000000000000e+03,6.269000000000000000e+03
-3.087000000000000000e+03,-6.576000000000000000e+03,-6.633000000000000000e+03,-6.633000000000000000e+03,6.114000000000000000e+03
6.177000000000000000e+03,-6.554000000000000000e+03,-6.602000000000000000e+03,-6.602000000000000000e+03,-8.270000000000000000e+02
6.378000000000000000e+03,-3.695000000000000000e+03,-6.580000000000000000e+03,-6.580000000000000000e+03,-6.663000000000000000e+03
6.349000000000000000e+03,5.882000000000000000e+03,-6.555000000000000000e+03,-6.555000000000000000e+03,-6.633000000000000000e+03
6.358000000000000000e+03,6.246000000000000000e+03,-6.567000000000000000e+03,-6.567000000000000000e+03,-6.602000000000000000e+03
6.316000000000000000e+03,6.294000000000000000e+03,-6.576000000000000000e+03,-6.576000000000000000e+03,-6.580000000000000000e+03
6.378000000000000000e+03,6.289000000000000000e+03,-6.554000000000000000e+03,-6.554000000000000000e+03,-6.555000000000000000e+03
5.363000000000000000e+03,6.300000000000000000e+03,-3.695000000000000000e+03,-3.695000000000000000e+03,-6.567000000000000000e+03
-6.227000000000000000e+03,6.113000000000000000e+03,5.882000000000000000e+03,5.882000000000000000e+03,-6.576000000000000000e+03
-6.534000000000000000e+03,-4.339000000000000000e+03,6.246000000000000000e+03,6.246000000000000000e+03,-6.554000000000000000e+03
-6.488000000000000000e+03,-6.594000000000000000e+03,6.294000000000000000e+03,6.294000000000000000e+03,-3.695000000000000000e+03
-6.505000000000000000e+03,-6.577000000000000000e+03,6.289000000000000000e+03,6.289000000000000000e+03,5.882000000000000000e+03
-6.511000000000000000e+03,-6.565000000000000000e+03,6.300000000000000000e+03,6.300000000000000000e+03,6.246000000000000000e+03
-6.493000000000000000e+03,-6.576000000000000000e+03,6.113000000000000000e+03,6.113000000000000000e+03,6.294000000000000000e+03
-6.506000000000000000e+03,-6.567000000000000000e+03,-4.339000000000000000e+03,-4.339000000000000000e+03,6.289000000000000000e+03
-6.490000000000000000e+03,-6.604000000000000000e+03,-6.594000000000000000e+03,-6.594000000000000000e+03,6.300000000000000000e+03
-2.759000000000000000e+03,-6.543000000000000000e+03,-6.577000000000000000e+03,-6.577000000000000000e+03,6.113000000000000000e+03
6.190000000000000000e+03,-6.556000000000000000e+03,-6.565000000000000000e+03,-6.565000000000000000e+03,-4.339000000000000000e+03
6.392000000000000000e+03,-2.424000000000000000e+03,-6.576000000000000000e+03,-6.576000000000000000e+03,-6.594000000000000000e+03
6.370000000000000000e+03,6.285000000000000000e+03,-6.567000000000000000e+03,-6.567000000000000000e+03,-6.577000000000000000e+03
6.399000000000000000e+03,6.352000000000000000e+03,-6.604000000000000000e+03,-6.604000000000000000e+03,-6.565000000000000000e+03
6.410000000000000000e+03,6.324000000000000000e+03,-6.543000000000000000e+03,-6.543000000000000000e+03,-6.576000000000000000e+03
6.398000000000000000e+03,6.327000000000000000e+03,-6.556000000000000000e+03,-6.556000000000000000e+03,-6.567000000000000000e+03
5.980000000000000000e+03,6.337000000000000000e+03,-2.424000000000000000e+03,-2.424000000000000000e+03,-6.604000000000000000e+03
-5.921000000000000000e+03,6.135000000000000000e+03,6.285000000000000000e+03,6.285000000000000000e+03,-6.543000000000000000e+03
-6.544000000000000000e+03,-1.265000000000000000e+03,6.352000000000000000e+03,6.352000000000000000e+03,-6.556000000000000000e+03
-6.520000000000000000e+03,-6.662000000000000000e+03,6.324000000000000000e+03,6.324000000000000000e+03,-2.424000000000000000e+03
-6.529000000000000000e+03,-6.565000000000000000e+03,6.327000000000000000e+03,6.327000000000000000e+03,6.285000000000000000e+03
-6.494000000000000000e+03,-6.579000000000000000e+03,6.337000000000000000e+03,6.337000000000000000e+03,6.352000000000000000e+03
-6.462000000000000000e+03,-6.553000000000000000e+03,6.135000000000000000e+03,6.135000000000000000e+03,6.324000000000000000e+03
-6.477000000000000000e+03,-6.531000000000000000e+03,-1.265000000000000000e+03,-1.265000000000000000e+03,6.327000000000000000e+03
-5.737000000000000000e+03,-6.505000000000000000e+03,-6.662000000000000000e+03,-6.662000000000000000e+03,6.337000000000000000e+03
4.685000000000000000e+03,-6.520000000000000000e+03,-6.565000000000000000e+03,-6.565000000000000000e+03,6.135000000000000000e+03
6.402000000000000000e+03,-6.530000000000000000e+03,-6.579000000000000000e+03,-6.579000000000000000e+03,-1.265000000000000000e+03
6.352000000000000000e+03,6.830000000000000000e+02,-6.553000000000000000e+03,-6.553000000000000000e+03,-6.662000000000000000e+03
6.385000000000000000e+03,6.421000000000000000e+03,-6.531000000000000000e+03,-6.531000000000000000e+03,-6.565000000000000000e+03
6.373000000000000000e+03,6.307000000000000000e+03,-6.505000000000000000e+03,-6.505000000000000000e+03,-6.579000000000000000e+03
6.381000000000000000e+03,6.278000000000000000e+03,-6.520000000000000000e+03,-6.520000000000000000e+03,-6.553000000000000000e+03
6.214000000000000000e+03,6.337000000000000000e+03,-6.530000000000000000e+03,-6.530000000000000000e+03,-6.531000000000000000e+03
-6.560000000000000000e+02,6.319000000000000000e+03,6.830000000000000000e+02,6.830000000000000000e+02,-6.505000000000000000e+03
-6.562000000000000000e+03,6.173000000000000000e+03,6.421000000000000000e+03,6.421000000000000000e+03,-6.520000000000000000e+03
-6.510000000000000000e+03,-6.980000000000000000e+02,6.307000000000000000e+03,6.307000000000000000e+03,-6.530000000000000000e+03
-6.487000000000000000e+03,-6.594000000000000000e+03,6.278000000000000000e+03,6.278000000000000000e+03,6.830000000000000000e+02
-6.495000000000000000e+03,-6.546000000000000000e+03,6.337000000000000000e+03,6.337000000000000000e+03,6.421000000000000000e+03
-6.492000000000000000e+03,-6.547000000000000000e+03,6.319000000000000000e+03,6.319000000000000000e+03,6.307000000000000000e+03
-6.509000000000000000e+03,-6.530000000000000000e+03,6.173000000000000000e+03,6.173000000000000000e+03,6.278000000000000000e+03
-6.475000000000000000e+03,-6.545000000000000000e+03,-6.980000000000000000e+02,-6.980000000000000000e+02,6.337000000000000000e+03
-5.873000000000000000e+03,-6.531000000000000000e+03,-6.594000000000000000e+03,-6.594000000000000000e+03,6.319000000000000000e+03
4.559000000000000000e+03,-6.561000000000000000e+03,-6.546000000000000000e+03,-6.546000000000000000e+03,6.173000000000000000e+03
6.405000000000000000e+03,-6.508000000000000000e+03,-6.547000000000000000e+03,-6.547000000000000000e+03,-6.980000000000000000e+02
6.382000000000000000e+03,1.067000000000000000e+03,-6.530000000000000000e+03,-6.530000000000000000e+03,-6.594000000000000000e+03
6.434000000000000000e+03,6.434000000000000000e+03,-6.545000000000000000e+03,-6.545000000000000000e+03,-6.546000000000000000e+03
6.390000000000000000e+03,6.350000000000000000e+03,-6.531000000000000000e+03,-6.531000000000000000e+03,-6.547000000000000000e+03
6.417000000000000000e+03,6.371000000000000000e+03,-6.561000000000000000e+03,-6.561000000000000000e+03,-6.530000000000000000e+03
6.206000000000000000e+03,6.358000000000000000e+03,-6.508000000000000000e+03,-6.508000000000000000e+03,-6.545000000000000000e+03
-2.422000000000000000e+03,6.352000000000000000e+03,1.067000000000000000e+03,1.067000000000000000e+03,-6.531000000000000000e+03
-6.563000000000000000e+03,3.852000000000000000e+03,6.434000000000000000e+03,6.434000000000000000e+03,-6.561000000000000000e+03
-6.500000000000000000e+03,-6.431000000000000000e+03,6.350000000000000000e+03,6.350000000000000000e+03,-6.508000000000000000e+03
-6.507000000000000000e+03,-6.554000000000000000e+03,6.371000000000000000e+03,6.371000000000000000e+03,1.067000000000000000e+03
-6.491000000000000000e+03,-6.586000000000000000e+03,6.358000000000000000e+03,6.358000000000000000e+03,6.434000000000000000e+03
-6.492000000000000000e+03,-6.526000000000000000e+03,6.352000000000000000e+03,6.352000000000000000e+03,6.350000000000000000e+03
-6.471000000000000000e+03,-6.530000000000000000e+03,3.852000000000000000e+03,3.852000000000000000e+03,6.371000000000000000e+03
-6.444000000000000000e+03,-6.513000000000000000e+03,-6.431000000000000000e+03,-6.431000000000000000e+03,6.358000000000000000e+03
-4.917000000000000000e+03,-6.490000000000000000e+03,-6.554000000000000000e+03,-6.554000000000000000e+03,6.352000000000000000e+03
5.276000000000000000e+03,-6.465000000000000000e+03,-6.586000000000000000e+03,-6.586000000000000000e+03,3.852000000000000000e+03
6.410000000000000000e+03,-3.087000000000000000e+03,-6.526000000000000000e+03,-6.526000000000000000e+03,-6.431000000000000000e+03
6.395000000000000000e+03,6.177000000000000000e+03,-6.530000000000000000e+03,-6.530000000000000000e+03,-6.554000000000000000e+03
6.379000000000000000e+03,6.378000000000000000e+03,-6.513000000000000000e+03,-6.513000000000000000e+03,-6.586000000000000000e+03
6.403000000000000000e+03,6.349000000000000000e+03,-6.490000000000000000e+03,-6.490000000000000000e+03,-6.526000000000000000e+03
6.390000000000000000e+03,6.358000000000000000e+03,-6.465000000000000000e+03,-6.465000000000000000e+03,-6.530000000000000000e+03
6.170000000000000000e+03,6.316000000000000000e+03,-3.087000000000000000e+03,-3.087000000000000000e+03,-6.513000000000000000e+03
-5.617000000000000000e+03,6.378000000000000000e+03,6.177000000000000000e+03,6.177000000000000000e+03,-6.490000000000000000e+03
-6.507000000000000000e+03,5.363000000000000000e+03,6.378000000000000000e+03,6.378000000000000000e+03,-6.465000000000000000e+03
-6.485000000000000000e+03,-6.227000000000000000e+03,6.349000000000000000e+03,6.349000000000000000e+03,-3.087000000000000000e+03
-6.482000000000000000e+03,-6.534000000000000000e+03,6.358000000000000000e+03,6.358000000000000000e+03,6.177000000000000000e+03
-6.461000000000000000e+03,-6.488000000000000000e+03,6.316000000000000000e+03,6.316000000000000000e+03,6.378000000000000000e+03
-6.453000000000000000e+03,-6.505000000000000000e+03,6.378000000000000000e+03,6.378000000000000000e+03,6.349000000000000000e+03
-6.453000000000000000e+03,-6.511000000000000000e+03,5.363000000000000000e+03,5.363000000000000000e+03,6.358000000000000000e+03
-6.473000000000000000e+03,-6.493000000000000000e+03,-6.227000000000000000e+03,-6.227000000000000000e+03,6.316000000000000000e+03
-2.634000000000000000e+03,-6.506000000000000000e+03,-6.534000000000000000e+03,-6.534000000000000000e+03,6.378000000000000000e+03
6.152000000000000000e+03,-6.490000000000000000e+03,-6.488000000000000000e+03,-6.488000000000000000e+03,5.363000000000000000e+03
6.393000000000000000e+03,-2.759000000000000000e+03,-6.505000000000000000e+03,-6.505000000000000000e+03,-6.227000000000000000e+03
6.367000000000000000e+03,6.190000000000000000e+03,-6.511000000000000000e+03,-6.511000000000000000e+03,-6.534000000000000000e+03
6.408000000000000000e+03,6.392000000000000000e+03,-6.493000000000000000e+03,-6.493000000000000000e+03,-6.488000000000000000e+03
6.428000000000000000e+03,6.370000000000000000e+03,-6.506000000000000000e+03,-6.506000000000000000e+03,-6.505000000000000000e+03
6.414000000000000000e+03,6.399000000000000000e+03,-6.490000000000000000e+03,-6.490000000000000000e+03,-6.511000000000000000e+03
3.753000000000000000e+03,6.410000000000000000e+03,-2.759000000000000000e+03,-2.759000000000000000e+03,-6.493000000000000000e+03
-6.120000000000000000e+03,6.398000000000000000e+03,6.190000000000000000e+03,6.190000000000000000e+03,-6.506000000000000000e+03
-6.489000000000000000e+03,5.980000000000000000e+03,6.392000000000000000e+03,6.392000000000000000e+03,-6.490000000000000000e+03
-6.506000000000000000e+03,-5.921000000000000000e+03,6.370000000000000000e+03,6.370000000000000000e+03,-2.759000000000000000e+03
-6.472000000000000000e+03,-6.544000000000000000e+03,6.399000000000000000e+03,6.399000000000000000e+03,6.190000000000000000e+03
-6.474000000000000000e+03,-6.520000000000000000e+03,6.410000000000000000e+03,6.410000000000000000e+03,6.392000000000000000e+03
-6.462000000000000000e+03,-6.529000000000000000e+03,6.398000000000000000e+03,6.398000000000000000e+03,6.370000000000000000e+03
-6.444000000000000000e+03,-6.494000000000000000e+03,5.980000000000000000e+03,5.980000000000000000e+03,6.399000000000000000e+03
-6.251000000000000000e+03,-6.462000000000000000e+03,-5.921000000000000000e+03,-5.921000000000000000e+03,6.410000000000000000e+03
2.970000000000000000e+03,-6.477000000000000000e+03,-6.544000000000000000e+03,-6.544000000000000000e+03,6.398000000000000000e+03
6.495000000000000000e+03,-5.737000000000000000e+03,-6.520000000000000000e+03,-6.520000000000000000e+03,5.980000000000000000e+03
6.421000000000000000e+03,4.685000000000000000e+03,-6.529000000000000000e+03,-6.529000000000000000e+03,-5.921000000000000000e+03
6.411000000000000000e+03,6.402000000000000000e+03,-6.494000000000000000e+03,-6.494000000000000000e+03,-6.544000000000000000e+03
6.422000000000000000e+03,6.352000000000000000e+03,-6.462000000000000000e+03,-6.462000000000000000e+03,-6.520000000000000000e+03
6.400000000000000000e+03,6.385000000000000000e+03,-6.477000000000000000e+03,-6.477000000000000000e+03,-6.529000000000000000e+03
6.239000000000000000e+03,6.373000000000000000e+03,-5.737000000000000000e+03,-5.737000000000000000e+03,-6.494000000000000000e+03
-3.192000000000000000e+03,6.381000000000000000e+03,4.685000000000000000e+03,4.685000000000000000e+03,-6.462000000000000000e+03
-6.522000000000000000e+03,6.214000000000000000e+03,6.402000000000000000e+03,6.402000000000000000e+03,-6.477000000000000000e+03
-6.510000000000000000e+03,-6.560000000000000000e+02,6.352000000000000000e+03,6.352000000000000000e+03,-5.737000000000000000e+03
-6.466000000000000000e+03,-6.562000000000000000e+03,6.385000000000000000e+03,6.385000000000000000e+03,4.685000000000000000e+03
-6.437000000000000000e+03,-6.510000000000000000e+03,6.373000000000000000e+03,6.373000000000000000e+03,6.402000000000000000e+03
-6.452000000000000000e+03,-6.487000000000000000e+03,6.381000000000000000e+03,6.381000000000000000e+03,6.352000000000000000e+03
-6.425000000000000000e+03,-6.495000000000000000e+03,6.214000000000000000e+03,6.214000000000000000e+03,6.385000000000000000e+03
-6.437000000000000000e+03,-6.492000000000000000e+03,-6.560000000000000000e+02,-6.560000000000000000e+02,6.373000000000000000e+03
-7.260000000000000000e+02,-6.509000000000000000e+03,-6.562000000000000000e+03,-6.562000000000000000e+03,6.381000000000000000e+03
6.439000000000000000e+03,-6.475000000000000000e+03,-6.510000000000000000e+03,-6.510000000000000000e+03,6.214000000000000000e+03
6.404000000000000000e+03,-5.873000000000000000e+03,-6.487000000000000000e+03,-6.487000000000000000e+03,-6.560000000000000000e+02
6.397000000000000000e+03,4.559000000000000000e+03,-6.495000000000000000e+03,-6.495000000000000000e+03,-6.562000000000000000e+03
6.410000000000000000e+03,6.405000000000000000e+03,-6.492000000000000000e+03,-6.492000000000000000e+03,-6.510000000000000000e+03
6.404000000000000000e+03,6.382000000000000000e+03,-6.509000000000000000e+03,-6.509000000000000000e+03,-6.487000000000000000e+03
6.305000000000000000e+03,6.434000000000000000e+03,-6.475000000000000000e+03,-6.475000000000000000e+03,-6.495000000000000000e+03
-4.730000000000000000e+02,6.390000000000000000e+03,-5.873000000000000000e+03,-5.873000000000000000e+03,-6.492000000000000000e+03
-6.569000000000000000e+03,6.417000000000000000e+03,4.559000000000000000e+03,4.559000000000000000e+03,-6.509000000000000000e+03
-6.453000000000000000e+03,6.206000000000000000e+03,6.405000000000000000e+03,6.405000000000000000e+03,-6.475000000000000000e+03
-6.443000000000000000e+03,-2.422000000000000000e+03,6.382000000000000000e+03,6.382000000000000000e+03,-5.873000000000000000e+03
-6.442000000000000000e+03,-6.563000000000000000e+03,6.434000000000000000e+03,6.434000000000000000e+03,4.559000000000000000e+03
-6.461000000000000000e+03,-6.500000000000000000e+03,6.390000000000000000e+03,6.390000000000000000e+03,6.405000000000000000e+03
-6.431000000000000000e+03,-6.507000000000000000e+03,6.417000000000000000e+03,6.417000000000000000e+03,6.382000000000000000e+03
-6.443000000000000000e+03,-6.491000000000000000e+03,6.206000000000000000e+03,6.206000000000000000e+03,6.434000000000000000e+03
-1.735000000000000000e+03,-6.492000000000000000e+03,-2.422000000000000000e+03,-2.422000000000000000e+03,6.390000000000000000e+03
6.402000000000000000e+03,-6.471000000000000000e+03,-6.563000000000000000e+03,-6.563000000000000000e+03,6.417000000000000000e+03
6.418000000000000000e+03,-6.444000000000000000e+03,-6.500000000000000000e+03,-6.500000000000000000e+03,6.206000000000000000e+03
6.422000000000000000e+03,-4.917000000000000000e+03,-6.507000000000000000e+03,-6.507000000000000000e+03,-2.422000000000000000e+03
6.425000000000000000e+03,5.276000000000000000e+03,-6.491000000000000000e+03,-6.491000000000000000e+03,-6.563000000000000000e+03
6.449000000000000000e+03,6.410000000000000000e+03,-6.492000000000000000e+03,-6.492000000000000000e+03,-6.500000000000000000e+03
6.294000000000000000e+03,6.395000000000000000e+03,-6.471000000000000000e+03,-6.471000000000000000e+03,-6.507000000000000000e+03
-3.475000000000000000e+03,6.379000000000000000e+03,-6.444000000000000000e+03,-6.444000000000000000e+03,-6.491000000000000000e+03
-6.481000000000000000e+03,6.403000000000000000e+03,-4.917000000000000000e+03,-4.917000000000000000e+03,-6.492000000000000000e+03
-6.446000000000000000e+03,6.390000000000000000e+03,5.276000000000000000e+03,5.276000000000000000e+03,-6.471000000000000000e+03
-6.460000000000000000e+03,6.170000000000000000e+03,6.410000000000000000e+03,6.410000000000000000e+03,-6.444000000000000000e+03
-6.446000000000000000e+03,-5.617000000000000000e+03,6.395000000000000000e+03,6.395000000000000000e+03,-4.917000000000000000e+03
-6.476000000000000000e+03,-6.507000000000000000e+03,6.379000000000000000e+03,6.379000000000000000e+03,5.276000000000000000e+03
-6.424000000000000000e+03,-6.485000000000000000e+03,6.403000000000000000e+03,6.403000000000000000e+03,6.410000000000000000e+03
-6.427000000000000000e+03,-6.482000000000000000e+03,6.390000000000000000e+03,6.390000000000000000e+03,6.395000000000000000e+03
-6.201000000000000000e+03,-6.461000000000000000e+03,6.170000000000000000e+03,6.170000000000000000e+03,6.379000000000000000e+03
3.613000000000000000e+03,-6.453000000000000000e+03,-5.617000000000000000e+03,-5.617000000000000000e+03,6.403000000000000000e+03
6.510000000000000000e+03,-6.453000000000000000e+03,-6.507000000000000000e+03,-6.507000000000000000e+03,6.390000000000000000e+03
6.447000000000000000e+03,-6.473000000000000000e+03,-6.485000000000000000e+03,-6.485000000000000000e+03,6.170000000000000000e+03
6.454000000000000000e+03,-2.634000000000000000e+03,-6.482000000000000000e+03,-6.482000000000000000e+03,-5.617000000000000000e+03
6.462000000000000000e+03,6.152000000000000000e+03,-6.461000000000000000e+03,-6.461000000000000000e+03,-6.507000000000000000e+03
6.444000000000000000e+03,6.393000000000000000e+03,-6.453000000000000000e+03,-6.453000000000000000e+03,-6.485000000000000000e+03
6.257000000000000000e+03,6.367000000000000000e+03,-6.453000000000000000e+03,-6.453000000000000000e+03,-6.482000000000000000e+03
-1.909000000000000000e+03,6.408000000000000000e+03,-6.473000000000000000e+03,-6.473000000000000000e+03,-6.461000000000000000e+03
-6.486000000000000000e+03,6.428000000000000000e+03,-2.634000000000000000e+03,-2.634000000000000000e+03,-6.453000000000000000e+03
-6.466000000000000000e+03,6.414000000000000000e+03,6.152000000000000000e+03,6.152000000000000000e+03,-6.453000000000000000e+03
-6.440000000000000000e+03,3.753000000000000000e+03,6.393000000000000000e+03,6.393000000000000000e+03,-6.473000000000000000e+03
-6.423000000000000000e+03,-6.120000000000000000e+03,6.367000000000000000e+03,6.367000000000000000e+03,-2.634000000000000000e+03
-6.392000000000000000e+03,-6.489000000000000000e+03,6.408000000000000000e+03,6.408000000000000000e+03,6.152000000000000000e+03
-6.406000000000000000e+03,-6.506000000000000000e+03,6.428000000000000000e+03,6.428000000000000000e+03,6.393000000000000000e+03
-6.412000000000000000e+03,-6.472000000000000000e+03,6.414000000000000000e+03,6.414000000000000000e+03,6.367000000000000000e+03
-2.038000000000000000e+03,-6.474000000000000000e+03,3.753000000000000000e+03,3.753000000000000000e+03,6.408000000000000000e+03
6.414000000000000000e+03,-6.462000000000000000e+03,-6.120000000000000000e+03,-6.120000000000000000e+03,6.428000000000000000e+03
6.430000000000000000e+03,-6.444000000000000000e+03,-6.489000000000000000e+03,-6.489000000000000000e+03,6.414000000000000000e+03
6.389000000000000000e+03,-6.251000000000000000e+03,-6.506000000000000000e+03,-6.506000000000000000e+03,3.753000000000000000e+03
6.454000000000000000e+03,2.970000000000000000e+03,-6.472000000000000000e+03,-6.472000000000000000e+03,-6.120000000000000000e+03
6.446000000000000000e+03,6.495000000000000000e+03,-6.474000000000000000e+03,-6.474000000000000000e+03,-6.489000000000000000e+03
6.460000000000000000e+03,6.421000000000000000e+03,-6.462000000000000000e+03,-6.462000000000000000e+03,-6.506000000000000000e+03
4.725000000000000000e+03,6.411000000000000000e+03,-6.444000000000000000e+03,-6.444000000000000000e+03,-6.472000000000000000e+03
-6.194000000000000000e+03,6.422000000000000000e+03,-6.251000000000000000e+03,-6.251000000000000000e+03,-6.474000000000000000e+03
-6.444000000000000000e+03,6.400000000000000000e+03,2.970000000000000000e+03,2.970000000000000000e+03,-6.462000000000000000e+03
-6.429000000000000000e+03,6.239000000000000000e+03,6.495000000000000000e+03,6.495000000000000000e+03,-6.444000000000000000e+03
-6.418000000000000000e+03,-3.192000000000000000e+03,6.421000000000000000e+03,6.421000000000000000e+03,-6.251000000000000000e+03
-6.429000000000000000e+03,-6.522000000000000000e+03,6.411000000000000000e+03,6.411000000000000000e+03,2.970000000000000000e+03
-6.418000000000000000e+03,-6.510000000000000000e+03,6.422000000000000000e+03,6.422000000000000000e+03,6.495000000000000000e+03
-6.452000000000000000e+03,-6.466000000000000000e+03,6.400000000000000000e+03,6.400000000000000000e+03,6.421000000000000000e+03
-6.399000000000000000e+03,-6.437000000000000000e+03,6.239000000000000000e+03,6.239000000000000000e+03,6.411000000000000000e+03
2.360000000000000000e+02,-6.452000000000000000e+03,-3.192000000000000000e+03,-3.192000000000000000e+03,6.422000000000000000e+03
6.540000000000000000e+03,-6.425000000000000000e+03,-6.522000000000000000e+03,-6.522000000000000000e+03,6.400000000000000000e+03
6.450000000000000000e+03,-6.437000000000000000e+03,-6.510000000000000000e+03,-6.510000000000000000e+03,6.239000000000000000e+03
6.493000000000000000e+03,-7.260000000000000000e+02,-6.466000000000000000e+03,-6.466000000000000000e+03,-3.192000000000000000e+03
6.468000000000000000e+03,6.439000000000000000e+03,-6.437000000000000000e+03,-6.437000000000000000e+03,-6.522000000000000000e+03
6.484000000000000000e+03,6.404000000000000000e+03,-6.452000000000000000e+03,-6.452000000000000000e+03,-6.510000000000000000e+03
6.294000000000000000e+03,6.397000000000000000e+03,-6.425000000000000000e+03,-6.425000000000000000e+03,-6.466000000000000000e+03
-1.737000000000000000e+03,6.410000000000000000e+03,-6.437000000000000000e+03,-6.437000000000000000e+03,-6.437000000000000000e+03
-6.477000000000000000e+03,6.404000000000000000e+03,-7.260000000000000000e+02,-7.260000000000000000e+02,-6.452000000000000000e+03
-6.473000000000000000e+03,6.305000000000000000e+03,6.439000000000000000e+03,6.439000000000000000e+03,-6.425000000000000000e+03
-6.419000000000000000e+03,-4.730000000000000000e+02,6.404000000000000000e+03,6.404000000000000000e+03,-6.437000000000000000e+03
-6.444000000000000000e+03,-6.569000000000000000e+03,6.397000000000000000e+03,6.397000000000000000e+03,-7.260000000000000000e+02
-6.410000000000000000e+03,-6.453000000000000000e+03,6.410000000000000000e+03,6.410000000000000000e+03,6.439000000000000000e+03
-6.403000000000000000e+03,-6.443000000000000000e+03,6.404000000000000000e+03,6.404000000000000000e+03,6.404000000000000000e+03
-6.355000000000000000e+03,-6.442000000000000000e+03,6.305000000000000000e+03,6.305000000000000000e+03,6.397000000000000000e+03
-5.458000000000000000e+03,-6.461000000000000000e+03,-4.730000000000000000e+02,-4.730000000000000000e+02,6.410000000000000000e+03
4.885000000000000000e+03,-6.431000000000000000e+03,-6.569000000000000000e+03,-6.569000000000000000e+03,6.404000000000000000e+03
6.493000000000000000e+03,-6.443000000000000000e+03,-6.453000000000000000e+03,-6.453000000000000000e+03,6.305000000000000000e+03
6.457000000000000000e+03,-1.735000000000000000e+03,-6.443000000000000000e+03,-6.443000000000000000e+03,-4.730000000000000000e+02
6.467000000000000000e+03,6.402000000000000000e+03,-6.442000000000000000e+03,-6.442000000000000000e+03,-6.569000000000000000e+03
6.437000000000000000e+03,6.418000000000000000e+03,-6.461000000000000000e+03,-6.461000000000000000e+03,-6.453000000000000000e+03
6.484000000000000000e+03,6.422000000000000000e+03,-6.431000000000000000e+03,-6.431000000000000000e+03,-6.443000000000000000e+03
6.261000000000000000e+03,6.425000000000000000e+03,-6.443000000000000000e+03,-6.443000000000000000e+03,-6.442000000000000000e+03
-3.704000000000000000e+03,6.449000000000000000e+03,-1.735000000000000000e+03,-1.735000000000000000e+03,-6.461000000000000000e+03
-6.451000000000000000e+03,6.294000000000000000e+03,6.402000000000000000e+03,6.402000000000000000e+03,-6.431000000000000000e+03
-6.385000000000000000e+03,-3.475000000000000000e+03,6.418000000000000000e+03,6.418000000000000000e+03,-6.443000000000000000e+03
-6.406000000000000000e+03,-6.481000000000000000e+03,6.422000000000000000e+03,6.422000000000000000e+03,-1.735000000000000000e+03
-6.397000000000000000e+03,-6.446000000000000000e+03,6.425000000000000000e+03,6.425000000000000000e+03,6.402000000000000000e+03
-6.388000000000000000e+03,-6.460000000000000000e+03,6.449000000000000000e+03,6.449000000000000000e+03,6.418000000000000000e+03
-6.399000000000000000e+03,-6.446000000000000000e+03,6.294000000000000000e+03,6.294000000000000000e+03,6.422000000000000000e+03
-6.385000000000000000e+03,-6.476000000000000000e+03,-3.475000000000000000e+03,-3.475000000000000000e+03,6.425000000000000000e+03
-6.219000000000000000e+03,-6.424000000000000000e+03,-6.481000000000000000e+03,-6.481000000000000000e+03,6.449000000000000000e+03
3.171000000000000000e+03,-6.427000000000000000e+03,-6.446000000000000000e+03,-6.446000000000000000e+03,6.294000000000000000e+03
6.501000000000000000e+03,-6.201000000000000000e+03,-6.460000000000000000e+03,-6.460000000000000000e+03,-3.475000000000000000e+03
6.464000000000000000e+03,3.613000000000000000e+03,-6.446000000000000000e+03,-6.446000000000000000e+03,-6.481000000000000000e+03
6.477000000000000000e+03,6.510000000000000000e+03,-6.476000000000000000e+03,-6.476000000000000000e+03,-6.446000000000000000e+03
6.525000000000000000e+03,6.447000000000000000e+03,-6.424000000000000000e+03,-6.424000000000000000e+03,-6.460000000000000000e+03
6.495000000000000000e+03,6.454000000000000000e+03,-6.427000000000000000e+03,-6.427000000000000000e+03,-6.446000000000000000e+03
6.514000000000000000e+03,6.462000000000000000e+03,-6.201000000000000000e+03,-6.201000000000000000e+03,-6.476000000000000000e+03
1.639000000000000000e+03,6.444000000000000000e+03,3.613000000000000000e+03,3.613000000000000000e+03,-6.424000000000000000e+03
-6.445000000000000000e+03,6.257000000000000000e+03,6.510000000000000000e+03,6.510000000000000000e+03,-6.427000000000000000e+03
-6.423000000000000000e+03,-1.909000000000000000e+03,6.447000000000000000e+03,6.447000000000000000e+03,-6.201000000000000000e+03
-6.452000000000000000e+03,-6.486000000000000000e+03,6.454000000000000000e+03,6.454000000000000000e+03,3.613000000000000000e+03
-6.398000000000000000e+03,-6.466000000000000000e+03,6.462000000000000000e+03,6.462000000000000000e+03,6.510000000000000000e+03
-6.420000000000000000e+03,-6.440000000000000000e+03,6.444000000000000000e+03,6.444000000000000000e+03,6.447000000000000000e+03
-6.387000000000000000e+03,-6.423000000000000000e+03,6.257000000000000000e+03,6.257000000000000000e+03,6.454000000000000000e+03
-6.375000000000000000e+03,-6.392000000000000000e+03,-1.909000000000000000e+03,-1.909000000000000000e+03,6.462000000000000000e+03
-5.748000000000000000e+03,-6.406000000000000000e+03,-6.486000000000000000e+03,-6.486000000000000000e+03,6.444000000000000000e+03
4.599000000000000000e+03,-6.412000000000000000e+03,-6.466000000000000000e+03,-6.466000000000000000e+03,6.257000000000000000e+03
6.509000000000000000e+03,-2.038000000000000000e+03,-6.440000000000000000e+03,-6.440000000000000000e+03,-1.909000000000000000e+03
6.336000000000000000e+03,6.414000000000000000e+03,-6.423000000000000000e+03,-6.423000000000000000e+03,-6.486000000000000000e+03
6.516000000000000000e+03,6.430000000000000000e+03,-6.392000000000000000e+03,-6.392000000000000000e+03,-6.466000000000000000e+03
6.492000000000000000e+03,6.389000000000000000e+03,-6.406000000000000000e+03,-6.406000000000000000e+03,-6.440000000000000000e+03
6.443000000000000000e+03,6.454000000000000000e+03,-6.412000000000000000e+03,-6.412000000000000000e+03,-6.423000000000000000e+03
6.504000000000000000e+03,6.446000000000000000e+03,-2.038000000000000000e+03,-2.038000000000000000e+03,-6.392000000000000000e+03
6.456000000000000000e+03,6.460000000000000000e+03,6.414000000000000000e+03,6.414000000000000000e+03,-6.406000000000000000e+03
6.180000000000000000e+02,4.725000000000000000e+03,6.430000000000000000e+03,6.430000000000000000e+03,-6.412000000000000000e+03
-6.498000000000000000e+03,-6.194000000000000000e+03,6.389000000000000000e+03,6.389000000000000000e+03,-2.038000000000000000e+03
-6.384000000000000000e+03,-6.444000000000000000e+03,6.454000000000000000e+03,6.454000000000000000e+03,6.414000000000000000e+03
-6.401000000000000000e+03,-6.429000000000000000e+03,6.446000000000000000e+03,6.446000000000000000e+03,6.430000000000000000e+03
-6.399000000000000000e+03,-6.418000000000000000e+03,6.460000000000000000e+03,6.460000000000000000e+03,6.389000000000000000e+03
-6.204000000000000000e+03,-6.429000000000000000e+03,4.725000000000000000e+03,4.725000000000000000e+03,6.454000000000000000e+03
2.958000000000000000e+03,-6.418000000000000000e+03,-6.194000000000000000e+03,-6.194000000000000000e+03,6.446000000000000000e+03
6.522000000000000000e+03,-6.452000000000000000e+03,-6.444000000000000000e+03,-6.444000000000000000e+03,6.460000000000000000e+03
6.417000000000000000e+03,-6.399000000000000000e+03,-6.429000000000000000e+03,-6.429000000000000000e+03,4.725000000000000000e+03
6.473000000000000000e+03,2.360000000000000000e+02,-6.418000000000000000e+03,-6.418000000000000000e+03,-6.194000000000000000e+03
6.281000000000000000e+03,6.540000000000000000e+03,-6.429000000000000000e+03,-6.429000000000000000e+03,-6.444000000000000000e+03
6.547000000000000000e+03,6.450000000000000000e+03,-6.418000000000000000e+03,-6.418000000000000000e+03,-6.429000000000000000e+03
6.499000000000000000e+03,6.493000000000000000e+03,-6.452000000000000000e+03,-6.452000000000000000e+03,-6.418000000000000000e+03
6.310000000000000000e+03,6.468000000000000000e+03,-6.399000000000000000e+03,-6.399000000000000000e+03,-6.429000000000000000e+03
6.621000000000000000e+03,6.484000000000000000e+03,2.360000000000000000e+02,2.360000000000000000e+02,-6.418000000000000000e+03
6.469000000000000000e+03,6.294000000000000000e+03,6.540000000000000000e+03,6.540000000000000000e+03,-6.452000000000000000e+03
6.279000000000000000e+03,-1.737000000000000000e+03,6.450000000000000000e+03,6.450000000000000000e+03,-6.399000000000000000e+03
-4.543000000000000000e+03,-6.477000000000000000e+03,6.493000000000000000e+03,6.493000000000000000e+03,2.360000000000000000e+02
-6.338000000000000000e+03,-6.473000000000000000e+03,6.468000000000000000e+03,6.468000000000000000e+03,6.540000000000000000e+03
1.860000000000000000e+03,-6.419000000000000000e+03,6.484000000000000000e+03,6.484000000000000000e+03,6.450000000000000000e+03
-5.530000000000000000e+02,-6.444000000000000000e+03,6.294000000000000000e+03,6.294000000000000000e+03,6.493000000000000000e+03
-6.266000000000000000e+03,-6.410000000000000000e+03,-1.737000000000000000e+03,-1.737000000000000000e+03,6.468000000000000000e+03
3.082000000000000000e+03,-6.403000000000000000e+03,-6.477000000000000000e+03,-6.477000000000000000e+03,6.484000000000000000e+03
6.508000000000000000e+03,-6.355000000000000000e+03,-6.473000000000000000e+03,-6.473000000000000000e+03,6.294000000000000000e+03
4.540000000000000000e+02,-5.458000000000000000e+03,-6.419000000000000000e+03,-6.419000000000000000e+03,-1.737000000000000000e+03
-1.510000000000000000e+02,4.885000000000000000e+03,-6.444000000000000000e+03,-6.444000000000000000e+03,-6.477000000000000000e+03
6.555000000000000000e+03,6.493000000000000000e+03,-6.410000000000000000e+03,-6.410000000000000000e+03,-6.473000000000000000e+03
6.453000000000000000e+03,6.457000000000000000e+03,-6.403000000000000000e+03,-6.403000000000000000e+03,-6.419000000000000000e+03
6.462000000000000000e+03,6.467000000000000000e+03,-6.355000000000000000e+03,-6.355000000000000000e+03,-6.444000000000000000e+03
6.606000000000000000e+03,6.437000000000000000e+03,-5.458000000000000000e+03,-5.458000000000000000e+03,-6.410000000000000000e+03
6.473000000000000000e+03,6.484000000000000000e+03,4.885000000000000000e+03,4.885000000000000000e+03,-6.403000000000000000e+03
6.469000000000000000e+03,6.261000000000000000e+03,6.493000000000000000e+03,6.493000000000000000e+03,-6.355000000000000000e+03
2.295000000000000000e+03,-3.704000000000000000e+03,6.457000000000000000e+03,6.457000000000000000e+03,-5.458000000000000000e+03
6.427000000000000000e+03,-6.451000000000000000e+03,6.467000000000000000e+03,6.467000000000000000e+03,4.885000000000000000e+03
6.430000000000000000e+03,-6.385000000000000000e+03,6.437000000000000000e+03,6.437000000000000000e+03,6.493000000000000000e+03
6.229000000000000000e+03,-6.406000000000000000e+03,6.484000000000000000e+03,6.484000000000000000e+03,6.457000000000000000e+03
-2.834000000000000000e+03,-6.397000000000000000e+03,6.261000000000000000e+03,6.261000000000000000e+03,6.467000000000000000e+03
-6.575000000000000000e+03,-6.388000000000000000e+03,-3.704000000000000000e+03,-3.704000000000000000e+03,6.437000000000000000e+03
-6.515000000000000000e+03,-6.399000000000000000e+03,-6.451000000000000000e+03,-6.451000000000000000e+03,6.484000000000000000e+03
-6.492000000000000000e+03,-6.385000000000000000e+03,-6.385000000000000000e+03,-6.385000000000000000e+03,6.261000000000000000e+03
-6.494000000000000000e+03,-6.219000000000000000e+03,-6.406000000000000000e+03,-6.406000000000000000e+03,-3.704000000000000000e+03
-6.483000000000000000e+03,3.171000000000000000e+03,-6.397000000000000000e+03,-6.397000000000000000e+03,-6.451000000000000000e+03
-2.560000000000000000e+03,6.501000000000000000e+03,-6.388000000000000000e+03,-6.388000000000000000e+03,-6.385000000000000000e+03
6.307000000000000000e+03,6.464000000000000000e+03,-6.399000000000000000e+03,-6.399000000000000000e+03,-6.406000000000000000e+03
6.357000000000000000e+03,6.477000000000000000e+03,-6.385000000000000000e+03,-6.385000000000000000e+03,-6.397000000000000000e+03
6.342000000000000000e+03,6.525000000000000000e+03,-6.219000000000000000e+03,-6.219000000000000000e+03,-6.388000000000000000e+03
6.368000000000000000e+03,6.495000000000000000e+03,3.171000000000000000e+03,3.171000000000000000e+03,-6.399000000000000000e+03
6.373000000000000000e+03,6.514000000000000000e+03,6.501000000000000000e+03,6.501000000000000000e+03,-6.385000000000000000e+03
6.217000000000000000e+03,1.639000000000000000e+03,6.464000000000000000e+03,6.464000000000000000e+03,-6.219000000000000000e+03
-3.495000000000000000e+03,-6.445000000000000000e+03,6.477000000000000000e+03,6.477000000000000000e+03,3.171000000000000000e+03
-6.561000000000000000e+03,-6.423000000000000000e+03,6.525000000000000000e+03,6.525000000000000000e+03,6.501000000000000000e+03
-6.511000000000000000e+03,-6.452000000000000000e+03,6.495000000000000000e+03,6.495000000000000000e+03,6.464000000000000000e+03
-6.498000000000000000e+03,-6.398000000000000000e+03,6.514000000000000000e+03,6.514000000000000000e+03,6.477000000000000000e+03
-6.491000000000000000e+03,-6.420000000000000000e+03,1.639000000000000000e+03,1.639000000000000000e+03,6.525000000000000000e+03
-6.500000000000000000e+03,-6.387000000000000000e+03,-6.445000000000000000e+03,-6.445000000000000000e+03,6.495000000000000000e+03
-3.247000000000000000e+03,-6.375000000000000000e+03,-6.423000000000000000e+03,-6.423000000000000000e+03,6.514000000000000000e+03
5.589000000000000000e+03,-5.748000000000000000e+03,-6.452000000000000000e+03,-6.452000000000000000e+03,1.639000000000000000e+03
6.346000000000000000e+03,4.599000000000000000e+03,-6.398000000000000000e+03,-6.398000000000000000e+03,-6.445000000000000000e+03
6.347000000000000000e+03,6.509000000000000000e+03,-6.420000000000000000e+03,-6.420000000000000000e+03,-6.423000000000000000e+03
6.384000000000000000e+03,6.336000000000000000e+03,-6.387000000000000000e+03,-6.387000000000000000e+03,-6.452000000000000000e+03
6.372000000000000000e+03,6.516000000000000000e+03,-6.375000000000000000e+03,-6.375000000000000000e+03,-6.398000000000000000e+03
6.396000000000000000e+03,6.492000000000000000e+03,-5.748000000000000000e+03,-5.748000000000000000e+03,-6.420000000000000000e+03
6.382000000000000000e+03,6.443000000000000000e+03,4.599000000000000000e+03,4.599000000000000000e+03,-6.387000000000000000e+03
2.031000000000000000e+03,6.504000000000000000e+03,6.509000000000000000e+03,6.509000000000000000e+03,-6.375000000000000000e+03
-6.513000000000000000e+03,6.456000000000000000e+03,6.336000000000000000e+03,6.336000000000000000e+03,-5.748000000000000000e+03
-6.523000000000000000e+03,6.180000000000000000e+02,6.516000000000000000e+03,6.516000000000000000e+03,4.599000000000000000e+03
-6.513000000000000000e+03,-6.498000000000000000e+03,6.492000000000000000e+03,6.492000000000000000e+03,6.509000000000000000e+03
-6.527000000000000000e+03,-6.384000000000000000e+03,6.443000000000000000e+03,6.443000000000000000e+03,6.336000000000000000e+03
-6.499000000000000000e+03,-6.401000000000000000e+03,6.504000000000000000e+03,6.504000000000000000e+03,6.516000000000000000e+03
-6.262000000000000000e+03,-6.399000000000000000e+03,6.456000000000000000e+03,6.456000000000000000e+03,6.492000000000000000e+03
5.640000000000000000e+02,-6.204000000000000000e+03,6.180000000000000000e+02,6.180000000000000000e+02,6.443000000000000000e+03
6.412000000000000000e+03,2.958000000000000000e+03,-6.498000000000000000e+03,-6.498000000000000000e+03,6.504000000000000000e+03
6.343000000000000000e+03,6.522000000000000000e+03,-6.384000000000000000e+03,-6.384000000000000000e+03,6.456000000000000000e+03
6.336000000000000000e+03,6.417000000000000000e+03,-6.401000000000000000e+03,-6.401000000000000000e+03,6.180000000000000000e+02
6.356000000000000000e+03,6.473000000000000000e+03,-6.399000000000000000e+03,-6.399000000000000000e+03,-6.498000000000000000e+03
6.357000000000000000e+03,6.281000000000000000e+03,-6.204000000000000000e+03,-6.204000000000000000e+03,-6.384000000000000000e+03
6.368000000000000000e+03,6.547000000000000000e+03,2.958000000000000000e+03,2.958000000000000000e+03,-6.401000000000000000e+03
6.362000000000000000e+03,6.499000000000000000e+03,6.522000000000000000e+03,6.522000000000000000e+03,-6.399000000000000000e+03
6.132000000000000000e+03,6.310000000000000000e+03,6.417000000000000000e+03,6.417000000000000000e+03,-6.204000000000000000e+03
-5.623000000000000000e+03,6.621000000000000000e+03,6.473000000000000000e+03,6.473000000000000000e+03,2.958000000000000000e+03
-6.573000000000000000e+03,6.469000000000000000e+03,6.281000000000000000e+03,6.281000000000000000e+03,6.522000000000000000e+03
-6.512000000000000000e+03,6.279000000000000000e+03,6.547000000000000000e+03,6.547000000000000000e+03,6.417000000000000000e+03
-6.517000000000000000e+03,-4.543000000000000000e+03,6.499000000000000000e+03,6.499000000000000000e+03,6.473000000000000000e+03
-6.499000000000000000e+03,-6.338000000000000000e+03,6.310000000000000000e+03,6.310000000000000000e+03,6.281000000000000000e+03
-6.502000000000000000e+03,1.860000000000000000e+03,6.621000000000000000e+03,6.621000000000000000e+03,6.547000000000000000e+03
-1.174000000000000000e+03,-5.530000000000000000e+02,6.469000000000000000e+03,6.469000000000000000e+03,6.499000000000000000e+03
6.325000000000000000e+03,-6.266000000000000000e+03,6.279000000000000000e+03,6.279000000000000000e+03,6.310000000000000000e+03
6.272000000000000000e+03,3.082000000000000000e+03,-4.543000000000000000e+03,-4.543000000000000000e+03,6.621000000000000000e+03
6.320000000000000000e+03,6.508000000000000000e+03,-6.338000000000000000e+03,-6.338000000000000000e+03,6.469000000000000000e+03
6.303000000000000000e+03,4.540000000000000000e+02,1.860000000000000000e+03,1.860000000000000000e+03,6.279000000000000000e+03
6.330000000000000000e+03,-1.510000000000000000e+02,-5.530000000000000000e+02,-5.530000000000000000e+02,-4.543000000000000000e+03
6.335000000000000000e+03,6.555000000000000000e+03,-6.266000000000000000e+03,-6.266000000000000000e+03,-6.338000000000000000e+03
6.369000000000000000e+03,6.453000000000000000e+03,3.082000000000000000e+03,3.082000000000000000e+03,1.860000000000000000e+03
-1.990000000000000000e+02,6.462000000000000000e+03,6.508000000000000000e+03,6.508000000000000000e+03,-5.530000000000000000e+02
-6.613000000000000000e+03,6.606000000000000000e+03,4.540000000000000000e+02,4.540000000000000000e+02,-6.266000000000000000e+03
-6.537000000000000000e+03,6.473000000000000000e+03,-1.510000000000000000e+02,-1.510000000000000000e+02,3.082000000000000000e+03
-6.531000000000000000e+03,6.469000000000000000e+03,6.555000000000000000e+03,6.555000000000000000e+03,6.508000000000000000e+03
-6.521000000000000000e+03,2.295000000000000000e+03,6.453000000000000000e+03,6.453000000000000000e+03,4.540000000000000000e+02
-6.547000000000000000e+03,6.427000000000000000e+03,6.462000000000000000e+03,6.462000000000000000e+03,-1.510000000000000000e+02
-6.321000000000000000e+03,6.430000000000000000e+03,6.606000000000000000e+03,6.606000000000000000e+03,6.555000000000000000e+03
7.120000000000000000e+02,6.229000000000000000e+03,6.473000000000000000e+03,6.473000000000000000e+03,6.453000000000000000e+03
6.406000000000000000e+03,-2.834000000000000000e+03,6.469000000000000000e+03,6.469000000000000000e+03,6.462000000000000000e+03
6.302000000000000000e+03,-6.575000000000000000e+03,2.295000000000000000e+03,2.295000000000000000e+03,6.606000000000000000e+03
6.350000000000000000e+03,-6.515000000000000000e+03,6.427000000000000000e+03,6.427000000000000000e+03,6.473000000000000000e+03
6.335000000000000000e+03,-6.492000000000000000e+03,6.430000000000000000e+03,6.430000000000000000e+03,6.469000000000000000e+03
6.351000000000000000e+03,-6.494000000000000000e+03,6.229000000000000000e+03,6.229000000000000000e+03,2.295000000000000000e+03
6.345000000000000000e+03,-6.483000000000000000e+03,-2.834000000000000000e+03,-2.834000000000000000e+03,6.427000000000000000e+03
6.148000000000000000e+03,-2.560000000000000000e+03,-6.575000000000000000e+03,-6.575000000000000000e+03,6.430000000000000000e+03
-3.503000000000000000e+03,6.307000000000000000e+03,-6.515000000000000000e+03,-6.515000000000000000e+03,6.229000000000000000e+03
-6.622000000000000000e+03,6.357000000000000000e+03,-6.492000000000000000e+03,-6.492000000000000000e+03,-2.834000000000000000e+03
-6.542000000000000000e+03,6.342000000000000000e+03,-6.494000000000000000e+03,-6.494000000000000000e+03,-6.575000000000000000e+03
-6.555000000000000000e+03,6.368000000000000000e+03,-6.483000000000000000e+03,-6.483000000000000000e+03,-6.515000000000000000e+03
-6.528000000000000000e+03,6.373000000000000000e+03,-2.560000000000000000e+03,-2.560000000000000000e+03,-6.492000000000000000e+03
-6.521000000000000000e+03,6.217000000000000000e+03,6.307000000000000000e+03,6.307000000000000000e+03,-6.494000000000000000e+03
-3.709000000000000000e+03,-3.495000000000000000e+03,6.357000000000000000e+03,6.357000000000000000e+03,-6.483000000000000000e+03
4.982000000000000000e+03,-6.561000000000000000e+03,6.342000000000000000e+03,6.342000000000000000e+03,-2.560000000000000000e+03
6.329000000000000000e+03,-6.511000000000000000e+03,6.368000000000000000e+03,6.368000000000000000e+03,6.307000000000000000e+03
6.318000000000000000e+03,-6.498000000000000000e+03,6.373000000000000000e+03,6.373000000000000000e+03,6.357000000000000000e+03
6.323000000000000000e+03,-6.491000000000000000e+03,6.217000000000000000e+03,6.217000000000000000e+03,6.342000000000000000e+03
6.334000000000000000e+03,-6.500000000000000000e+03,-3.495000000000000000e+03,-3.495000000000000000e+03,6.368000000000000000e+03
6.311000000000000000e+03,-3.247000000000000000e+03,-6.561000000000000000e+03,-6.561000000000000000e+03,6.373000000000000000e+03
6.343000000000000000e+03,5.589000000000000000e+03,-6.511000000000000000e+03,-6.511000000000000000e+03,6.217000000000000000e+03
-4.900000000000000000e+01,6.346000000000000000e+03,-6.498000000000000000e+03,-6.498000000000000000e+03,-3.495000000000000000e+03
-6.618000000000000000e+03,6.347000000000000000e+03,-6.491000000000000000e+03,-6.491000000000000000e+03,-6.561000000000000000e+03
-6.554000000000000000e+03,6.384000000000000000e+03,-6.500000000000000000e+03,-6.500000000000000000e+03,-6.511000000000000000e+03
-6.514000000000000000e+03,6.372000000000000000e+03,-3.247000000000000000e+03,-3.247000000000000000e+03,-6.498000000000000000e+03
-6.524000000000000000e+03,6.396000000000000000e+03,5.589000000000000000e+03,5.589000000000000000e+03,-6.491000000000000000e+03
-6.507000000000000000e+03,6.382000000000000000e+03,6.346000000000000000e+03,6.346000000000000000e+03,-6.500000000000000000e+03
-6.509000000000000000e+03,2.031000000000000000e+03,6.347000000000000000e+03,6.347000000000000000e+03,-3.247000000000000000e+03
-6.330000000000000000e+03,-6.513000000000000000e+03,6.384000000000000000e+03,6.384000000000000000e+03,5.589000000000000000e+03
2.337000000000000000e+03,-6.523000000000000000e+03,6.372000000000000000e+03,6.372000000000000000e+03,6.346000000000000000e+03
6.313000000000000000e+03,-6.513000000000000000e+03,6.396000000000000000e+03,6.396000000000000000e+03,6.347000000000000000e+03
6.322000000000000000e+03,-6.527000000000000000e+03,6.382000000000000000e+03,6.382000000000000000e+03,6.384000000000000000e+03
6.311000000000000000e+03,-6.499000000000000000e+03,2.031000000000000000e+03,2.031000000000000000e+03,6.372000000000000000e+03
6.338000000000000000e+03,-6.262000000000000000e+03,-6.513000000000000000e+03,-6.513000000000000000e+03,6.396000000000000000e+03
6.345000000000000000e+03,5.640000000000000000e+02,-6.523000000000000000e+03,-6.523000000000000000e+03,6.382000000000000000e+03
6.169000000000000000e+03,6.412000000000000000e+03,-6.513000000000000000e+03,-6.513000000000000000e+03,2.031000000000000000e+03
-3.931000000000000000e+03,6.343000000000000000e+03,-6.527000000000000000e+03,-6.527000000000000000e+03,-6.513000000000000000e+03
-6.569000000000000000e+03,6.336000000000000000e+03,-6.499000000000000000e+03,-6.499000000000000000e+03,-6.523000000000000000e+03
-6.539000000000000000e+03,6.356000000000000000e+03,-6.262000000000000000e+03,-6.262000000000000000e+03,-6.513000000000000000e+03
-6.530000000000000000e+03,6.357000000000000000e+03,5.640000000000000000e+02,5.640000000000000000e+02,-6.527000000000000000e+03
-6.522000000000000000e+03,6.368000000000000000e+03,6.412000000000000000e+03,6.412000000000000000e+03,-6.499000000000000000e+03
-6.546000000000000000e+03,6.362000000000000000e+03,6.343000000000000000e+03,6.343000000000000000e+03,-6.262000000000000000e+03
-3.662000000000000000e+03,6.132000000000000000e+03,6.336000000000000000e+03,6.336000000000000000e+03,5.640000000000000000e+02
5.025000000000000000e+03,-5.623000000000000000e+03,6.356000000000000000e+03,6.356000000000000000e+03,6.412000000000000000e+03
6.323000000000000000e+03,-6.573000000000000000e+03,6.357000000000000000e+03,6.357000000000000000e+03,6.343000000000000000e+03
6.335000000000000000e+03,-6.512000000000000000e+03,6.368000000000000000e+03,6.368000000000000000e+03,6.336000000000000000e+03
6.378000000000000000e+03,-6.517000000000000000e+03,6.362000000000000000e+03,6.362000000000000000e+03,6.356000000000000000e+03
6.358000000000000000e+03,-6.499000000000000000e+03,6.132000000000000000e+03,6.132000000000000000e+03,6.357000000000000000e+03
6.371000000000000000e+03,-6.502000000000000000e+03,-5.623000000000000000e+03,-5.623000000000000000e+03,6.368000000000000000e+03
6.366000000000000000e+03,-1.174000000000000000e+03,-6.573000000000000000e+03,-6.573000000000000000e+03,6.362000000000000000e+03
2.270000000000000000e+03,6.325000000000000000e+03,-6.512000000000000000e+03,-6.512000000000000000e+03,6.132000000000000000e+03
-6.254000000000000000e+03,6.272000000000000000e+03,-6.517000000000000000e+03,-6.517000000000000000e+03,-5.623000000000000000e+03
-6.596000000000000000e+03,6.320000000000000000e+03,-6.499000000000000000e+03,-6.499000000000000000e+03,-6.573000000000000000e+03
-6.541000000000000000e+03,6.303000000000000000e+03,-6.502000000000000000e+03,-6.502000000000000000e+03,-6.512000000000000000e+03
-6.551000000000000000e+03,6.330000000000000000e+03,-1.174000000000000000e+03,-1.174000000000000000e+03,-6.517000000000000000e+03
-6.529000000000000000e+03,6.335000000000000000e+03,6.325000000000000000e+03,6.325000000000000000e+03,-6.499000000000000000e+03
-6.116000000000000000e+03,6.369000000000000000e+03,6.272000000000000000e+03,6.272000000000000000e+03,-6.502000000000000000e+03
3.201000000000000000e+03,-1.990000000000000000e+02,6.320000000000000000e+03,6.320000000000000000e+03,-1.174000000000000000e+03
6.354000000000000000e+03,-6.613000000000000000e+03,6.303000000000000000e+03,6.303000000000000000e+03,6.325000000000000000e+03
6.344000000000000000e+03,-6.537000000000000000e+03,6.330000000000000000e+03,6.330000000000000000e+03,6.272000000000000000e+03
6.343000000000000000e+03,-6.531000000000000000e+03,6.335000000000000000e+03,6.335000000000000000e+03,6.320000000000000000e+03
6.345000000000000000e+03,-6.521000000000000000e+03,6.369000000000000000e+03,6.369000000000000000e+03,6.303000000000000000e+03
6.354000000000000000e+03,-6.547000000000000000e+03,-1.990000000000000000e+02,-1.990000000000000000e+02,6.330000000000000000e+03
6.325000000000000000e+03,-6.321000000000000000e+03,-6.613000000000000000e+03,-6.613000000000000000e+03,6.335000000000000000e+03
6.236000000000000000e+03,7.120000000000000000e+02,-6.537000000000000000e+03,-6.537000000000000000e+03,6.369000000000000000e+03
-9.660000000000000000e+02,6.406000000000000000e+03,-6.531000000000000000e+03,-6.531000000000000000e+03,-1.990000000000000000e+02
-6.678000000000000000e+03,6.302000000000000000e+03,-6.521000000000000000e+03,-6.521000000000000000e+03,-6.613000000000000000e+03
-6.555000000000000000e+03,6.350000000000000000e+03,-6.547000000000000000e+03,-6.547000000000000000e+03,-6.537000000000000000e+03
-6.520000000000000000e+03,6.335000000000000000e+03,-6.321000000000000000e+03,-6.321000000000000000e+03,-6.531000000000000000e+03
-6.531000000000000000e+03,6.351000000000000000e+03,7.120000000000000000e+02,7.120000000000000000e+02,-6.521000000000000000e+03
-6.526000000000000000e+03,6.345000000000000000e+03,6.406000000000000000e+03,6.406000000000000000e+03,-6.547000000000000000e+03
-6.029000000000000000e+03,6.148000000000000000e+03,6.302000000000000000e+03,6.302000000000000000e+03,-6.321000000000000000e+03
3.641000000000000000e+03,-3.503000000000000000e+03,6.350000000000000000e+03,6.350000000000000000e+03,7.120000000000000000e+02
6.324000000000000000e+03,-6.622000000000000000e+03,6.335000000000000000e+03,6.335000000000000000e+03,6.406000000000000000e+03
6.283000000000000000e+03,-6.542000000000000000e+03,6.351000000000000000e+03,6.351000000000000000e+03,6.302000000000000000e+03
6.336000000000000000e+03,-6.555000000000000000e+03,6.345000000000000000e+03,6.345000000000000000e+03,6.350000000000000000e+03
6.326000000000000000e+03,-6.528000000000000000e+03,6.148000000000000000e+03,6.148000000000000000e+03,6.335000000000000000e+03
6.340000000000000000e+03,-6.521000000000000000e+03,-3.503000000000000000e+03,-3.503000000000000000e+03,6.351000000000000000e+03
6.356000000000000000e+03,-3.709000000000000000e+03,-6.622000000000000000e+03,-6.622000000000000000e+03,6.345000000000000000e+03
6.203000000000000000e+03,4.982000000000000000e+03,-6.542000000000000000e+03,-6.542000000000000000e+03,6.148000000000000000e+03
-2.976000000000000000e+03,6.329000000000000000e+03,-6.555000000000000000e+03,-6.555000000000000000e+03,-3.503000000000000000e+03
-6.633000000000000000e+03,6.318000000000000000e+03,-6.528000000000000000e+03,-6.528000000000000000e+03,-6.622000000000000000e+03
-6.566000000000000000e+03,6.323000000000000000e+03,-6.521000000000000000e+03,-6.521000000000000000e+03,-6.542000000000000000e+03
-6.566000000000000000e+03,6.334000000000000000e+03,-3.709000000000000000e+03,-3.709000000000000000e+03,-6.555000000000000000e+03
-6.551000000000000000e+03,6.311000000000000000e+03,4.982000000000000000e+03,4.982000000000000000e+03,-6.528000000000000000e+03
-6.581000000000000000e+03,6.343000000000000000e+03,6.329000000000000000e+03,6.329000000000000000e+03,-6.521000000000000000e+03
-2.962000000000000000e+03,-4.900000000000000000e+01,6.318000000000000000e+03,6.318000000000000000e+03,-3.709000000000000000e+03
6.064000000000000000e+03,-6.618000000000000000e+03,6.323000000000000000e+03,6.323000000000000000e+03,4.982000000000000000e+03
6.295000000000000000e+03,-6.554000000000000000e+03,6.334000000000000000e+03,6.334000000000000000e+03,6.329000000000000000e+03
6.321000000000000000e+03,-6.514000000000000000e+03,6.311000000000000000e+03,6.311000000000000000e+03,6.318000000000000000e+03
6.334000000000000000e+03,-6.524000000000000000e+03,6.343000000000000000e+03,6.343000000000000000e+03,6.323000000000000000e+03
6.335000000000000000e+03,-6.507000000000000000e+03,-4.900000000000000000e+01,-4.900000000000000000e+01,6.334000000000000000e+03
6.329000000000000000e+03,-6.509000000000000000e+03,-6.618000000000000000e+03,-6.618000000000000000e+03,6.311000000000000000e+03
6.146000000000000000e+03,-6.330000000000000000e+03,-6.554000000000000000e+03,-6.554000000000000000e+03,6.343000000000000000e+03
-2.042000000000000000e+03,2.337000000000000000e+03,-6.514000000000000000e+03,-6.514000000000000000e+03,-4.900000000000000000e+01
-6.710000000000000000e+03,6.313000000000000000e+03,-6.524000000000000000e+03,-6.524000000000000000e+03,-6.618000000000000000e+03
-6.609000000000000000e+03,6.322000000000000000e+03,-6.507000000000000000e+03,-6.507000000000000000e+03,-6.554000000000000000e+03
-6.557000000000000000e+03,6.311000000000000000e+03,-6.509000000000000000e+03,-6.509000000000000000e+03,-6.514000000000000000e+03
-6.538000000000000000e+03,6.338000000000000000e+03,-6.330000000000000000e+03,-6.330000000000000000e+03,-6.524000000000000000e+03
-6.546000000000000000e+03,6.345000000000000000e+03,2.337000000000000000e+03,2.337000000000000000e+03,-6.507000000000000000e+03
-6.259000000000000000e+03,6.169000000000000000e+03,6.313000000000000000e+03,6.313000000000000000e+03,-6.509000000000000000e+03
3.514000000000000000e+03,-3.931000000000000000e+03,6.322000000000000000e+03,6.322000000000000000e+03,-6.330000000000000000e+03
6.324000000000000000e+03,-6.569000000000000000e+03,6.311000000000000000e+03,6.311000000000000000e+03,2.337000000000000000e+03
6.286000000000000000e+03,-6.539000000000000000e+03,6.338000000000000000e+03,6.338000000000000000e+03,6.313000000000000000e+03
6.311000000000000000e+03,-6.530000000000000000e+03,6.345000000000000000e+03,6.345000000000000000e+03,6.322000000000000000e+03
6.310000000000000000e+03,-6.522000000000000000e+03,6.169000000000000000e+03,6.169000000000000000e+03,6.311000000000000000e+03
6.319000000000000000e+03,-6.546000000000000000e+03,-3.931000000000000000e+03,-3.931000000000000000e+03,6.338000000000000000e+03
6.311000000000000000e+03,-3.662000000000000000e+03,-6.569000000000000000e+03,-6.569000000000000000e+03,6.345000000000000000e+03
2.205000000000000000e+03,5.025000000000000000e+03,-6.539000000000000000e+03,-6.539000000000000000e+03,6.169000000000000000e+03
-6.285000000000000000e+03,6.323000000000000000e+03,-6.530000000000000000e+03,-6.530000000000000000e+03,-3.931000000000000000e+03
-6.599000000000000000e+03,6.335000000000000000e+03,-6.522000000000000000e+03,-6.522000000000000000e+03,-6.569000000000000000e+03
-6.562000000000000000e+03,6.378000000000000000e+03,-6.546000000000000000e+03,-6.546000000000000000e+03,-6.539000000000000000e+03
-6.563000000000000000e+03,6.358000000000000000e+03,-3.662000000000000000e+03,-3.662000000000000000e+03,-6.530000000000000000e+03
-6.549000000000000000e+03,6.371000000000000000e+03,5.025000000000000000e+03,5.025000000000000000e+03,-6.522000000000000000e+03
-6.562000000000000000e+03,6.366000000000000000e+03,6.323000000000000000e+03,6.323000000000000000e+03,-6.546000000000000000e+03
-3.742000000000000000e+03,2.270000000000000000e+03,6.335000000000000000e+03,6.335000000000000000e+03,-3.662000000000000000e+03
5.495000000000000000e+03,-6.254000000000000000e+03,6.378000000000000000e+03,6.378000000000000000e+03,5.025000000000000000e+03
6.281000000000000000e+03,-6.596000000000000000e+03,6.358000000000000000e+03,6.358000000000000000e+03,6.323000000000000000e+03
6.283000000000000000e+03,-6.541000000000000000e+03,6.371000000000000000e+03,6.371000000000000000e+03,6.335000000000000000e+03
6.312000000000000000e+03,-6.551000000000000000e+03,6.366000000000000000e+03,6.366000000000000000e+03,6.378000000000000000e+03
6.319000000000000000e+03,-6.529000000000000000e+03,2.270000000000000000e+03,2.270000000000000000e+03,6.358000000000000000e+03
6.311000000000000000e+03,-6.116000000000000000e+03,-6.254000000000000000e+03,-6.254000000000000000e+03,6.371000000000000000e+03
6.303000000000000000e+03,3.201000000000000000e+03,-6.596000000000000000e+03,-6.596000000000000000e+03,6.366000000000000000e+03
-4.750000000000000000e+02,6.354000000000000000e+03,-6.541000000000000000e+03,-6.541000000000000000e+03,2.270000000000000000e+03
-6.667000000000000000e+03,6.344000000000000000e+03,-6.551000000000000000e+03,-6.551000000000000000e+03,-6.254000000000000000e+03
-6.585000000000000000e+03,6.343000000000000000e+03,-6.529000000000000000e+03,-6.529000000000000000e+03,-6.596000000000000000e+03
-6.564000000000000000e+03,6.345000000000000000e+03,-6.116000000000000000e+03,-6.116000000000000000e+03,-6.541000000000000000e+03
-6.570000000000000000e+03,6.354000000000000000e+03,3.201000000000000000e+03,3.201000000000000000e+03,-6.551000000000000000e+03
-6.556000000000000000e+03,6.325000000000000000e+03,6.354000000000000000e+03,6.354000000000000000e+03,-6.529000000000000000e+03
-6.580000000000000000e+03,6.236000000000000000e+03,6.344000000000000000e+03,6.344000000000000000e+03,-6.116000000000000000e+03
-6.353000000000000000e+03,-9.660000000000000000e+02,6.343000000000000000e+03,6.343000000000000000e+03,3.201000000000000000e+03
2.658000000000000000e+03,-6.678000000000000000e+03,6.345000000000000000e+03,6.345000000000000000e+03,6.354000000000000000e+03
6.298000000000000000e+03,-6.555000000000000000e+03,6.354000000000000000e+03,6.354000000000000000e+03,6.344000000000000000e+03
6.299000000000000000e+03,-6.520000000000000000e+03,6.325000000000000000e+03,6.325000000000000000e+03,6.343000000000000000e+03
6.323000000000000000e+03,-6.531000000000000000e+03,6.236000000000000000e+03,6.236000000000000000e+03,6.345000000000000000e+03
6.319000000000000000e+03,-6.526000000000000000e+03,-9.660000000000000000e+02,-9.660000000000000000e+02,6.354000000000000000e+03
6.312000000000000000e+03,-6.029000000000000000e+03,-6.678000000000000000e+03,-6.678000000000000000e+03,6.325000000000000000e+03
3.739000000000000000e+03,3.641000000000000000e+03,-6.555000000000000000e+03,-6.555000000000000000e+03,6.236000000000000000e+03
-5.993000000000000000e+03,6.324000000000000000e+03,-6.520000000000000000e+03,-6.520000000000000000e+03,-9.660000000000000000e+02
-6.596000000000000000e+03,6.283000000000000000e+03,-6.531000000000000000e+03,-6.531000000000000000e+03,-6.678000000000000000e+03
-6.599000000000000000e+03,6.336000000000000000e+03,-6.526000000000000000e+03,-6.526000000000000000e+03,-6.555000000000000000e+03
-6.554000000000000000e+03,6.326000000000000000e+03,-6.029000000000000000e+03,-6.029000000000000000e+03,-6.520000000000000000e+03
-6.543000000000000000e+03,6.340000000000000000e+03,3.641000000000000000e+03,3.641000000000000000e+03,-6.531000000000000000e+03
-6.546000000000000000e+03,6.356000000000000000e+03,6.324000000000000000e+03,6.324000000000000000e+03,-6.526000000000000000e+03
-3.782000000000000000e+03,6.203000000000000000e+03,6.283000000000000000e+03,6.283000000000000000e+03,-6.029000000000000000e+03
5.118000000000000000e+03,-2.976000000000000000e+03,6.336000000000000000e+03,6.336000000000000000e+03,3.641000000000000000e+03
6.297000000000000000e+03,-6.633000000000000000e+03,6.326000000000000000e+03,6.326000000000000000e+03,6.324000000000000000e+03
6.278000000000000000e+03,-6.566000000000000000e+03,6.340000000000000000e+03,6.340000000000000000e+03,6.283000000000000000e+03
6.305000000000000000e+03,-6.566000000000000000e+03,6.356000000000000000e+03,6.356000000000000000e+03,6.336000000000000000e+03
6.303000000000000000e+03,-6.551000000000000000e+03,6.203000000000000000e+03,6.203000000000000000e+03,6.326000000000000000e+03
6.310000000000000000e+03,-6.581000000000000000e+03,-2.976000000000000000e+03,-2.976000000000000000e+03,6.340000000000000000e+03
6.125000000000000000e+03,-2.962000000000000000e+03,-6.633000000000000000e+03,-6.633000000000000000e+03,6.356000000000000000e+03
-3.231000000000000000e+03,6.064000000000000000e+03,-6.566000000000000000e+03,-6.566000000000000000e+03,6.203000000000000000e+03
-6.635000000000000000e+03,6.295000000000000000e+03,-6.566000000000000000e+03,-6.566000000000000000e+03,-2.976000000000000000e+03
-6.572000000000000000e+03,6.321000000000000000e+03,-6.551000000000000000e+03,-6.551000000000000000e+03,-6.633000000000000000e+03
-6.546000000000000000e+03,6.334000000000000000e+03,-6.581000000000000000e+03,-6.581000000000000000e+03,-6.566000000000000000e+03
-6.561000000000000000e+03,6.335000000000000000e+03,-2.962000000000000000e+03,-2.962000000000000000e+03,-6.566000000000000000e+03
-6.541000000000000000e+03,6.329000000000000000e+03,6.064000000000000000e+03,6.064000000000000000e+03,-6.551000000000000000e+03
-1.077000000000000000e+03,6.146000000000000000e+03,6.295000000000000000e+03,6.295000000000000000e+03,-6.581000000000000000e+03
6.300000000000000000e+03,-2.042000000000000000e+03,6.321000000000000000e+03,6.321000000000000000e+03,-2.962000000000000000e+03
6.275000000000000000e+03,-6.710000000000000000e+03,6.334000000000000000e+03,6.334000000000000000e+03,6.064000000000000000e+03
6.279000000000000000e+03,-6.609000000000000000e+03,6.335000000000000000e+03,6.335000000000000000e+03,6.295000000000000000e+03
6.310000000000000000e+03,-6.557000000000000000e+03,6.329000000000000000e+03,6.329000000000000000e+03,6.321000000000000000e+03
6.315000000000000000e+03,-6.538000000000000000e+03,6.146000000000000000e+03,6.146000000000000000e+03,6.334000000000000000e+03
6.339000000000000000e+03,-6.546000000000000000e+03,-2.042000000000000000e+03,-2.042000000000000000e+03,6.335000000000000000e+03
6.319000000000000000e+03,-6.259000000000000000e+03,-6.710000000000000000e+03,-6.710000000000000000e+03,6.329000000000000000e+03
1.242000000000000000e+03,3.514000000000000000e+03,-6.609000000000000000e+03,-6.609000000000000000e+03,6.146000000000000000e+03
-6.525000000000000000e+03,6.324000000000000000e+03,-6.557000000000000000e+03,-6.557000000000000000e+03,-2.042000000000000000e+03
-6.584000000000000000e+03,6.286000000000000000e+03,-6.538000000000000000e+03,-6.538000000000000000e+03,-6.710000000000000000e+03
-6.587000000000000000e+03,6.311000000000000000e+03,-6.546000000000000000e+03,-6.546000000000000000e+03,-6.609000000000000000e+03
-6.566000000000000000e+03,6.310000000000000000e+03,-6.259000000000000000e+03,-6.259000000000000000e+03,-6.557000000000000000e+03
-6.565000000000000000e+03,6.319000000000000000e+03,3.514000000000000000e+03,3.514000000000000000e+03,-6.538000000000000000e+03
-6.557000000000000000e+03,6.311000000000000000e+03,6.324000000000000000e+03,6.324000000000000000e+03,-6.546000000000000000e+03
-3.077000000000000000e+03,2.205000000000000000e+03,6.286000000000000000e+03,6.286000000000000000e+03,-6.259000000000000000e+03
5.676000000000000000e+03,-6.285000000000000000e+03,6.311000000000000000e+03,6.311000000000000000e+03,3.514000000000000000e+03
6.311000000000000000e+03,-6.599000000000000000e+03,6.310000000000000000e+03,6.310000000000000000e+03,6.324000000000000000e+03
6.283000000000000000e+03,-6.562000000000000000e+03,6.319000000000000000e+03,6.319000000000000000e+03,6.286000000000000000e+03
6.314000000000000000e+03,-6.563000000000000000e+03,6.311000000000000000e+03,6.311000000000000000e+03,6.311000000000000000e+03
6.315000000000000000e+03,-6.549000000000000000e+03,2.205000000000000000e+03,2.205000000000000000e+03,6.310000000000000000e+03
6.319000000000000000e+03,-6.562000000000000000e+03,-6.285000000000000000e+03,-6.285000000000000000e+03,6.319000000000000000e+03
6.117000000000000000e+03,-3.742000000000000000e+03,-6.599000000000000000e+03,-6.599000000000000000e+03,6.311000000000000000e+03
-2.603000000000000000e+03,5.495000000000000000e+03,-6.562000000000000000e+03,-6.562000000000000000e+03,2.205000000000000000e+03
-6.666000000000000000e+03,6.281000000000000000e+03,-6.563000000000000000e+03,-6.563000000000000000e+03,-6.285000000000000000e+03
-6.586000000000000000e+03,6.283000000000000000e+03,-6.549000000000000000e+03,-6.549000000000000000e+03,-6.599000000000000000e+03
-6.568000000000000000e+03,6.312000000000000000e+03,-6.562000000000000000e+03,-6.562000000000000000e+03,-6.562000000000000000e+03
-6.553000000000000000e+03,6.319000000000000000e+03,-3.742000000000000000e+03,-3.742000000000000000e+03,-6.563000000000000000e+03
-6.530000000000000000e+03,6.311000000000000000e+03,5.495000000000000000e+03,5.495000000000000000e+03,-6.549000000000000000e+03
-5.612000000000000000e+03,6.303000000000000000e+03,6.281000000000000000e+03,6.281000000000000000e+03,-6.562000000000000000e+03
3.852000000000000000e+03,-4.750000000000000000e+02,6.283000000000000000e+03,6.283000000000000000e+03,-3.742000000000000000e+03
6.271000000000000000e+03,-6.667000000000000000e+03,6.312000000000000000e+03,6.312000000000000000e+03,5.495000000000000000e+03
6.290000000000000000e+03,-6.585000000000000000e+03,6.319000000000000000e+03,6.319000000000000000e+03,6.281000000000000000e+03
6.283000000000000000e+03,-6.564000000000000000e+03,6.311000000000000000e+03,6.311000000000000000e+03,6.283000000000000000e+03
6.307000000000000000e+03,-6.570000000000000000e+03,6.303000000000000000e+03,6.303000000000000000e+03,6.312000000000000000e+03
6.311000000000000000e+03,-6.556000000000000000e+03,-4.750000000000000000e+02,-4.750000000000000000e+02,6.319000000000000000e+03
6.315000000000000000e+03,-6.580000000000000000e+03,-6.667000000000000000e+03,-6.667000000000000000e+03,6.311000000000000000e+03
2.838000000000000000e+03,-6.353000000000000000e+03,-6.585000000000000000e+03,-6.585000000000000000e+03,6.303000000000000000e+03
-6.145000000000000000e+03,2.658000000000000000e+03,-6.564000000000000000e+03,-6.564000000000000000e+03,-4.750000000000000000e+02
-6.587000000000000000e+03,6.298000000000000000e+03,-6.570000000000000000e+03,-6.570000000000000000e+03,-6.667000000000000000e+03
-6.587000000000000000e+03,6.299000000000000000e+03,-6.556000000000000000e+03,-6.556000000000000000e+03,-6.585000000000000000e+03
-6.564000000000000000e+03,6.323000000000000000e+03,-6.580000000000000000e+03,-6.580000000000000000e+03,-6.564000000000000000e+03
-6.587000000000000000e+03,6.319000000000000000e+03,-6.353000000000000000e+03,-6.353000000000000000e+03,-6.570000000000000000e+03
-6.397000000000000000e+03,6.312000000000000000e+03,2.658000000000000000e+03,2.658000000000000000e+03,-6.556000000000000000e+03
-1.070000000000000000e+03,3.739000000000000000e+03,6.298000000000000000e+03,6.298000000000000000e+03,-6.580000000000000000e+03
6.334000000000000000e+03,-5.993000000000000000e+03,6.299000000000000000e+03,6.299000000000000000e+03,-6.353000000000000000e+03
6.270000000000000000e+03,-6.596000000000000000e+03,6.323000000000000000e+03,6.323000000000000000e+03,2.658000000000000000e+03
6.275000000000000000e+03,-6.599000000000000000e+03,6.319000000000000000e+03,6.319000000000000000e+03,6.298000000000000000e+03
6.330000000000000000e+03,-6.554000000000000000e+03,6.312000000000000000e+03,6.312000000000000000e+03,6.299000000000000000e+03
6.311000000000000000e+03,-6.543000000000000000e+03,3.739000000000000000e+03,3.739000000000000000e+03,6.323000000000000000e+03
6.340000000000000000e+03,-6.546000000000000000e+03,-5.993000000000000000e+03,-5.993000000000000000e+03,6.319000000000000000e+03
6.126000000000000000e+03,-3.782000000000000000e+03,-6.596000000000000000e+03,-6.596000000000000000e+03,6.312000000000000000e+03
-2.994000000000000000e+03,5.118000000000000000e+03,-6.599000000000000000e+03,-6.599000000000000000e+03,3.739000000000000000e+03
-6.672000000000000000e+03,6.297000000000000000e+03,-6.554000000000000000e+03,-6.554000000000000000e+03,-5.993000000000000000e+03
-6.589000000000000000e+03,6.278000000000000000e+03,-6.543000000000000000e+03,-6.543000000000000000e+03,-6.596000000000000000e+03
-6.600000000000000000e+03,6.305000000000000000e+03,-6.546000000000000000e+03,-6.546000000000000000e+03,-6.599000000000000000e+03
-6.571000000000000000e+03,6.303000000000000000e+03,-3.782000000000000000e+03,-3.782000000000000000e+03,-6.554000000000000000e+03
-6.563000000000000000e+03,6.310000000000000000e+03,5.118000000000000000e+03,5.118000000000000000e+03,-6.543000000000000000e+03
-6.396000000000000000e+03,6.125000000000000000e+03,6.297000000000000000e+03,6.297000000000000000e+03,-6.546000000000000000e+03
2.059000000000000000e+03,-3.231000000000000000e+03,6.278000000000000000e+03,6.278000000000000000e+03,-3.782000000000000000e+03
6.324000000000000000e+03,-6.635000000000000000e+03,6.305000000000000000e+03,6.305000000000000000e+03,5.118000000000000000e+03
6.313000000000000000e+03,-6.572000000000000000e+03,6.303000000000000000e+03,6.303000000000000000e+03,6.297000000000000000e+03
6.288000000000000000e+03,-6.546000000000000000e+03,6.310000000000000000e+03,6.310000000000000000e+03,6.278000000000000000e+03
6.300000000000000000e+03,-6.561000000000000000e+03,6.125000000000000000e+03,6.125000000000000000e+03,6.305000000000000000e+03
6.267000000000000000e+03,-6.541000000000000000e+03,-3.231000000000000000e+03,-3.231000000000000000e+03,6.303000000000000000e+03
6.310000000000000000e+03,-1.077000000000000000e+03,-6.635000000000000000e+03,-6.635000000000000000e+03,6.310000000000000000e+03
1.727000000000000000e+03,6.300000000000000000e+03,-6.572000000000000000e+03,-6.572000000000000000e+03,6.125000000000000000e+03
-6.430000000000000000e+03,6.275000000000000000e+03,-6.546000000000000000e+03,-6.546000000000000000e+03,-3.231000000000000000e+03
-6.606000000000000000e+03,6.279000000000000000e+03,-6.561000000000000000e+03,-6.561000000000000000e+03,-6.635000000000000000e+03
-6.591000000000000000e+03,6.310000000000000000e+03,-6.541000000000000000e+03,-6.541000000000000000e+03,-6.572000000000000000e+03
-6.542000000000000000e+03,6.315000000000000000e+03,-1.077000000000000000e+03,-1.077000000000000000e+03,-6.546000000000000000e+03
-6.556000000000000000e+03,6.339000000000000000e+03,6.300000000000000000e+03,6.300000000000000000e+03,-6.561000000000000000e+03
-6.541000000000000000e+03,6.319000000000000000e+03,6.275000000000000000e+03,6.275000000000000000e+03,-6.541000000000000000e+03
-1.934000000000000000e+03,1.242000000000000000e+03,6.279000000000000000e+03,6.279000000000000000e+03,-1.077000000000000000e+03
6.273000000000000000e+03,-6.525000000000000000e+03,6.310000000000000000e+03,6.310000000000000000e+03,6.300000000000000000e+03
6.223000000000000000e+03,-6.584000000000000000e+03,6.315000000000000000e+03,6.315000000000000000e+03,6.275000000000000000e+03
6.271000000000000000e+03,-6.587000000000000000e+03,6.339000000000000000e+03,6.339000000000000000e+03,6.279000000000000000e+03
6.275000000000000000e+03,-6.566000000000000000e+03,6.319000000000000000e+03,6.319000000000000000e+03,6.310000000000000000e+03
6.297000000000000000e+03,-6.565000000000000000e+03,1.242000000000000000e+03,1.242000000000000000e+03,6.315000000000000000e+03
6.306000000000000000e+03,-6.557000000000000000e+03,-6.525000000000000000e+03,-6.525000000000000000e+03,6.339000000000000000e+03
6.165000000000000000e+03,-3.077000000000000000e+03,-6.584000000000000000e+03,-6.584000000000000000e+03,6.319000000000000000e+03
-9.770000000000000000e+02,5.676000000000000000e+03,-6.587000000000000000e+03,-6.587000000000000000e+03,1.242000000000000000e+03
-6.701000000000000000e+03,6.311000000000000000e+03,-6.566000000000000000e+03,-6.566000000000000000e+03,-6.525000000000000000e+03
-6.570000000000000000e+03,6.283000000000000000e+03,-6.565000000000000000e+03,-6.565000000000000000e+03,-6.584000000000000000e+03
-6.585000000000000000e+03,6.314000000000000000e+03,-6.557000000000000000e+03,-6.557000000000000000e+03,-6.587000000000000000e+03
-6.571000000000000000e+03,6.315000000000000000e+03,-3.077000000000000000e+03,-3.077000000000000000e+03,-6.566000000000000000e+03
-6.596000000000000000e+03,6.319000000000000000e+03,5.676000000000000000e+03,5.676000000000000000e+03,-6.565000000000000000e+03
-6.362000000000000000e+03,6.117000000000000000e+03,6.311000000000000000e+03,6.311000000000000000e+03,-6.557000000000000000e+03
-7.000000000000000000e+01,-2.603000000000000000e+03,6.283000000000000000e+03,6.283000000000000000e+03,-3.077000000000000000e+03
6.363000000000000000e+03,-6.666000000000000000e+03,6.314000000000000000e+03,6.314000000000000000e+03,5.676000000000000000e+03
6.269000000000000000e+03,-6.586000000000000000e+03,6.315000000000000000e+03,6.315000000000000000e+03,6.311000000000000000e+03
6.273000000000000000e+03,-6.568000000000000000e+03,6.319000000000000000e+03,6.319000000000000000e+03,6.283000000000000000e+03
6.339000000000000000e+03,-6.553000000000000000e+03,6.117000000000000000e+03,6.117000000000000000e+03,6.314000000000000000e+03
6.308000000000000000e+03,-6.530000000000000000e+03,-2.603000000000000000e+03,-2.603000000000000000e+03,6.315000000000000000e+03
6.340000000000000000e+03,-5.612000000000000000e+03,-6.666000000000000000e+03,-6.666000000000000000e+03,6.319000000000000000e+03
6.030000000000000000e+03,3.852000000000000000e+03,-6.586000000000000000e+03,-6.586000000000000000e+03,6.117000000000000000e+03
-5.227000000000000000e+03,6.271000000000000000e+03,-6.568000000000000000e+03,-6.568000000000000000e+03,-2.603000000000000000e+03
-6.655000000000000000e+03,6.290000000000000000e+03,-6.553000000000000000e+03,-6.553000000000000000e+03,-6.666000000000000000e+03
-6.598000000000000000e+03,6.283000000000000000e+03,-6.530000000000000000e+03,-6.530000000000000000e+03,-6.586000000000000000e+03
-6.604000000000000000e+03,6.307000000000000000e+03,-5.612000000000000000e+03,-5.612000000000000000e+03,-6.568000000000000000e+03
-6.576000000000000000e+03,6.311000000000000000e+03,3.852000000000000000e+03,3.852000000000000000e+03,-6.553000000000000000e+03
-6.565000000000000000e+03,6.315000000000000000e+03,6.271000000000000000e+03,6.271000000000000000e+03,-6.530000000000000000e+03
-6.389000000000000000e+03,2.838000000000000000e+03,6.290000000000000000e+03,6.290000000000000000e+03,-5.612000000000000000e+03
2.478000000000000000e+03,-6.145000000000000000e+03,6.283000000000000000e+03,6.283000000000000000e+03,3.852000000000000000e+03
6.309000000000000000e+03,-6.587000000000000000e+03,6.307000000000000000e+03,6.307000000000000000e+03,6.271000000000000000e+03
6.304000000000000000e+03,-6.587000000000000000e+03,6.311000000000000000e+03,6.311000000000000000e+03,6.290000000000000000e+03
6.283000000000000000e+03,-6.564000000000000000e+03,6.315000000000000000e+03,6.315000000000000000e+03,6.283000000000000000e+03
6.294000000000000000e+03,-6.587000000000000000e+03,2.838000000000000000e+03,2.838000000000000000e+03,6.307000000000000000e+03
6.259000000000000000e+03,-6.397000000000000000e+03,-6.145000000000000000e+03,-6.145000000000000000e+03,6.311000000000000000e+03
6.255000000000000000e+03,-1.070000000000000000e+03,-6.587000000000000000e+03,-6.587000000000000000e+03,6.315000000000000000e+03
-1.115000000000000000e+03,6.334000000000000000e+03,-6.587000000000000000e+03,-6.587000000000000000e+03,2.838000000000000000e+03
-6.701000000000000000e+03,6.270000000000000000e+03,-6.564000000000000000e+03,-6.564000000000000000e+03,-6.145000000000000000e+03
-6.587000000000000000e+03,6.275000000000000000e+03,-6.587000000000000000e+03,-6.587000000000000000e+03,-6.587000000000000000e+03
-6.587000000000000000e+03,6.330000000000000000e+03,-6.397000000000000000e+03,-6.397000000000000000e+03,-6.587000000000000000e+03
-6.526000000000000000e+03,6.311000000000000000e+03,-1.070000000000000000e+03,-1.070000000000000000e+03,-6.564000000000000000e+03
-6.556000000000000000e+03,6.340000000000000000e+03,6.334000000000000000e+03,6.334000000000000000e+03,-6.587000000000000000e+03
-6.556000000000000000e+03,6.126000000000000000e+03,6.270000000000000000e+03,6.270000000000000000e+03,-6.397000000000000000e+03
-3.261000000000000000e+03,-2.994000000000000000e+03,6.275000000000000000e+03,6.275000000000000000e+03,-1.070000000000000000e+03
6.002000000000000000e+03,-6.672000000000000000e+03,6.330000000000000000e+03,6.330000000000000000e+03,6.334000000000000000e+03
6.232000000000000000e+03,-6.589000000000000000e+03,6.311000000000000000e+03,6.311000000000000000e+03,6.270000000000000000e+03
6.265000000000000000e+03,-6.600000000000000000e+03,6.340000000000000000e+03,6.340000000000000000e+03,6.275000000000000000e+03
6.284000000000000000e+03,-6.571000000000000000e+03,6.126000000000000000e+03,6.126000000000000000e+03,6.330000000000000000e+03
6.297000000000000000e+03,-6.563000000000000000e+03,-2.994000000000000000e+03,-2.994000000000000000e+03,6.311000000000000000e+03
6.314000000000000000e+03,-6.396000000000000000e+03,-6.672000000000000000e+03,-6.672000000000000000e+03,6.340000000000000000e+03
3.349000000000000000e+03,2.059000000000000000e+03,-6.589000000000000000e+03,-6.589000000000000000e+03,6.126000000000000000e+03
-6.113000000000000000e+03,6.324000000000000000e+03,-6.600000000000000000e+03,-6.600000000000000000e+03,-2.994000000000000000e+03
-6.601000000000000000e+03,6.313000000000000000e+03,-6.571000000000000000e+03,-6.571000000000000000e+03,-6.672000000000000000e+03
-6.572000000000000000e+03,6.288000000000000000e+03,-6.563000000000000000e+03,-6.563000000000000000e+03,-6.589000000000000000e+03
-6.579000000000000000e+03,6.300000000000000000e+03,-6.396000000000000000e+03,-6.396000000000000000e+03,-6.600000000000000000e+03
-6.574000000000000000e+03,6.267000000000000000e+03,2.059000000000000000e+03,2.059000000000000000e+03,-6.571000000000000000e+03
-6.589000000000000000e+03,6.310000000000000000e+03,6.324000000000000000e+03,6.324000000000000000e+03,-6.563000000000000000e+03
-5.683000000000000000e+03,1.727000000000000000e+03,6.313000000000000000e+03,6.313000000000000000e+03,-6.396000000000000000e+03
3.961000000000000000e+03,-6.430000000000000000e+03,6.288000000000000000e+03,6.288000000000000000e+03,2.059000000000000000e+03
6.290000000000000000e+03,-6.606000000000000000e+03,6.300000000000000000e+03,6.300000000000000000e+03,6.324000000000000000e+03
6.294000000000000000e+03,-6.591000000000000000e+03,6.267000000000000000e+03,6.267000000000000000e+03,6.313000000000000000e+03
6.291000000000000000e+03,-6.542000000000000000e+03,6.310000000000000000e+03,6.310000000000000000e+03,6.288000000000000000e+03
6.367000000000000000e+03,-6.556000000000000000e+03,1.727000000000000000e+03,1.727000000000000000e+03,6.300000000000000000e+03
6.317000000000000000e+03,-6.541000000000000000e+03,-6.430000000000000000e+03,-6.430000000000000000e+03,6.267000000000000000e+03
6.144000000000000000e+03,-1.934000000000000000e+03,-6.606000000000000000e+03,-6.606000000000000000e+03,6.310000000000000000e+03
-2.129000000000000000e+03,6.273000000000000000e+03,-6.591000000000000000e+03,-6.591000000000000000e+03,1.727000000000000000e+03
-6.707000000000000000e+03,6.223000000000000000e+03,-6.542000000000000000e+03,-6.542000000000000000e+03,-6.430000000000000000e+03
-6.621000000000000000e+03,6.271000000000000000e+03,-6.556000000000000000e+03,-6.556000000000000000e+03,-6.606000000000000000e+03
-6.577000000000000000e+03,6.275000000000000000e+03,-6.541000000000000000e+03,-6.541000000000000000e+03,-6.591000000000000000e+03
-6.583000000000000000e+03,6.297000000000000000e+03,-1.934000000000000000e+03,-1.934000000000000000e+03,-6.542000000000000000e+03
-6.559000000000000000e+03,6.306000000000000000e+03,6.273000000000000000e+03,6.273000000000000000e+03,-6.556000000000000000e+03
-6.377000000000000000e+03,6.165000000000000000e+03,6.223000000000000000e+03,6.223000000000000000e+03,-6.541000000000000000e+03
2.156000000000000000e+03,-9.770000000000000000e+02,6.271000000000000000e+03,6.271000000000000000e+03,-1.934000000000000000e+03
6.384000000000000000e+03,-6.701000000000000000e+03,6.275000000000000000e+03,6.275000000000000000e+03,6.273000000000000000e+03
6.290000000000000000e+03,-6.570000000000000000e+03,6.297000000000000000e+03,6.297000000000000000e+03,6.223000000000000000e+03
6.313000000000000000e+03,-6.585000000000000000e+03,6.306000000000000000e+03,6.306000000000000000e+03,6.271000000000000000e+03
6.298000000000000000e+03,-6.571000000000000000e+03,6.165000000000000000e+03,6.165000000000000000e+03,6.275000000000000000e+03
6.306000000000000000e+03,-6.596000000000000000e+03,-9.770000000000000000e+02,-9.770000000000000000e+02,6.297000000000000000e+03
6.274000000000000000e+03,-6.362000000000000000e+03,-6.701000000000000000e+03,-6.701000000000000000e+03,6.306000000000000000e+03
2.225000000000000000e+03,-7.000000000000000000e+01,-6.570000000000000000e+03,-6.570000000000000000e+03,6.165000000000000000e+03
-6.308000000000000000e+03,6.363000000000000000e+03,-6.585000000000000000e+03,-6.585000000000000000e+03,-9.770000000000000000e+02
-6.608000000000000000e+03,6.269000000000000000e+03,-6.571000000000000000e+03,-6.571000000000000000e+03,-6.701000000000000000e+03
-6.579000000000000000e+03,6.273000000000000000e+03,-6.596000000000000000e+03,-6.596000000000000000e+03,-6.570000000000000000e+03
-6.582000000000000000e+03,6.339000000000000000e+03,-6.362000000000000000e+03,-6.362000000000000000e+03,-6.585000000000000000e+03
-6.516000000000000000e+03,6.308000000000000000e+03,-7.000000000000000000e+01,-7.000000000000000000e+01,-6.571000000000000000e+03
-6.424000000000000000e+03,6.340000000000000000e+03,6.363000000000000000e+03,6.363000000000000000e+03,-6.596000000000000000e+03
-9.200000000000000000e+02,6.030000000000000000e+03,6.269000000000000000e+03,6.269000000000000000e+03,-6.362000000000000000e+03
6.332000000000000000e+03,-5.227000000000000000e+03,6.273000000000000000e+03,6.273000000000000000e+03,-7.000000000000000000e+01
6.257000000000000000e+03,-6.655000000000000000e+03,6.339000000000000000e+03,6.339000000000000000e+03,6.363000000000000000e+03
6.245000000000000000e+03,-6.598000000000000000e+03,6.308000000000000000e+03,6.308000000000000000e+03,6.269000000000000000e+03
6.284000000000000000e+03,-6.604000000000000000e+03,6.340000000000000000e+03,6.340000000000000000e+03,6.273000000000000000e+03
6.303000000000000000e+03,-6.576000000000000000e+03,6.030000000000000000e+03,6.030000000000000000e+03,6.339000000000000000e+03
6.309000000000000000e+03,-6.565000000000000000e+03,-5.227000000000000000e+03,-5.227000000000000000e+03,6.308000000000000000e+03
6.111000000000000000e+03,-6.389000000000000000e+03,-6.655000000000000000e+03,-6.655000000000000000e+03,6.340000000000000000e+03
-4.232000000000000000e+03,2.478000000000000000e+03,-6.598000000000000000e+03,-6.598000000000000000e+03,6.030000000000000000e+03
-6.585000000000000000e+03,6.309000000000000000e+03,-6.604000000000000000e+03,-6.604000000000000000e+03,-5.227000000000000000e+03
-6.588000000000000000e+03,6.304000000000000000e+03,-6.576000000000000000e+03,-6.576000000000000000e+03,-6.655000000000000000e+03
-6.582000000000000000e+03,6.283000000000000000e+03,-6.565000000000000000e+03,-6.565000000000000000e+03,-6.598000000000000000e+03
-6.577000000000000000e+03,6.294000000000000000e+03,-6.389000000000000000e+03,-6.389000000000000000e+03,-6.604000000000000000e+03
-6.578000000000000000e+03,6.259000000000000000e+03,2.478000000000000000e+03,2.478000000000000000e+03,-6.576000000000000000e+03
-6.427000000000000000e+03,6.255000000000000000e+03,6.309000000000000000e+03,6.309000000000000000e+03,-6.565000000000000000e+03
1.925000000000000000e+03,-1.115000000000000000e+03,6.304000000000000000e+03,6.304000000000000000e+03,-6.389000000000000000e+03
6.327000000000000000e+03,-6.701000000000000000e+03,6.283000000000000000e+03,6.283000000000000000e+03,2.478000000000000000e+03
6.282000000000000000e+03,-6.587000000000000000e+03,6.294000000000000000e+03,6.294000000000000000e+03,6.309000000000000000e+03
6.305000000000000000e+03,-6.587000000000000000e+03,6.259000000000000000e+03,6.259000000000000000e+03,6.304000000000000000e+03
6.295000000000000000e+03,-6.526000000000000000e+03,6.255000000000000000e+03,6.255000000000000000e+03,6.283000000000000000e+03
6.365000000000000000e+03,-6.556000000000000000e+03,-1.115000000000000000e+03,-1.115000000000000000e+03,6.294000000000000000e+03
6.138000000000000000e+03,-6.556000000000000000e+03,-6.701000000000000000e+03,-6.701000000000000000e+03,6.259000000000000000e+03
-1.327000000000000000e+03,-3.261000000000000000e+03,-6.587000000000000000e+03,-6.587000000000000000e+03,6.255000000000000000e+03
-6.715000000000000000e+03,6.002000000000000000e+03,-6.587000000000000000e+03,-6.587000000000000000e+03,-1.115000000000000000e+03
-6.604000000000000000e+03,6.232000000000000000e+03,-6.526000000000000000e+03,-6.526000000000000000e+03,-6.701000000000000000e+03
-6.585000000000000000e+03,6.265000000000000000e+03,-6.556000000000000000e+03,-6.556000000000000000e+03,-6.587000000000000000e+03
-6.573000000000000000e+03,6.284000000000000000e+03,-6.556000000000000000e+03,-6.556000000000000000e+03,-6.587000000000000000e+03
-6.544000000000000000e+03,6.297000000000000000e+03,-3.261000000000000000e+03,-3.261000000000000000e+03,-6.526000000000000000e+03
-6.548000000000000000e+03,6.314000000000000000e+03,6.002000000000000000e+03,6.002000000000000000e+03,-6.556000000000000000e+03
-1.964000000000000000e+03,3.349000000000000000e+03,6.232000000000000000e+03,6.232000000000000000e+03,-6.556000000000000000e+03
6.274000000000000000e+03,-6.113000000000000000e+03,6.265000000000000000e+03,6.265000000000000000e+03,-3.261000000000000000e+03
6.304000000000000000e+03,-6.601000000000000000e+03,6.284000000000000000e+03,6.284000000000000000e+03,6.002000000000000000e+03
6.289000000000000000e+03,-6.572000000000000000e+03,6.297000000000000000e+03,6.297000000000000000e+03,6.232000000000000000e+03
6.279000000000000000e+03,-6.579000000000000000e+03,6.314000000000000000e+03,6.314000000000000000e+03,6.265000000000000000e+03
6.297000000000000000e+03,-6.574000000000000000e+03,3.349000000000000000e+03,3.349000000000000000e+03,6.284000000000000000e+03
6.294000000000000000e+03,-6.589000000000000000e+03,-6.113000000000000000e+03,-6.113000000000000000e+03,6.297000000000000000e+03
5.686000000000000000e+03,-5.683000000000000000e+03,-6.601000000000000000e+03,-6.601000000000000000e+03,6.314000000000000000e+03
-5.405000000000000000e+03,3.961000000000000000e+03,-6.572000000000000000e+03,-6.572000000000000000e+03,3.349000000000000000e+03
-6.609000000000000000e+03,6.290000000000000000e+03,-6.579000000000000000e+03,-6.579000000000000000e+03,-6.113000000000000000e+03
-6.583000000000000000e+03,6.294000000000000000e+03,-6.574000000000000000e+03,-6.574000000000000000e+03,-6.601000000000000000e+03
-6.569000000000000000e+03,6.291000000000000000e+03,-6.589000000000000000e+03,-6.589000000000000000e+03,-6.572000000000000000e+03
-6.571000000000000000e+03,6.367000000000000000e+03,-5.683000000000000000e+03,-5.683000000000000000e+03,-6.579000000000000000e+03
-6.555000000000000000e+03,6.317000000000000000e+03,3.961000000000000000e+03,3.961000000000000000e+03,-6.574000000000000000e+03
-5.883000000000000000e+03,6.144000000000000000e+03,6.290000000000000000e+03,6.290000000000000000e+03,-6.589000000000000000e+03
3.935000000000000000e+03,-2.129000000000000000e+03,6.294000000000000000e+03,6.294000000000000000e+03,-5.683000000000000000e+03
6.289000000000000000e+03,-6.707000000000000000e+03,6.291000000000000000e+03,6.291000000000000000e+03,3.961000000000000000e+03
6.270000000000000000e+03,-6.621000000000000000e+03,6.367000000000000000e+03,6.367000000000000000e+03,6.290000000000000000e+03
6.292000000000000000e+03,-6.577000000000000000e+03,6.317000000000000000e+03,6.317000000000000000e+03,6.294000000000000000e+03
6.302000000000000000e+03,-6.583000000000000000e+03,6.144000000000000000e+03,6.144000000000000000e+03,6.291000000000000000e+03
6.095000000000000000e+03,-6.559000000000000000e+03,-2.129000000000000000e+03,-2.129000000000000000e+03,6.367000000000000000e+03
-5.273000000000000000e+03,-6.377000000000000000e+03,-6.707000000000000000e+03,-6.707000000000000000e+03,6.317000000000000000e+03
-6.595000000000000000e+03,2.156000000000000000e+03,-6.621000000000000000e+03,-6.621000000000000000e+03,6.144000000000000000e+03
-6.581000000000000000e+03,6.384000000000000000e+03,-6.577000000000000000e+03,-6.577000000000000000e+03,-2.129000000000000000e+03
-6.530000000000000000e+03,6.290000000000000000e+03,-6.583000000000000000e+03,-6.583000000000000000e+03,-6.707000000000000000e+03
-6.553000000000000000e+03,6.313000000000000000e+03,-6.559000000000000000e+03,-6.559000000000000000e+03,-6.621000000000000000e+03
-6.571000000000000000e+03,6.298000000000000000e+03,-6.377000000000000000e+03,-6.377000000000000000e+03,-6.577000000000000000e+03
-6.547000000000000000e+03,6.306000000000000000e+03,2.156000000000000000e+03,2.156000000000000000e+03,-6.583000000000000000e+03
-6.552000000000000000e+03,6.274000000000000000e+03,6.384000000000000000e+03,6.384000000000000000e+03,-6.559000000000000000e+03
-4.316000000000000000e+03,2.225000000000000000e+03,6.290000000000000000e+03,6.290000000000000000e+03,-6.377000000000000000e+03
5.605000000000000000e+03,-6.308000000000000000e+03,6.313000000000000000e+03,6.313000000000000000e+03,2.156000000000000000e+03
6.317000000000000000e+03,-6.608000000000000000e+03,6.298000000000000000e+03,6.298000000000000000e+03,6.384000000000000000e+03
6.307000000000000000e+03,-6.579000000000000000e+03,6.306000000000000000e+03,6.306000000000000000e+03,6.290000000000000000e+03
6.327000000000000000e+03,-6.582000000000000000e+03,6.274000000000000000e+03,6.274000000000000000e+03,6.313000000000000000e+03
6.261000000000000000e+03,-6.516000000000000000e+03,2.225000000000000000e+03,2.225000000000000000e+03,6.298000000000000000e+03
-8.200000000000000000e+02,-6.424000000000000000e+03,-6.308000000000000000e+03,-6.308000000000000000e+03,6.306000000000000000e+03
-6.658000000000000000e+03,-9.200000000000000000e+02,-6.608000000000000000e+03,-6.608000000000000000e+03,6.274000000000000000e+03
-6.548000000000000000e+03,6.332000000000000000e+03,-6.579000000000000000e+03,-6.579000000000000000e+03,2.225000000000000000e+03
-6.548000000000000000e+03,6.257000000000000000e+03,-6.582000000000000000e+03,-6.582000000000000000e+03,-6.308000000000000000e+03
-6.544000000000000000e+03,6.245000000000000000e+03,-6.516000000000000000e+03,-6.516000000000000000e+03,-6.608000000000000000e+03
-6.563000000000000000e+03,6.284000000000000000e+03,-6.424000000000000000e+03,-6.424000000000000000e+03,-6.579000000000000000e+03
-6.529000000000000000e+03,6.303000000000000000e+03,-9.200000000000000000e+02,-9.200000000000000000e+02,-6.582000000000000000e+03
-6.517000000000000000e+03,6.309000000000000000e+03,6.332000000000000000e+03,6.332000000000000000e+03,-6.516000000000000000e+03
-6.505000000000000000e+03,6.111000000000000000e+03,6.257000000000000000e+03,6.257000000000000000e+03,-6.424000000000000000e+03
-4.006000000000000000e+03,-4.232000000000000000e+03,6.245000000000000000e+03,6.245000000000000000e+03,-9.200000000000000000e+02
5.670000000000000000e+03,-6.585000000000000000e+03,6.284000000000000000e+03,6.284000000000000000e+03,6.332000000000000000e+03
6.394000000000000000e+03,-6.588000000000000000e+03,6.303000000000000000e+03,6.303000000000000000e+03,6.257000000000000000e+03
6.340000000000000000e+03,-6.582000000000000000e+03,6.309000000000000000e+03,6.309000000000000000e+03,6.245000000000000000e+03
6.372000000000000000e+03,-6.577000000000000000e+03,6.111000000000000000e+03,6.111000000000000000e+03,6.284000000000000000e+03
6.163000000000000000e+03,-6.578000000000000000e+03,-4.232000000000000000e+03,-4.232000000000000000e+03,6.303000000000000000e+03
-3.810000000000000000e+03,-6.427000000000000000e+03,-6.585000000000000000e+03,-6.585000000000000000e+03,6.309000000000000000e+03
-6.589000000000000000e+03,1.925000000000000000e+03,-6.588000000000000000e+03,-6.588000000000000000e+03,6.111000000000000000e+03
-6.527000000000000000e+03,6.327000000000000000e+03,-6.582000000000000000e+03,-6.582000000000000000e+03,-4.232000000000000000e+03
-6.533000000000000000e+03,6.282000000000000000e+03,-6.577000000000000000e+03,-6.577000000000000000e+03,-6.585000000000000000e+03
-6.507000000000000000e+03,6.305000000000000000e+03,-6.578000000000000000e+03,-6.578000000000000000e+03,-6.588000000000000000e+03
-6.502000000000000000e+03,6.295000000000000000e+03,-6.427000000000000000e+03,-6.427000000000000000e+03,-6.582000000000000000e+03
-6.497000000000000000e+03,6.365000000000000000e+03,1.925000000000000000e+03,1.925000000000000000e+03,-6.577000000000000000e+03
-6.446000000000000000e+03,6.138000000000000000e+03,6.327000000000000000e+03,6.327000000000000000e+03,-6.578000000000000000e+03
-6.471000000000000000e+03,-1.327000000000000000e+03,6.282000000000000000e+03,6.282000000000000000e+03,-6.427000000000000000e+03
-6.448000000000000000e+03,-6.715000000000000000e+03,6.305000000000000000e+03,6.305000000000000000e+03,1.925000000000000000e+03
-5.228000000000000000e+03,-6.604000000000000000e+03,6.295000000000000000e+03,6.295000000000000000e+03,6.327000000000000000e+03
5.038000000000000000e+03,-6.585000000000000000e+03,6.365000000000000000e+03,6.365000000000000000e+03,6.282000000000000000e+03
6.341000000000000000e+03,-6.573000000000000000e+03,6.138000000000000000e+03,6.138000000000000000e+03,6.305000000000000000e+03
5.780000000000000000e+02,-6.544000000000000000e+03,-1.327000000000000000e+03,-1.327000000000000000e+03,6.295000000000000000e+03
-5.317000000000000000e+03,-6.548000000000000000e+03,-6.715000000000000000e+03,-6.715000000000000000e+03,6.365000000000000000e+03
9.170000000000000000e+02,-1.964000000000000000e+03,-6.604000000000000000e+03,-6.604000000000000000e+03,6.138000000000000000e+03
-5.452000000000000000e+03,6.274000000000000000e+03,-6.585000000000000000e+03,-6.585000000000000000e+03,-1.327000000000000000e+03
-6.480000000000000000e+03,6.304000000000000000e+03,-6.573000000000000000e+03,-6.573000000000000000e+03,-6.715000000000000000e+03
-6.441000000000000000e+03,6.289000000000000000e+03,-6.544000000000000000e+03,-6.544000000000000000e+03,-6.604000000000000000e+03
-6.445000000000000000e+03,6.279000000000000000e+03,-6.548000000000000000e+03,-6.548000000000000000e+03,-6.585000000000000000e+03
-6.421000000000000000e+03,6.297000000000000000e+03,-1.964000000000000000e+03,-1.964000000000000000e+03,-6.573000000000000000e+03
-6.438000000000000000e+03,6.294000000000000000e+03,6.274000000000000000e+03,6.274000000000000000e+03,-6.544000000000000000e+03
-6.421000000000000000e+03,5.686000000000000000e+03,6.304000000000000000e+03,6.304000000000000000e+03,-6.548000000000000000e+03
-6.446000000000000000e+03,-5.405000000000000000e+03,6.289000000000000000e+03,6.289000000000000000e+03,-1.964000000000000000e+03
-6.416000000000000000e+03,-6.609000000000000000e+03,6.279000000000000000e+03,6.279000000000000000e+03,6.274000000000000000e+03
-6.228000000000000000e+03,-6.583000000000000000e+03,6.297000000000000000e+03,6.297000000000000000e+03,6.304000000000000000e+03
1.117000000000000000e+03,-6.569000000000000000e+03,6.294000000000000000e+03,6.294000000000000000e+03,6.289000000000000000e+03
-6.417000000000000000e+03,-6.571000000000000000e+03,5.686000000000000000e+03,5.686000000000000000e+03,6.279000000000000000e+03
-6.405000000000000000e+03,-6.555000000000000000e+03,-5.405000000000000000e+03,-5.405000000000000000e+03,6.297000000000000000e+03
-6.143000000000000000e+03,-5.883000000000000000e+03,-6.609000000000000000e+03,-6.609000000000000000e+03,6.294000000000000000e+03
2.066000000000000000e+03,3.935000000000000000e+03,-6.583000000000000000e+03,-6.583000000000000000e+03,5.686000000000000000e+03
5.550000000000000000e+03,6.289000000000000000e+03,-6.569000000000000000e+03,-6.569000000000000000e+03,-5.405000000000000000e+03
3.430000000000000000e+03,6.270000000000000000e+03,-6.571000000000000000e+03,-6.571000000000000000e+03,-6.609000000000000000e+03
-5.531000000000000000e+03,6.292000000000000000e+03,-6.555000000000000000e+03,-6.555000000000000000e+03,-6.583000000000000000e+03
-6.397000000000000000e+03,6.302000000000000000e+03,-5.883000000000000000e+03,-5.883000000000000000e+03,-6.569000000000000000e+03
-6.386000000000000000e+03,6.095000000000000000e+03,3.935000000000000000e+03,3.935000000000000000e+03,-6.571000000000000000e+03
-8.680000000000000000e+02,-5.273000000000000000e+03,6.289000000000000000e+03,6.289000000000000000e+03,-6.555000000000000000e+03
-3.698000000000000000e+03,-6.595000000000000000e+03,6.270000000000000000e+03,6.270000000000000000e+03,-5.883000000000000000e+03
-6.396000000000000000e+03,-6.581000000000000000e+03,6.292000000000000000e+03,6.292000000000000000e+03,3.935000000000000000e+03
-6.377000000000000000e+03,-6.530000000000000000e+03,6.302000000000000000e+03,6.302000000000000000e+03,6.289000000000000000e+03
-6.378000000000000000e+03,-6.553000000000000000e+03,6.095000000000000000e+03,6.095000000000000000e+03,6.270000000000000000e+03
-6.353000000000000000e+03,-6.571000000000000000e+03,-5.273000000000000000e+03,-5.273000000000000000e+03,6.292000000000000000e+03
-6.335000000000000000e+03,-6.547000000000000000e+03,-6.595000000000000000e+03,-6.595000000000000000e+03,6.302000000000000000e+03
-6.350000000000000000e+03,-6.552000000000000000e+03,-6.581000000000000000e+03,-6.581000000000000000e+03,6.095000000000000000e+03
-6.327000000000000000e+03,-4.316000000000000000e+03,-6.530000000000000000e+03,-6.530000000000000000e+03,-5.273000000000000000e+03
-6.202000000000000000e+03,5.605000000000000000e+03,-6.553000000000000000e+03,-6.553000000000000000e+03,-6.595000000000000000e+03
2.303000000000000000e+03,6.317000000000000000e+03,-6.571000000000000000e+03,-6.571000000000000000e+03,-6.581000000000000000e+03
6.623000000000000000e+03,6.307000000000000000e+03,-6.547000000000000000e+03,-6.547000000000000000e+03,-6.530000000000000000e+03
6.368000000000000000e+03,6.327000000000000000e+03,-6.552000000000000000e+03,-6.552000000000000000e+03,-6.553000000000000000e+03
5.868000000000000000e+03,6.261000000000000000e+03,-4.316000000000000000e+03,-4.316000000000000000e+03,-6.571000000000000000e+03
6.580000000000000000e+03,-8.200000000000000000e+02,5.605000000000000000e+03,5.605000000000000000e+03,-6.547000000000000000e+03
6.551000000000000000e+03,-6.658000000000000000e+03,6.317000000000000000e+03,6.317000000000000000e+03,-6.552000000000000000e+03
1.105000000000000000e+03,-6.548000000000000000e+03,6.307000000000000000e+03,6.307000000000000000e+03,-4.316000000000000000e+03
-6.399000000000000000e+03,-6.548000000000000000e+03,6.327000000000000000e+03,6.327000000000000000e+03,5.605000000000000000e+03
-6.361000000000000000e+03,-6.544000000000000000e+03,6.261000000000000000e+03,6.261000000000000000e+03,6.317000000000000000e+03
-6.338000000000000000e+03,-6.563000000000000000e+03,-8.200000000000000000e+02,-8.200000000000000000e+02,6.307000000000000000e+03
-6.369000000000000000e+03,-6.529000000000000000e+03,-6.658000000000000000e+03,-6.658000000000000000e+03,6.327000000000000000e+03
-6.340000000000000000e+03,-6.517000000000000000e+03,-6.548000000000000000e+03,-6.548000000000000000e+03,6.261000000000000000e+03
-6.350000000000000000e+03,-6.505000000000000000e+03,-6.548000000000000000e+03,-6.548000000000000000e+03,-8.200000000000000000e+02
-6.326000000000000000e+03,-4.006000000000000000e+03,-6.544000000000000000e+03,-6.544000000000000000e+03,-6.658000000000000000e+03
-6.319000000000000000e+03,5.670000000000000000e+03,-6.563000000000000000e+03,-6.563000000000000000e+03,-6.548000000000000000e+03
1.781000000000000000e+03,6.394000000000000000e+03,-6.529000000000000000e+03,-6.529000000000000000e+03,-6.548000000000000000e+03
6.748000000000000000e+03,6.340000000000000000e+03,-6.517000000000000000e+03,-6.517000000000000000e+03,-6.544000000000000000e+03
6.569000000000000000e+03,6.372000000000000000e+03,-6.505000000000000000e+03,-6.505000000000000000e+03,-6.563000000000000000e+03
6.599000000000000000e+03,6.163000000000000000e+03,-4.006000000000000000e+03,-4.006000000000000000e+03,-6.529000000000000000e+03
6.564000000000000000e+03,-3.810000000000000000e+03,5.670000000000000000e+03,5.670000000000000000e+03,-6.517000000000000000e+03
6.577000000000000000e+03,-6.589000000000000000e+03,6.394000000000000000e+03,6.394000000000000000e+03,-6.505000000000000000e+03
6.352000000000000000e+03,-6.527000000000000000e+03,6.340000000000000000e+03,6.340000000000000000e+03,-4.006000000000000000e+03
-1.754000000000000000e+03,-6.533000000000000000e+03,6.372000000000000000e+03,6.372000000000000000e+03,5.670000000000000000e+03
-6.393000000000000000e+03,-6.507000000000000000e+03,6.163000000000000000e+03,6.163000000000000000e+03,6.394000000000000000e+03
-6.354000000000000000e+03,-6.502000000000000000e+03,-3.810000000000000000e+03,-3.810000000000000000e+03,6.340000000000000000e+03
-6.340000000000000000e+03,-6.497000000000000000e+03,-6.589000000000000000e+03,-6.589000000000000000e+03,6.372000000000000000e+03
-6.343000000000000000e+03,-6.446000000000000000e+03,-6.527000000000000000e+03,-6.527000000000000000e+03,6.163000000000000000e+03
-6.284000000000000000e+03,-6.471000000000000000e+03,-6.533000000000000000e+03,-6.533000000000000000e+03,-3.810000000000000000e+03
-6.312000000000000000e+03,-6.448000000000000000e+03,-6.507000000000000000e+03,-6.507000000000000000e+03,-6.589000000000000000e+03
-6.306000000000000000e+03,-5.228000000000000000e+03,-6.502000000000000000e+03,-6.502000000000000000e+03,-6.527000000000000000e+03
-1.800000000000000000e+01,5.038000000000000000e+03,-6.497000000000000000e+03,-6.497000000000000000e+03,-6.533000000000000000e+03
6.654000000000000000e+03,6.341000000000000000e+03,-6.446000000000000000e+03,-6.446000000000000000e+03,-6.507000000000000000e+03
6.516000000000000000e+03,5.780000000000000000e+02,-6.471000000000000000e+03,-6.471000000000000000e+03,-6.502000000000000000e+03
6.555000000000000000e+03,-5.317000000000000000e+03,-6.448000000000000000e+03,-6.448000000000000000e+03,-6.497000000000000000e+03
6.559000000000000000e+03,9.170000000000000000e+02,-5.228000000000000000e+03,-5.228000000000000000e+03,-6.446000000000000000e+03
6.571000000000000000e+03,-5.452000000000000000e+03,5.038000000000000000e+03,5.038000000000000000e+03,-6.471000000000000000e+03
6.515000000000000000e+03,-6.480000000000000000e+03,6.341000000000000000e+03,6.341000000000000000e+03,-6.448000000000000000e+03
6.700000000000000000e+02,-6.441000000000000000e+03,5.780000000000000000e+02,5.780000000000000000e+02,-5.228000000000000000e+03
-6.375000000000000000e+03,-6.445000000000000000e+03,-5.317000000000000000e+03,-5.317000000000000000e+03,5.038000000000000000e+03
-6.343000000000000000e+03,-6.421000000000000000e+03,9.170000000000000000e+02,9.170000000000000000e+02,6.341000000000000000e+03
-6.331000000000000000e+03,-6.438000000000000000e+03,-5.452000000000000000e+03,-5.452000000000000000e+03,5.780000000000000000e+02
-6.338000000000000000e+03,-6.421000000000000000e+03,-6.480000000000000000e+03,-6.480000000000000000e+03,-5.317000000000000000e+03
-6.338000000000000000e+03,-6.446000000000000000e+03,-6.441000000000000000e+03,-6.441000000000000000e+03,9.170000000000000000e+02
-6.346000000000000000e+03,-6.416000000000000000e+03,-6.445000000000000000e+03,-6.445000000000000000e+03,-5.452000000000000000e+03
-6.318000000000000000e+03,-6.228000000000000000e+03,-6.421000000000000000e+03,-6.421000000000000000e+03,-6.480000000000000000e+03
-5.342000000000000000e+03,1.117000000000000000e+03,-6.438000000000000000e+03,-6.438000000000000000e+03,-6.441000000000000000e+03
4.997000000000000000e+03,-6.417000000000000000e+03,-6.421000000000000000e+03,-6.421000000000000000e+03,-6.445000000000000000e+03
6.610000000000000000e+03,-6.405000000000000000e+03,-6.446000000000000000e+03,-6.446000000000000000e+03,-6.421000000000000000e+03
6.564000000000000000e+03,-6.143000000000000000e+03,-6.416000000000000000e+03,-6.416000000000000000e+03,-6.438000000000000000e+03
6.633000000000000000e+03,2.066000000000000000e+03,-6.228000000000000000e+03,-6.228000000000000000e+03,-6.421000000000000000e+03
6.579000000000000000e+03,5.550000000000000000e+03,1.117000000000000000e+03,1.117000000000000000e+03,-6.446000000000000000e+03
6.406000000000000000e+03,3.430000000000000000e+03,-6.417000000000000000e+03,-6.417000000000000000e+03,-6.416000000000000000e+03
-1.297000000000000000e+03,-5.531000000000000000e+03,-6.405000000000000000e+03,-6.405000000000000000e+03,-6.228000000000000000e+03
-6.372000000000000000e+03,-6.397000000000000000e+03,-6.143000000000000000e+03,-6.143000000000000000e+03,1.117000000000000000e+03
-6.370000000000000000e+03,-6.386000000000000000e+03,2.066000000000000000e+03,2.066000000000000000e+03,-6.417000000000000000e+03
-6.338000000000000000e+03,-8.680000000000000000e+02,5.550000000000000000e+03,5.550000000000000000e+03,-6.405000000000000000e+03
-6.322000000000000000e+03,-3.698000000000000000e+03,3.430000000000000000e+03,3.430000000000000000e+03,-6.143000000000000000e+03
-6.314000000000000000e+03,-6.396000000000000000e+03,-5.531000000000000000e+03,-5.531000000000000000e+03,2.066000000000000000e+03
-6.301000000000000000e+03,-6.377000000000000000e+03,-6.397000000000000000e+03,-6.397000000000000000e+03,5.550000000000000000e+03
-6.305000000000000000e+03,-6.378000000000000000e+03,-6.386000000000000000e+03,-6.386000000000000000e+03,3.430000000000000000e+03
-6.253000000000000000e+03,-6.353000000000000000e+03,-8.680000000000000000e+02,-8.680000000000000000e+02,-5.531000000000000000e+03
1.516000000000000000e+03,-6.335000000000000000e+03,-3.698000000000000000e+03,-3.698000000000000000e+03,-6.397000000000000000e+03
6.671000000000000000e+03,-6.350000000000000000e+03,-6.396000000000000000e+03,-6.396000000000000000e+03,-6.386000000000000000e+03
6.551000000000000000e+03,-6.327000000000000000e+03,-6.377000000000000000e+03,-6.377000000000000000e+03,-8.680000000000000000e+02
6.554000000000000000e+03,-6.202000000000000000e+03,-6.378000000000000000e+03,-6.378000000000000000e+03,-3.698000000000000000e+03
6.534000000000000000e+03,2.303000000000000000e+03,-6.353000000000000000e+03,-6.353000000000000000e+03,-6.396000000000000000e+03
6.344000000000000000e+03,6.623000000000000000e+03,-6.335000000000000000e+03,-6.335000000000000000e+03,-6.377000000000000000e+03
-5.315000000000000000e+03,6.368000000000000000e+03,-6.350000000000000000e+03,-6.350000000000000000e+03,-6.378000000000000000e+03
-6.333000000000000000e+03,5.868000000000000000e+03,-6.327000000000000000e+03,-6.327000000000000000e+03,-6.353000000000000000e+03
-6.315000000000000000e+03,6.580000000000000000e+03,-6.202000000000000000e+03,-6.202000000000000000e+03,-6.335000000000000000e+03
-6.315000000000000000e+03,6.551000000000000000e+03,2.303000000000000000e+03,2.303000000000000000e+03,-6.350000000000000000e+03
-6.254000000000000000e+03,1.105000000000000000e+03,6.623000000000000000e+03,6.623000000000000000e+03,-6.327000000000000000e+03
-6.290000000000000000e+03,-6.399000000000000000e+03,6.368000000000000000e+03,6.368000000000000000e+03,-6.202000000000000000e+03
-6.275000000000000000e+03,-6.361000000000000000e+03,5.868000000000000000e+03,5.868000000000000000e+03,2.303000000000000000e+03
-6.285000000000000000e+03,-6.338000000000000000e+03,6.580000000000000000e+03,6.580000000000000000e+03,6.623000000000000000e+03
-6.050000000000000000e+03,-6.369000000000000000e+03,6.551000000000000000e+03,6.551000000000000000e+03,6.368000000000000000e+03
2.279000000000000000e+03,-6.340000000000000000e+03,1.105000000000000000e+03,1.105000000000000000e+03,5.868000000000000000e+03
6.681000000000000000e+03,-6.350000000000000000e+03,-6.399000000000000000e+03,-6.399000000000000000e+03,6.580000000000000000e+03
6.574000000000000000e+03,-6.326000000000000000e+03,-6.361000000000000000e+03,-6.361000000000000000e+03,6.551000000000000000e+03
6.582000000000000000e+03,-6.319000000000000000e+03,-6.338000000000000000e+03,-6.338000000000000000e+03,1.105000000000000000e+03
6.599000000000000000e+03,1.781000000000000000e+03,-6.369000000000000000e+03,-6.369000000000000000e+03,-6.399000000000000000e+03
6.343000000000000000e+03,6.748000000000000000e+03,-6.340000000000000000e+03,-6.340000000000000000e+03,-6.361000000000000000e+03
-5.789000000000000000e+03,6.569000000000000000e+03,-6.350000000000000000e+03,-6.350000000000000000e+03,-6.338000000000000000e+03
-6.300000000000000000e+03,6.599000000000000000e+03,-6.326000000000000000e+03,-6.326000000000000000e+03,-6.369000000000000000e+03
-6.292000000000000000e+03,6.564000000000000000e+03,-6.319000000000000000e+03,-6.319000000000000000e+03,-6.340000000000000000e+03
-6.293000000000000000e+03,6.577000000000000000e+03,1.781000000000000000e+03,1.781000000000000000e+03,-6.350000000000000000e+03
-6.289000000000000000e+03,6.352000000000000000e+03,6.748000000000000000e+03,6.748000000000000000e+03,-6.326000000000000000e+03
-6.301000000000000000e+03,-1.754000000000000000e+03,6.569000000000000000e+03,6.569000000000000000e+03,-6.319000000000000000e+03
-6.278000000000000000e+03,-6.393000000000000000e+03,6.599000000000000000e+03,6.599000000000000000e+03,1.781000000000000000e+03
-6.254000000000000000e+03,-6.354000000000000000e+03,6.564000000000000000e+03,6.564000000000000000e+03,6.748000000000000000e+03
-6.038000000000000000e+03,-6.340000000000000000e+03,6.577000000000000000e+03,6.577000000000000000e+03,6.569000000000000000e+03
3.218000000000000000e+03,-6.343000000000000000e+03,6.352000000000000000e+03,6.352000000000000000e+03,6.599000000000000000e+03
6.717000000000000000e+03,-6.284000000000000000e+03,-1.754000000000000000e+03,-1.754000000000000000e+03,6.564000000000000000e+03
6.660000000000000000e+03,-6.312000000000000000e+03,-6.393000000000000000e+03,-6.393000000000000000e+03,6.577000000000000000e+03
6.610000000000000000e+03,-6.306000000000000000e+03,-6.354000000000000000e+03,-6.354000000000000000e+03,6.352000000000000000e+03
6.628000000000000000e+03,-1.800000000000000000e+01,-6.340000000000000000e+03,-6.340000000000000000e+03,-1.754000000000000000e+03
5.547000000000000000e+03,6.654000000000000000e+03,-6.343000000000000000e+03,-6.343000000000000000e+03,-6.393000000000000000e+03
-6.015000000000000000e+03,6.516000000000000000e+03,-6.284000000000000000e+03,-6.284000000000000000e+03,-6.354000000000000000e+03
-6.323000000000000000e+03,6.555000000000000000e+03,-6.312000000000000000e+03,-6.312000000000000000e+03,-6.340000000000000000e+03
-6.284000000000000000e+03,6.559000000000000000e+03,-6.306000000000000000e+03,-6.306000000000000000e+03,-6.343000000000000000e+03
-6.269000000000000000e+03,6.571000000000000000e+03,-1.800000000000000000e+01,-1.800000000000000000e+01,-6.284000000000000000e+03
-6.258000000000000000e+03,6.515000000000000000e+03,6.654000000000000000e+03,6.654000000000000000e+03,-6.312000000000000000e+03
-6.244000000000000000e+03,6.700000000000000000e+02,6.516000000000000000e+03,6.516000000000000000e+03,-6.306000000000000000e+03
-6.252000000000000000e+03,-6.375000000000000000e+03,6.555000000000000000e+03,6.555000000000000000e+03,-1.800000000000000000e+01
-6.196000000000000000e+03,-6.343000000000000000e+03,6.559000000000000000e+03,6.559000000000000000e+03,6.654000000000000000e+03
-5.999000000000000000e+03,-6.331000000000000000e+03,6.571000000000000000e+03,6.571000000000000000e+03,6.516000000000000000e+03
2.883000000000000000e+03,-6.338000000000000000e+03,6.515000000000000000e+03,6.515000000000000000e+03,6.555000000000000000e+03
6.747000000000000000e+03,-6.338000000000000000e+03,6.700000000000000000e+02,6.700000000000000000e+02,6.559000000000000000e+03
6.605000000000000000e+03,-6.346000000000000000e+03,-6.375000000000000000e+03,-6.375000000000000000e+03,6.571000000000000000e+03
6.580000000000000000e+03,-6.318000000000000000e+03,-6.343000000000000000e+03,-6.343000000000000000e+03,6.515000000000000000e+03
6.616000000000000000e+03,-5.342000000000000000e+03,-6.331000000000000000e+03,-6.331000000000000000e+03,6.700000000000000000e+02
4.715000000000000000e+03,4.997000000000000000e+03,-6.338000000000000000e+03,-6.338000000000000000e+03,-6.375000000000000000e+03
-6.095000000000000000e+03,6.610000000000000000e+03,-6.338000000000000000e+03,-6.338000000000000000e+03,-6.343000000000000000e+03
-6.262000000000000000e+03,6.564000000000000000e+03,-6.346000000000000000e+03,-6.346000000000000000e+03,-6.331000000000000000e+03
-6.263000000000000000e+03,6.633000000000000000e+03,-6.318000000000000000e+03,-6.318000000000000000e+03,-6.338000000000000000e+03
-6.203000000000000000e+03,6.579000000000000000e+03,-5.342000000000000000e+03,-5.342000000000000000e+03,-6.338000000000000000e+03
-6.235000000000000000e+03,6.406000000000000000e+03,4.997000000000000000e+03,4.997000000000000000e+03,-6.346000000000000000e+03
-6.233000000000000000e+03,-1.297000000000000000e+03,6.610000000000000000e+03,6.610000000000000000e+03,-6.318000000000000000e+03
-6.233000000000000000e+03,-6.372000000000000000e+03,6.564000000000000000e+03,6.564000000000000000e+03,-5.342000000000000000e+03
-6.231000000000000000e+03,-6.370000000000000000e+03,6.633000000000000000e+03,6.633000000000000000e+03,4.997000000000000000e+03
-2.359000000000000000e+03,-6.338000000000000000e+03,6.579000000000000000e+03,6.579000000000000000e+03,6.610000000000000000e+03
6.557000000000000000e+03,-6.322000000000000000e+03,6.406000000000000000e+03,6.406000000000000000e+03,6.564000000000000000e+03
6.653000000000000000e+03,-6.314000000000000000e+03,-1.297000000000000000e+03,-1.297000000000000000e+03,6.633000000000000000e+03
6.640000000000000000e+03,-6.301000000000000000e+03,-6.372000000000000000e+03,-6.372000000000000000e+03,6.579000000000000000e+03
6.654000000000000000e+03,-6.305000000000000000e+03,-6.370000000000000000e+03,-6.370000000000000000e+03,6.406000000000000000e+03
6.457000000000000000e+03,-6.253000000000000000e+03,-6.338000000000000000e+03,-6.338000000000000000e+03,-1.297000000000000000e+03
-1.060000000000000000e+02,1.516000000000000000e+03,-6.322000000000000000e+03,-6.322000000000000000e+03,-6.372000000000000000e+03
-6.275000000000000000e+03,6.671000000000000000e+03,-6.314000000000000000e+03,-6.314000000000000000e+03,-6.370000000000000000e+03
-6.242000000000000000e+03,6.551000000000000000e+03,-6.301000000000000000e+03,-6.301000000000000000e+03,-6.338000000000000000e+03
-6.242000000000000000e+03,6.554000000000000000e+03,-6.305000000000000000e+03,-6.305000000000000000e+03,-6.322000000000000000e+03
-6.246000000000000000e+03,6.534000000000000000e+03,-6.253000000000000000e+03,-6.253000000000000000e+03,-6.314000000000000000e+03
-6.230000000000000000e+03,6.344000000000000000e+03,1.516000000000000000e+03,1.516000000000000000e+03,-6.301000000000000000e+03
-6.221000000000000000e+03,-5.315000000000000000e+03,6.671000000000000000e+03,6.671000000000000000e+03,-6.305000000000000000e+03
-6.193000000000000000e+03,-6.333000000000000000e+03,6.551000000000000000e+03,6.551000000000000000e+03,-6.253000000000000000e+03
-5.963000000000000000e+03,-6.315000000000000000e+03,6.554000000000000000e+03,6.554000000000000000e+03,1.516000000000000000e+03
2.948000000000000000e+03,-6.315000000000000000e+03,6.534000000000000000e+03,6.534000000000000000e+03,6.671000000000000000e+03
6.764000000000000000e+03,-6.254000000000000000e+03,6.344000000000000000e+03,6.344000000000000000e+03,6.551000000000000000e+03
6.693000000000000000e+03,-6.290000000000000000e+03,-5.315000000000000000e+03,-5.315000000000000000e+03,6.554000000000000000e+03
6.668000000000000000e+03,-6.275000000000000000e+03,-6.333000000000000000e+03,-6.333000000000000000e+03,6.534000000000000000e+03
6.221000000000000000e+03,-6.285000000000000000e+03,-6.315000000000000000e+03,-6.315000000000000000e+03,6.344000000000000000e+03
-8.670000000000000000e+02,-6.050000000000000000e+03,-6.315000000000000000e+03,-6.315000000000000000e+03,-5.315000000000000000e+03
-6.265000000000000000e+03,2.279000000000000000e+03,-6.254000000000000000e+03,-6.254000000000000000e+03,-6.333000000000000000e+03
-6.259000000000000000e+03,6.681000000000000000e+03,-6.290000000000000000e+03,-6.290000000000000000e+03,-6.315000000000000000e+03
-6.228000000000000000e+03,6.574000000000000000e+03,-6.275000000000000000e+03,-6.275000000000000000e+03,-6.315000000000000000e+03
-6.209000000000000000e+03,6.582000000000000000e+03,-6.285000000000000000e+03,-6.285000000000000000e+03,-6.254000000000000000e+03
-6.199000000000000000e+03,6.599000000000000000e+03,-6.050000000000000000e+03,-6.050000000000000000e+03,-6.290000000000000000e+03
-6.186000000000000000e+03,6.343000000000000000e+03,2.279000000000000000e+03,2.279000000000000000e+03,-6.275000000000000000e+03
-6.191000000000000000e+03,-5.789000000000000000e+03,6.681000000000000000e+03,6.681000000000000000e+03,-6.285000000000000000e+03
-6.147000000000000000e+03,-6.300000000000000000e+03,6.574000000000000000e+03,6.574000000000000000e+03,-6.050000000000000000e+03
1.769000000000000000e+03,-6.292000000000000000e+03,6.582000000000000000e+03,6.582000000000000000e+03,2.279000000000000000e+03
6.802000000000000000e+03,-6.293000000000000000e+03,6.599000000000000000e+03,6.599000000000000000e+03,6.681000000000000000e+03
6.666000000000000000e+03,-6.289000000000000000e+03,6.343000000000000000e+03,6.343000000000000000e+03,6.574000000000000000e+03
6.663000000000000000e+03,-6.301000000000000000e+03,-5.789000000000000000e+03,-5.789000000000000000e+03,6.582000000000000000e+03
6.443000000000000000e+03,-6.278000000000000000e+03,-6.300000000000000000e+03,-6.300000000000000000e+03,6.599000000000000000e+03
1.827000000000000000e+03,-6.254000000000000000e+03,-6.292000000000000000e+03,-6.292000000000000000e+03,6.343000000000000000e+03
2.171000000000000000e+03,-6.038000000000000000e+03,-6.293000000000000000e+03,-6.293000000000000000e+03,-5.789000000000000000e+03
-6.235000000000000000e+03,3.218000000000000000e+03,-6.289000000000000000e+03,-6.289000000000000000e+03,-6.300000000000000000e+03
-6.201000000000000000e+03,6.717000000000000000e+03,-6.301000000000000000e+03,-6.301000000000000000e+03,-6.292000000000000000e+03
-6.205000000000000000e+03,6.660000000000000000e+03,-6.278000000000000000e+03,-6.278000000000000000e+03,-6.293000000000000000e+03
-6.154000000000000000e+03,6.610000000000000000e+03,-6.254000000000000000e+03,-6.254000000000000000e+03,-6.289000000000000000e+03
-6.180000000000000000e+03,6.628000000000000000e+03,-6.038000000000000000e+03,-6.038000000000000000e+03,-6.301000000000000000e+03
-6.192000000000000000e+03,5.547000000000000000e+03,3.218000000000000000e+03,3.218000000000000000e+03,-6.278000000000000000e+03
-6.179000000000000000e+03,-6.015000000000000000e+03,6.717000000000000000e+03,6.717000000000000000e+03,-6.254000000000000000e+03
-5.958000000000000000e+03,-6.323000000000000000e+03,6.660000000000000000e+03,6.660000000000000000e+03,-6.038000000000000000e+03
3.419000000000000000e+03,-6.284000000000000000e+03,6.610000000000000000e+03,6.610000000000000000e+03,3.218000000000000000e+03
6.793000000000000000e+03,-6.269000000000000000e+03,6.628000000000000000e+03,6.628000000000000000e+03,6.717000000000000000e+03
6.717000000000000000e+03,-6.258000000000000000e+03,5.547000000000000000e+03,5.547000000000000000e+03,6.660000000000000000e+03
6.524000000000000000e+03,-6.244000000000000000e+03,-6.015000000000000000e+03,-6.015000000000000000e+03,6.610000000000000000e+03
-2.313000000000000000e+03,-6.252000000000000000e+03,-6.323000000000000000e+03,-6.323000000000000000e+03,6.628000000000000000e+03
-2.650000000000000000e+03,-6.196000000000000000e+03,-6.284000000000000000e+03,-6.284000000000000000e+03,5.547000000000000000e+03
-6.157000000000000000e+03,-5.999000000000000000e+03,-6.269000000000000000e+03,-6.269000000000000000e+03,-6.015000000000000000e+03
-6.171000000000000000e+03,2.883000000000000000e+03,-6.258000000000000000e+03,-6.258000000000000000e+03,-6.323000000000000000e+03
-6.176000000000000000e+03,6.747000000000000000e+03,-6.244000000000000000e+03,-6.244000000000000000e+03,-6.284000000000000000e+03
-6.169000000000000000e+03,6.605000000000000000e+03,-6.252000000000000000e+03,-6.252000000000000000e+03,-6.269000000000000000e+03
-6.172000000000000000e+03,6.580000000000000000e+03,-6.196000000000000000e+03,-6.196000000000000000e+03,-6.258000000000000000e+03
-6.166000000000000000e+03,6.616000000000000000e+03,-5.999000000000000000e+03,-5.999000000000000000e+03,-6.244000000000000000e+03
-6.151000000000000000e+03,4.715000000000000000e+03,2.883000000000000000e+03,2.883000000000000000e+03,-6.252000000000000000e+03
-8.400000000000000000e+02,-6.095000000000000000e+03,6.747000000000000000e+03,6.747000000000000000e+03,-6.196000000000000000e+03
6.790000000000000000e+03,-6.262000000000000000e+03,6.605000000000000000e+03,6.605000000000000000e+03,-5.999000000000000000e+03
6.746000000000000000e+03,-6.263000000000000000e+03,6.580000000000000000e+03,6.580000000000000000e+03,2.883000000000000000e+03
6.726000000000000000e+03,-6.203000000000000000e+03,6.616000000000000000e+03,6.616000000000000000e+03,6.747000000000000000e+03
6.796000000000000000e+03,-6.235000000000000000e+03,4.715000000000000000e+03,4.715000000000000000e+03,6.605000000000000000e+03
6.519000000000000000e+03,-6.233000000000000000e+03,-6.095000000000000000e+03,-6.095000000000000000e+03,6.580000000000000000e+03
-3.462000000000000000e+03,-6.233000000000000000e+03,-6.262000000000000000e+03,-6.262000000000000000e+03,6.616000000000000000e+03
-6.239000000000000000e+03,-6.231000000000000000e+03,-6.263000000000000000e+03,-6.263000000000000000e+03,4.715000000000000000e+03
-6.170000000000000000e+03,-2.359000000000000000e+03,-6.203000000000000000e+03,-6.203000000000000000e+03,-6.095000000000000000e+03
-6.201000000000000000e+03,6.557000000000000000e+03,-6.235000000000000000e+03,-6.235000000000000000e+03,-6.262000000000000000e+03
-6.163000000000000000e+03,6.653000000000000000e+03,-6.233000000000000000e+03,-6.233000000000000000e+03,-6.263000000000000000e+03
-6.142000000000000000e+03,6.640000000000000000e+03,-6.233000000000000000e+03,-6.233000000000000000e+03,-6.203000000000000000e+03
-6.137000000000000000e+03,6.654000000000000000e+03,-6.231000000000000000e+03,-6.231000000000000000e+03,-6.235000000000000000e+03
-6.124000000000000000e+03,6.457000000000000000e+03,-2.359000000000000000e+03,-2.359000000000000000e+03,-6.233000000000000000e+03
-5.879000000000000000e+03,-1.060000000000000000e+02,6.557000000000000000e+03,6.557000000000000000e+03,-6.233000000000000000e+03
3.907000000000000000e+03,-6.275000000000000000e+03,6.653000000000000000e+03,6.653000000000000000e+03,-6.231000000000000000e+03
6.842000000000000000e+03,-6.242000000000000000e+03,6.640000000000000000e+03,6.640000000000000000e+03,-2.359000000000000000e+03
6.753000000000000000e+03,-6.242000000000000000e+03,6.654000000000000000e+03,6.654000000000000000e+03,6.557000000000000000e+03
6.744000000000000000e+03,-6.246000000000000000e+03,6.457000000000000000e+03,6.457000000000000000e+03,6.653000000000000000e+03
6.557000000000000000e+03,-6.230000000000000000e+03,-1.060000000000000000e+02,-1.060000000000000000e+02,6.640000000000000000e+03
-1.378000000000000000e+03,-6.221000000000000000e+03,-6.275000000000000000e+03,-6.275000000000000000e+03,6.654000000000000000e+03
-2.614000000000000000e+03,-6.193000000000000000e+03,-6.242000000000000000e+03,-6.242000000000000000e+03,6.457000000000000000e+03
-6.168000000000000000e+03,-5.963000000000000000e+03,-6.242000000000000000e+03,-6.242000000000000000e+03,-1.060000000000000000e+02
-6.142000000000000000e+03,2.948000000000000000e+03,-6.246000000000000000e+03,-6.246000000000000000e+03,-6.275000000000000000e+03
-6.128000000000000000e+03,6.764000000000000000e+03,-6.230000000000000000e+03,-6.230000000000000000e+03,-6.242000000000000000e+03
-6.133000000000000000e+03,6.693000000000000000e+03,-6.221000000000000000e+03,-6.221000000000000000e+03,-6.242000000000000000e+03
-6.083000000000000000e+03,6.668000000000000000e+03,-6.193000000000000000e+03,-6.193000000000000000e+03,-6.246000000000000000e+03
-6.110000000000000000e+03,6.221000000000000000e+03,-5.963000000000000000e+03,-5.963000000000000000e+03,-6.230000000000000000e+03
-6.118000000000000000e+03,-8.670000000000000000e+02,2.948000000000000000e+03,2.948000000000000000e+03,-6.221000000000000000e+03
5.100000000000000000e+02,-6.265000000000000000e+03,6.764000000000000000e+03,6.764000000000000000e+03,-6.193000000000000000e+03
6.850000000000000000e+03,-6.259000000000000000e+03,6.693000000000000000e+03,6.693000000000000000e+03,-5.963000000000000000e+03
6.739000000000000000e+03,-6.228000000000000000e+03,6.668000000000000000e+03,6.668000000000000000e+03,2.948000000000000000e+03
6.755000000000000000e+03,-6.209000000000000000e+03,6.221000000000000000e+03,6.221000000000000000e+03,6.764000000000000000e+03
6.780000000000000000e+03,-6.199000000000000000e+03,-8.670000000000000000e+02,-8.670000000000000000e+02,6.693000000000000000e+03
6.543000000000000000e+03,-6.186000000000000000e+03,-6.265000000000000000e+03,-6.265000000000000000e+03,6.668000000000000000e+03
-4.511000000000000000e+03,-6.191000000000000000e+03,-6.259000000000000000e+03,-6.259000000000000000e+03,6.221000000000000000e+03
-5.606000000000000000e+03,-6.147000000000000000e+03,-6.228000000000000000e+03,-6.228000000000000000e+03,-8.670000000000000000e+02
-6.104000000000000000e+03,1.769000000000000000e+03,-6.209000000000000000e+03,-6.209000000000000000e+03,-6.265000000000000000e+03
-6.127000000000000000e+03,6.802000000000000000e+03,-6.199000000000000000e+03,-6.199000000000000000e+03,-6.259000000000000000e+03
-6.139000000000000000e+03,6.666000000000000000e+03,-6.186000000000000000e+03,-6.186000000000000000e+03,-6.228000000000000000e+03
-6.119000000000000000e+03,6.663000000000000000e+03,-6.191000000000000000e+03,-6.191000000000000000e+03,-6.209000000000000000e+03
-6.126000000000000000e+03,6.443000000000000000e+03,-6.147000000000000000e+03,-6.147000000000000000e+03,-6.199000000000000000e+03
-6.100000000000000000e+03,1.827000000000000000e+03,1.769000000000000000e+03,1.769000000000000000e+03,-6.186000000000000000e+03
-3.986000000000000000e+03,2.171000000000000000e+03,6.802000000000000000e+03,6.802000000000000000e+03,-6.191000000000000000e+03
2.522000000000000000e+03,-6.235000000000000000e+03,6.666000000000000000e+03,6.666000000000000000e+03,-6.147000000000000000e+03
6.946000000000000000e+03,-6.201000000000000000e+03,6.663000000000000000e+03,6.663000000000000000e+03,1.769000000000000000e+03
6.803000000000000000e+03,-6.205000000000000000e+03,6.443000000000000000e+03,6.443000000000000000e+03,6.802000000000000000e+03
6.787000000000000000e+03,-6.154000000000000000e+03,1.827000000000000000e+03,1.827000000000000000e+03,6.666000000000000000e+03
6.638000000000000000e+03,-6.180000000000000000e+03,2.171000000000000000e+03,2.171000000000000000e+03,6.663000000000000000e+03
-2.672000000000000000e+03,-6.192000000000000000e+03,-6.235000000000000000e+03,-6.235000000000000000e+03,6.443000000000000000e+03
-6.580000000000000000e+02,-6.179000000000000000e+03,-6.201000000000000000e+03,-6.201000000000000000e+03,1.827000000000000000e+03
-6.177000000000000000e+03,-5.958000000000000000e+03,-6.205000000000000000e+03,-6.205000000000000000e+03,2.171000000000000000e+03
-6.127000000000000000e+03,3.419000000000000000e+03,-6.154000000000000000e+03,-6.154000000000000000e+03,-6.235000000000000000e+03
-6.111000000000000000e+03,6.793000000000000000e+03,-6.180000000000000000e+03,-6.180000000000000000e+03,-6.201000000000000000e+03
-6.104000000000000000e+03,6.717000000000000000e+03,-6.192000000000000000e+03,-6.192000000000000000e+03,-6.205000000000000000e+03
-6.075000000000000000e+03,6.524000000000000000e+03,-6.179000000000000000e+03,-6.179000000000000000e+03,-6.154000000000000000e+03
-6.078000000000000000e+03,-2.313000000000000000e+03,-5.958000000000000000e+03,-5.958000000000000000e+03,-6.180000000000000000e+03
-5.760000000000000000e+03,-2.650000000000000000e+03,3.419000000000000000e+03,3.419000000000000000e+03,-6.192000000000000000e+03
-1.400000000000000000e+02,-6.157000000000000000e+03,6.793000000000000000e+03,6.793000000000000000e+03,-6.179000000000000000e+03
6.825000000000000000e+03,-6.171000000000000000e+03,6.717000000000000000e+03,6.717000000000000000e+03,-5.958000000000000000e+03
6.827000000000000000e+03,-6.176000000000000000e+03,6.524000000000000000e+03,6.524000000000000000e+03,3.419000000000000000e+03
6.784000000000000000e+03,-6.169000000000000000e+03,-2.313000000000000000e+03,-2.313000000000000000e+03,6.793000000000000000e+03
6.625000000000000000e+03,-6.172000000000000000e+03,-2.650000000000000000e+03,-2.650000000000000000e+03,6.717000000000000000e+03
-1.362000000000000000e+03,-6.166000000000000000e+03,-6.157000000000000000e+03,-6.157000000000000000e+03,6.524000000000000000e+03
1.768000000000000000e+03,-6.151000000000000000e+03,-6.171000000000000000e+03,-6.171000000000000000e+03,-2.313000000000000000e+03
3.431000000000000000e+03,-8.400000000000000000e+02,-6.176000000000000000e+03,-6.176000000000000000e+03,-2.650000000000000000e+03
-5.940000000000000000e+03,6.790000000000000000e+03,-6.169000000000000000e+03,-6.169000000000000000e+03,-6.157000000000000000e+03
-6.098000000000000000e+03,6.746000000000000000e+03,-6.172000000000000000e+03,-6.172000000000000000e+03,-6.171000000000000000e+03
-6.093000000000000000e+03,6.726000000000000000e+03,-6.166000000000000000e+03,-6.166000000000000000e+03,-6.176000000000000000e+03
-6.094000000000000000e+03,6.796000000000000000e+03,-6.151000000000000000e+03,-6.151000000000000000e+03,-6.169000000000000000e+03
-6.123000000000000000e+03,6.519000000000000000e+03,-8.400000000000000000e+02,-8.400000000000000000e+02,-6.172000000000000000e+03
-6.077000000000000000e+03,-3.462000000000000000e+03,6.790000000000000000e+03,6.790000000000000000e+03,-6.166000000000000000e+03
-6.103000000000000000e+03,-6.239000000000000000e+03,6.746000000000000000e+03,6.746000000000000000e+03,-6.151000000000000000e+03
-1.843000000000000000e+03,-6.170000000000000000e+03,6.726000000000000000e+03,6.726000000000000000e+03,-8.400000000000000000e+02
6.781000000000000000e+03,-6.201000000000000000e+03,6.796000000000000000e+03,6.796000000000000000e+03,6.790000000000000000e+03
6.859000000000000000e+03,-6.163000000000000000e+03,6.519000000000000000e+03,6.519000000000000000e+03,6.746000000000000000e+03
6.805000000000000000e+03,-6.142000000000000000e+03,-3.462000000000000000e+03,-3.462000000000000000e+03,6.726000000000000000e+03
3.932000000000000000e+03,-6.137000000000000000e+03,-6.239000000000000000e+03,-6.239000000000000000e+03,6.796000000000000000e+03
-4.500000000000000000e+03,-6.124000000000000000e+03,-6.170000000000000000e+03,-6.170000000000000000e+03,6.519000000000000000e+03
3.549000000000000000e+03,-5.879000000000000000e+03,-6.201000000000000000e+03,-6.201000000000000000e+03,-3.462000000000000000e+03
-3.140000000000000000e+02,3.907000000000000000e+03,-6.163000000000000000e+03,-6.163000000000000000e+03,-6.239000000000000000e+03
-6.150000000000000000e+03,6.842000000000000000e+03,-6.142000000000000000e+03,-6.142000000000000000e+03,-6.170000000000000000e+03
-6.087000000000000000e+03,6.753000000000000000e+03,-6.137000000000000000e+03,-6.137000000000000000e+03,-6.201000000000000000e+03
-6.111000000000000000e+03,6.744000000000000000e+03,-6.124000000000000000e+03,-6.124000000000000000e+03,-6.163000000000000000e+03
-6.082000000000000000e+03,6.557000000000000000e+03,-5.879000000000000000e+03,-5.879000000000000000e+03,-6.142000000000000000e+03
-6.073000000000000000e+03,-1.378000000000000000e+03,3.907000000000000000e+03,3.907000000000000000e+03,-6.137000000000000000e+03
-6.026000000000000000e+03,-2.614000000000000000e+03,6.842000000000000000e+03,6.842000000000000000e+03,-6.124000000000000000e+03
-6.050000000000000000e+03,-6.168000000000000000e+03,6.753000000000000000e+03,6.753000000000000000e+03,-5.879000000000000000e+03
-5.180000000000000000e+02,-6.142000000000000000e+03,6.744000000000000000e+03,6.744000000000000000e+03,3.907000000000000000e+03
6.899000000000000000e+03,-6.128000000000000000e+03,6.557000000000000000e+03,6.557000000000000000e+03,6.842000000000000000e+03
6.820000000000000000e+03,-6.133000000000000000e+03,-1.378000000000000000e+03,-1.378000000000000000e+03,6.753000000000000000e+03
6.674000000000000000e+03,-6.083000000000000000e+03,-2.614000000000000000e+03,-2.614000000000000000e+03,6.744000000000000000e+03
9.290000000000000000e+02,-6.110000000000000000e+03,-6.168000000000000000e+03,-6.168000000000000000e+03,6.557000000000000000e+03
1.648000000000000000e+03,-6.118000000000000000e+03,-6.142000000000000000e+03,-6.142000000000000000e+03,-1.378000000000000000e+03
1.735000000000000000e+03,5.100000000000000000e+02,-6.128000000000000000e+03,-6.128000000000000000e+03,-2.614000000000000000e+03
-6.111000000000000000e+03,6.850000000000000000e+03,-6.133000000000000000e+03,-6.133000000000000000e+03,-6.168000000000000000e+03
-6.081000000000000000e+03,6.739000000000000000e+03,-6.083000000000000000e+03,-6.083000000000000000e+03,-6.142000000000000000e+03
-6.028000000000000000e+03,6.755000000000000000e+03,-6.110000000000000000e+03,-6.110000000000000000e+03,-6.128000000000000000e+03
-6.051000000000000000e+03,6.780000000000000000e+03,-6.118000000000000000e+03,-6.118000000000000000e+03,-6.133000000000000000e+03
-6.038000000000000000e+03,6.543000000000000000e+03,5.100000000000000000e+02,5.100000000000000000e+02,-6.083000000000000000e+03
-6.036000000000000000e+03,-4.511000000000000000e+03,6.850000000000000000e+03,6.850000000000000000e+03,-6.110000000000000000e+03
-6.044000000000000000e+03,-5.606000000000000000e+03,6.739000000000000000e+03,6.739000000000000000e+03,-6.118000000000000000e+03
-6.035000000000000000e+03,-6.104000000000000000e+03,6.755000000000000000e+03,6.755000000000000000e+03,5.100000000000000000e+02
2.386000000000000000e+03,-6.127000000000000000e+03,6.780000000000000000e+03,6.780000000000000000e+03,6.850000000000000000e+03
6.980000000000000000e+03,-6.139000000000000000e+03,6.543000000000000000e+03,6.543000000000000000e+03,6.739000000000000000e+03
6.640000000000000000e+03,-6.119000000000000000e+03,-4.511000000000000000e+03,-4.511000000000000000e+03,6.755000000000000000e+03
1.005000000000000000e+03,-6.126000000000000000e+03,-5.606000000000000000e+03,-5.606000000000000000e+03,6.780000000000000000e+03
2.017000000000000000e+03,-6.100000000000000000e+03,-6.104000000000000000e+03,-6.104000000000000000e+03,6.543000000000000000e+03
6.962000000000000000e+03,-3.986000000000000000e+03,-6.127000000000000000e+03,-6.127000000000000000e+03,-4.511000000000000000e+03
2.714000000000000000e+03,2.522000000000000000e+03,-6.139000000000000000e+03,-6.139000000000000000e+03,-5.606000000000000000e+03
-6.016000000000000000e+03,6.946000000000000000e+03,-6.119000000000000000e+03,-6.119000000000000000e+03,-6.104000000000000000e+03
-6.045000000000000000e+03,6.803000000000000000e+03,-6.126000000000000000e+03,-6.126000000000000000e+03,-6.127000000000000000e+03
-4.963000000000000000e+03,6.787000000000000000e+03,-6.100000000000000000e+03,-6.100000000000000000e+03,-6.139000000000000000e+03
-6.048000000000000000e+03,6.638000000000000000e+03,-3.986000000000000000e+03,-3.986000000000000000e+03,-6.119000000000000000e+03
-6.082000000000000000e+03,-2.672000000000000000e+03,2.522000000000000000e+03,2.522000000000000000e+03,-6.126000000000000000e+03
-6.025000000000000000e+03,-6.580000000000000000e+02,6.946000000000000000e+03,6.946000000000000000e+03,-6.100000000000000000e+03
-6.033000000000000000e+03,-6.177000000000000000e+03,6.803000000000000000e+03,6.803000000000000000e+03,-3.986000000000000000e+03
-5.601000000000000000e+03,-6.127000000000000000e+03,6.787000000000000000e+03,6.787000000000000000e+03,2.522000000000000000e+03
1.676000000000000000e+03,-6.111000000000000000e+03,6.638000000000000000e+03,6.638000000000000000e+03,6.946000000000000000e+03
7.046000000000000000e+03,-6.104000000000000000e+03,-2.672000000000000000e+03,-2.672000000000000000e+03,6.803000000000000000e+03
6.713000000000000000e+03,-6.075000000000000000e+03,-6.580000000000000000e+02,-6.580000000000000000e+02,6.787000000000000000e+03
1.757000000000000000e+03,-6.078000000000000000e+03,-6.177000000000000000e+03,-6.177000000000000000e+03,6.638000000000000000e+03
6.934000000000000000e+03,-5.760000000000000000e+03,-6.127000000000000000e+03,-6.127000000000000000e+03,-2.672000000000000000e+03
6.876000000000000000e+03,-1.400000000000000000e+02,-6.111000000000000000e+03,-6.111000000000000000e+03,-6.580000000000000000e+02
6.644000000000000000e+03,6.825000000000000000e+03,-6.104000000000000000e+03,-6.104000000000000000e+03,-6.177000000000000000e+03
-4.534000000000000000e+03,6.827000000000000000e+03,-6.075000000000000000e+03,-6.075000000000000000e+03,-6.127000000000000000e+03
-6.054000000000000000e+03,6.784000000000000000e+03,-6.078000000000000000e+03,-6.078000000000000000e+03,-6.111000000000000000e+03
-6.036000000000000000e+03,6.625000000000000000e+03,-5.760000000000000000e+03,-5.760000000000000000e+03,-6.104000000000000000e+03
-6.044000000000000000e+03,-1.362000000000000000e+03,-1.400000000000000000e+02,-1.400000000000000000e+02,-6.075000000000000000e+03
-6.018000000000000000e+03,1.768000000000000000e+03,6.825000000000000000e+03,6.825000000000000000e+03,-6.078000000000000000e+03
-6.026000000000000000e+03,3.431000000000000000e+03,6.827000000000000000e+03,6.827000000000000000e+03,-5.760000000000000000e+03
-6.016000000000000000e+03,-5.940000000000000000e+03,6.784000000000000000e+03,6.784000000000000000e+03,-1.400000000000000000e+02
-3.172000000000000000e+03,-6.098000000000000000e+03,6.625000000000000000e+03,6.625000000000000000e+03,6.825000000000000000e+03
4.149000000000000000e+03,-6.093000000000000000e+03,-1.362000000000000000e+03,-1.362000000000000000e+03,6.827000000000000000e+03
6.969000000000000000e+03,-6.094000000000000000e+03,1.768000000000000000e+03,1.768000000000000000e+03,6.784000000000000000e+03
6.676000000000000000e+03,-6.123000000000000000e+03,3.431000000000000000e+03,3.431000000000000000e+03,6.625000000000000000e+03
1.014000000000000000e+03,-6.077000000000000000e+03,-5.940000000000000000e+03,-5.940000000000000000e+03,-1.362000000000000000e+03
6.996000000000000000e+03,-6.103000000000000000e+03,-6.098000000000000000e+03,-6.098000000000000000e+03,1.768000000000000000e+03
6.745000000000000000e+03,-1.843000000000000000e+03,-6.093000000000000000e+03,-6.093000000000000000e+03,3.431000000000000000e+03
-3.490000000000000000e+02,6.781000000000000000e+03,-6.094000000000000000e+03,-6.094000000000000000e+03,-5.940000000000000000e+03
-6.042000000000000000e+03,6.859000000000000000e+03,-6.123000000000000000e+03,-6.123000000000000000e+03,-6.098000000000000000e+03
-4.642000000000000000e+03,6.805000000000000000e+03,-6.077000000000000000e+03,-6.077000000000000000e+03,-6.093000000000000000e+03
-6.037000000000000000e+03,3.932000000000000000e+03,-6.103000000000000000e+03,-6.103000000000000000e+03,-6.094000000000000000e+03
-6.054000000000000000e+03,-4.500000000000000000e+03,-1.843000000000000000e+03,-1.843000000000000000e+03,-6.123000000000000000e+03
-6.020000000000000000e+03,3.549000000000000000e+03,6.781000000000000000e+03,6.781000000000000000e+03,-6.077000000000000000e+03
-6.012000000000000000e+03,-3.140000000000000000e+02,6.859000000000000000e+03,6.859000000000000000e+03,-6.103000000000000000e+03
-5.950000000000000000e+03,-6.150000000000000000e+03,6.805000000000000000e+03,6.805000000000000000e+03,-1.843000000000000000e+03
5.290000000000000000e+02,-6.087000000000000000e+03,3.932000000000000000e+03,3.932000000000000000e+03,6.781000000000000000e+03
6.916000000000000000e+03,-6.111000000000000000e+03,-4.500000000000000000e+03,-4.500000000000000000e+03,6.859000000000000000e+03
6.868000000000000000e+03,-6.082000000000000000e+03,3.549000000000000000e+03,3.549000000000000000e+03,6.805000000000000000e+03
3.210000000000000000e+03,-6.073000000000000000e+03,-3.140000000000000000e+02,-3.140000000000000000e+02,3.932000000000000000e+03
5.350000000000000000e+02,-6.026000000000000000e+03,-6.150000000000000000e+03,-6.150000000000000000e+03,-4.500000000000000000e+03
6.747000000000000000e+03,-6.050000000000000000e+03,-6.087000000000000000e+03,-6.087000000000000000e+03,3.549000000000000000e+03
2.630000000000000000e+03,-5.180000000000000000e+02,-6.111000000000000000e+03,-6.111000000000000000e+03,-3.140000000000000000e+02
-6.026000000000000000e+03,6.899000000000000000e+03,-6.082000000000000000e+03,-6.082000000000000000e+03,-6.150000000000000000e+03
-6.030000000000000000e+03,6.820000000000000000e+03,-6.073000000000000000e+03,-6.073000000000000000e+03,-6.087000000000000000e+03
-5.382000000000000000e+03,6.674000000000000000e+03,-6.026000000000000000e+03,-6.026000000000000000e+03,-6.111000000000000000e+03
-6.028000000000000000e+03,9.290000000000000000e+02,-6.050000000000000000e+03,-6.050000000000000000e+03,-6.082000000000000000e+03
-6.006000000000000000e+03,1.648000000000000000e+03,-5.180000000000000000e+02,-5.180000000000000000e+02,-6.073000000000000000e+03
-6.002000000000000000e+03,1.735000000000000000e+03,6.899000000000000000e+03,6.899000000000000000e+03,-6.026000000000000000e+03
-4.797000000000000000e+03,-6.111000000000000000e+03,6.820000000000000000e+03,6.820000000000000000e+03,-6.050000000000000000e+03
-2.243000000000000000e+03,-6.081000000000000000e+03,6.674000000000000000e+03,6.674000000000000000e+03,-5.180000000000000000e+02
9.590000000000000000e+02,-6.028000000000000000e+03,9.290000000000000000e+02,9.290000000000000000e+02,6.899000000000000000e+03
4.853000000000000000e+03,-6.051000000000000000e+03,1.648000000000000000e+03,1.648000000000000000e+03,6.820000000000000000e+03
4.438000000000000000e+03,-6.038000000000000000e+03,1.735000000000000000e+03,1.735000000000000000e+03,6.674000000000000000e+03
2.443000000000000000e+03,-6.036000000000000000e+03,-6.111000000000000000e+03,-6.111000000000000000e+03,9.290000000000000000e+02
1.382000000000000000e+03,-6.044000000000000000e+03,-6.081000000000000000e+03,-6.081000000000000000e+03,1.648000000000000000e+03
1.439000000000000000e+03,-6.035000000000000000e+03,-6.028000000000000000e+03,-6.028000000000000000e+03,1.735000000000000000e+03
-1.090000000000000000e+02,2.386000000000000000e+03,-6.051000000000000000e+03,-6.051000000000000000e+03,-6.111000000000000000e+03
-4.045000000000000000e+03,6.980000000000000000e+03,-6.038000000000000000e+03,-6.038000000000000000e+03,-6.081000000000000000e+03
-1.183000000000000000e+03,6.640000000000000000e+03,-6.036000000000000000e+03,-6.036000000000000000e+03,-6.028000000000000000e+03
-5.514000000000000000e+03,1.005000000000000000e+03,-6.044000000000000000e+03,-6.044000000000000000e+03,-6.051000000000000000e+03
-5.994000000000000000e+03,2.017000000000000000e+03,-6.035000000000000000e+03,-6.035000000000000000e+03,-6.038000000000000000e+03
-6.004000000000000000e+03,6.962000000000000000e+03,2.386000000000000000e+03,2.386000000000000000e+03,-6.036000000000000000e+03
-3.709000000000000000e+03,2.714000000000000000e+03,6.980000000000000000e+03,6.980000000000000000e+03,-6.044000000000000000e+03
-6.019000000000000000e+03,-6.016000000000000000e+03,6.640000000000000000e+03,6.640000000000000000e+03,-6.035000000000000000e+03
-5.965000000000000000e+03,-6.045000000000000000e+03,1.005000000000000000e+03,1.005000000000000000e+03,2.386000000000000000e+03
1.400000000000000000e+02,-4.963000000000000000e+03,2.017000000000000000e+03,2.017000000000000000e+03,6.980000000000000000e+03
2.747000000000000000e+03,-6.048000000000000000e+03,6.962000000000000000e+03,6.962000000000000000e+03,6.640000000000000000e+03
-3.310000000000000000e+03,-6.082000000000000000e+03,2.714000000000000000e+03,2.714000000000000000e+03,1.005000000000000000e+03
1.329000000000000000e+03,-6.025000000000000000e+03,-6.016000000000000000e+03,-6.016000000000000000e+03,2.017000000000000000e+03
5.033000000000000000e+03,-6.033000000000000000e+03,-6.045000000000000000e+03,-6.045000000000000000e+03,6.962000000000000000e+03
-1.271000000000000000e+03,-5.601000000000000000e+03,-4.963000000000000000e+03,-4.963000000000000000e+03,2.714000000000000000e+03
-5.382000000000000000e+03,1.676000000000000000e+03,-6.048000000000000000e+03,-6.048000000000000000e+03,-6.016000000000000000e+03
2.135000000000000000e+03,7.046000000000000000e+03,-6.082000000000000000e+03,-6.082000000000000000e+03,-6.045000000000000000e+03
6.891000000000000000e+03,6.713000000000000000e+03,-6.025000000000000000e+03,-6.025000000000000000e+03,-4.963000000000000000e+03
-1.909000000000000000e+03,1.757000000000000000e+03,-6.033000000000000000e+03,-6.033000000000000000e+03,-6.048000000000000000e+03
-5.954000000000000000e+03,6.934000000000000000e+03,-5.601000000000000000e+03,-5.601000000000000000e+03,-6.082000000000000000e+03
-4.355000000000000000e+03,6.876000000000000000e+03,1.676000000000000000e+03,1.676000000000000000e+03,-6.025000000000000000e+03
-3.452000000000000000e+03,6.644000000000000000e+03,7.046000000000000000e+03,7.046000000000000000e+03,-6.033000000000000000e+03
-5.961000000000000000e+03,-4.534000000000000000e+03,6.713000000000000000e+03,6.713000000000000000e+03,-5.601000000000000000e+03
-5.964000000000000000e+03,-6.054000000000000000e+03,1.757000000000000000e+03,1.757000000000000000e+03,1.676000000000000000e+03
-5.671000000000000000e+03,-6.036000000000000000e+03,6.934000000000000000e+03,6.934000000000000000e+03,7.046000000000000000e+03
-4.910000000000000000e+02,-6.044000000000000000e+03,6.876000000000000000e+03,6.876000000000000000e+03,6.713000000000000000e+03
-5.653000000000000000e+03,-6.018000000000000000e+03,6.644000000000000000e+03,6.644000000000000000e+03,1.757000000000000000e+03
2.557000000000000000e+03,-6.026000000000000000e+03,-4.534000000000000000e+03,-4.534000000000000000e+03,6.934000000000000000e+03
6.915000000000000000e+03,-6.016000000000000000e+03,-6.054000000000000000e+03,-6.054000000000000000e+03,6.876000000000000000e+03
5.000000000000000000e+02,-3.172000000000000000e+03,-6.036000000000000000e+03,-6.036000000000000000e+03,6.644000000000000000e+03
-2.069000000000000000e+03,4.149000000000000000e+03,-6.044000000000000000e+03,-6.044000000000000000e+03,-4.534000000000000000e+03
5.184000000000000000e+03,6.969000000000000000e+03,-6.018000000000000000e+03,-6.018000000000000000e+03,-6.054000000000000000e+03
5.269000000000000000e+03,6.676000000000000000e+03,-6.026000000000000000e+03,-6.026000000000000000e+03,-6.036000000000000000e+03
-4.795000000000000000e+03,1.014000000000000000e+03,-6.016000000000000000e+03,-6.016000000000000000e+03,-6.044000000000000000e+03
-4.104000000000000000e+03,6.996000000000000000e+03,-3.172000000000000000e+03,-3.172000000000000000e+03,-6.018000000000000000e+03
-1.286000000000000000e+03,6.745000000000000000e+03,4.149000000000000000e+03,4.149000000000000000e+03,-6.026000000000000000e+03
-5.972000000000000000e+03,-3.490000000000000000e+02,6.969000000000000000e+03,6.969000000000000000e+03,-6.016000000000000000e+03
-5.944000000000000000e+03,-6.042000000000000000e+03,6.676000000000000000e+03,6.676000000000000000e+03,-3.172000000000000000e+03
-5.930000000000000000e+03,-4.642000000000000000e+03,1.014000000000000000e+03,1.014000000000000000e+03,4.149000000000000000e+03
-1.597000000000000000e+03,-6.037000000000000000e+03,6.996000000000000000e+03,6.996000000000000000e+03,6.969000000000000000e+03
-4.565000000000000000e+03,-6.054000000000000000e+03,6.745000000000000000e+03,6.745000000000000000e+03,6.676000000000000000e+03
-2.280000000000000000e+02,-6.020000000000000000e+03,-3.490000000000000000e+02,-3.490000000000000000e+02,1.014000000000000000e+03
6.938000000000000000e+03,-6.012000000000000000e+03,-6.042000000000000000e+03,-6.042000000000000000e+03,6.996000000000000000e+03
2.050000000000000000e+03,-5.950000000000000000e+03,-4.642000000000000000e+03,-4.642000000000000000e+03,6.745000000000000000e+03
-2.810000000000000000e+03,5.290000000000000000e+02,-6.037000000000000000e+03,-6.037000000000000000e+03,-3.490000000000000000e+02
4.121000000000000000e+03,6.916000000000000000e+03,-6.054000000000000000e+03,-6.054000000000000000e+03,-6.042000000000000000e+03
6.964000000000000000e+03,6.868000000000000000e+03,-6.020000000000000000e+03,-6.020000000000000000e+03,-4.642000000000000000e+03
8.230000000000000000e+02,3.210000000000000000e+03,-6.012000000000000000e+03,-6.012000000000000000e+03,-6.037000000000000000e+03
-5.907000000000000000e+03,5.350000000000000000e+02,-5.950000000000000000e+03,-5.950000000000000000e+03,-6.054000000000000000e+03
-1.305000000000000000e+03,6.747000000000000000e+03,5.290000000000000000e+02,5.290000000000000000e+02,-6.020000000000000000e+03
-4.193000000000000000e+03,2.630000000000000000e+03,6.916000000000000000e+03,6.916000000000000000e+03,-6.012000000000000000e+03
-5.939000000000000000e+03,-6.026000000000000000e+03,6.868000000000000000e+03,6.868000000000000000e+03,-5.950000000000000000e+03
-5.969000000000000000e+03,-6.030000000000000000e+03,3.210000000000000000e+03,3.210000000000000000e+03,5.290000000000000000e+02
-5.620000000000000000e+03,-5.382000000000000000e+03,5.350000000000000000e+02,5.350000000000000000e+02,6.916000000000000000e+03
6.610000000000000000e+02,-6.028000000000000000e+03,6.747000000000000000e+03,6.747000000000000000e+03,6.868000000000000000e+03
-5.914000000000000000e+03,-6.006000000000000000e+03,2.630000000000000000e+03,2.630000000000000000e+03,3.210000000000000000e+03
-2.394000000000000000e+03,-6.002000000000000000e+03,-6.026000000000000000e+03,-6.026000000000000000e+03,5.350000000000000000e+02
5.180000000000000000e+03,-4.797000000000000000e+03,-6.030000000000000000e+03,-6.030000000000000000e+03,6.747000000000000000e+03
1.274000000000000000e+03,-2.243000000000000000e+03,-5.382000000000000000e+03,-5.382000000000000000e+03,2.630000000000000000e+03
5.920000000000000000e+02,9.590000000000000000e+02,-6.028000000000000000e+03,-6.028000000000000000e+03,-6.026000000000000000e+03
7.075000000000000000e+03,4.853000000000000000e+03,-6.006000000000000000e+03,-6.006000000000000000e+03,-6.030000000000000000e+03
6.869000000000000000e+03,4.438000000000000000e+03,-6.002000000000000000e+03,-6.002000000000000000e+03,-5.382000000000000000e+03
-2.281000000000000000e+03,2.443000000000000000e+03,-4.797000000000000000e+03,-4.797000000000000000e+03,-6.028000000000000000e+03
-5.967000000000000000e+03,1.382000000000000000e+03,-2.243000000000000000e+03,-2.243000000000000000e+03,-6.006000000000000000e+03
-5.824000000000000000e+03,1.439000000000000000e+03,9.590000000000000000e+02,9.590000000000000000e+02,-6.002000000000000000e+03
-5.925000000000000000e+03,-1.090000000000000000e+02,4.853000000000000000e+03,4.853000000000000000e+03,-4.797000000000000000e+03
-5.907000000000000000e+03,-4.045000000000000000e+03,4.438000000000000000e+03,4.438000000000000000e+03,-2.243000000000000000e+03
-5.863000000000000000e+03,-1.183000000000000000e+03,2.443000000000000000e+03,2.443000000000000000e+03,9.590000000000000000e+02
5.890000000000000000e+02,-5.514000000000000000e+03,1.382000000000000000e+03,1.382000000000000000e+03,4.853000000000000000e+03
6.350000000000000000e+02,-5.994000000000000000e+03,1.439000000000000000e+03,1.439000000000000000e+03,4.438000000000000000e+03
1.618000000000000000e+03,-6.004000000000000000e+03,-1.090000000000000000e+02,-1.090000000000000000e+02,2.443000000000000000e+03
2.890000000000000000e+03,-3.709000000000000000e+03,-4.045000000000000000e+03,-4.045000000000000000e+03,1.382000000000000000e+03
-3.660000000000000000e+02,-6.019000000000000000e+03,-1.183000000000000000e+03,-1.183000000000000000e+03,1.439000000000000000e+03
-2.771000000000000000e+03,-5.965000000000000000e+03,-5.514000000000000000e+03,-5.514000000000000000e+03,-1.090000000000000000e+02
2.760000000000000000e+03,1.400000000000000000e+02,-5.994000000000000000e+03,-5.994000000000000000e+03,-4.045000000000000000e+03
3.279000000000000000e+03,2.747000000000000000e+03,-6.004000000000000000e+03,-6.004000000000000000e+03,-1.183000000000000000e+03
-3.940000000000000000e+03,-3.310000000000000000e+03,-3.709000000000000000e+03,-3.709000000000000000e+03,-5.514000000000000000e+03
-3.722000000000000000e+03,1.329000000000000000e+03,-6.019000000000000000e+03,-6.019000000000000000e+03,-5.994000000000000000e+03
-6.490000000000000000e+02,5.033000000000000000e+03,-5.965000000000000000e+03,-5.965000000000000000e+03,-6.004000000000000000e+03
-5.367000000000000000e+03,-1.271000000000000000e+03,1.400000000000000000e+02,1.400000000000000000e+02,-3.709000000000000000e+03
-5.917000000000000000e+03,-5.382000000000000000e+03,2.747000000000000000e+03,2.747000000000000000e+03,-6.019000000000000000e+03
-5.892000000000000000e+03,2.135000000000000000e+03,-3.310000000000000000e+03,-3.310000000000000000e+03,-5.965000000000000000e+03
-5.820000000000000000e+02,6.891000000000000000e+03,1.329000000000000000e+03,1.329000000000000000e+03,1.400000000000000000e+02
-1.228000000000000000e+03,-1.909000000000000000e+03,5.033000000000000000e+03,5.033000000000000000e+03,2.747000000000000000e+03
2.050000000000000000e+02,-5.954000000000000000e+03,-1.271000000000000000e+03,-1.271000000000000000e+03,-3.310000000000000000e+03
6.331000000000000000e+03,-4.355000000000000000e+03,-5.382000000000000000e+03,-5.382000000000000000e+03,1.329000000000000000e+03
6.938000000000000000e+03,-3.452000000000000000e+03,2.135000000000000000e+03,2.135000000000000000e+03,5.033000000000000000e+03
-2.928000000000000000e+03,-5.961000000000000000e+03,6.891000000000000000e+03,6.891000000000000000e+03,-1.271000000000000000e+03
-3.611000000000000000e+03,-5.964000000000000000e+03,-1.909000000000000000e+03,-1.909000000000000000e+03,-5.382000000000000000e+03
4.064000000000000000e+03,-5.671000000000000000e+03,-5.954000000000000000e+03,-5.954000000000000000e+03,2.135000000000000000e+03
-9.900000000000000000e+01,-4.910000000000000000e+02,-4.355000000000000000e+03,-4.355000000000000000e+03,6.891000000000000000e+03
-5.945000000000000000e+03,-5.653000000000000000e+03,-3.452000000000000000e+03,-3.452000000000000000e+03,-1.909000000000000000e+03
-5.892000000000000000e+03,2.557000000000000000e+03,-5.961000000000000000e+03,-5.961000000000000000e+03,-5.954000000000000000e+03
-2.566000000000000000e+03,6.915000000000000000e+03,-5.964000000000000000e+03,-5.964000000000000000e+03,-4.355000000000000000e+03
-4.726000000000000000e+03,5.000000000000000000e+02,-5.671000000000000000e+03,-5.671000000000000000e+03,-3.452000000000000000e+03
-5.852000000000000000e+03,-2.069000000000000000e+03,-4.910000000000000000e+02,-4.910000000000000000e+02,-5.961000000000000000e+03
-2.567000000000000000e+03,5.184000000000000000e+03,-5.653000000000000000e+03,-5.653000000000000000e+03,-5.964000000000000000e+03
1.557000000000000000e+03,5.269000000000000000e+03,2.557000000000000000e+03,2.557000000000000000e+03,-5.671000000000000000e+03
1.159000000000000000e+03,-4.795000000000000000e+03,6.915000000000000000e+03,6.915000000000000000e+03,-4.910000000000000000e+02
5.042000000000000000e+03,-4.104000000000000000e+03,5.000000000000000000e+02,5.000000000000000000e+02,-5.653000000000000000e+03
5.127000000000000000e+03,-1.286000000000000000e+03,-2.069000000000000000e+03,-2.069000000000000000e+03,2.557000000000000000e+03
-1.549000000000000000e+03,-5.972000000000000000e+03,5.184000000000000000e+03,5.184000000000000000e+03,6.915000000000000000e+03
-2.918000000000000000e+03,-5.944000000000000000e+03,5.269000000000000000e+03,5.269000000000000000e+03,5.000000000000000000e+02
3.201000000000000000e+03,-5.930000000000000000e+03,-4.795000000000000000e+03,-4.795000000000000000e+03,-2.069000000000000000e+03
3.065000000000000000e+03,-1.597000000000000000e+03,-4.104000000000000000e+03,-4.104000000000000000e+03,5.184000000000000000e+03
-4.377000000000000000e+03,-4.565000000000000000e+03,-1.286000000000000000e+03,-1.286000000000000000e+03,5.269000000000000000e+03
-5.866000000000000000e+03,-2.280000000000000000e+02,-5.972000000000000000e+03,-5.972000000000000000e+03,-4.795000000000000000e+03
-5.867000000000000000e+03,6.938000000000000000e+03,-5.944000000000000000e+03,-5.944000000000000000e+03,-4.104000000000000000e+03
-5.887000000000000000e+03,2.050000000000000000e+03,-5.930000000000000000e+03,-5.930000000000000000e+03,-1.286000000000000000e+03
-5.881000000000000000e+03,-2.810000000000000000e+03,-1.597000000000000000e+03,-1.597000000000000000e+03,-5.972000000000000000e+03
-5.866000000000000000e+03,4.121000000000000000e+03,-4.565000000000000000e+03,-4.565000000000000000e+03,-5.944000000000000000e+03
1.498000000000000000e+03,6.964000000000000000e+03,-2.280000000000000000e+02,-2.280000000000000000e+02,-5.930000000000000000e+03
5.857000000000000000e+03,8.230000000000000000e+02,6.938000000000000000e+03,6.938000000000000000e+03,-1.597000000000000000e+03
5.926000000000000000e+03,-5.907000000000000000e+03,2.050000000000000000e+03,2.050000000000000000e+03,-4.565000000000000000e+03
7.072000000000000000e+03,-1.305000000000000000e+03,-2.810000000000000000e+03,-2.810000000000000000e+03,-2.280000000000000000e+02
3.634000000000000000e+03,-4.193000000000000000e+03,4.121000000000000000e+03,4.121000000000000000e+03,6.938000000000000000e+03
-3.998000000000000000e+03,-5.939000000000000000e+03,6.964000000000000000e+03,6.964000000000000000e+03,2.050000000000000000e+03
3.960000000000000000e+02,-5.969000000000000000e+03,8.230000000000000000e+02,8.230000000000000000e+02,-2.810000000000000000e+03
7.067000000000000000e+03,-5.620000000000000000e+03,-5.907000000000000000e+03,-5.907000000000000000e+03,4.121000000000000000e+03
1.564000000000000000e+03,6.610000000000000000e+02,-1.305000000000000000e+03,-1.305000000000000000e+03,6.964000000000000000e+03
-5.851000000000000000e+03,-5.914000000000000000e+03,-4.193000000000000000e+03,-4.193000000000000000e+03,8.230000000000000000e+02
-5.877000000000000000e+03,-2.394000000000000000e+03,-5.939000000000000000e+03,-5.939000000000000000e+03,-5.907000000000000000e+03
-5.862000000000000000e+03,5.180000000000000000e+03,-5.969000000000000000e+03,-5.969000000000000000e+03,-1.305000000000000000e+03
-5.863000000000000000e+03,1.274000000000000000e+03,-5.620000000000000000e+03,-5.620000000000000000e+03,-4.193000000000000000e+03
-5.863000000000000000e+03,5.920000000000000000e+02,6.610000000000000000e+02,6.610000000000000000e+02,-5.939000000000000000e+03
-5.855000000000000000e+03,7.075000000000000000e+03,-5.914000000000000000e+03,-5.914000000000000000e+03,-5.969000000000000000e+03
-4.380000000000000000e+02,6.869000000000000000e+03,-2.394000000000000000e+03,-2.394000000000000000e+03,-5.620000000000000000e+03
7.059000000000000000e+03,-2.281000000000000000e+03,5.180000000000000000e+03,5.180000000000000000e+03,6.610000000000000000e+02
7.087000000000000000e+03,-5.967000000000000000e+03,1.274000000000000000e+03,1.274000000000000000e+03,-5.914000000000000000e+03
7.059000000000000000e+03,-5.824000000000000000e+03,5.920000000000000000e+02,5.920000000000000000e+02,-2.394000000000000000e+03
6.915000000000000000e+03,-5.925000000000000000e+03,7.075000000000000000e+03,7.075000000000000000e+03,5.180000000000000000e+03
9.750000000000000000e+02,-5.907000000000000000e+03,6.869000000000000000e+03,6.869000000000000000e+03,1.274000000000000000e+03
2.978000000000000000e+03,-5.863000000000000000e+03,-2.281000000000000000e+03,-2.281000000000000000e+03,5.920000000000000000e+02
9.700000000000000000e+01,5.890000000000000000e+02,-5.967000000000000000e+03,-5.967000000000000000e+03,7.075000000000000000e+03
-5.868000000000000000e+03,6.350000000000000000e+02,-5.824000000000000000e+03,-5.824000000000000000e+03,6.869000000000000000e+03
-5.883000000000000000e+03,1.618000000000000000e+03,-5.925000000000000000e+03,-5.925000000000000000e+03,-2.281000000000000000e+03
-5.916000000000000000e+03,2.890000000000000000e+03,-5.907000000000000000e+03,-5.907000000000000000e+03,-5.967000000000000000e+03
-5.908000000000000000e+03,-3.660000000000000000e+02,-5.863000000000000000e+03,-5.863000000000000000e+03,-5.824000000000000000e+03
-5.858000000000000000e+03,-2.771000000000000000e+03,5.890000000000000000e+02,5.890000000000000000e+02,-5.925000000000000000e+03
-5.861000000000000000e+03,2.760000000000000000e+03,6.350000000000000000e+02,6.350000000000000000e+02,-5.907000000000000000e+03
-5.853000000000000000e+03,3.279000000000000000e+03,1.618000000000000000e+03,1.618000000000000000e+03,-5.863000000000000000e+03
-2.166000000000000000e+03,-3.940000000000000000e+03,2.890000000000000000e+03,2.890000000000000000e+03,5.890000000000000000e+02
6.949000000000000000e+03,-3.722000000000000000e+03,-3.660000000000000000e+02,-3.660000000000000000e+02,6.350000000000000000e+02
7.090000000000000000e+03,-6.490000000000000000e+02,-2.771000000000000000e+03,-2.771000000000000000e+03,1.618000000000000000e+03
6.980000000000000000e+03,-5.367000000000000000e+03,2.760000000000000000e+03,2.760000000000000000e+03,2.890000000000000000e+03
5.937000000000000000e+03,-5.917000000000000000e+03,3.279000000000000000e+03,3.279000000000000000e+03,-3.660000000000000000e+02
6.504000000000000000e+03,-5.892000000000000000e+03,-3.940000000000000000e+03,-3.940000000000000000e+03,-2.771000000000000000e+03
6.979000000000000000e+03,-5.820000000000000000e+02,-3.722000000000000000e+03,-3.722000000000000000e+03,2.760000000000000000e+03
-1.028000000000000000e+03,-1.228000000000000000e+03,-6.490000000000000000e+02,-6.490000000000000000e+02,3.279000000000000000e+03
-5.878000000000000000e+03,2.050000000000000000e+02,-5.367000000000000000e+03,-5.367000000000000000e+03,-3.940000000000000000e+03
-5.826000000000000000e+03,6.331000000000000000e+03,-5.917000000000000000e+03,-5.917000000000000000e+03,-3.722000000000000000e+03
-5.880000000000000000e+03,6.938000000000000000e+03,-5.892000000000000000e+03,-5.892000000000000000e+03,-6.490000000000000000e+02
-5.850000000000000000e+03,-2.928000000000000000e+03,-5.820000000000000000e+02,-5.820000000000000000e+02,-5.367000000000000000e+03
-5.847000000000000000e+03,-3.611000000000000000e+03,-1.228000000000000000e+03,-1.228000000000000000e+03,-5.917000000000000000e+03
-5.843000000000000000e+03,4.064000000000000000e+03,2.050000000000000000e+02,2.050000000000000000e+02,-5.892000000000000000e+03
-5.311000000000000000e+03,-9.900000000000000000e+01,6.331000000000000000e+03,6.331000000000000000e+03,-5.820000000000000000e+02
4.619000000000000000e+03,-5.945000000000000000e+03,6.938000000000000000e+03,6.938000000000000000e+03,-1.228000000000000000e+03
6.993000000000000000e+03,-5.892000000000000000e+03,-2.928000000000000000e+03,-2.928000000000000000e+03,2.050000000000000000e+02
7.009000000000000000e+03,-2.566000000000000000e+03,-3.611000000000000000e+03,-3.611000000000000000e+03,6.331000000000000000e+03
6.464000000000000000e+03,-4.726000000000000000e+03,4.064000000000000000e+03,4.064000000000000000e+03,6.938000000000000000e+03
6.990000000000000000e+03,-5.852000000000000000e+03,-9.900000000000000000e+01,-9.900000000000000000e+01,-2.928000000000000000e+03
7.072000000000000000e+03,-2.567000000000000000e+03,-5.945000000000000000e+03,-5.945000000000000000e+03,-3.611000000000000000e+03
6.361000000000000000e+03,1.557000000000000000e+03,-5.892000000000000000e+03,-5.892000000000000000e+03,4.064000000000000000e+03
-2.353000000000000000e+03,1.159000000000000000e+03,-2.566000000000000000e+03,-2.566000000000000000e+03,-9.900000000000000000e+01
-1.360000000000000000e+03,5.042000000000000000e+03,-4.726000000000000000e+03,-4.726000000000000000e+03,-5.945000000000000000e+03
-3.623000000000000000e+03,5.127000000000000000e+03,-5.852000000000000000e+03,-5.852000000000000000e+03,-5.892000000000000000e+03
-5.882000000000000000e+03,-1.549000000000000000e+03,-2.567000000000000000e+03,-2.567000000000000000e+03,-2.566000000000000000e+03
-5.871000000000000000e+03,-2.918000000000000000e+03,1.557000000000000000e+03,1.557000000000000000e+03,-4.726000000000000000e+03
-5.873000000000000000e+03,3.201000000000000000e+03,1.159000000000000000e+03,1.159000000000000000e+03,-5.852000000000000000e+03
-5.863000000000000000e+03,3.065000000000000000e+03,5.042000000000000000e+03,5.042000000000000000e+03,-2.567000000000000000e+03
-5.100000000000000000e+03,-4.377000000000000000e+03,5.127000000000000000e+03,5.127000000000000000e+03,1.557000000000000000e+03
4.956000000000000000e+03,-5.866000000000000000e+03,-1.549000000000000000e+03,-1.549000000000000000e+03,1.159000000000000000e+03
7.016000000000000000e+03,-5.867000000000000000e+03,-2.918000000000000000e+03,-2.918000000000000000e+03,5.042000000000000000e+03
5.271000000000000000e+03,-5.887000000000000000e+03,3.201000000000000000e+03,3.201000000000000000e+03,5.127000000000000000e+03
4.519000000000000000e+03,-5.881000000000000000e+03,3.065000000000000000e+03,3.065000000000000000e+03,-1.549000000000000000e+03
7.170000000000000000e+03,-5.866000000000000000e+03,-4.377000000000000000e+03,-4.377000000000000000e+03,-2.918000000000000000e+03
7.000000000000000000e+03,1.498000000000000000e+03,-5.866000000000000000e+03,-5.866000000000000000e+03,3.201000000000000000e+03
3.232000000000000000e+03,5.857000000000000000e+03,-5.867000000000000000e+03,-5.867000000000000000e+03,3.065000000000000000e+03
-5.005000000000000000e+03,5.926000000000000000e+03,-5.887000000000000000e+03,-5.887000000000000000e+03,-4.377000000000000000e+03
-1.348000000000000000e+03,7.072000000000000000e+03,-5.881000000000000000e+03,-5.881000000000000000e+03,-5.866000000000000000e+03
-2.566000000000000000e+03,3.634000000000000000e+03,-5.866000000000000000e+03,-5.866000000000000000e+03,-5.867000000000000000e+03
-5.917000000000000000e+03,-3.998000000000000000e+03,1.498000000000000000e+03,1.498000000000000000e+03,-5.887000000000000000e+03
-5.875000000000000000e+03,3.960000000000000000e+02,5.857000000000000000e+03,5.857000000000000000e+03,-5.881000000000000000e+03
-5.857000000000000000e+03,7.067000000000000000e+03,5.926000000000000000e+03,5.926000000000000000e+03,-5.866000000000000000e+03
-5.870000000000000000e+03,1.564000000000000000e+03,7.072000000000000000e+03,7.072000000000000000e+03,1.498000000000000000e+03
-2.652000000000000000e+03,-5.851000000000000000e+03,3.634000000000000000e+03,3.634000000000000000e+03,5.857000000000000000e+03
1.049000000000000000e+03,-5.877000000000000000e+03,-3.998000000000000000e+03,-3.998000000000000000e+03,5.926000000000000000e+03
-2.000000000000000000e+03,-5.862000000000000000e+03,3.960000000000000000e+02,3.960000000000000000e+02,7.072000000000000000e+03
4.274000000000000000e+03,-5.863000000000000000e+03,7.067000000000000000e+03,7.067000000000000000e+03,3.634000000000000000e+03
7.135000000000000000e+03,-5.863000000000000000e+03,1.564000000000000000e+03,1.564000000000000000e+03,-3.998000000000000000e+03
6.988000000000000000e+03,-5.855000000000000000e+03,-5.851000000000000000e+03,-5.851000000000000000e+03,3.960000000000000000e+02
6.974000000000000000e+03,-4.380000000000000000e+02,-5.877000000000000000e+03,-5.877000000000000000e+03,7.067000000000000000e+03
4.200000000000000000e+03,7.059000000000000000e+03,-5.862000000000000000e+03,-5.862000000000000000e+03,1.564000000000000000e+03
1.932000000000000000e+03,7.087000000000000000e+03,-5.863000000000000000e+03,-5.863000000000000000e+03,-5.851000000000000000e+03
-1.298000000000000000e+03,7.059000000000000000e+03,-5.863000000000000000e+03,-5.863000000000000000e+03,-5.877000000000000000e+03
-5.633000000000000000e+03,6.915000000000000000e+03,-5.855000000000000000e+03,-5.855000000000000000e+03,-5.862000000000000000e+03
-5.876000000000000000e+03,9.750000000000000000e+02,-4.380000000000000000e+02,-4.380000000000000000e+02,-5.863000000000000000e+03
-5.911000000000000000e+03,2.978000000000000000e+03,7.059000000000000000e+03,7.059000000000000000e+03,-5.863000000000000000e+03
-5.875000000000000000e+03,9.700000000000000000e+01,7.087000000000000000e+03,7.087000000000000000e+03,-5.855000000000000000e+03
-5.873000000000000000e+03,-5.868000000000000000e+03,7.059000000000000000e+03,7.059000000000000000e+03,-4.380000000000000000e+02
-2.530000000000000000e+02,-5.883000000000000000e+03,6.915000000000000000e+03,6.915000000000000000e+03,7.059000000000000000e+03
-1.063000000000000000e+03,-5.916000000000000000e+03,9.750000000000000000e+02,9.750000000000000000e+02,7.087000000000000000e+03
-5.257000000000000000e+03,-5.908000000000000000e+03,2.978000000000000000e+03,2.978000000000000000e+03,7.059000000000000000e+03
2.585000000000000000e+03,-5.858000000000000000e+03,9.700000000000000000e+01,9.700000000000000000e+01,6.915000000000000000e+03
7.222000000000000000e+03,-5.861000000000000000e+03,-5.868000000000000000e+03,-5.868000000000000000e+03,9.750000000000000000e+02
6.951000000000000000e+03,-5.853000000000000000e+03,-5.883000000000000000e+03,-5.883000000000000000e+03,2.978000000000000000e+03
6.904000000000000000e+03,-2.166000000000000000e+03,-5.916000000000000000e+03,-5.916000000000000000e+03,9.700000000000000000e+01
4.226000000000000000e+03,6.949000000000000000e+03,-5.908000000000000000e+03,-5.908000000000000000e+03,-5.868000000000000000e+03
7.650000000000000000e+02,7.090000000000000000e+03,-5.858000000000000000e+03,-5.858000000000000000e+03,-5.883000000000000000e+03
-4.233000000000000000e+03,6.980000000000000000e+03,-5.861000000000000000e+03,-5.861000000000000000e+03,-5.916000000000000000e+03
-5.381000000000000000e+03,5.937000000000000000e+03,-5.853000000000000000e+03,-5.853000000000000000e+03,-5.908000000000000000e+03
-5.862000000000000000e+03,6.504000000000000000e+03,-2.166000000000000000e+03,-2.166000000000000000e+03,-5.858000000000000000e+03
-5.854000000000000000e+03,6.979000000000000000e+03,6.949000000000000000e+03,6.949000000000000000e+03,-5.861000000000000000e+03
-5.861000000000000000e+03,-1.028000000000000000e+03,7.090000000000000000e+03,7.090000000000000000e+03,-5.853000000000000000e+03
-4.917000000000000000e+03,-5.878000000000000000e+03,6.980000000000000000e+03,6.980000000000000000e+03,-2.166000000000000000e+03
-9.920000000000000000e+02,-5.826000000000000000e+03,5.937000000000000000e+03,5.937000000000000000e+03,6.949000000000000000e+03
-5.867000000000000000e+03,-5.880000000000000000e+03,6.504000000000000000e+03,6.504000000000000000e+03,7.090000000000000000e+03
-2.557000000000000000e+03,-5.850000000000000000e+03,6.979000000000000000e+03,6.979000000000000000e+03,6.980000000000000000e+03
6.772000000000000000e+03,-5.847000000000000000e+03,-1.028000000000000000e+03,-1.028000000000000000e+03,5.937000000000000000e+03
7.125000000000000000e+03,-5.843000000000000000e+03,-5.878000000000000000e+03,-5.878000000000000000e+03,6.504000000000000000e+03
6.899000000000000000e+03,-5.311000000000000000e+03,-5.826000000000000000e+03,-5.826000000000000000e+03,6.979000000000000000e+03
1.692000000000000000e+03,4.619000000000000000e+03,-5.880000000000000000e+03,-5.880000000000000000e+03,-1.028000000000000000e+03
1.058000000000000000e+03,6.993000000000000000e+03,-5.850000000000000000e+03,-5.850000000000000000e+03,-5.878000000000000000e+03
-1.433000000000000000e+03,7.009000000000000000e+03,-5.847000000000000000e+03,-5.847000000000000000e+03,-5.826000000000000000e+03
-5.843000000000000000e+03,6.464000000000000000e+03,-5.843000000000000000e+03,-5.843000000000000000e+03,-5.880000000000000000e+03
-5.803000000000000000e+03,6.990000000000000000e+03,-5.311000000000000000e+03,-5.311000000000000000e+03,-5.850000000000000000e+03
-5.874000000000000000e+03,7.072000000000000000e+03,4.619000000000000000e+03,4.619000000000000000e+03,-5.847000000000000000e+03
-5.874000000000000000e+03,6.361000000000000000e+03,6.993000000000000000e+03,6.993000000000000000e+03,-5.843000000000000000e+03
-5.843000000000000000e+03,-2.353000000000000000e+03,7.009000000000000000e+03,7.009000000000000000e+03,-5.311000000000000000e+03
-1.740000000000000000e+02,-1.360000000000000000e+03,6.464000000000000000e+03,6.464000000000000000e+03,4.619000000000000000e+03
-2.588000000000000000e+03,-3.623000000000000000e+03,6.990000000000000000e+03,6.990000000000000000e+03,6.993000000000000000e+03
-5.831000000000000000e+03,-5.882000000000000000e+03,7.072000000000000000e+03,7.072000000000000000e+03,7.009000000000000000e+03
-1.482000000000000000e+03,-5.871000000000000000e+03,6.361000000000000000e+03,6.361000000000000000e+03,6.464000000000000000e+03
7.075000000000000000e+03,-5.873000000000000000e+03,-2.353000000000000000e+03,-2.353000000000000000e+03,6.990000000000000000e+03
7.115000000000000000e+03,-5.863000000000000000e+03,-1.360000000000000000e+03,-1.360000000000000000e+03,7.072000000000000000e+03
6.916000000000000000e+03,-5.100000000000000000e+03,-3.623000000000000000e+03,-3.623000000000000000e+03,6.361000000000000000e+03
1.820000000000000000e+03,4.956000000000000000e+03,-5.882000000000000000e+03,-5.882000000000000000e+03,-2.353000000000000000e+03
1.189000000000000000e+03,7.016000000000000000e+03,-5.871000000000000000e+03,-5.871000000000000000e+03,-1.360000000000000000e+03
-2.637000000000000000e+03,5.271000000000000000e+03,-5.873000000000000000e+03,-5.873000000000000000e+03,-3.623000000000000000e+03
-5.850000000000000000e+03,4.519000000000000000e+03,-5.863000000000000000e+03,-5.863000000000000000e+03,-5.882000000000000000e+03
-5.836000000000000000e+03,7.170000000000000000e+03,-5.100000000000000000e+03,-5.100000000000000000e+03,-5.871000000000000000e+03
-5.794000000000000000e+03,7.000000000000000000e+03,4.956000000000000000e+03,4.956000000000000000e+03,-5.873000000000000000e+03
-5.819000000000000000e+03,3.232000000000000000e+03,7.016000000000000000e+03,7.016000000000000000e+03,-5.863000000000000000e+03
-7.900000000000000000e+01,-5.005000000000000000e+03,5.271000000000000000e+03,5.271000000000000000e+03,-5.100000000000000000e+03
3.675000000000000000e+03,-1.348000000000000000e+03,4.519000000000000000e+03,4.519000000000000000e+03,4.956000000000000000e+03
7.910000000000000000e+02,-2.566000000000000000e+03,7.170000000000000000e+03,7.170000000000000000e+03,7.016000000000000000e+03
-2.509000000000000000e+03,-5.917000000000000000e+03,7.000000000000000000e+03,7.000000000000000000e+03,5.271000000000000000e+03
1.967000000000000000e+03,-5.875000000000000000e+03,3.232000000000000000e+03,3.232000000000000000e+03,4.519000000000000000e+03
7.162000000000000000e+03,-5.857000000000000000e+03,-5.005000000000000000e+03,-5.005000000000000000e+03,7.170000000000000000e+03
7.072000000000000000e+03,-5.870000000000000000e+03,-1.348000000000000000e+03,-1.348000000000000000e+03,7.000000000000000000e+03
7.010000000000000000e+03,-2.652000000000000000e+03,-2.566000000000000000e+03,-2.566000000000000000e+03,3.232000000000000000e+03
3.227000000000000000e+03,1.049000000000000000e+03,-5.917000000000000000e+03,-5.917000000000000000e+03,-5.005000000000000000e+03
1.842000000000000000e+03,-2.000000000000000000e+03,-5.875000000000000000e+03,-5.875000000000000000e+03,-1.348000000000000000e+03
-2.071000000000000000e+03,4.274000000000000000e+03,-5.857000000000000000e+03,-5.857000000000000000e+03,-2.566000000000000000e+03
-5.875000000000000000e+03,7.135000000000000000e+03,-5.870000000000000000e+03,-5.870000000000000000e+03,-5.917000000000000000e+03
-5.841000000000000000e+03,6.988000000000000000e+03,-2.652000000000000000e+03,-2.652000000000000000e+03,-5.875000000000000000e+03
-5.852000000000000000e+03,6.974000000000000000e+03,1.049000000000000000e+03,1.049000000000000000e+03,-5.857000000000000000e+03
-5.842000000000000000e+03,4.200000000000000000e+03,-2.000000000000000000e+03,-2.000000000000000000e+03,-5.870000000000000000e+03
-4.057000000000000000e+03,1.932000000000000000e+03,4.274000000000000000e+03,4.274000000000000000e+03,-2.652000000000000000e+03
1.809000000000000000e+03,-1.298000000000000000e+03,7.135000000000000000e+03,7.135000000000000000e+03,1.049000000000000000e+03
3.738000000000000000e+03,-5.633000000000000000e+03,6.988000000000000000e+03,6.988000000000000000e+03,-2.000000000000000000e+03
6.074000000000000000e+03,-5.876000000000000000e+03,6.974000000000000000e+03,6.974000000000000000e+03,4.274000000000000000e+03
7.170000000000000000e+03,-5.911000000000000000e+03,4.200000000000000000e+03,4.200000000000000000e+03,7.135000000000000000e+03
7.043000000000000000e+03,-5.875000000000000000e+03,1.932000000000000000e+03,1.932000000000000000e+03,6.988000000000000000e+03
6.962000000000000000e+03,-5.873000000000000000e+03,-1.298000000000000000e+03,-1.298000000000000000e+03,6.974000000000000000e+03
2.617000000000000000e+03,-2.530000000000000000e+02,-5.633000000000000000e+03,-5.633000000000000000e+03,4.200000000000000000e+03
2.702000000000000000e+03,-1.063000000000000000e+03,-5.876000000000000000e+03,-5.876000000000000000e+03,1.932000000000000000e+03
-1.340000000000000000e+02,-5.257000000000000000e+03,-5.911000000000000000e+03,-5.911000000000000000e+03,-1.298000000000000000e+03
-4.897000000000000000e+03,2.585000000000000000e+03,-5.875000000000000000e+03,-5.875000000000000000e+03,-5.633000000000000000e+03
-5.855000000000000000e+03,7.222000000000000000e+03,-5.873000000000000000e+03,-5.873000000000000000e+03,-5.876000000000000000e+03
-5.848000000000000000e+03,6.951000000000000000e+03,-2.530000000000000000e+02,-2.530000000000000000e+02,-5.911000000000000000e+03
-5.831000000000000000e+03,6.904000000000000000e+03,-1.063000000000000000e+03,-1.063000000000000000e+03,-5.875000000000000000e+03
-5.836000000000000000e+03,4.226000000000000000e+03,-5.257000000000000000e+03,-5.257000000000000000e+03,-5.873000000000000000e+03
-5.847000000000000000e+03,7.650000000000000000e+02,2.585000000000000000e+03,2.585000000000000000e+03,-2.530000000000000000e+02
-1.461000000000000000e+03,-4.233000000000000000e+03,7.222000000000000000e+03,7.222000000000000000e+03,-1.063000000000000000e+03
3.111000000000000000e+03,-5.381000000000000000e+03,6.951000000000000000e+03,6.951000000000000000e+03,-5.257000000000000000e+03
7.097000000000000000e+03,-5.862000000000000000e+03,6.904000000000000000e+03,6.904000000000000000e+03,2.585000000000000000e+03
7.155000000000000000e+03,-5.854000000000000000e+03,4.226000000000000000e+03,4.226000000000000000e+03,7.222000000000000000e+03
7.097000000000000000e+03,-5.861000000000000000e+03,7.650000000000000000e+02,7.650000000000000000e+02,6.951000000000000000e+03
6.969000000000000000e+03,-4.917000000000000000e+03,-4.233000000000000000e+03,-4.233000000000000000e+03,6.904000000000000000e+03
4.461000000000000000e+03,-9.920000000000000000e+02,-5.381000000000000000e+03,-5.381000000000000000e+03,4.226000000000000000e+03
2.931000000000000000e+03,-5.867000000000000000e+03,-5.862000000000000000e+03,-5.862000000000000000e+03,7.650000000000000000e+02
-1.496000000000000000e+03,-2.557000000000000000e+03,-5.854000000000000000e+03,-5.854000000000000000e+03,-4.233000000000000000e+03
-5.874000000000000000e+03,6.772000000000000000e+03,-5.861000000000000000e+03,-5.861000000000000000e+03,-5.381000000000000000e+03
-5.880000000000000000e+03,7.125000000000000000e+03,-4.917000000000000000e+03,-4.917000000000000000e+03,-5.862000000000000000e+03
-5.859000000000000000e+03,6.899000000000000000e+03,-9.920000000000000000e+02,-9.920000000000000000e+02,-5.854000000000000000e+03
-5.858000000000000000e+03,1.692000000000000000e+03,-5.867000000000000000e+03,-5.867000000000000000e+03,-5.861000000000000000e+03
-5.825000000000000000e+03,1.058000000000000000e+03,-2.557000000000000000e+03,-2.557000000000000000e+03,-4.917000000000000000e+03
-5.833000000000000000e+03,-1.433000000000000000e+03,6.772000000000000000e+03,6.772000000000000000e+03,-9.920000000000000000e+02
-1.669000000000000000e+03,-5.843000000000000000e+03,7.125000000000000000e+03,7.125000000000000000e+03,-5.867000000000000000e+03
1.194000000000000000e+03,-5.803000000000000000e+03,6.899000000000000000e+03,6.899000000000000000e+03,-2.557000000000000000e+03
5.999000000000000000e+03,-5.874000000000000000e+03,1.692000000000000000e+03,1.692000000000000000e+03,6.772000000000000000e+03
7.204000000000000000e+03,-5.874000000000000000e+03,1.058000000000000000e+03,1.058000000000000000e+03,7.125000000000000000e+03
7.064000000000000000e+03,-5.843000000000000000e+03,-1.433000000000000000e+03,-1.433000000000000000e+03,6.899000000000000000e+03
7.001000000000000000e+03,-1.740000000000000000e+02,-5.843000000000000000e+03,-5.843000000000000000e+03,1.692000000000000000e+03
6.957000000000000000e+03,-2.588000000000000000e+03,-5.803000000000000000e+03,-5.803000000000000000e+03,1.058000000000000000e+03
2.968000000000000000e+03,-5.831000000000000000e+03,-5.874000000000000000e+03,-5.874000000000000000e+03,-1.433000000000000000e+03
-3.036000000000000000e+03,-1.482000000000000000e+03,-5.874000000000000000e+03,-5.874000000000000000e+03,-5.843000000000000000e+03
-5.860000000000000000e+03,7.075000000000000000e+03,-5.843000000000000000e+03,-5.843000000000000000e+03,-5.803000000000000000e+03
-5.855000000000000000e+03,7.115000000000000000e+03,-1.740000000000000000e+02,-1.740000000000000000e+02,-5.874000000000000000e+03
-5.839000000000000000e+03,6.916000000000000000e+03,-2.588000000000000000e+03,-2.588000000000000000e+03,-5.874000000000000000e+03
-5.842000000000000000e+03,1.820000000000000000e+03,-5.831000000000000000e+03,-5.831000000000000000e+03,-5.843000000000000000e+03
-5.839000000000000000e+03,1.189000000000000000e+03,-1.482000000000000000e+03,-1.482000000000000000e+03,-1.740000000000000000e+02
-5.837000000000000000e+03,-2.637000000000000000e+03,7.075000000000000000e+03,7.075000000000000000e+03,-2.588000000000000000e+03
-1.144000000000000000e+03,-5.850000000000000000e+03,7.115000000000000000e+03,7.115000000000000000e+03,-5.831000000000000000e+03
1.998000000000000000e+03,-5.836000000000000000e+03,6.916000000000000000e+03,6.916000000000000000e+03,-1.482000000000000000e+03
7.075000000000000000e+03,-5.794000000000000000e+03,1.820000000000000000e+03,1.820000000000000000e+03,7.075000000000000000e+03
7.093000000000000000e+03,-5.819000000000000000e+03,1.189000000000000000e+03,1.189000000000000000e+03,7.115000000000000000e+03
7.066000000000000000e+03,-7.900000000000000000e+01,-2.637000000000000000e+03,-2.637000000000000000e+03,6.916000000000000000e+03
6.955000000000000000e+03,3.675000000000000000e+03,-5.850000000000000000e+03,-5.850000000000000000e+03,1.820000000000000000e+03
4.042000000000000000e+03,7.910000000000000000e+02,-5.836000000000000000e+03,-5.836000000000000000e+03,1.189000000000000000e+03
4.434000000000000000e+03,-2.509000000000000000e+03,-5.794000000000000000e+03,-5.794000000000000000e+03,-2.637000000000000000e+03
-8.940000000000000000e+02,1.967000000000000000e+03,-5.819000000000000000e+03,-5.819000000000000000e+03,-5.850000000000000000e+03
-5.873000000000000000e+03,7.162000000000000000e+03,-7.900000000000000000e+01,-7.900000000000000000e+01,-5.836000000000000000e+03
-5.860000000000000000e+03,7.072000000000000000e+03,3.675000000000000000e+03,3.675000000000000000e+03,-5.794000000000000000e+03
-5.878000000000000000e+03,7.010000000000000000e+03,7.910000000000000000e+02,7.910000000000000000e+02,-5.819000000000000000e+03
-5.847000000000000000e+03,3.227000000000000000e+03,-2.509000000000000000e+03,-2.509000000000000000e+03,-7.900000000000000000e+01
-5.861000000000000000e+03,1.842000000000000000e+03,1.967000000000000000e+03,1.967000000000000000e+03,3.675000000000000000e+03
-5.841000000000000000e+03,-2.071000000000000000e+03,7.162000000000000000e+03,7.162000000000000000e+03,7.910000000000000000e+02
-5.328000000000000000e+03,-5.875000000000000000e+03,7.072000000000000000e+03,7.072000000000000000e+03,-2.509000000000000000e+03
4.940000000000000000e+03,-5.841000000000000000e+03,7.010000000000000000e+03,7.010000000000000000e+03,1.967000000000000000e+03
7.147000000000000000e+03,-5.852000000000000000e+03,3.227000000000000000e+03,3.227000000000000000e+03,7.162000000000000000e+03
7.078000000000000000e+03,-5.842000000000000000e+03,1.842000000000000000e+03,1.842000000000000000e+03,7.072000000000000000e+03
7.057000000000000000e+03,-4.057000000000000000e+03,-2.071000000000000000e+03,-2.071000000000000000e+03,7.010000000000000000e+03
6.960000000000000000e+03,1.809000000000000000e+03,-5.875000000000000000e+03,-5.875000000000000000e+03,3.227000000000000000e+03
6.938000000000000000e+03,3.738000000000000000e+03,-5.841000000000000000e+03,-5.841000000000000000e+03,1.842000000000000000e+03
3.185000000000000000e+03,6.074000000000000000e+03,-5.852000000000000000e+03,-5.852000000000000000e+03,-2.071000000000000000e+03
-1.542000000000000000e+03,7.170000000000000000e+03,-5.842000000000000000e+03,-5.842000000000000000e+03,-5.875000000000000000e+03
-5.934000000000000000e+03,7.043000000000000000e+03,-4.057000000000000000e+03,-4.057000000000000000e+03,-5.841000000000000000e+03
-5.869000000000000000e+03,6.962000000000000000e+03,1.809000000000000000e+03,1.809000000000000000e+03,-5.852000000000000000e+03
-5.860000000000000000e+03,2.617000000000000000e+03,3.738000000000000000e+03,3.738000000000000000e+03,-5.842000000000000000e+03
-5.823000000000000000e+03,2.702000000000000000e+03,6.074000000000000000e+03,6.074000000000000000e+03,-4.057000000000000000e+03
-5.838000000000000000e+03,-1.340000000000000000e+02,7.170000000000000000e+03,7.170000000000000000e+03,1.809000000000000000e+03
-5.833000000000000000e+03,-4.897000000000000000e+03,7.043000000000000000e+03,7.043000000000000000e+03,3.738000000000000000e+03
-3.541000000000000000e+03,-5.855000000000000000e+03,6.962000000000000000e+03,6.962000000000000000e+03,6.074000000000000000e+03
5.969000000000000000e+03,-5.848000000000000000e+03,2.617000000000000000e+03,2.617000000000000000e+03,7.170000000000000000e+03
7.106000000000000000e+03,-5.831000000000000000e+03,2.702000000000000000e+03,2.702000000000000000e+03,7.043000000000000000e+03
7.005000000000000000e+03,-5.836000000000000000e+03,-1.340000000000000000e+02,-1.340000000000000000e+02,6.962000000000000000e+03
7.064000000000000000e+03,-5.847000000000000000e+03,-4.897000000000000000e+03,-4.897000000000000000e+03,2.617000000000000000e+03
7.003000000000000000e+03,-1.461000000000000000e+03,-5.855000000000000000e+03,-5.855000000000000000e+03,2.702000000000000000e+03
6.948000000000000000e+03,3.111000000000000000e+03,-5.848000000000000000e+03,-5.848000000000000000e+03,-1.340000000000000000e+02
2.654000000000000000e+03,7.097000000000000000e+03,-5.831000000000000000e+03,-5.831000000000000000e+03,-4.897000000000000000e+03
-4.163000000000000000e+03,7.155000000000000000e+03,-5.836000000000000000e+03,-5.836000000000000000e+03,-5.855000000000000000e+03
-5.886000000000000000e+03,7.097000000000000000e+03,-5.847000000000000000e+03,-5.847000000000000000e+03,-5.848000000000000000e+03
-5.862000000000000000e+03,6.969000000000000000e+03,-1.461000000000000000e+03,-1.461000000000000000e+03,-5.831000000000000000e+03
-5.857000000000000000e+03,4.461000000000000000e+03,3.111000000000000000e+03,3.111000000000000000e+03,-5.836000000000000000e+03
-5.859000000000000000e+03,2.931000000000000000e+03,7.097000000000000000e+03,7.097000000000000000e+03,-5.847000000000000000e+03
-5.850000000000000000e+03,-1.496000000000000000e+03,7.155000000000000000e+03,7.155000000000000000e+03,-1.461000000000000000e+03
-5.870000000000000000e+03,-5.874000000000000000e+03,7.097000000000000000e+03,7.097000000000000000e+03,3.111000000000000000e+03
-2.660000000000000000e+03,-5.880000000000000000e+03,6.969000000000000000e+03,6.969000000000000000e+03,7.097000000000000000e+03
3.848000000000000000e+03,-5.859000000000000000e+03,4.461000000000000000e+03,4.461000000000000000e+03,7.155000000000000000e+03
7.130000000000000000e+03,-5.858000000000000000e+03,2.931000000000000000e+03,2.931000000000000000e+03,7.097000000000000000e+03
7.073000000000000000e+03,-5.825000000000000000e+03,-1.496000000000000000e+03,-1.496000000000000000e+03,6.969000000000000000e+03
7.076000000000000000e+03,-5.833000000000000000e+03,-5.874000000000000000e+03,-5.874000000000000000e+03,4.461000000000000000e+03
7.044000000000000000e+03,-1.669000000000000000e+03,-5.880000000000000000e+03,-5.880000000000000000e+03,2.931000000000000000e+03
6.907000000000000000e+03,1.194000000000000000e+03,-5.859000000000000000e+03,-5.859000000000000000e+03,-1.496000000000000000e+03
-1.260000000000000000e+03,5.999000000000000000e+03,-5.858000000000000000e+03,-5.858000000000000000e+03,-5.874000000000000000e+03
-5.901000000000000000e+03,7.204000000000000000e+03,-5.825000000000000000e+03,-5.825000000000000000e+03,-5.880000000000000000e+03
-5.869000000000000000e+03,7.064000000000000000e+03,-5.833000000000000000e+03,-5.833000000000000000e+03,-5.859000000000000000e+03
-5.892000000000000000e+03,7.001000000000000000e+03,-1.669000000000000000e+03,-1.669000000000000000e+03,-5.858000000000000000e+03
-5.846000000000000000e+03,6.957000000000000000e+03,1.194000000000000000e+03,1.194000000000000000e+03,-5.825000000000000000e+03
-5.839000000000000000e+03,2.968000000000000000e+03,5.999000000000000000e+03,5.999000000000000000e+03,-5.833000000000000000e+03
-5.848000000000000000e+03,-3.036000000000000000e+03,7.204000000000000000e+03,7.204000000000000000e+03,-1.669000000000000000e+03
-3.121000000000000000e+03,-5.860000000000000000e+03,7.064000000000000000e+03,7.064000000000000000e+03,1.194000000000000000e+03
-2.898000000000000000e+03,-5.855000000000000000e+03,7.001000000000000000e+03,7.001000000000000000e+03,5.999000000000000000e+03
6.240000000000000000e+02,-5.839000000000000000e+03,6.957000000000000000e+03,6.957000000000000000e+03,7.204000000000000000e+03
7.139000000000000000e+03,-5.842000000000000000e+03,2.968000000000000000e+03,2.968000000000000000e+03,7.064000000000000000e+03
7.069000000000000000e+03,-5.839000000000000000e+03,-3.036000000000000000e+03,-3.036000000000000000e+03,7.001000000000000000e+03
6.943000000000000000e+03,-5.837000000000000000e+03,-5.860000000000000000e+03,-5.860000000000000000e+03,6.957000000000000000e+03
7.044000000000000000e+03,-1.144000000000000000e+03,-5.855000000000000000e+03,-5.855000000000000000e+03,2.968000000000000000e+03
6.900000000000000000e+03,1.998000000000000000e+03,-5.839000000000000000e+03,-5.839000000000000000e+03,-3.036000000000000000e+03
-2.895000000000000000e+03,7.075000000000000000e+03,-5.842000000000000000e+03,-5.842000000000000000e+03,-5.860000000000000000e+03
-5.867000000000000000e+03,7.093000000000000000e+03,-5.839000000000000000e+03,-5.839000000000000000e+03,-5.855000000000000000e+03
-5.862000000000000000e+03,7.066000000000000000e+03,-5.837000000000000000e+03,-5.837000000000000000e+03,-5.839000000000000000e+03
-5.841000000000000000e+03,6.955000000000000000e+03,-1.144000000000000000e+03,-1.144000000000000000e+03,-5.842000000000000000e+03
-5.847000000000000000e+03,4.042000000000000000e+03,1.998000000000000000e+03,1.998000000000000000e+03,-5.839000000000000000e+03
-5.835000000000000000e+03,4.434000000000000000e+03,7.075000000000000000e+03,7.075000000000000000e+03,-5.837000000000000000e+03
-4.940000000000000000e+03,-8.940000000000000000e+02,7.093000000000000000e+03,7.093000000000000000e+03,-1.144000000000000000e+03
2.758000000000000000e+03,-5.873000000000000000e+03,7.066000000000000000e+03,7.066000000000000000e+03,1.998000000000000000e+03
-4.010000000000000000e+02,-5.860000000000000000e+03,6.955000000000000000e+03,6.955000000000000000e+03,7.075000000000000000e+03
3.174000000000000000e+03,-5.878000000000000000e+03,4.042000000000000000e+03,4.042000000000000000e+03,7.093000000000000000e+03
7.145000000000000000e+03,-5.847000000000000000e+03,4.434000000000000000e+03,4.434000000000000000e+03,7.066000000000000000e+03
7.006000000000000000e+03,-5.861000000000000000e+03,-8.940000000000000000e+02,-8.940000000000000000e+02,6.955000000000000000e+03
7.049000000000000000e+03,-5.841000000000000000e+03,-5.873000000000000000e+03,-5.873000000000000000e+03,4.042000000000000000e+03
7.065000000000000000e+03,-5.328000000000000000e+03,-5.860000000000000000e+03,-5.860000000000000000e+03,4.434000000000000000e+03
3.993000000000000000e+03,4.940000000000000000e+03,-5.878000000000000000e+03,-5.878000000000000000e+03,-8.940000000000000000e+02
-4.203000000000000000e+03,7.147000000000000000e+03,-5.847000000000000000e+03,-5.847000000000000000e+03,-5.873000000000000000e+03
-5.871000000000000000e+03,7.078000000000000000e+03,-5.861000000000000000e+03,-5.861000000000000000e+03,-5.860000000000000000e+03
-5.878000000000000000e+03,7.057000000000000000e+03,-5.841000000000000000e+03,-5.841000000000000000e+03,-5.878000000000000000e+03
-5.853000000000000000e+03,6.960000000000000000e+03,-5.328000000000000000e+03,-5.328000000000000000e+03,-5.847000000000000000e+03
-5.849000000000000000e+03,6.938000000000000000e+03,4.940000000000000000e+03,4.940000000000000000e+03,-5.861000000000000000e+03
-5.636000000000000000e+03,3.185000000000000000e+03,7.147000000000000000e+03,7.147000000000000000e+03,-5.841000000000000000e+03
3.305000000000000000e+03,-1.542000000000000000e+03,7.078000000000000000e+03,7.078000000000000000e+03,-5.328000000000000000e+03
5.161000000000000000e+03,-5.934000000000000000e+03,7.057000000000000000e+03,7.057000000000000000e+03,4.940000000000000000e+03
3.319000000000000000e+03,-5.869000000000000000e+03,6.960000000000000000e+03,6.960000000000000000e+03,7.147000000000000000e+03
5.007000000000000000e+03,-5.860000000000000000e+03,6.938000000000000000e+03,6.938000000000000000e+03,7.078000000000000000e+03
5.953000000000000000e+03,-5.823000000000000000e+03,3.185000000000000000e+03,3.185000000000000000e+03,7.057000000000000000e+03
5.608000000000000000e+03,-5.838000000000000000e+03,-1.542000000000000000e+03,-1.542000000000000000e+03,6.960000000000000000e+03
6.341000000000000000e+03,-5.833000000000000000e+03,-5.934000000000000000e+03,-5.934000000000000000e+03,6.938000000000000000e+03
4.930000000000000000e+03,-3.541000000000000000e+03,-5.869000000000000000e+03,-5.869000000000000000e+03,3.185000000000000000e+03
1.355000000000000000e+03,5.969000000000000000e+03,-5.860000000000000000e+03,-5.860000000000000000e+03,-1.542000000000000000e+03
-4.975000000000000000e+03,7.106000000000000000e+03,-5.823000000000000000e+03,-5.823000000000000000e+03,-5.934000000000000000e+03
-5.882000000000000000e+03,7.005000000000000000e+03,-5.838000000000000000e+03,-5.838000000000000000e+03,-5.869000000000000000e+03
-5.824000000000000000e+03,7.064000000000000000e+03,-5.833000000000000000e+03,-5.833000000000000000e+03,-5.860000000000000000e+03
-5.852000000000000000e+03,7.003000000000000000e+03,-3.541000000000000000e+03,-3.541000000000000000e+03,-5.823000000000000000e+03
-5.835000000000000000e+03,6.948000000000000000e+03,5.969000000000000000e+03,5.969000000000000000e+03,-5.838000000000000000e+03
-4.455000000000000000e+03,2.654000000000000000e+03,7.106000000000000000e+03,7.106000000000000000e+03,-5.833000000000000000e+03
5.297000000000000000e+03,-4.163000000000000000e+03,7.005000000000000000e+03,7.005000000000000000e+03,-3.541000000000000000e+03
7.035000000000000000e+03,-5.886000000000000000e+03,7.064000000000000000e+03,7.064000000000000000e+03,5.969000000000000000e+03
7.046000000000000000e+03,-5.862000000000000000e+03,7.003000000000000000e+03,7.003000000000000000e+03,7.106000000000000000e+03
6.989000000000000000e+03,-5.857000000000000000e+03,6.948000000000000000e+03,6.948000000000000000e+03,7.005000000000000000e+03
4.401000000000000000e+03,-5.859000000000000000e+03,2.654000000000000000e+03,2.654000000000000000e+03,7.064000000000000000e+03
3.628000000000000000e+03,-5.850000000000000000e+03,-4.163000000000000000e+03,-4.163000000000000000e+03,7.003000000000000000e+03
3.070000000000000000e+03,-5.870000000000000000e+03,-5.886000000000000000e+03,-5.886000000000000000e+03,6.948000000000000000e+03
-1.812000000000000000e+03,-2.660000000000000000e+03,-5.862000000000000000e+03,-5.862000000000000000e+03,2.654000000000000000e+03
-5.089000000000000000e+03,3.848000000000000000e+03,-5.857000000000000000e+03,-5.857000000000000000e+03,-4.163000000000000000e+03
-5.908000000000000000e+03,7.130000000000000000e+03,-5.859000000000000000e+03,-5.859000000000000000e+03,-5.886000000000000000e+03
-5.874000000000000000e+03,7.073000000000000000e+03,-5.850000000000000000e+03,-5.850000000000000000e+03,-5.862000000000000000e+03
-5.869000000000000000e+03,7.076000000000000000e+03,-5.870000000000000000e+03,-5.870000000000000000e+03,-5.857000000000000000e+03
-5.889000000000000000e+03,7.044000000000000000e+03,-2.660000000000000000e+03,-2.660000000000000000e+03,-5.859000000000000000e+03
-5.862000000000000000e+03,6.907000000000000000e+03,3.848000000000000000e+03,3.848000000000000000e+03,-5.850000000000000000e+03
5.570000000000000000e+02,-1.260000000000000000e+03,7.130000000000000000e+03,7.130000000000000000e+03,-5.870000000000000000e+03
7.048000000000000000e+03,-5.901000000000000000e+03,7.073000000000000000e+03,7.073000000000000000e+03,-2.660000000000000000e+03
7.126000000000000000e+03,-5.869000000000000000e+03,7.076000000000000000e+03,7.076000000000000000e+03,3.848000000000000000e+03
7.063000000000000000e+03,-5.892000000000000000e+03,7.044000000000000000e+03,7.044000000000000000e+03,7.130000000000000000e+03
7.017000000000000000e+03,-5.846000000000000000e+03,6.907000000000000000e+03,6.907000000000000000e+03,7.073000000000000000e+03
6.903000000000000000e+03,-5.839000000000000000e+03,-1.260000000000000000e+03,-1.260000000000000000e+03,7.076000000000000000e+03
2.107000000000000000e+03,-5.848000000000000000e+03,-5.901000000000000000e+03,-5.901000000000000000e+03,7.044000000000000000e+03
-1.246000000000000000e+03,-3.121000000000000000e+03,-5.869000000000000000e+03,-5.869000000000000000e+03,6.907000000000000000e+03
-5.907000000000000000e+03,-2.898000000000000000e+03,-5.892000000000000000e+03,-5.892000000000000000e+03,-1.260000000000000000e+03
-5.916000000000000000e+03,6.240000000000000000e+02,-5.846000000000000000e+03,-5.846000000000000000e+03,-5.901000000000000000e+03
-5.881000000000000000e+03,7.139000000000000000e+03,-5.839000000000000000e+03,-5.839000000000000000e+03,-5.869000000000000000e+03
-5.871000000000000000e+03,7.069000000000000000e+03,-5.848000000000000000e+03,-5.848000000000000000e+03,-5.892000000000000000e+03
-5.858000000000000000e+03,6.943000000000000000e+03,-3.121000000000000000e+03,-3.121000000000000000e+03,-5.846000000000000000e+03
-5.843000000000000000e+03,7.044000000000000000e+03,-2.898000000000000000e+03,-2.898000000000000000e+03,-5.839000000000000000e+03
-2.789000000000000000e+03,6.900000000000000000e+03,6.240000000000000000e+02,6.240000000000000000e+02,-5.848000000000000000e+03
5.670000000000000000e+03,-2.895000000000000000e+03,7.139000000000000000e+03,7.139000000000000000e+03,-3.121000000000000000e+03
4.962000000000000000e+03,-5.867000000000000000e+03,7.069000000000000000e+03,7.069000000000000000e+03,-2.898000000000000000e+03
7.120000000000000000e+03,-5.862000000000000000e+03,6.943000000000000000e+03,6.943000000000000000e+03,6.240000000000000000e+02
7.079000000000000000e+03,-5.841000000000000000e+03,7.044000000000000000e+03,7.044000000000000000e+03,7.139000000000000000e+03
7.056000000000000000e+03,-5.847000000000000000e+03,6.900000000000000000e+03,6.900000000000000000e+03,7.069000000000000000e+03
6.818000000000000000e+03,-5.835000000000000000e+03,-2.895000000000000000e+03,-2.895000000000000000e+03,6.943000000000000000e+03
1.317000000000000000e+03,-4.940000000000000000e+03,-5.867000000000000000e+03,-5.867000000000000000e+03,7.044000000000000000e+03
-3.063000000000000000e+03,2.758000000000000000e+03,-5.862000000000000000e+03,-5.862000000000000000e+03,6.900000000000000000e+03
-5.889000000000000000e+03,-4.010000000000000000e+02,-5.841000000000000000e+03,-5.841000000000000000e+03,-2.895000000000000000e+03
-5.864000000000000000e+03,3.174000000000000000e+03,-5.847000000000000000e+03,-5.847000000000000000e+03,-5.867000000000000000e+03
-5.872000000000000000e+03,7.145000000000000000e+03,-5.835000000000000000e+03,-5.835000000000000000e+03,-5.862000000000000000e+03
-5.818000000000000000e+03,7.006000000000000000e+03,-4.940000000000000000e+03,-4.940000000000000000e+03,-5.841000000000000000e+03
-5.849000000000000000e+03,7.049000000000000000e+03,2.758000000000000000e+03,2.758000000000000000e+03,-5.847000000000000000e+03
-5.855000000000000000e+03,7.065000000000000000e+03,-4.010000000000000000e+02,-4.010000000000000000e+02,-5.835000000000000000e+03
2.594000000000000000e+03,3.993000000000000000e+03,3.174000000000000000e+03,3.174000000000000000e+03,-4.940000000000000000e+03
6.063000000000000000e+03,-4.203000000000000000e+03,7.145000000000000000e+03,7.145000000000000000e+03,2.758000000000000000e+03
5.082000000000000000e+03,-5.871000000000000000e+03,7.006000000000000000e+03,7.006000000000000000e+03,-4.010000000000000000e+02
7.136000000000000000e+03,-5.878000000000000000e+03,7.049000000000000000e+03,7.049000000000000000e+03,3.174000000000000000e+03
7.076000000000000000e+03,-5.853000000000000000e+03,7.065000000000000000e+03,7.065000000000000000e+03,7.145000000000000000e+03
6.930000000000000000e+03,-5.849000000000000000e+03,3.993000000000000000e+03,3.993000000000000000e+03,7.006000000000000000e+03
6.182000000000000000e+03,-5.636000000000000000e+03,-4.203000000000000000e+03,-4.203000000000000000e+03,7.049000000000000000e+03
4.581000000000000000e+03,3.305000000000000000e+03,-5.871000000000000000e+03,-5.871000000000000000e+03,7.065000000000000000e+03
-2.750000000000000000e+03,5.161000000000000000e+03,-5.878000000000000000e+03,-5.878000000000000000e+03,3.993000000000000000e+03
-5.889000000000000000e+03,3.319000000000000000e+03,-5.853000000000000000e+03,-5.853000000000000000e+03,-4.203000000000000000e+03
-5.893000000000000000e+03,5.007000000000000000e+03,-5.849000000000000000e+03,-5.849000000000000000e+03,-5.871000000000000000e+03
-5.882000000000000000e+03,5.953000000000000000e+03,-5.636000000000000000e+03,-5.636000000000000000e+03,-5.878000000000000000e+03
-5.886000000000000000e+03,5.608000000000000000e+03,3.305000000000000000e+03,3.305000000000000000e+03,-5.853000000000000000e+03
-5.861000000000000000e+03,6.341000000000000000e+03,5.161000000000000000e+03,5.161000000000000000e+03,-5.849000000000000000e+03
-4.122000000000000000e+03,4.930000000000000000e+03,3.319000000000000000e+03,3.319000000000000000e+03,-5.636000000000000000e+03
5.829000000000000000e+03,1.355000000000000000e+03,5.007000000000000000e+03,5.007000000000000000e+03,3.305000000000000000e+03
5.558000000000000000e+03,-4.975000000000000000e+03,5.953000000000000000e+03,5.953000000000000000e+03,5.161000000000000000e+03
7.124000000000000000e+03,-5.882000000000000000e+03,5.608000000000000000e+03,5.608000000000000000e+03,3.319000000000000000e+03
7.076000000000000000e+03,-5.824000000000000000e+03,6.341000000000000000e+03,6.341000000000000000e+03,5.007000000000000000e+03
6.991000000000000000e+03,-5.852000000000000000e+03,4.930000000000000000e+03,4.930000000000000000e+03,5.953000000000000000e+03
6.978000000000000000e+03,-5.835000000000000000e+03,1.355000000000000000e+03,1.355000000000000000e+03,5.608000000000000000e+03
7.010000000000000000e+03,-4.455000000000000000e+03,-4.975000000000000000e+03,-4.975000000000000000e+03,6.341000000000000000e+03
2.291000000000000000e+03,5.297000000000000000e+03,-5.882000000000000000e+03,-5.882000000000000000e+03,4.930000000000000000e+03
-5.889000000000000000e+03,7.035000000000000000e+03,-5.824000000000000000e+03,-5.824000000000000000e+03,1.355000000000000000e+03
-5.908000000000000000e+03,7.046000000000000000e+03,-5.852000000000000000e+03,-5.852000000000000000e+03,-4.975000000000000000e+03
-5.896000000000000000e+03,6.989000000000000000e+03,-5.835000000000000000e+03,-5.835000000000000000e+03,-5.882000000000000000e+03
-5.869000000000000000e+03,4.401000000000000000e+03,-4.455000000000000000e+03,-4.455000000000000000e+03,-5.824000000000000000e+03
-5.871000000000000000e+03,3.628000000000000000e+03,5.297000000000000000e+03,5.297000000000000000e+03,-5.852000000000000000e+03
-5.862000000000000000e+03,3.070000000000000000e+03,7.035000000000000000e+03,7.035000000000000000e+03,-5.835000000000000000e+03
-3.810000000000000000e+02,-1.812000000000000000e+03,7.046000000000000000e+03,7.046000000000000000e+03,-4.455000000000000000e+03
5.020000000000000000e+03,-5.089000000000000000e+03,6.989000000000000000e+03,6.989000000000000000e+03,5.297000000000000000e+03
7.068000000000000000e+03,-5.908000000000000000e+03,4.401000000000000000e+03,4.401000000000000000e+03,7.035000000000000000e+03
7.052000000000000000e+03,-5.874000000000000000e+03,3.628000000000000000e+03,3.628000000000000000e+03,7.046000000000000000e+03
7.022000000000000000e+03,-5.869000000000000000e+03,3.070000000000000000e+03,3.070000000000000000e+03,6.989000000000000000e+03
6.882000000000000000e+03,-5.889000000000000000e+03,-1.812000000000000000e+03,-1.812000000000000000e+03,4.401000000000000000e+03
6.997000000000000000e+03,-5.862000000000000000e+03,-5.089000000000000000e+03,-5.089000000000000000e+03,3.628000000000000000e+03
6.254000000000000000e+03,5.570000000000000000e+02,-5.908000000000000000e+03,-5.908000000000000000e+03,3.070000000000000000e+03
-2.620000000000000000e+03,7.048000000000000000e+03,-5.874000000000000000e+03,-5.874000000000000000e+03,-1.812000000000000000e+03
-5.916000000000000000e+03,7.126000000000000000e+03,-5.869000000000000000e+03,-5.869000000000000000e+03,-5.089000000000000000e+03
-5.898000000000000000e+03,7.063000000000000000e+03,-5.889000000000000000e+03,-5.889000000000000000e+03,-5.908000000000000000e+03
-5.905000000000000000e+03,7.017000000000000000e+03,-5.862000000000000000e+03,-5.862000000000000000e+03,-5.874000000000000000e+03
-5.871000000000000000e+03,6.903000000000000000e+03,5.570000000000000000e+02,5.570000000000000000e+02,-5.869000000000000000e+03
-5.881000000000000000e+03,2.107000000000000000e+03,7.048000000000000000e+03,7.048000000000000000e+03,-5.889000000000000000e+03
-5.662000000000000000e+03,-1.246000000000000000e+03,7.126000000000000000e+03,7.126000000000000000e+03,-5.862000000000000000e+03
2.730000000000000000e+02,-5.907000000000000000e+03,7.063000000000000000e+03,7.063000000000000000e+03,5.570000000000000000e+02
4.158000000000000000e+03,-5.916000000000000000e+03,7.017000000000000000e+03,7.017000000000000000e+03,7.048000000000000000e+03
7.138000000000000000e+03,-5.881000000000000000e+03,6.903000000000000000e+03,6.903000000000000000e+03,7.126000000000000000e+03
7.010000000000000000e+03,-5.871000000000000000e+03,2.107000000000000000e+03,2.107000000000000000e+03,7.063000000000000000e+03
7.028000000000000000e+03,-5.858000000000000000e+03,-1.246000000000000000e+03,-1.246000000000000000e+03,7.017000000000000000e+03
6.945000000000000000e+03,-5.843000000000000000e+03,-5.907000000000000000e+03,-5.907000000000000000e+03,6.903000000000000000e+03
6.956000000000000000e+03,-2.789000000000000000e+03,-5.916000000000000000e+03,-5.916000000000000000e+03,2.107000000000000000e+03
4.990000000000000000e+02,5.670000000000000000e+03,-5.881000000000000000e+03,-5.881000000000000000e+03,-1.246000000000000000e+03
-5.906000000000000000e+03,4.962000000000000000e+03,-5.871000000000000000e+03,-5.871000000000000000e+03,-5.907000000000000000e+03
-5.906000000000000000e+03,7.120000000000000000e+03,-5.858000000000000000e+03,-5.858000000000000000e+03,-5.916000000000000000e+03
-5.922000000000000000e+03,7.079000000000000000e+03,-5.843000000000000000e+03,-5.843000000000000000e+03,-5.881000000000000000e+03
-5.903000000000000000e+03,7.056000000000000000e+03,-2.789000000000000000e+03,-2.789000000000000000e+03,-5.871000000000000000e+03
-5.908000000000000000e+03,6.818000000000000000e+03,5.670000000000000000e+03,5.670000000000000000e+03,-5.858000000000000000e+03
-5.891000000000000000e+03,1.317000000000000000e+03,4.962000000000000000e+03,4.962000000000000000e+03,-5.843000000000000000e+03
-2.425000000000000000e+03,-3.063000000000000000e+03,7.120000000000000000e+03,7.120000000000000000e+03,-2.789000000000000000e+03
7.790000000000000000e+02,-5.889000000000000000e+03,7.079000000000000000e+03,7.079000000000000000e+03,5.670000000000000000e+03
6.950000000000000000e+03,-5.864000000000000000e+03,7.056000000000000000e+03,7.056000000000000000e+03,4.962000000000000000e+03
7.058000000000000000e+03,-5.872000000000000000e+03,6.818000000000000000e+03,6.818000000000000000e+03,7.120000000000000000e+03
7.010000000000000000e+03,-5.818000000000000000e+03,1.317000000000000000e+03,1.317000000000000000e+03,7.079000000000000000e+03
6.940000000000000000e+03,-5.849000000000000000e+03,-3.063000000000000000e+03,-3.063000000000000000e+03,7.056000000000000000e+03
5.521000000000000000e+03,-5.855000000000000000e+03,-5.889000000000000000e+03,-5.889000000000000000e+03,6.818000000000000000e+03
3.548000000000000000e+03,2.594000000000000000e+03,-5.864000000000000000e+03,-5.864000000000000000e+03,1.317000000000000000e+03
-3.894000000000000000e+03,6.063000000000000000e+03,-5.872000000000000000e+03,-5.872000000000000000e+03,-3.063000000000000000e+03
-5.946000000000000000e+03,5.082000000000000000e+03,-5.818000000000000000e+03,-5.818000000000000000e+03,-5.889000000000000000e+03
-5.860000000000000000e+03,7.136000000000000000e+03,-5.849000000000000000e+03,-5.849000000000000000e+03,-5.864000000000000000e+03
-5.947000000000000000e+03,7.076000000000000000e+03,-5.855000000000000000e+03,-5.855000000000000000e+03,-5.872000000000000000e+03
-5.882000000000000000e+03,6.930000000000000000e+03,2.594000000000000000e+03,2.594000000000000000e+03,-5.818000000000000000e+03
-5.880000000000000000e+03,6.182000000000000000e+03,6.063000000000000000e+03,6.063000000000000000e+03,-5.849000000000000000e+03
-5.622000000000000000e+03,4.581000000000000000e+03,5.082000000000000000e+03,5.082000000000000000e+03,-5.855000000000000000e+03
1.209000000000000000e+03,-2.750000000000000000e+03,7.136000000000000000e+03,7.136000000000000000e+03,2.594000000000000000e+03
5.609000000000000000e+03,-5.889000000000000000e+03,7.076000000000000000e+03,7.076000000000000000e+03,6.063000000000000000e+03
7.114000000000000000e+03,-5.893000000000000000e+03,6.930000000000000000e+03,6.930000000000000000e+03,5.082000000000000000e+03
6.939000000000000000e+03,-5.882000000000000000e+03,6.182000000000000000e+03,6.182000000000000000e+03,7.136000000000000000e+03
5.113000000000000000e+03,-5.886000000000000000e+03,4.581000000000000000e+03,4.581000000000000000e+03,7.076000000000000000e+03
3.410000000000000000e+03,-5.861000000000000000e+03,-2.750000000000000000e+03,-2.750000000000000000e+03,6.930000000000000000e+03
4.109000000000000000e+03,-4.122000000000000000e+03,-5.889000000000000000e+03,-5.889000000000000000e+03,6.182000000000000000e+03
-6.420000000000000000e+02,5.829000000000000000e+03,-5.893000000000000000e+03,-5.893000000000000000e+03,4.581000000000000000e+03
-5.875000000000000000e+03,5.558000000000000000e+03,-5.882000000000000000e+03,-5.882000000000000000e+03,-2.750000000000000000e+03
-5.846000000000000000e+03,7.124000000000000000e+03,-5.886000000000000000e+03,-5.886000000000000000e+03,-5.889000000000000000e+03
-5.593000000000000000e+03,7.076000000000000000e+03,-5.861000000000000000e+03,-5.861000000000000000e+03,-5.893000000000000000e+03
-5.910000000000000000e+03,6.991000000000000000e+03,-4.122000000000000000e+03,-4.122000000000000000e+03,-5.882000000000000000e+03
-5.907000000000000000e+03,6.978000000000000000e+03,5.829000000000000000e+03,5.829000000000000000e+03,-5.886000000000000000e+03
-5.678000000000000000e+03,7.010000000000000000e+03,5.558000000000000000e+03,5.558000000000000000e+03,-5.861000000000000000e+03
9.670000000000000000e+02,2.291000000000000000e+03,7.124000000000000000e+03,7.124000000000000000e+03,-4.122000000000000000e+03
1.083000000000000000e+03,-5.889000000000000000e+03,7.076000000000000000e+03,7.076000000000000000e+03,5.829000000000000000e+03
6.941000000000000000e+03,-5.908000000000000000e+03,6.991000000000000000e+03,6.991000000000000000e+03,5.558000000000000000e+03
7.085000000000000000e+03,-5.896000000000000000e+03,6.978000000000000000e+03,6.978000000000000000e+03,7.124000000000000000e+03
6.846000000000000000e+03,-5.869000000000000000e+03,7.010000000000000000e+03,7.010000000000000000e+03,7.076000000000000000e+03
-8.500000000000000000e+01,-5.871000000000000000e+03,2.291000000000000000e+03,2.291000000000000000e+03,6.991000000000000000e+03
2.884000000000000000e+03,-5.862000000000000000e+03,-5.889000000000000000e+03,-5.889000000000000000e+03,6.978000000000000000e+03
2.560000000000000000e+03,-3.810000000000000000e+02,-5.908000000000000000e+03,-5.908000000000000000e+03,7.010000000000000000e+03
-4.177000000000000000e+03,5.020000000000000000e+03,-5.896000000000000000e+03,-5.896000000000000000e+03,2.291000000000000000e+03
-5.936000000000000000e+03,7.068000000000000000e+03,-5.869000000000000000e+03,-5.869000000000000000e+03,-5.889000000000000000e+03
-5.846000000000000000e+03,7.052000000000000000e+03,-5.871000000000000000e+03,-5.871000000000000000e+03,-5.908000000000000000e+03
-5.961000000000000000e+03,7.022000000000000000e+03,-5.862000000000000000e+03,-5.862000000000000000e+03,-5.896000000000000000e+03
-5.889000000000000000e+03,6.882000000000000000e+03,-3.810000000000000000e+02,-3.810000000000000000e+02,-5.869000000000000000e+03
-5.884000000000000000e+03,6.997000000000000000e+03,5.020000000000000000e+03,5.020000000000000000e+03,-5.871000000000000000e+03
1.326000000000000000e+03,6.254000000000000000e+03,7.068000000000000000e+03,7.068000000000000000e+03,-5.862000000000000000e+03
3.581000000000000000e+03,-2.620000000000000000e+03,7.052000000000000000e+03,7.052000000000000000e+03,-3.810000000000000000e+02
1.038000000000000000e+03,-5.916000000000000000e+03,7.022000000000000000e+03,7.022000000000000000e+03,5.020000000000000000e+03
7.087000000000000000e+03,-5.898000000000000000e+03,6.882000000000000000e+03,6.882000000000000000e+03,7.068000000000000000e+03
6.978000000000000000e+03,-5.905000000000000000e+03,6.997000000000000000e+03,6.997000000000000000e+03,7.052000000000000000e+03
4.021000000000000000e+03,-5.871000000000000000e+03,6.254000000000000000e+03,6.254000000000000000e+03,7.022000000000000000e+03
-1.106000000000000000e+03,-5.881000000000000000e+03,-2.620000000000000000e+03,-2.620000000000000000e+03,6.882000000000000000e+03
3.042000000000000000e+03,-5.662000000000000000e+03,-5.916000000000000000e+03,-5.916000000000000000e+03,6.997000000000000000e+03
8.400000000000000000e+01,2.730000000000000000e+02,-5.898000000000000000e+03,-5.898000000000000000e+03,6.254000000000000000e+03
-5.898000000000000000e+03,4.158000000000000000e+03,-5.905000000000000000e+03,-5.905000000000000000e+03,-2.620000000000000000e+03
-5.890000000000000000e+03,7.138000000000000000e+03,-5.871000000000000000e+03,-5.871000000000000000e+03,-5.916000000000000000e+03
-5.734000000000000000e+03,7.010000000000000000e+03,-5.881000000000000000e+03,-5.881000000000000000e+03,-5.898000000000000000e+03
-5.916000000000000000e+03,7.028000000000000000e+03,-5.662000000000000000e+03,-5.662000000000000000e+03,-5.905000000000000000e+03
-5.890000000000000000e+03,6.945000000000000000e+03,2.730000000000000000e+02,2.730000000000000000e+02,-5.871000000000000000e+03
-3.569000000000000000e+03,6.956000000000000000e+03,4.158000000000000000e+03,4.158000000000000000e+03,-5.881000000000000000e+03
5.636000000000000000e+03,4.990000000000000000e+02,7.138000000000000000e+03,7.138000000000000000e+03,-5.662000000000000000e+03
4.874000000000000000e+03,-5.906000000000000000e+03,7.010000000000000000e+03,7.010000000000000000e+03,2.730000000000000000e+02
6.392000000000000000e+03,-5.906000000000000000e+03,7.028000000000000000e+03,7.028000000000000000e+03,4.158000000000000000e+03
7.129000000000000000e+03,-5.922000000000000000e+03,6.945000000000000000e+03,6.945000000000000000e+03,7.138000000000000000e+03
6.921000000000000000e+03,-5.903000000000000000e+03,6.956000000000000000e+03,6.956000000000000000e+03,7.010000000000000000e+03
5.290000000000000000e+02,-5.908000000000000000e+03,4.990000000000000000e+02,4.990000000000000000e+02,7.028000000000000000e+03
-1.829000000000000000e+03,-5.891000000000000000e+03,-5.906000000000000000e+03,-5.906000000000000000e+03,6.945000000000000000e+03
-2.548000000000000000e+03,-2.425000000000000000e+03,-5.906000000000000000e+03,-5.906000000000000000e+03,6.956000000000000000e+03
-5.902000000000000000e+03,7.790000000000000000e+02,-5.922000000000000000e+03,-5.922000000000000000e+03,4.990000000000000000e+02
-5.917000000000000000e+03,6.950000000000000000e+03,-5.903000000000000000e+03,-5.903000000000000000e+03,-5.906000000000000000e+03
-5.881000000000000000e+03,7.058000000000000000e+03,-5.908000000000000000e+03,-5.908000000000000000e+03,-5.906000000000000000e+03
-5.856000000000000000e+03,7.010000000000000000e+03,-5.891000000000000000e+03,-5.891000000000000000e+03,-5.922000000000000000e+03
-5.880000000000000000e+03,6.940000000000000000e+03,-2.425000000000000000e+03,-2.425000000000000000e+03,-5.903000000000000000e+03
-5.252000000000000000e+03,5.521000000000000000e+03,7.790000000000000000e+02,7.790000000000000000e+02,-5.908000000000000000e+03
2.334000000000000000e+03,3.548000000000000000e+03,6.950000000000000000e+03,6.950000000000000000e+03,-5.891000000000000000e+03
3.919000000000000000e+03,-3.894000000000000000e+03,7.058000000000000000e+03,7.058000000000000000e+03,-2.425000000000000000e+03
6.053000000000000000e+03,-5.946000000000000000e+03,7.010000000000000000e+03,7.010000000000000000e+03,7.790000000000000000e+02
7.150000000000000000e+03,-5.860000000000000000e+03,6.940000000000000000e+03,6.940000000000000000e+03,6.950000000000000000e+03
7.059000000000000000e+03,-5.947000000000000000e+03,5.521000000000000000e+03,5.521000000000000000e+03,7.058000000000000000e+03
6.826000000000000000e+03,-5.882000000000000000e+03,3.548000000000000000e+03,3.548000000000000000e+03,7.010000000000000000e+03
-3.669000000000000000e+03,-5.880000000000000000e+03,-3.894000000000000000e+03,-3.894000000000000000e+03,6.940000000000000000e+03
-4.001000000000000000e+03,-5.622000000000000000e+03,-5.946000000000000000e+03,-5.946000000000000000e+03,5.521000000000000000e+03
-5.712000000000000000e+03,1.209000000000000000e+03,-5.860000000000000000e+03,-5.860000000000000000e+03,3.548000000000000000e+03
-5.895000000000000000e+03,5.609000000000000000e+03,-5.947000000000000000e+03,-5.947000000000000000e+03,-3.894000000000000000e+03
-5.868000000000000000e+03,7.114000000000000000e+03,-5.882000000000000000e+03,-5.882000000000000000e+03,-5.946000000000000000e+03
-5.745000000000000000e+03,6.939000000000000000e+03,-5.880000000000000000e+03,-5.880000000000000000e+03,-5.860000000000000000e+03
-5.676000000000000000e+03,5.113000000000000000e+03,-5.622000000000000000e+03,-5.622000000000000000e+03,-5.947000000000000000e+03
-5.863000000000000000e+03,3.410000000000000000e+03,1.209000000000000000e+03,1.209000000000000000e+03,-5.882000000000000000e+03
-4.259000000000000000e+03,4.109000000000000000e+03,5.609000000000000000e+03,5.609000000000000000e+03,-5.880000000000000000e+03
2.847000000000000000e+03,-6.420000000000000000e+02,7.114000000000000000e+03,7.114000000000000000e+03,-5.622000000000000000e+03
6.398000000000000000e+03,-5.875000000000000000e+03,6.939000000000000000e+03,6.939000000000000000e+03,1.209000000000000000e+03
7.165000000000000000e+03,-5.846000000000000000e+03,5.113000000000000000e+03,5.113000000000000000e+03,5.609000000000000000e+03
7.064000000000000000e+03,-5.593000000000000000e+03,3.410000000000000000e+03,3.410000000000000000e+03,7.114000000000000000e+03
6.897000000000000000e+03,-5.910000000000000000e+03,4.109000000000000000e+03,4.109000000000000000e+03,6.939000000000000000e+03
2.203000000000000000e+03,-5.907000000000000000e+03,-6.420000000000000000e+02,-6.420000000000000000e+02,5.113000000000000000e+03
-3.490000000000000000e+03,-5.678000000000000000e+03,-5.875000000000000000e+03,-5.875000000000000000e+03,3.410000000000000000e+03
-5.238000000000000000e+03,9.670000000000000000e+02,-5.846000000000000000e+03,-5.846000000000000000e+03,4.109000000000000000e+03
-5.866000000000000000e+03,1.083000000000000000e+03,-5.593000000000000000e+03,-5.593000000000000000e+03,-6.420000000000000000e+02
-5.870000000000000000e+03,6.941000000000000000e+03,-5.910000000000000000e+03,-5.910000000000000000e+03,-5.875000000000000000e+03
-5.852000000000000000e+03,7.085000000000000000e+03,-5.907000000000000000e+03,-5.907000000000000000e+03,-5.846000000000000000e+03
-5.858000000000000000e+03,6.846000000000000000e+03,-5.678000000000000000e+03,-5.678000000000000000e+03,-5.593000000000000000e+03
-5.855000000000000000e+03,-8.500000000000000000e+01,9.670000000000000000e+02,9.670000000000000000e+02,-5.910000000000000000e+03
-4.252000000000000000e+03,2.884000000000000000e+03,1.083000000000000000e+03,1.083000000000000000e+03,-5.907000000000000000e+03
1.726000000000000000e+03,2.560000000000000000e+03,6.941000000000000000e+03,6.941000000000000000e+03,-5.678000000000000000e+03
3.809000000000000000e+03,-4.177000000000000000e+03,7.085000000000000000e+03,7.085000000000000000e+03,9.670000000000000000e+02
7.051000000000000000e+03,-5.936000000000000000e+03,6.846000000000000000e+03,6.846000000000000000e+03,1.083000000000000000e+03
7.134000000000000000e+03,-5.846000000000000000e+03,-8.500000000000000000e+01,-8.500000000000000000e+01,6.941000000000000000e+03
7.055000000000000000e+03,-5.961000000000000000e+03,2.884000000000000000e+03,2.884000000000000000e+03,7.085000000000000000e+03
6.993000000000000000e+03,-5.889000000000000000e+03,2.560000000000000000e+03,2.560000000000000000e+03,6.846000000000000000e+03
3.883000000000000000e+03,-5.884000000000000000e+03,-4.177000000000000000e+03,-4.177000000000000000e+03,-8.500000000000000000e+01
2.326000000000000000e+03,1.326000000000000000e+03,-5.936000000000000000e+03,-5.936000000000000000e+03,2.884000000000000000e+03
-3.835000000000000000e+03,3.581000000000000000e+03,-5.846000000000000000e+03,-5.846000000000000000e+03,2.560000000000000000e+03
-5.886000000000000000e+03,1.038000000000000000e+03,-5.961000000000000000e+03,-5.961000000000000000e+03,-4.177000000000000000e+03
-5.891000000000000000e+03,7.087000000000000000e+03,-5.889000000000000000e+03,-5.889000000000000000e+03,-5.936000000000000000e+03
-5.865000000000000000e+03,6.978000000000000000e+03,-5.884000000000000000e+03,-5.884000000000000000e+03,-5.846000000000000000e+03
-5.846000000000000000e+03,4.021000000000000000e+03,1.326000000000000000e+03,1.326000000000000000e+03,-5.961000000000000000e+03
-5.851000000000000000e+03,-1.106000000000000000e+03,3.581000000000000000e+03,3.581000000000000000e+03,-5.889000000000000000e+03
1.003000000000000000e+03,3.042000000000000000e+03,1.038000000000000000e+03,1.038000000000000000e+03,-5.884000000000000000e+03
6.713000000000000000e+03,8.400000000000000000e+01,7.087000000000000000e+03,7.087000000000000000e+03,1.326000000000000000e+03
6.012000000000000000e+03,-5.898000000000000000e+03,6.978000000000000000e+03,6.978000000000000000e+03,3.581000000000000000e+03
7.070000000000000000e+03,-5.890000000000000000e+03,4.021000000000000000e+03,4.021000000000000000e+03,1.038000000000000000e+03
7.025000000000000000e+03,-5.734000000000000000e+03,-1.106000000000000000e+03,-1.106000000000000000e+03,7.087000000000000000e+03
6.993000000000000000e+03,-5.916000000000000000e+03,3.042000000000000000e+03,3.042000000000000000e+03,6.978000000000000000e+03
5.811000000000000000e+03,-5.890000000000000000e+03,8.400000000000000000e+01,8.400000000000000000e+01,4.021000000000000000e+03
5.711000000000000000e+03,-3.569000000000000000e+03,-5.898000000000000000e+03,-5.898000000000000000e+03,-1.106000000000000000e+03
3.343000000000000000e+03,5.636000000000000000e+03,-5.890000000000000000e+03,-5.890000000000000000e+03,3.042000000000000000e+03
-2.254000000000000000e+03,4.874000000000000000e+03,-5.734000000000000000e+03,-5.734000000000000000e+03,8.400000000000000000e+01
-5.922000000000000000e+03,6.392000000000000000e+03,-5.916000000000000000e+03,-5.916000000000000000e+03,-5.898000000000000000e+03
-5.882000000000000000e+03,7.129000000000000000e+03,-5.890000000000000000e+03,-5.890000000000000000e+03,-5.890000000000000000e+03
-5.877000000000000000e+03,6.921000000000000000e+03,-3.569000000000000000e+03,-3.569000000000000000e+03,-5.734000000000000000e+03
-5.904000000000000000e+03,5.290000000000000000e+02,5.636000000000000000e+03,5.636000000000000000e+03,-5.916000000000000000e+03
-5.609000000000000000e+03,-1.829000000000000000e+03,4.874000000000000000e+03,4.874000000000000000e+03,-5.890000000000000000e+03
3.379000000000000000e+03,-2.548000000000000000e+03,6.392000000000000000e+03,6.392000000000000000e+03,-3.569000000000000000e+03
5.221000000000000000e+03,-5.902000000000000000e+03,7.129000000000000000e+03,7.129000000000000000e+03,5.636000000000000000e+03
6.156000000000000000e+03,-5.917000000000000000e+03,6.921000000000000000e+03,6.921000000000000000e+03,4.874000000000000000e+03
7.094000000000000000e+03,-5.881000000000000000e+03,5.290000000000000000e+02,5.290000000000000000e+02,6.392000000000000000e+03
6.957000000000000000e+03,-5.856000000000000000e+03,-1.829000000000000000e+03,-1.829000000000000000e+03,7.129000000000000000e+03
3.819000000000000000e+03,-5.880000000000000000e+03,-2.548000000000000000e+03,-2.548000000000000000e+03,6.921000000000000000e+03
4.104000000000000000e+03,-5.252000000000000000e+03,-5.902000000000000000e+03,-5.902000000000000000e+03,5.290000000000000000e+02
6.373000000000000000e+03,2.334000000000000000e+03,-5.917000000000000000e+03,-5.917000000000000000e+03,-1.829000000000000000e+03
4.904000000000000000e+03,3.919000000000000000e+03,-5.881000000000000000e+03,-5.881000000000000000e+03,-2.548000000000000000e+03
-2.415000000000000000e+03,6.053000000000000000e+03,-5.856000000000000000e+03,-5.856000000000000000e+03,-5.902000000000000000e+03
-5.922000000000000000e+03,7.150000000000000000e+03,-5.880000000000000000e+03,-5.880000000000000000e+03,-5.917000000000000000e+03
-5.934000000000000000e+03,7.059000000000000000e+03,-5.252000000000000000e+03,-5.252000000000000000e+03,-5.881000000000000000e+03
-5.902000000000000000e+03,6.826000000000000000e+03,2.334000000000000000e+03,2.334000000000000000e+03,-5.856000000000000000e+03
-5.877000000000000000e+03,-3.669000000000000000e+03,3.919000000000000000e+03,3.919000000000000000e+03,-5.880000000000000000e+03
-5.698000000000000000e+03,-4.001000000000000000e+03,6.053000000000000000e+03,6.053000000000000000e+03,-5.252000000000000000e+03
2.204000000000000000e+03,-5.712000000000000000e+03,7.150000000000000000e+03,7.150000000000000000e+03,2.334000000000000000e+03
1.030000000000000000e+03,-5.895000000000000000e+03,7.059000000000000000e+03,7.059000000000000000e+03,3.919000000000000000e+03
5.540000000000000000e+03,-5.868000000000000000e+03,6.826000000000000000e+03,6.826000000000000000e+03,6.053000000000000000e+03
7.064000000000000000e+03,-5.745000000000000000e+03,-3.669000000000000000e+03,-3.669000000000000000e+03,7.150000000000000000e+03
6.914000000000000000e+03,-5.676000000000000000e+03,-4.001000000000000000e+03,-4.001000000000000000e+03,7.059000000000000000e+03
3.611000000000000000e+03,-5.863000000000000000e+03,-5.712000000000000000e+03,-5.712000000000000000e+03,6.826000000000000000e+03
2.995000000000000000e+03,-4.259000000000000000e+03,-5.895000000000000000e+03,-5.895000000000000000e+03,-3.669000000000000000e+03
4.827000000000000000e+03,2.847000000000000000e+03,-5.868000000000000000e+03,-5.868000000000000000e+03,-4.001000000000000000e+03
3.049000000000000000e+03,6.398000000000000000e+03,-5.745000000000000000e+03,-5.745000000000000000e+03,-5.712000000000000000e+03
-4.070000000000000000e+03,7.165000000000000000e+03,-5.676000000000000000e+03,-5.676000000000000000e+03,-5.895000000000000000e+03
-5.839000000000000000e+03,7.064000000000000000e+03,-5.863000000000000000e+03,-5.863000000000000000e+03,-5.868000000000000000e+03
-4.126000000000000000e+03,6.897000000000000000e+03,-4.259000000000000000e+03,-4.259000000000000000e+03,-5.745000000000000000e+03
-5.942000000000000000e+03,2.203000000000000000e+03,2.847000000000000000e+03,2.847000000000000000e+03,-5.676000000000000000e+03
-5.901000000000000000e+03,-3.490000000000000000e+03,6.398000000000000000e+03,6.398000000000000000e+03,-5.863000000000000000e+03
-2.415000000000000000e+03,-5.238000000000000000e+03,7.165000000000000000e+03,7.165000000000000000e+03,-4.259000000000000000e+03
-2.990000000000000000e+03,-5.866000000000000000e+03,7.064000000000000000e+03,7.064000000000000000e+03,2.847000000000000000e+03
-1.053000000000000000e+03,-5.870000000000000000e+03,6.897000000000000000e+03,6.897000000000000000e+03,6.398000000000000000e+03
6.532000000000000000e+03,-5.852000000000000000e+03,2.203000000000000000e+03,2.203000000000000000e+03,7.165000000000000000e+03
6.990000000000000000e+03,-5.858000000000000000e+03,-3.490000000000000000e+03,-3.490000000000000000e+03,7.064000000000000000e+03
2.341000000000000000e+03,-5.855000000000000000e+03,-5.238000000000000000e+03,-5.238000000000000000e+03,6.897000000000000000e+03
3.144000000000000000e+03,-4.252000000000000000e+03,-5.866000000000000000e+03,-5.866000000000000000e+03,2.203000000000000000e+03
5.295000000000000000e+03,1.726000000000000000e+03,-5.870000000000000000e+03,-5.870000000000000000e+03,-3.490000000000000000e+03
3.138000000000000000e+03,3.809000000000000000e+03,-5.852000000000000000e+03,-5.852000000000000000e+03,-5.238000000000000000e+03
-3.790000000000000000e+02,7.051000000000000000e+03,-5.858000000000000000e+03,-5.858000000000000000e+03,-5.866000000000000000e+03
-1.378000000000000000e+03,7.134000000000000000e+03,-5.855000000000000000e+03,-5.855000000000000000e+03,-5.870000000000000000e+03
5.680000000000000000e+02,7.055000000000000000e+03,-4.252000000000000000e+03,-4.252000000000000000e+03,-5.852000000000000000e+03
-2.383000000000000000e+03,6.993000000000000000e+03,1.726000000000000000e+03,1.726000000000000000e+03,-5.858000000000000000e+03
-5.890000000000000000e+03,3.883000000000000000e+03,3.809000000000000000e+03,3.809000000000000000e+03,-5.855000000000000000e+03
-2.273000000000000000e+03,2.326000000000000000e+03,7.051000000000000000e+03,7.051000000000000000e+03,-4.252000000000000000e+03
-8.550000000000000000e+02,-3.835000000000000000e+03,7.134000000000000000e+03,7.134000000000000000e+03,1.726000000000000000e+03
-5.389000000000000000e+03,-5.886000000000000000e+03,7.055000000000000000e+03,7.055000000000000000e+03,3.809000000000000000e+03
-2.486000000000000000e+03,-5.891000000000000000e+03,6.993000000000000000e+03,6.993000000000000000e+03,7.051000000000000000e+03
2.662000000000000000e+03,-5.865000000000000000e+03,3.883000000000000000e+03,3.883000000000000000e+03,7.134000000000000000e+03
2.160000000000000000e+02,-5.846000000000000000e+03,2.326000000000000000e+03,2.326000000000000000e+03,7.055000000000000000e+03
-1.386000000000000000e+03,-5.851000000000000000e+03,-3.835000000000000000e+03,-3.835000000000000000e+03,6.993000000000000000e+03
2.168000000000000000e+03,1.003000000000000000e+03,-5.886000000000000000e+03,-5.886000000000000000e+03,3.883000000000000000e+03
3.133000000000000000e+03,6.713000000000000000e+03,-5.891000000000000000e+03,-5.891000000000000000e+03,2.326000000000000000e+03
1.934000000000000000e+03,6.012000000000000000e+03,-5.865000000000000000e+03,-5.865000000000000000e+03,-3.835000000000000000e+03
3.271000000000000000e+03,7.070000000000000000e+03,-5.846000000000000000e+03,-5.846000000000000000e+03,-5.886000000000000000e+03
4.843000000000000000e+03,7.025000000000000000e+03,-5.851000000000000000e+03,-5.851000000000000000e+03,-5.891000000000000000e+03
4.223000000000000000e+03,6.993000000000000000e+03,1.003000000000000000e+03,1.003000000000000000e+03,-5.865000000000000000e+03
6.480000000000000000e+02,5.811000000000000000e+03,6.713000000000000000e+03,6.713000000000000000e+03,-5.846000000000000000e+03
-2.540000000000000000e+02,5.711000000000000000e+03,6.012000000000000000e+03,6.012000000000000000e+03,-5.851000000000000000e+03
-3.000000000000000000e+01,3.343000000000000000e+03,7.070000000000000000e+03,7.070000000000000000e+03,1.003000000000000000e+03
-4.611000000000000000e+03,-2.254000000000000000e+03,7.025000000000000000e+03,7.025000000000000000e+03,6.713000000000000000e+03
-5.884000000000000000e+03,-5.922000000000000000e+03,6.993000000000000000e+03,6.993000000000000000e+03,6.012000000000000000e+03
-5.679000000000000000e+03,-5.882000000000000000e+03,5.811000000000000000e+03,5.811000000000000000e+03,7.070000000000000000e+03
-5.536000000000000000e+03,-5.877000000000000000e+03,5.711000000000000000e+03,5.711000000000000000e+03,7.025000000000000000e+03
-5.677000000000000000e+03,-5.904000000000000000e+03,3.343000000000000000e+03,3.343000000000000000e+03,6.993000000000000000e+03
6.250000000000000000e+02,-5.609000000000000000e+03,-2.254000000000000000e+03,-2.254000000000000000e+03,5.811000000000000000e+03
4.099000000000000000e+03,3.379000000000000000e+03,-5.922000000000000000e+03,-5.922000000000000000e+03,5.711000000000000000e+03
2.365000000000000000e+03,5.221000000000000000e+03,-5.882000000000000000e+03,-5.882000000000000000e+03,3.343000000000000000e+03
3.557000000000000000e+03,6.156000000000000000e+03,-5.877000000000000000e+03,-5.877000000000000000e+03,-2.254000000000000000e+03
7.094000000000000000e+03,7.094000000000000000e+03,-5.904000000000000000e+03,-5.904000000000000000e+03,-5.922000000000000000e+03
7.058000000000000000e+03,6.957000000000000000e+03,-5.609000000000000000e+03,-5.609000000000000000e+03,-5.882000000000000000e+03
2.893000000000000000e+03,3.819000000000000000e+03,3.379000000000000000e+03,3.379000000000000000e+03,-5.877000000000000000e+03
2.046000000000000000e+03,4.104000000000000000e+03,5.221000000000000000e+03,5.221000000000000000e+03,-5.904000000000000000e+03
4.609000000000000000e+03,6.373000000000000000e+03,6.156000000000000000e+03,6.156000000000000000e+03,-5.609000000000000000e+03
1.012000000000000000e+03,4.904000000000000000e+03,7.094000000000000000e+03,7.094000000000000000e+03,3.379000000000000000e+03
-5.526000000000000000e+03,-2.415000000000000000e+03,6.957000000000000000e+03,6.957000000000000000e+03,5.221000000000000000e+03
-5.933000000000000000e+03,-5.922000000000000000e+03,3.819000000000000000e+03,3.819000000000000000e+03,6.156000000000000000e+03
-5.934000000000000000e+03,-5.934000000000000000e+03,4.104000000000000000e+03,4.104000000000000000e+03,7.094000000000000000e+03
-5.883000000000000000e+03,-5.902000000000000000e+03,6.373000000000000000e+03,6.373000000000000000e+03,6.957000000000000000e+03
-5.898000000000000000e+03,-5.877000000000000000e+03,4.904000000000000000e+03,4.904000000000000000e+03,3.819000000000000000e+03
-3.303000000000000000e+03,-5.698000000000000000e+03,-2.415000000000000000e+03,-2.415000000000000000e+03,4.104000000000000000e+03
1.145000000000000000e+03,2.204000000000000000e+03,-5.922000000000000000e+03,-5.922000000000000000e+03,6.373000000000000000e+03
4.723000000000000000e+03,1.030000000000000000e+03,-5.934000000000000000e+03,-5.934000000000000000e+03,4.904000000000000000e+03
7.043000000000000000e+03,5.540000000000000000e+03,-5.902000000000000000e+03,-5.902000000000000000e+03,-2.415000000000000000e+03
7.073000000000000000e+03,7.064000000000000000e+03,-5.877000000000000000e+03,-5.877000000000000000e+03,-5.922000000000000000e+03
6.990000000000000000e+03,6.914000000000000000e+03,-5.698000000000000000e+03,-5.698000000000000000e+03,-5.934000000000000000e+03
6.178000000000000000e+03,3.611000000000000000e+03,2.204000000000000000e+03,2.204000000000000000e+03,-5.902000000000000000e+03
4.095000000000000000e+03,2.995000000000000000e+03,1.030000000000000000e+03,1.030000000000000000e+03,-5.877000000000000000e+03
3.597000000000000000e+03,4.827000000000000000e+03,5.540000000000000000e+03,5.540000000000000000e+03,-5.698000000000000000e+03
-2.890000000000000000e+02,3.049000000000000000e+03,7.064000000000000000e+03,7.064000000000000000e+03,2.204000000000000000e+03
-3.520000000000000000e+03,-4.070000000000000000e+03,6.914000000000000000e+03,6.914000000000000000e+03,1.030000000000000000e+03
-5.974000000000000000e+03,-5.839000000000000000e+03,3.611000000000000000e+03,3.611000000000000000e+03,5.540000000000000000e+03
-5.924000000000000000e+03,-4.126000000000000000e+03,2.995000000000000000e+03,2.995000000000000000e+03,7.064000000000000000e+03
-5.927000000000000000e+03,-5.942000000000000000e+03,4.827000000000000000e+03,4.827000000000000000e+03,6.914000000000000000e+03
-5.914000000000000000e+03,-5.901000000000000000e+03,3.049000000000000000e+03,3.049000000000000000e+03,3.611000000000000000e+03
-4.079000000000000000e+03,-2.415000000000000000e+03,-4.070000000000000000e+03,-4.070000000000000000e+03,2.995000000000000000e+03
-8.420000000000000000e+02,-2.990000000000000000e+03,-5.839000000000000000e+03,-5.839000000000000000e+03,4.827000000000000000e+03
5.380000000000000000e+03,-1.053000000000000000e+03,-4.126000000000000000e+03,-4.126000000000000000e+03,3.049000000000000000e+03
7.116000000000000000e+03,6.532000000000000000e+03,-5.942000000000000000e+03,-5.942000000000000000e+03,-4.070000000000000000e+03
7.015000000000000000e+03,6.990000000000000000e+03,-5.901000000000000000e+03,-5.901000000000000000e+03,-5.839000000000000000e+03
6.973000000000000000e+03,2.341000000000000000e+03,-2.415000000000000000e+03,-2.415000000000000000e+03,-4.126000000000000000e+03
6.997000000000000000e+03,3.144000000000000000e+03,-2.990000000000000000e+03,-2.990000000000000000e+03,-5.942000000000000000e+03
4.930000000000000000e+03,5.295000000000000000e+03,-1.053000000000000000e+03,-1.053000000000000000e+03,-5.901000000000000000e+03
5.180000000000000000e+02,3.138000000000000000e+03,6.532000000000000000e+03,6.532000000000000000e+03,-2.415000000000000000e+03
-2.912000000000000000e+03,-3.790000000000000000e+02,6.990000000000000000e+03,6.990000000000000000e+03,-2.990000000000000000e+03
-4.019000000000000000e+03,-1.378000000000000000e+03,2.341000000000000000e+03,2.341000000000000000e+03,-1.053000000000000000e+03
-5.972000000000000000e+03,5.680000000000000000e+02,3.144000000000000000e+03,3.144000000000000000e+03,6.532000000000000000e+03
-5.916000000000000000e+03,-2.383000000000000000e+03,5.295000000000000000e+03,5.295000000000000000e+03,6.990000000000000000e+03
-5.920000000000000000e+03,-5.890000000000000000e+03,3.138000000000000000e+03,3.138000000000000000e+03,2.341000000000000000e+03
-5.712000000000000000e+03,-2.273000000000000000e+03,-3.790000000000000000e+02,-3.790000000000000000e+02,3.144000000000000000e+03
-3.378000000000000000e+03,-8.550000000000000000e+02,-1.378000000000000000e+03,-1.378000000000000000e+03,5.295000000000000000e+03
7.820000000000000000e+02,-5.389000000000000000e+03,5.680000000000000000e+02,5.680000000000000000e+02,3.138000000000000000e+03
6.966000000000000000e+03,-2.486000000000000000e+03,-2.383000000000000000e+03,-2.383000000000000000e+03,-3.790000000000000000e+02
7.050000000000000000e+03,2.662000000000000000e+03,-5.890000000000000000e+03,-5.890000000000000000e+03,-1.378000000000000000e+03
6.922000000000000000e+03,2.160000000000000000e+02,-2.273000000000000000e+03,-2.273000000000000000e+03,5.680000000000000000e+02
6.933000000000000000e+03,-1.386000000000000000e+03,-8.550000000000000000e+02,-8.550000000000000000e+02,-2.383000000000000000e+03
6.293000000000000000e+03,2.168000000000000000e+03,-5.389000000000000000e+03,-5.389000000000000000e+03,-5.890000000000000000e+03
3.258000000000000000e+03,3.133000000000000000e+03,-2.486000000000000000e+03,-2.486000000000000000e+03,-2.273000000000000000e+03
-2.581000000000000000e+03,1.934000000000000000e+03,2.662000000000000000e+03,2.662000000000000000e+03,-8.550000000000000000e+02
-2.102000000000000000e+03,3.271000000000000000e+03,2.160000000000000000e+02,2.160000000000000000e+02,-5.389000000000000000e+03
-2.742000000000000000e+03,4.843000000000000000e+03,-1.386000000000000000e+03,-1.386000000000000000e+03,-2.486000000000000000e+03
-5.990000000000000000e+03,4.223000000000000000e+03,2.168000000000000000e+03,2.168000000000000000e+03,2.662000000000000000e+03
-5.969000000000000000e+03,6.480000000000000000e+02,3.133000000000000000e+03,3.133000000000000000e+03,2.160000000000000000e+02
-5.874000000000000000e+03,-2.540000000000000000e+02,1.934000000000000000e+03,1.934000000000000000e+03,-1.386000000000000000e+03
-3.926000000000000000e+03,-3.000000000000000000e+01,3.271000000000000000e+03,3.271000000000000000e+03,2.168000000000000000e+03
-3.705000000000000000e+03,-4.611000000000000000e+03,4.843000000000000000e+03,4.843000000000000000e+03,3.133000000000000000e+03
5.990000000000000000e+02,-5.884000000000000000e+03,4.223000000000000000e+03,4.223000000000000000e+03,1.934000000000000000e+03
7.091000000000000000e+03,-5.679000000000000000e+03,6.480000000000000000e+02,6.480000000000000000e+02,3.271000000000000000e+03
6.996000000000000000e+03,-5.536000000000000000e+03,-2.540000000000000000e+02,-2.540000000000000000e+02,4.843000000000000000e+03
6.905000000000000000e+03,-5.677000000000000000e+03,-3.000000000000000000e+01,-3.000000000000000000e+01,4.223000000000000000e+03
5.382000000000000000e+03,6.250000000000000000e+02,-4.611000000000000000e+03,-4.611000000000000000e+03,6.480000000000000000e+02
6.993000000000000000e+03,4.099000000000000000e+03,-5.884000000000000000e+03,-5.884000000000000000e+03,-2.540000000000000000e+02
2.274000000000000000e+03,2.365000000000000000e+03,-5.679000000000000000e+03,-5.679000000000000000e+03,-3.000000000000000000e+01
-2.750000000000000000e+03,3.557000000000000000e+03,-5.536000000000000000e+03,-5.536000000000000000e+03,-4.611000000000000000e+03
-3.240000000000000000e+02,7.094000000000000000e+03,-5.677000000000000000e+03,-5.677000000000000000e+03,-5.884000000000000000e+03
-3.001000000000000000e+03,7.058000000000000000e+03,6.250000000000000000e+02,6.250000000000000000e+02,-5.679000000000000000e+03
-5.966000000000000000e+03,2.893000000000000000e+03,4.099000000000000000e+03,4.099000000000000000e+03,-5.536000000000000000e+03
-5.932000000000000000e+03,2.046000000000000000e+03,2.365000000000000000e+03,2.365000000000000000e+03,-5.677000000000000000e+03
-5.843000000000000000e+03,4.609000000000000000e+03,3.557000000000000000e+03,3.557000000000000000e+03,6.250000000000000000e+02
-4.008000000000000000e+03,1.012000000000000000e+03,7.094000000000000000e+03,7.094000000000000000e+03,4.099000000000000000e+03
-1.154000000000000000e+03,-5.526000000000000000e+03,7.058000000000000000e+03,7.058000000000000000e+03,2.365000000000000000e+03
3.582000000000000000e+03,-5.933000000000000000e+03,2.893000000000000000e+03,2.893000000000000000e+03,3.557000000000000000e+03
7.013000000000000000e+03,-5.934000000000000000e+03,2.046000000000000000e+03,2.046000000000000000e+03,7.094000000000000000e+03
6.960000000000000000e+03,-5.883000000000000000e+03,4.609000000000000000e+03,4.609000000000000000e+03,7.058000000000000000e+03
5.727000000000000000e+03,-5.898000000000000000e+03,1.012000000000000000e+03,1.012000000000000000e+03,2.893000000000000000e+03
6.908000000000000000e+03,-3.303000000000000000e+03,-5.526000000000000000e+03,-5.526000000000000000e+03,2.046000000000000000e+03
4.890000000000000000e+03,1.145000000000000000e+03,-5.933000000000000000e+03,-5.933000000000000000e+03,4.609000000000000000e+03
4.100000000000000000e+01,4.723000000000000000e+03,-5.934000000000000000e+03,-5.934000000000000000e+03,1.012000000000000000e+03
1.193000000000000000e+03,7.043000000000000000e+03,-5.883000000000000000e+03,-5.883000000000000000e+03,-5.526000000000000000e+03
1.099000000000000000e+03,7.073000000000000000e+03,-5.898000000000000000e+03,-5.898000000000000000e+03,-5.933000000000000000e+03
-5.732000000000000000e+03,6.990000000000000000e+03,-3.303000000000000000e+03,-3.303000000000000000e+03,-5.934000000000000000e+03
-5.961000000000000000e+03,6.178000000000000000e+03,1.145000000000000000e+03,1.145000000000000000e+03,-5.883000000000000000e+03
-5.940000000000000000e+03,4.095000000000000000e+03,4.723000000000000000e+03,4.723000000000000000e+03,-5.898000000000000000e+03
-5.944000000000000000e+03,3.597000000000000000e+03,7.043000000000000000e+03,7.043000000000000000e+03,-3.303000000000000000e+03
-3.485000000000000000e+03,-2.890000000000000000e+02,7.073000000000000000e+03,7.073000000000000000e+03,1.145000000000000000e+03
3.785000000000000000e+03,-3.520000000000000000e+03,6.990000000000000000e+03,6.990000000000000000e+03,4.723000000000000000e+03
6.991000000000000000e+03,-5.974000000000000000e+03,6.178000000000000000e+03,6.178000000000000000e+03,7.043000000000000000e+03
6.979000000000000000e+03,-5.924000000000000000e+03,4.095000000000000000e+03,4.095000000000000000e+03,7.073000000000000000e+03
6.934000000000000000e+03,-5.927000000000000000e+03,3.597000000000000000e+03,3.597000000000000000e+03,6.990000000000000000e+03
6.335000000000000000e+03,-5.914000000000000000e+03,-2.890000000000000000e+02,-2.890000000000000000e+02,6.178000000000000000e+03
5.441000000000000000e+03,-4.079000000000000000e+03,-3.520000000000000000e+03,-3.520000000000000000e+03,4.095000000000000000e+03
1.053000000000000000e+03,-8.420000000000000000e+02,-5.974000000000000000e+03,-5.974000000000000000e+03,3.597000000000000000e+03
-2.360000000000000000e+02,5.380000000000000000e+03,-5.924000000000000000e+03,-5.924000000000000000e+03,-2.890000000000000000e+02
2.206000000000000000e+03,7.116000000000000000e+03,-5.927000000000000000e+03,-5.927000000000000000e+03,-3.520000000000000000e+03
-1.391000000000000000e+03,7.015000000000000000e+03,-5.914000000000000000e+03,-5.914000000000000000e+03,-5.974000000000000000e+03
-6.013000000000000000e+03,6.973000000000000000e+03,-4.079000000000000000e+03,-4.079000000000000000e+03,-5.924000000000000000e+03
-5.925000000000000000e+03,6.997000000000000000e+03,-8.420000000000000000e+02,-8.420000000000000000e+02,-5.927000000000000000e+03
-5.944000000000000000e+03,4.930000000000000000e+03,5.380000000000000000e+03,5.380000000000000000e+03,-5.914000000000000000e+03
-5.930000000000000000e+03,5.180000000000000000e+02,7.116000000000000000e+03,7.116000000000000000e+03,-4.079000000000000000e+03
6.090000000000000000e+02,-2.912000000000000000e+03,7.015000000000000000e+03,7.015000000000000000e+03,-8.420000000000000000e+02
6.515000000000000000e+03,-4.019000000000000000e+03,6.973000000000000000e+03,6.973000000000000000e+03,5.380000000000000000e+03
6.900000000000000000e+03,-5.972000000000000000e+03,6.997000000000000000e+03,6.997000000000000000e+03,7.116000000000000000e+03
6.929000000000000000e+03,-5.916000000000000000e+03,4.930000000000000000e+03,4.930000000000000000e+03,7.015000000000000000e+03
6.973000000000000000e+03,-5.920000000000000000e+03,5.180000000000000000e+02,5.180000000000000000e+02,6.973000000000000000e+03
6.950000000000000000e+03,-5.712000000000000000e+03,-2.912000000000000000e+03,-2.912000000000000000e+03,6.997000000000000000e+03
4.575000000000000000e+03,-3.378000000000000000e+03,-4.019000000000000000e+03,-4.019000000000000000e+03,4.930000000000000000e+03
-1.998000000000000000e+03,7.820000000000000000e+02,-5.972000000000000000e+03,-5.972000000000000000e+03,5.180000000000000000e+02
1.290000000000000000e+02,6.966000000000000000e+03,-5.916000000000000000e+03,-5.916000000000000000e+03,-2.912000000000000000e+03
2.920000000000000000e+02,7.050000000000000000e+03,-5.920000000000000000e+03,-5.920000000000000000e+03,-4.019000000000000000e+03
-5.962000000000000000e+03,6.922000000000000000e+03,-5.712000000000000000e+03,-5.712000000000000000e+03,-5.972000000000000000e+03
-5.974000000000000000e+03,6.933000000000000000e+03,-3.378000000000000000e+03,-3.378000000000000000e+03,-5.916000000000000000e+03
-5.887000000000000000e+03,6.293000000000000000e+03,7.820000000000000000e+02,7.820000000000000000e+02,-5.920000000000000000e+03
-5.434000000000000000e+03,3.258000000000000000e+03,6.966000000000000000e+03,6.966000000000000000e+03,-5.712000000000000000e+03
-3.769000000000000000e+03,-2.581000000000000000e+03,7.050000000000000000e+03,7.050000000000000000e+03,-3.378000000000000000e+03
1.964000000000000000e+03,-2.102000000000000000e+03,6.922000000000000000e+03,6.922000000000000000e+03,7.820000000000000000e+02
5.696000000000000000e+03,-2.742000000000000000e+03,6.933000000000000000e+03,6.933000000000000000e+03,6.966000000000000000e+03
6.997000000000000000e+03,-5.990000000000000000e+03,6.293000000000000000e+03,6.293000000000000000e+03,7.050000000000000000e+03
6.985000000000000000e+03,-5.969000000000000000e+03,3.258000000000000000e+03,3.258000000000000000e+03,6.922000000000000000e+03
7.003000000000000000e+03,-5.874000000000000000e+03,-2.581000000000000000e+03,-2.581000000000000000e+03,6.933000000000000000e+03
6.878000000000000000e+03,-3.926000000000000000e+03,-2.102000000000000000e+03,-2.102000000000000000e+03,6.293000000000000000e+03
1.084000000000000000e+03,-3.705000000000000000e+03,-2.742000000000000000e+03,-2.742000000000000000e+03,3.258000000000000000e+03
-2.312000000000000000e+03,5.990000000000000000e+02,-5.990000000000000000e+03,-5.990000000000000000e+03,-2.581000000000000000e+03
2.010000000000000000e+02,7.091000000000000000e+03,-5.969000000000000000e+03,-5.969000000000000000e+03,-2.102000000000000000e+03
-3.952000000000000000e+03,6.996000000000000000e+03,-5.874000000000000000e+03,-5.874000000000000000e+03,-2.742000000000000000e+03
-5.990000000000000000e+03,6.905000000000000000e+03,-3.926000000000000000e+03,-3.926000000000000000e+03,-5.990000000000000000e+03
-5.959000000000000000e+03,5.382000000000000000e+03,-3.705000000000000000e+03,-3.705000000000000000e+03,-5.969000000000000000e+03
-5.890000000000000000e+03,6.993000000000000000e+03,5.990000000000000000e+02,5.990000000000000000e+02,-5.874000000000000000e+03
-5.947000000000000000e+03,2.274000000000000000e+03,7.091000000000000000e+03,7.091000000000000000e+03,-3.926000000000000000e+03
-2.446000000000000000e+03,-2.750000000000000000e+03,6.996000000000000000e+03,6.996000000000000000e+03,-3.705000000000000000e+03
5.037000000000000000e+03,-3.240000000000000000e+02,6.905000000000000000e+03,6.905000000000000000e+03,5.990000000000000000e+02
6.984000000000000000e+03,-3.001000000000000000e+03,5.382000000000000000e+03,5.382000000000000000e+03,7.091000000000000000e+03
6.944000000000000000e+03,-5.966000000000000000e+03,6.993000000000000000e+03,6.993000000000000000e+03,6.996000000000000000e+03
6.954000000000000000e+03,-5.932000000000000000e+03,2.274000000000000000e+03,2.274000000000000000e+03,6.905000000000000000e+03
6.901000000000000000e+03,-5.843000000000000000e+03,-2.750000000000000000e+03,-2.750000000000000000e+03,5.382000000000000000e+03
6.383000000000000000e+03,-4.008000000000000000e+03,-3.240000000000000000e+02,-3.240000000000000000e+02,6.993000000000000000e+03
-2.407000000000000000e+03,-1.154000000000000000e+03,-3.001000000000000000e+03,-3.001000000000000000e+03,2.274000000000000000e+03
-1.294000000000000000e+03,3.582000000000000000e+03,-5.966000000000000000e+03,-5.966000000000000000e+03,-2.750000000000000000e+03
-6.580000000000000000e+02,7.013000000000000000e+03,-5.932000000000000000e+03,-5.932000000000000000e+03,-3.240000000000000000e+02
-6.027000000000000000e+03,6.960000000000000000e+03,-5.843000000000000000e+03,-5.843000000000000000e+03,-3.001000000000000000e+03
-5.986000000000000000e+03,5.727000000000000000e+03,-4.008000000000000000e+03,-4.008000000000000000e+03,-5.966000000000000000e+03
-6.018000000000000000e+03,6.908000000000000000e+03,-1.154000000000000000e+03,-1.154000000000000000e+03,-5.932000000000000000e+03
-5.948000000000000000e+03,4.890000000000000000e+03,3.582000000000000000e+03,3.582000000000000000e+03,-5.843000000000000000e+03
-5.225000000000000000e+03,4.100000000000000000e+01,7.013000000000000000e+03,7.013000000000000000e+03,-4.008000000000000000e+03
2.473000000000000000e+03,1.193000000000000000e+03,6.960000000000000000e+03,6.960000000000000000e+03,-1.154000000000000000e+03
6.955000000000000000e+03,1.099000000000000000e+03,5.727000000000000000e+03,5.727000000000000000e+03,3.582000000000000000e+03
6.996000000000000000e+03,-5.732000000000000000e+03,6.908000000000000000e+03,6.908000000000000000e+03,7.013000000000000000e+03
6.941000000000000000e+03,-5.961000000000000000e+03,4.890000000000000000e+03,4.890000000000000000e+03,6.960000000000000000e+03
6.922000000000000000e+03,-5.940000000000000000e+03,4.100000000000000000e+01,4.100000000000000000e+01,5.727000000000000000e+03
6.871000000000000000e+03,-5.944000000000000000e+03,1.193000000000000000e+03,1.193000000000000000e+03,6.908000000000000000e+03
2.153000000000000000e+03,-3.485000000000000000e+03,1.099000000000000000e+03,1.099000000000000000e+03,4.890000000000000000e+03
-1.424000000000000000e+03,3.785000000000000000e+03,-5.732000000000000000e+03,-5.732000000000000000e+03,4.100000000000000000e+01
-9.140000000000000000e+02,6.991000000000000000e+03,-5.961000000000000000e+03,-5.961000000000000000e+03,1.193000000000000000e+03
-5.395000000000000000e+03,6.979000000000000000e+03,-5.940000000000000000e+03,-5.940000000000000000e+03,1.099000000000000000e+03
-6.022000000000000000e+03,6.934000000000000000e+03,-5.944000000000000000e+03,-5.944000000000000000e+03,-5.732000000000000000e+03
-5.986000000000000000e+03,6.335000000000000000e+03,-3.485000000000000000e+03,-3.485000000000000000e+03,-5.961000000000000000e+03
-5.982000000000000000e+03,5.441000000000000000e+03,3.785000000000000000e+03,3.785000000000000000e+03,-5.940000000000000000e+03
-5.875000000000000000e+03,1.053000000000000000e+03,6.991000000000000000e+03,6.991000000000000000e+03,-5.944000000000000000e+03
-5.240000000000000000e+02,-2.360000000000000000e+02,6.979000000000000000e+03,6.979000000000000000e+03,-3.485000000000000000e+03
6.815000000000000000e+03,2.206000000000000000e+03,6.934000000000000000e+03,6.934000000000000000e+03,3.785000000000000000e+03
6.932000000000000000e+03,-1.391000000000000000e+03,6.335000000000000000e+03,6.335000000000000000e+03,6.991000000000000000e+03
6.923000000000000000e+03,-6.013000000000000000e+03,5.441000000000000000e+03,5.441000000000000000e+03,6.979000000000000000e+03
6.910000000000000000e+03,-5.925000000000000000e+03,1.053000000000000000e+03,1.053000000000000000e+03,6.934000000000000000e+03
6.829000000000000000e+03,-5.944000000000000000e+03,-2.360000000000000000e+02,-2.360000000000000000e+02,6.335000000000000000e+03
6.816000000000000000e+03,-5.930000000000000000e+03,2.206000000000000000e+03,2.206000000000000000e+03,5.441000000000000000e+03
7.900000000000000000e+02,6.090000000000000000e+02,-1.391000000000000000e+03,-1.391000000000000000e+03,1.053000000000000000e+03
-1.153000000000000000e+03,6.515000000000000000e+03,-6.013000000000000000e+03,-6.013000000000000000e+03,-2.360000000000000000e+02
-2.859000000000000000e+03,6.900000000000000000e+03,-5.925000000000000000e+03,-5.925000000000000000e+03,2.206000000000000000e+03
-5.992000000000000000e+03,6.929000000000000000e+03,-5.944000000000000000e+03,-5.944000000000000000e+03,-1.391000000000000000e+03
-5.990000000000000000e+03,6.973000000000000000e+03,-5.930000000000000000e+03,-5.930000000000000000e+03,-6.013000000000000000e+03
-6.009000000000000000e+03,6.950000000000000000e+03,6.090000000000000000e+02,6.090000000000000000e+02,-5.925000000000000000e+03
-5.983000000000000000e+03,4.575000000000000000e+03,6.515000000000000000e+03,6.515000000000000000e+03,-5.944000000000000000e+03
-3.889000000000000000e+03,-1.998000000000000000e+03,6.900000000000000000e+03,6.900000000000000000e+03,-5.930000000000000000e+03
3.460000000000000000e+03,1.290000000000000000e+02,6.929000000000000000e+03,6.929000000000000000e+03,6.090000000000000000e+02
6.921000000000000000e+03,2.920000000000000000e+02,6.973000000000000000e+03,6.973000000000000000e+03,6.515000000000000000e+03
6.908000000000000000e+03,-5.962000000000000000e+03,6.950000000000000000e+03,6.950000000000000000e+03,6.900000000000000000e+03
6.925000000000000000e+03,-5.974000000000000000e+03,4.575000000000000000e+03,4.575000000000000000e+03,6.929000000000000000e+03
6.889000000000000000e+03,-5.887000000000000000e+03,-1.998000000000000000e+03,-1.998000000000000000e+03,6.973000000000000000e+03
6.848000000000000000e+03,-5.434000000000000000e+03,1.290000000000000000e+02,1.290000000000000000e+02,6.950000000000000000e+03
2.718000000000000000e+03,-3.769000000000000000e+03,2.920000000000000000e+02,2.920000000000000000e+02,4.575000000000000000e+03
-1.743000000000000000e+03,1.964000000000000000e+03,-5.962000000000000000e+03,-5.962000000000000000e+03,-1.998000000000000000e+03
-1.886000000000000000e+03,5.696000000000000000e+03,-5.974000000000000000e+03,-5.974000000000000000e+03,1.290000000000000000e+02
-5.825000000000000000e+03,6.997000000000000000e+03,-5.887000000000000000e+03,-5.887000000000000000e+03,2.920000000000000000e+02
-6.025000000000000000e+03,6.985000000000000000e+03,-5.434000000000000000e+03,-5.434000000000000000e+03,-5.962000000000000000e+03
-6.007000000000000000e+03,7.003000000000000000e+03,-3.769000000000000000e+03,-3.769000000000000000e+03,-5.974000000000000000e+03
-6.012000000000000000e+03,6.878000000000000000e+03,1.964000000000000000e+03,1.964000000000000000e+03,-5.887000000000000000e+03
-5.836000000000000000e+03,1.084000000000000000e+03,5.696000000000000000e+03,5.696000000000000000e+03,-5.434000000000000000e+03
1.201000000000000000e+03,-2.312000000000000000e+03,6.997000000000000000e+03,6.997000000000000000e+03,-3.769000000000000000e+03
6.927000000000000000e+03,2.010000000000000000e+02,6.985000000000000000e+03,6.985000000000000000e+03,1.964000000000000000e+03
6.943000000000000000e+03,-3.952000000000000000e+03,7.003000000000000000e+03,7.003000000000000000e+03,5.696000000000000000e+03
6.900000000000000000e+03,-5.990000000000000000e+03,6.878000000000000000e+03,6.878000000000000000e+03,6.997000000000000000e+03
6.869000000000000000e+03,-5.959000000000000000e+03,1.084000000000000000e+03,1.084000000000000000e+03,6.985000000000000000e+03
6.802000000000000000e+03,-5.890000000000000000e+03,-2.312000000000000000e+03,-2.312000000000000000e+03,7.003000000000000000e+03
3.500000000000000000e+03,-5.947000000000000000e+03,2.010000000000000000e+02,2.010000000000000000e+02,6.878000000000000000e+03
3.850000000000000000e+02,-2.446000000000000000e+03,-3.952000000000000000e+03,-3.952000000000000000e+03,1.084000000000000000e+03
-2.020000000000000000e+02,5.037000000000000000e+03,-5.990000000000000000e+03,-5.990000000000000000e+03,-2.312000000000000000e+03
-4.587000000000000000e+03,6.984000000000000000e+03,-5.959000000000000000e+03,-5.959000000000000000e+03,2.010000000000000000e+02
-6.028000000000000000e+03,6.944000000000000000e+03,-5.890000000000000000e+03,-5.890000000000000000e+03,-3.952000000000000000e+03
-5.986000000000000000e+03,6.954000000000000000e+03,-5.947000000000000000e+03,-5.947000000000000000e+03,-5.990000000000000000e+03
-6.010000000000000000e+03,6.901000000000000000e+03,-2.446000000000000000e+03,-2.446000000000000000e+03,-5.959000000000000000e+03
-5.993000000000000000e+03,6.383000000000000000e+03,5.037000000000000000e+03,5.037000000000000000e+03,-5.890000000000000000e+03
-2.583000000000000000e+03,-2.407000000000000000e+03,6.984000000000000000e+03,6.984000000000000000e+03,-5.947000000000000000e+03
5.820000000000000000e+03,-1.294000000000000000e+03,6.944000000000000000e+03,6.944000000000000000e+03,-2.446000000000000000e+03
6.899000000000000000e+03,-6.580000000000000000e+02,6.954000000000000000e+03,6.954000000000000000e+03,5.037000000000000000e+03
6.844000000000000000e+03,-6.027000000000000000e+03,6.901000000000000000e+03,6.901000000000000000e+03,6.984000000000000000e+03
6.870000000000000000e+03,-5.986000000000000000e+03,6.383000000000000000e+03,6.383000000000000000e+03,6.944000000000000000e+03
6.857000000000000000e+03,-6.018000000000000000e+03,-2.407000000000000000e+03,-2.407000000000000000e+03,6.954000000000000000e+03
6.783000000000000000e+03,-5.948000000000000000e+03,-1.294000000000000000e+03,-1.294000000000000000e+03,6.901000000000000000e+03
3.300000000000000000e+01,-5.225000000000000000e+03,-6.580000000000000000e+02,-6.580000000000000000e+02,6.383000000000000000e+03
-2.206000000000000000e+03,2.473000000000000000e+03,-6.027000000000000000e+03,-6.027000000000000000e+03,-2.407000000000000000e+03
-1.782000000000000000e+03,6.955000000000000000e+03,-5.986000000000000000e+03,-5.986000000000000000e+03,-1.294000000000000000e+03
-5.984000000000000000e+03,6.996000000000000000e+03,-6.018000000000000000e+03,-6.018000000000000000e+03,-6.580000000000000000e+02
-6.027000000000000000e+03,6.941000000000000000e+03,-5.948000000000000000e+03,-5.948000000000000000e+03,-6.027000000000000000e+03
-6.025000000000000000e+03,6.922000000000000000e+03,-5.225000000000000000e+03,-5.225000000000000000e+03,-5.986000000000000000e+03
-5.831000000000000000e+03,6.871000000000000000e+03,2.473000000000000000e+03,2.473000000000000000e+03,-6.018000000000000000e+03
-3.191000000000000000e+03,2.153000000000000000e+03,6.955000000000000000e+03,6.955000000000000000e+03,-5.948000000000000000e+03
1.781000000000000000e+03,-1.424000000000000000e+03,6.996000000000000000e+03,6.996000000000000000e+03,-5.225000000000000000e+03
6.739000000000000000e+03,-9.140000000000000000e+02,6.941000000000000000e+03,6.941000000000000000e+03,2.473000000000000000e+03
6.931000000000000000e+03,-5.395000000000000000e+03,6.922000000000000000e+03,6.922000000000000000e+03,6.955000000000000000e+03
6.871000000000000000e+03,-6.022000000000000000e+03,6.871000000000000000e+03,6.871000000000000000e+03,6.996000000000000000e+03
6.875000000000000000e+03,-5.986000000000000000e+03,2.153000000000000000e+03,2.153000000000000000e+03,6.941000000000000000e+03
5.157000000000000000e+03,-5.982000000000000000e+03,-1.424000000000000000e+03,-1.424000000000000000e+03,6.922000000000000000e+03
3.108000000000000000e+03,-5.875000000000000000e+03,-9.140000000000000000e+02,-9.140000000000000000e+02,6.871000000000000000e+03
5.100000000000000000e+01,-5.240000000000000000e+02,-5.395000000000000000e+03,-5.395000000000000000e+03,2.153000000000000000e+03
-1.955000000000000000e+03,6.815000000000000000e+03,-6.022000000000000000e+03,-6.022000000000000000e+03,-1.424000000000000000e+03
-5.094000000000000000e+03,6.932000000000000000e+03,-5.986000000000000000e+03,-5.986000000000000000e+03,-9.140000000000000000e+02
-6.078000000000000000e+03,6.923000000000000000e+03,-5.982000000000000000e+03,-5.982000000000000000e+03,-5.395000000000000000e+03
-6.018000000000000000e+03,6.910000000000000000e+03,-5.875000000000000000e+03,-5.875000000000000000e+03,-6.022000000000000000e+03
-5.992000000000000000e+03,6.829000000000000000e+03,-5.240000000000000000e+02,-5.240000000000000000e+02,-5.986000000000000000e+03
-5.931000000000000000e+03,6.816000000000000000e+03,6.815000000000000000e+03,6.815000000000000000e+03,-5.982000000000000000e+03
-1.409000000000000000e+03,7.900000000000000000e+02,6.932000000000000000e+03,6.932000000000000000e+03,-5.875000000000000000e+03
4.526000000000000000e+03,-1.153000000000000000e+03,6.923000000000000000e+03,6.923000000000000000e+03,-5.240000000000000000e+02
6.373000000000000000e+03,-2.859000000000000000e+03,6.910000000000000000e+03,6.910000000000000000e+03,6.815000000000000000e+03
5.898000000000000000e+03,-5.992000000000000000e+03,6.829000000000000000e+03,6.829000000000000000e+03,6.932000000000000000e+03
6.921000000000000000e+03,-5.990000000000000000e+03,6.816000000000000000e+03,6.816000000000000000e+03,6.923000000000000000e+03
6.892000000000000000e+03,-6.009000000000000000e+03,7.900000000000000000e+02,7.900000000000000000e+02,6.910000000000000000e+03
6.800000000000000000e+03,-5.983000000000000000e+03,-1.153000000000000000e+03,-1.153000000000000000e+03,6.829000000000000000e+03
9.570000000000000000e+02,-3.889000000000000000e+03,-2.859000000000000000e+03,-2.859000000000000000e+03,6.816000000000000000e+03
6.710000000000000000e+02,3.460000000000000000e+03,-5.992000000000000000e+03,-5.992000000000000000e+03,7.900000000000000000e+02
-2.079000000000000000e+03,6.921000000000000000e+03,-5.990000000000000000e+03,-5.990000000000000000e+03,-1.153000000000000000e+03
-6.108000000000000000e+03,6.908000000000000000e+03,-6.009000000000000000e+03,-6.009000000000000000e+03,-2.859000000000000000e+03
-6.043000000000000000e+03,6.925000000000000000e+03,-5.983000000000000000e+03,-5.983000000000000000e+03,-5.992000000000000000e+03
-5.987000000000000000e+03,6.889000000000000000e+03,-3.889000000000000000e+03,-3.889000000000000000e+03,-5.990000000000000000e+03
-5.074000000000000000e+03,6.848000000000000000e+03,3.460000000000000000e+03,3.460000000000000000e+03,-6.009000000000000000e+03
-3.269000000000000000e+03,2.718000000000000000e+03,6.921000000000000000e+03,6.921000000000000000e+03,-5.983000000000000000e+03
2.067000000000000000e+03,-1.743000000000000000e+03,6.908000000000000000e+03,6.908000000000000000e+03,-3.889000000000000000e+03
6.209000000000000000e+03,-1.886000000000000000e+03,6.925000000000000000e+03,6.925000000000000000e+03,3.460000000000000000e+03
5.556000000000000000e+03,-5.825000000000000000e+03,6.889000000000000000e+03,6.889000000000000000e+03,6.921000000000000000e+03
4.927000000000000000e+03,-6.025000000000000000e+03,6.848000000000000000e+03,6.848000000000000000e+03,6.908000000000000000e+03
6.615000000000000000e+03,-6.007000000000000000e+03,2.718000000000000000e+03,2.718000000000000000e+03,6.925000000000000000e+03
6.891000000000000000e+03,-6.012000000000000000e+03,-1.743000000000000000e+03,-1.743000000000000000e+03,6.889000000000000000e+03
4.117000000000000000e+03,-5.836000000000000000e+03,-1.886000000000000000e+03,-1.886000000000000000e+03,6.848000000000000000e+03
1.758000000000000000e+03,1.201000000000000000e+03,-5.825000000000000000e+03,-5.825000000000000000e+03,2.718000000000000000e+03
7.790000000000000000e+02,6.927000000000000000e+03,-6.025000000000000000e+03,-6.025000000000000000e+03,-1.743000000000000000e+03
-5.349000000000000000e+03,6.943000000000000000e+03,-6.007000000000000000e+03,-6.007000000000000000e+03,-1.886000000000000000e+03
-6.054000000000000000e+03,6.900000000000000000e+03,-6.012000000000000000e+03,-6.012000000000000000e+03,-5.825000000000000000e+03
-6.051000000000000000e+03,6.869000000000000000e+03,-5.836000000000000000e+03,-5.836000000000000000e+03,-6.025000000000000000e+03
-5.917000000000000000e+03,6.802000000000000000e+03,1.201000000000000000e+03,1.201000000000000000e+03,-6.007000000000000000e+03
-2.841000000000000000e+03,3.500000000000000000e+03,6.927000000000000000e+03,6.927000000000000000e+03,-6.012000000000000000e+03
1.702000000000000000e+03,3.850000000000000000e+02,6.943000000000000000e+03,6.943000000000000000e+03,-5.836000000000000000e+03
3.728000000000000000e+03,-2.020000000000000000e+02,6.900000000000000000e+03,6.900000000000000000e+03,1.201000000000000000e+03
2.759000000000000000e+03,-4.587000000000000000e+03,6.869000000000000000e+03,6.869000000000000000e+03,6.927000000000000000e+03
3.610000000000000000e+03,-6.028000000000000000e+03,6.802000000000000000e+03,6.802000000000000000e+03,6.943000000000000000e+03
6.688000000000000000e+03,-5.986000000000000000e+03,3.500000000000000000e+03,3.500000000000000000e+03,6.900000000000000000e+03
6.912000000000000000e+03,-6.010000000000000000e+03,3.850000000000000000e+02,3.850000000000000000e+02,6.869000000000000000e+03
6.851000000000000000e+03,-5.993000000000000000e+03,-2.020000000000000000e+02,-2.020000000000000000e+02,6.802000000000000000e+03
4.489000000000000000e+03,-2.583000000000000000e+03,-4.587000000000000000e+03,-4.587000000000000000e+03,3.500000000000000000e+03
4.585000000000000000e+03,5.820000000000000000e+03,-6.028000000000000000e+03,-6.028000000000000000e+03,3.850000000000000000e+02
-5.210000000000000000e+02,6.899000000000000000e+03,-5.986000000000000000e+03,-5.986000000000000000e+03,-2.020000000000000000e+02
-6.127000000000000000e+03,6.844000000000000000e+03,-6.010000000000000000e+03,-6.010000000000000000e+03,-4.587000000000000000e+03
-6.074000000000000000e+03,6.870000000000000000e+03,-5.993000000000000000e+03,-5.993000000000000000e+03,-6.028000000000000000e+03
-5.895000000000000000e+03,6.857000000000000000e+03,-2.583000000000000000e+03,-2.583000000000000000e+03,-5.986000000000000000e+03
-4.278000000000000000e+03,6.783000000000000000e+03,5.820000000000000000e+03,5.820000000000000000e+03,-6.010000000000000000e+03
-3.542000000000000000e+03,3.300000000000000000e+01,6.899000000000000000e+03,6.899000000000000000e+03,-5.993000000000000000e+03
1.984000000000000000e+03,-2.206000000000000000e+03,6.844000000000000000e+03,6.844000000000000000e+03,-2.583000000000000000e+03
6.149000000000000000e+03,-1.782000000000000000e+03,6.870000000000000000e+03,6.870000000000000000e+03,5.820000000000000000e+03
5.527000000000000000e+03,-5.984000000000000000e+03,6.857000000000000000e+03,6.857000000000000000e+03,6.899000000000000000e+03
4.897000000000000000e+03,-6.027000000000000000e+03,6.783000000000000000e+03,6.783000000000000000e+03,6.844000000000000000e+03
6.523000000000000000e+03,-6.025000000000000000e+03,3.300000000000000000e+01,3.300000000000000000e+01,6.870000000000000000e+03
6.877000000000000000e+03,-5.831000000000000000e+03,-2.206000000000000000e+03,-2.206000000000000000e+03,6.857000000000000000e+03
6.776000000000000000e+03,-3.191000000000000000e+03,-1.782000000000000000e+03,-1.782000000000000000e+03,6.783000000000000000e+03
2.869000000000000000e+03,1.781000000000000000e+03,-5.984000000000000000e+03,-5.984000000000000000e+03,3.300000000000000000e+01
1.421000000000000000e+03,6.739000000000000000e+03,-6.027000000000000000e+03,-6.027000000000000000e+03,-2.206000000000000000e+03
-3.541000000000000000e+03,6.931000000000000000e+03,-6.025000000000000000e+03,-6.025000000000000000e+03,-1.782000000000000000e+03
-6.092000000000000000e+03,6.871000000000000000e+03,-5.831000000000000000e+03,-5.831000000000000000e+03,-5.984000000000000000e+03
-6.084000000000000000e+03,6.875000000000000000e+03,-3.191000000000000000e+03,-3.191000000000000000e+03,-6.027000000000000000e+03
-6.005000000000000000e+03,5.157000000000000000e+03,1.781000000000000000e+03,1.781000000000000000e+03,-6.025000000000000000e+03
-4.581000000000000000e+03,3.108000000000000000e+03,6.739000000000000000e+03,6.739000000000000000e+03,-5.831000000000000000e+03
-1.253000000000000000e+03,5.100000000000000000e+01,6.931000000000000000e+03,6.931000000000000000e+03,-3.191000000000000000e+03
3.011000000000000000e+03,-1.955000000000000000e+03,6.871000000000000000e+03,6.871000000000000000e+03,1.781000000000000000e+03
5.783000000000000000e+03,-5.094000000000000000e+03,6.875000000000000000e+03,6.875000000000000000e+03,6.739000000000000000e+03
6.849000000000000000e+03,-6.078000000000000000e+03,5.157000000000000000e+03,5.157000000000000000e+03,6.931000000000000000e+03
6.878000000000000000e+03,-6.018000000000000000e+03,3.108000000000000000e+03,3.108000000000000000e+03,6.871000000000000000e+03
6.899000000000000000e+03,-5.992000000000000000e+03,5.100000000000000000e+01,5.100000000000000000e+01,6.875000000000000000e+03
6.827000000000000000e+03,-5.931000000000000000e+03,-1.955000000000000000e+03,-1.955000000000000000e+03,5.157000000000000000e+03
3.621000000000000000e+03,-1.409000000000000000e+03,-5.094000000000000000e+03,-5.094000000000000000e+03,3.108000000000000000e+03
2.299000000000000000e+03,4.526000000000000000e+03,-6.078000000000000000e+03,-6.078000000000000000e+03,5.100000000000000000e+01
-1.213000000000000000e+03,6.373000000000000000e+03,-6.018000000000000000e+03,-6.018000000000000000e+03,-1.955000000000000000e+03
-6.090000000000000000e+03,5.898000000000000000e+03,-5.992000000000000000e+03,-5.992000000000000000e+03,-5.094000000000000000e+03
-6.113000000000000000e+03,6.921000000000000000e+03,-5.931000000000000000e+03,-5.931000000000000000e+03,-6.078000000000000000e+03
-6.036000000000000000e+03,6.892000000000000000e+03,-1.409000000000000000e+03,-1.409000000000000000e+03,-6.018000000000000000e+03
-4.913000000000000000e+03,6.800000000000000000e+03,4.526000000000000000e+03,4.526000000000000000e+03,-5.992000000000000000e+03
-2.436000000000000000e+03,9.570000000000000000e+02,6.373000000000000000e+03,6.373000000000000000e+03,-5.931000000000000000e+03
5.820000000000000000e+02,6.710000000000000000e+02,5.898000000000000000e+03,5.898000000000000000e+03,-1.409000000000000000e+03
3.230000000000000000e+03,-2.079000000000000000e+03,6.921000000000000000e+03,6.921000000000000000e+03,4.526000000000000000e+03
6.761000000000000000e+03,-6.108000000000000000e+03,6.892000000000000000e+03,6.892000000000000000e+03,6.373000000000000000e+03
6.859000000000000000e+03,-6.043000000000000000e+03,6.800000000000000000e+03,6.800000000000000000e+03,5.898000000000000000e+03
5.458000000000000000e+03,-5.987000000000000000e+03,9.570000000000000000e+02,9.570000000000000000e+02,6.921000000000000000e+03
6.080000000000000000e+03,-5.074000000000000000e+03,6.710000000000000000e+02,6.710000000000000000e+02,6.892000000000000000e+03
5.035000000000000000e+03,-3.269000000000000000e+03,-2.079000000000000000e+03,-2.079000000000000000e+03,6.800000000000000000e+03
3.278000000000000000e+03,2.067000000000000000e+03,-6.108000000000000000e+03,-6.108000000000000000e+03,9.570000000000000000e+02
2.095000000000000000e+03,6.209000000000000000e+03,-6.043000000000000000e+03,-6.043000000000000000e+03,6.710000000000000000e+02
-2.335000000000000000e+03,5.556000000000000000e+03,-5.987000000000000000e+03,-5.987000000000000000e+03,-2.079000000000000000e+03
-6.046000000000000000e+03,4.927000000000000000e+03,-5.074000000000000000e+03,-5.074000000000000000e+03,-6.108000000000000000e+03
-6.062000000000000000e+03,6.615000000000000000e+03,-3.269000000000000000e+03,-3.269000000000000000e+03,-6.043000000000000000e+03
-5.375000000000000000e+03,6.891000000000000000e+03,2.067000000000000000e+03,2.067000000000000000e+03,-5.987000000000000000e+03
-4.848000000000000000e+03,4.117000000000000000e+03,6.209000000000000000e+03,6.209000000000000000e+03,-5.074000000000000000e+03
-2.668000000000000000e+03,1.758000000000000000e+03,5.556000000000000000e+03,5.556000000000000000e+03,-3.269000000000000000e+03
4.050000000000000000e+02,7.790000000000000000e+02,4.927000000000000000e+03,4.927000000000000000e+03,2.067000000000000000e+03
3.842000000000000000e+03,-5.349000000000000000e+03,6.615000000000000000e+03,6.615000000000000000e+03,6.209000000000000000e+03
6.875000000000000000e+03,-6.054000000000000000e+03,6.891000000000000000e+03,6.891000000000000000e+03,5.556000000000000000e+03
6.827000000000000000e+03,-6.051000000000000000e+03,4.117000000000000000e+03,4.117000000000000000e+03,4.927000000000000000e+03
5.021000000000000000e+03,-5.917000000000000000e+03,1.758000000000000000e+03,1.758000000000000000e+03,6.615000000000000000e+03
5.458000000000000000e+03,-2.841000000000000000e+03,7.790000000000000000e+02,7.790000000000000000e+02,6.891000000000000000e+03
4.666000000000000000e+03,1.702000000000000000e+03,-5.349000000000000000e+03,-5.349000000000000000e+03,4.117000000000000000e+03
3.490000000000000000e+03,3.728000000000000000e+03,-6.054000000000000000e+03,-6.054000000000000000e+03,1.758000000000000000e+03
7.380000000000000000e+02,2.759000000000000000e+03,-6.051000000000000000e+03,-6.051000000000000000e+03,7.790000000000000000e+02
-2.926000000000000000e+03,3.610000000000000000e+03,-5.917000000000000000e+03,-5.917000000000000000e+03,-5.349000000000000000e+03
-3.744000000000000000e+03,6.688000000000000000e+03,-2.841000000000000000e+03,-2.841000000000000000e+03,-6.054000000000000000e+03
-3.231000000000000000e+03,6.912000000000000000e+03,1.702000000000000000e+03,1.702000000000000000e+03,-6.051000000000000000e+03
-4.525000000000000000e+03,6.851000000000000000e+03,3.728000000000000000e+03,3.728000000000000000e+03,-5.917000000000000000e+03
-5.656000000000000000e+03,4.489000000000000000e+03,2.759000000000000000e+03,2.759000000000000000e+03,-2.841000000000000000e+03
-3.536000000000000000e+03,4.585000000000000000e+03,3.610000000000000000e+03,3.610000000000000000e+03,1.702000000000000000e+03
-1.930000000000000000e+02,-5.210000000000000000e+02,6.688000000000000000e+03,6.688000000000000000e+03,3.728000000000000000e+03
2.641000000000000000e+03,-6.127000000000000000e+03,6.912000000000000000e+03,6.912000000000000000e+03,2.759000000000000000e+03
4.686000000000000000e+03,-6.074000000000000000e+03,6.851000000000000000e+03,6.851000000000000000e+03,3.610000000000000000e+03
5.847000000000000000e+03,-5.895000000000000000e+03,4.489000000000000000e+03,4.489000000000000000e+03,6.688000000000000000e+03
6.691000000000000000e+03,-4.278000000000000000e+03,4.585000000000000000e+03,4.585000000000000000e+03,6.912000000000000000e+03
6.107000000000000000e+03,-3.542000000000000000e+03,-5.210000000000000000e+02,-5.210000000000000000e+02,6.851000000000000000e+03
5.616000000000000000e+03,1.984000000000000000e+03,-6.127000000000000000e+03,-6.127000000000000000e+03,4.489000000000000000e+03
4.095000000000000000e+03,6.149000000000000000e+03,-6.074000000000000000e+03,-6.074000000000000000e+03,4.585000000000000000e+03
-8.690000000000000000e+02,5.527000000000000000e+03,-5.895000000000000000e+03,-5.895000000000000000e+03,-5.210000000000000000e+02
-3.599000000000000000e+03,4.897000000000000000e+03,-4.278000000000000000e+03,-4.278000000000000000e+03,-6.127000000000000000e+03
-2.132000000000000000e+03,6.523000000000000000e+03,-3.542000000000000000e+03,-3.542000000000000000e+03,-6.074000000000000000e+03
-2.652000000000000000e+03,6.877000000000000000e+03,1.984000000000000000e+03,1.984000000000000000e+03,-5.895000000000000000e+03
-5.727000000000000000e+03,6.776000000000000000e+03,6.149000000000000000e+03,6.149000000000000000e+03,-4.278000000000000000e+03
-6.061000000000000000e+03,2.869000000000000000e+03,5.527000000000000000e+03,5.527000000000000000e+03,-3.542000000000000000e+03
-1.750000000000000000e+03,1.421000000000000000e+03,4.897000000000000000e+03,4.897000000000000000e+03,1.984000000000000000e+03
1.311000000000000000e+03,-3.541000000000000000e+03,6.523000000000000000e+03,6.523000000000000000e+03,6.149000000000000000e+03
1.150000000000000000e+03,-6.092000000000000000e+03,6.877000000000000000e+03,6.877000000000000000e+03,5.527000000000000000e+03
2.559000000000000000e+03,-6.084000000000000000e+03,6.776000000000000000e+03,6.776000000000000000e+03,4.897000000000000000e+03
6.333000000000000000e+03,-6.005000000000000000e+03,2.869000000000000000e+03,2.869000000000000000e+03,6.523000000000000000e+03
6.856000000000000000e+03,-4.581000000000000000e+03,1.421000000000000000e+03,1.421000000000000000e+03,6.877000000000000000e+03
6.838000000000000000e+03,-1.253000000000000000e+03,-3.541000000000000000e+03,-3.541000000000000000e+03,6.776000000000000000e+03
6.807000000000000000e+03,3.011000000000000000e+03,-6.092000000000000000e+03,-6.092000000000000000e+03,2.869000000000000000e+03
3.715000000000000000e+03,5.783000000000000000e+03,-6.084000000000000000e+03,-6.084000000000000000e+03,1.421000000000000000e+03
-2.332000000000000000e+03,6.849000000000000000e+03,-6.005000000000000000e+03,-6.005000000000000000e+03,-3.541000000000000000e+03
-3.975000000000000000e+03,6.878000000000000000e+03,-4.581000000000000000e+03,-4.581000000000000000e+03,-6.092000000000000000e+03
-2.705000000000000000e+03,6.899000000000000000e+03,-1.253000000000000000e+03,-1.253000000000000000e+03,-6.084000000000000000e+03
-4.221000000000000000e+03,6.827000000000000000e+03,3.011000000000000000e+03,3.011000000000000000e+03,-6.005000000000000000e+03
-5.974000000000000000e+03,3.621000000000000000e+03,5.783000000000000000e+03,5.783000000000000000e+03,-4.581000000000000000e+03
-3.817000000000000000e+03,2.299000000000000000e+03,6.849000000000000000e+03,6.849000000000000000e+03,-1.253000000000000000e+03
5.540000000000000000e+02,-1.213000000000000000e+03,6.878000000000000000e+03,6.878000000000000000e+03,3.011000000000000000e+03
1.687000000000000000e+03,-6.090000000000000000e+03,6.899000000000000000e+03,6.899000000000000000e+03,5.783000000000000000e+03
1.006000000000000000e+03,-6.113000000000000000e+03,6.827000000000000000e+03,6.827000000000000000e+03,6.849000000000000000e+03
2.832000000000000000e+03,-6.036000000000000000e+03,3.621000000000000000e+03,3.621000000000000000e+03,6.878000000000000000e+03
5.389000000000000000e+03,-4.913000000000000000e+03,2.299000000000000000e+03,2.299000000000000000e+03,6.899000000000000000e+03
6.041000000000000000e+03,-2.436000000000000000e+03,-1.213000000000000000e+03,-1.213000000000000000e+03,6.827000000000000000e+03
6.832000000000000000e+03,5.820000000000000000e+02,-6.090000000000000000e+03,-6.090000000000000000e+03,3.621000000000000000e+03
6.812000000000000000e+03,3.230000000000000000e+03,-6.113000000000000000e+03,-6.113000000000000000e+03,2.299000000000000000e+03
2.045000000000000000e+03,6.761000000000000000e+03,-6.036000000000000000e+03,-6.036000000000000000e+03,-1.213000000000000000e+03
-1.421000000000000000e+03,6.859000000000000000e+03,-4.913000000000000000e+03,-4.913000000000000000e+03,-6.090000000000000000e+03
-7.100000000000000000e+02,5.458000000000000000e+03,-2.436000000000000000e+03,-2.436000000000000000e+03,-6.113000000000000000e+03
-2.252000000000000000e+03,6.080000000000000000e+03,5.820000000000000000e+02,5.820000000000000000e+02,-6.036000000000000000e+03
-5.904000000000000000e+03,5.035000000000000000e+03,3.230000000000000000e+03,3.230000000000000000e+03,-4.913000000000000000e+03
-6.068000000000000000e+03,3.278000000000000000e+03,6.761000000000000000e+03,6.761000000000000000e+03,-2.436000000000000000e+03
-1.681000000000000000e+03,2.095000000000000000e+03,6.859000000000000000e+03,6.859000000000000000e+03,5.820000000000000000e+02
-1.790000000000000000e+02,-2.335000000000000000e+03,5.458000000000000000e+03,5.458000000000000000e+03,3.230000000000000000e+03
-1.133000000000000000e+03,-6.046000000000000000e+03,6.080000000000000000e+03,6.080000000000000000e+03,6.761000000000000000e+03
1.008000000000000000e+03,-6.062000000000000000e+03,5.035000000000000000e+03,5.035000000000000000e+03,6.859000000000000000e+03
4.716000000000000000e+03,-5.375000000000000000e+03,3.278000000000000000e+03,3.278000000000000000e+03,5.458000000000000000e+03
4.945000000000000000e+03,-4.848000000000000000e+03,2.095000000000000000e+03,2.095000000000000000e+03,6.080000000000000000e+03
4.402000000000000000e+03,-2.668000000000000000e+03,-2.335000000000000000e+03,-2.335000000000000000e+03,5.035000000000000000e+03
6.842000000000000000e+03,4.050000000000000000e+02,-6.046000000000000000e+03,-6.046000000000000000e+03,3.278000000000000000e+03
6.774000000000000000e+03,3.842000000000000000e+03,-6.062000000000000000e+03,-6.062000000000000000e+03,2.095000000000000000e+03
1.437000000000000000e+03,6.875000000000000000e+03,-5.375000000000000000e+03,-5.375000000000000000e+03,-2.335000000000000000e+03
-1.043000000000000000e+03,6.827000000000000000e+03,-4.848000000000000000e+03,-4.848000000000000000e+03,-6.046000000000000000e+03
9.360000000000000000e+02,5.021000000000000000e+03,-2.668000000000000000e+03,-2.668000000000000000e+03,-6.062000000000000000e+03
-1.625000000000000000e+03,5.458000000000000000e+03,4.050000000000000000e+02,4.050000000000000000e+02,-5.375000000000000000e+03
-5.643000000000000000e+03,4.666000000000000000e+03,3.842000000000000000e+03,3.842000000000000000e+03,-4.848000000000000000e+03
-5.150000000000000000e+03,3.490000000000000000e+03,6.875000000000000000e+03,6.875000000000000000e+03,-2.668000000000000000e+03
-2.530000000000000000e+03,7.380000000000000000e+02,6.827000000000000000e+03,6.827000000000000000e+03,4.050000000000000000e+02
-1.145000000000000000e+03,-2.926000000000000000e+03,5.021000000000000000e+03,5.021000000000000000e+03,3.842000000000000000e+03
-1.012000000000000000e+03,-3.744000000000000000e+03,5.458000000000000000e+03,5.458000000000000000e+03,6.875000000000000000e+03
-5.600000000000000000e+01,-3.231000000000000000e+03,4.666000000000000000e+03,4.666000000000000000e+03,6.827000000000000000e+03
2.032000000000000000e+03,-4.525000000000000000e+03,3.490000000000000000e+03,3.490000000000000000e+03,5.021000000000000000e+03
4.986000000000000000e+03,-5.656000000000000000e+03,7.380000000000000000e+02,7.380000000000000000e+02,5.458000000000000000e+03
6.863000000000000000e+03,-3.536000000000000000e+03,-2.926000000000000000e+03,-2.926000000000000000e+03,4.666000000000000000e+03
6.744000000000000000e+03,-1.930000000000000000e+02,-3.744000000000000000e+03,-3.744000000000000000e+03,3.490000000000000000e+03
4.762000000000000000e+03,2.641000000000000000e+03,-3.231000000000000000e+03,-3.231000000000000000e+03,7.380000000000000000e+02
1.517000000000000000e+03,4.686000000000000000e+03,-4.525000000000000000e+03,-4.525000000000000000e+03,-2.926000000000000000e+03
1.380000000000000000e+03,5.847000000000000000e+03,-5.656000000000000000e+03,-5.656000000000000000e+03,-3.744000000000000000e+03
-1.785000000000000000e+03,6.691000000000000000e+03,-3.536000000000000000e+03,-3.536000000000000000e+03,-3.231000000000000000e+03
-5.445000000000000000e+03,6.107000000000000000e+03,-1.930000000000000000e+02,-1.930000000000000000e+02,-4.525000000000000000e+03
-3.140000000000000000e+03,5.616000000000000000e+03,2.641000000000000000e+03,2.641000000000000000e+03,-5.656000000000000000e+03
-1.450000000000000000e+03,4.095000000000000000e+03,4.686000000000000000e+03,4.686000000000000000e+03,-3.536000000000000000e+03
-3.192000000000000000e+03,-8.690000000000000000e+02,5.847000000000000000e+03,5.847000000000000000e+03,-1.930000000000000000e+02
-2.547000000000000000e+03,-3.599000000000000000e+03,6.691000000000000000e+03,6.691000000000000000e+03,2.641000000000000000e+03
-1.910000000000000000e+02,-2.132000000000000000e+03,6.107000000000000000e+03,6.107000000000000000e+03,4.686000000000000000e+03
5.690000000000000000e+02,-2.652000000000000000e+03,5.616000000000000000e+03,5.616000000000000000e+03,5.847000000000000000e+03
1.542000000000000000e+03,-5.727000000000000000e+03,4.095000000000000000e+03,4.095000000000000000e+03,6.691000000000000000e+03
5.179000000000000000e+03,-6.061000000000000000e+03,-8.690000000000000000e+02,-8.690000000000000000e+02,6.107000000000000000e+03
6.863000000000000000e+03,-1.750000000000000000e+03,-3.599000000000000000e+03,-3.599000000000000000e+03,5.616000000000000000e+03
6.736000000000000000e+03,1.311000000000000000e+03,-2.132000000000000000e+03,-2.132000000000000000e+03,4.095000000000000000e+03
2.003000000000000000e+03,1.150000000000000000e+03,-2.652000000000000000e+03,-2.652000000000000000e+03,-8.690000000000000000e+02
1.067000000000000000e+03,2.559000000000000000e+03,-5.727000000000000000e+03,-5.727000000000000000e+03,-3.599000000000000000e+03
1.337000000000000000e+03,6.333000000000000000e+03,-6.061000000000000000e+03,-6.061000000000000000e+03,-2.132000000000000000e+03
-2.636000000000000000e+03,6.856000000000000000e+03,-1.750000000000000000e+03,-1.750000000000000000e+03,-2.652000000000000000e+03
-3.885000000000000000e+03,6.838000000000000000e+03,1.311000000000000000e+03,1.311000000000000000e+03,-5.727000000000000000e+03
-1.535000000000000000e+03,6.807000000000000000e+03,1.150000000000000000e+03,1.150000000000000000e+03,-6.061000000000000000e+03
-1.914000000000000000e+03,3.715000000000000000e+03,2.559000000000000000e+03,2.559000000000000000e+03,-1.750000000000000000e+03
-3.377000000000000000e+03,-2.332000000000000000e+03,6.333000000000000000e+03,6.333000000000000000e+03,1.311000000000000000e+03
-2.043000000000000000e+03,-3.975000000000000000e+03,6.856000000000000000e+03,6.856000000000000000e+03,1.150000000000000000e+03
2.690000000000000000e+02,-2.705000000000000000e+03,6.838000000000000000e+03,6.838000000000000000e+03,2.559000000000000000e+03
9.700000000000000000e+02,-4.221000000000000000e+03,6.807000000000000000e+03,6.807000000000000000e+03,6.333000000000000000e+03
3.283000000000000000e+03,-5.974000000000000000e+03,3.715000000000000000e+03,3.715000000000000000e+03,6.856000000000000000e+03
6.829000000000000000e+03,-3.817000000000000000e+03,-2.332000000000000000e+03,-2.332000000000000000e+03,6.838000000000000000e+03
6.787000000000000000e+03,5.540000000000000000e+02,-3.975000000000000000e+03,-3.975000000000000000e+03,6.807000000000000000e+03
3.301000000000000000e+03,1.687000000000000000e+03,-2.705000000000000000e+03,-2.705000000000000000e+03,3.715000000000000000e+03
-1.200000000000000000e+01,1.006000000000000000e+03,-4.221000000000000000e+03,-4.221000000000000000e+03,-2.332000000000000000e+03
4.670000000000000000e+02,2.832000000000000000e+03,-5.974000000000000000e+03,-5.974000000000000000e+03,-3.975000000000000000e+03
-7.140000000000000000e+02,5.389000000000000000e+03,-3.817000000000000000e+03,-3.817000000000000000e+03,-2.705000000000000000e+03
-2.148000000000000000e+03,6.041000000000000000e+03,5.540000000000000000e+02,5.540000000000000000e+02,-4.221000000000000000e+03
-8.610000000000000000e+02,6.832000000000000000e+03,1.687000000000000000e+03,1.687000000000000000e+03,-5.974000000000000000e+03
-1.271000000000000000e+03,6.812000000000000000e+03,1.006000000000000000e+03,1.006000000000000000e+03,-3.817000000000000000e+03
-3.000000000000000000e+03,2.045000000000000000e+03,2.832000000000000000e+03,2.832000000000000000e+03,5.540000000000000000e+02
-1.914000000000000000e+03,-1.421000000000000000e+03,5.389000000000000000e+03,5.389000000000000000e+03,1.687000000000000000e+03
2.070000000000000000e+02,-7.100000000000000000e+02,6.041000000000000000e+03,6.041000000000000000e+03,1.006000000000000000e+03
8.470000000000000000e+02,-2.252000000000000000e+03,6.832000000000000000e+03,6.832000000000000000e+03,2.832000000000000000e+03
1.286000000000000000e+03,-5.904000000000000000e+03,6.812000000000000000e+03,6.812000000000000000e+03,5.389000000000000000e+03
4.245000000000000000e+03,-6.068000000000000000e+03,2.045000000000000000e+03,2.045000000000000000e+03,6.041000000000000000e+03
6.799000000000000000e+03,-1.681000000000000000e+03,-1.421000000000000000e+03,-1.421000000000000000e+03,6.832000000000000000e+03
6.087000000000000000e+03,-1.790000000000000000e+02,-7.100000000000000000e+02,-7.100000000000000000e+02,6.812000000000000000e+03
-1.690000000000000000e+02,-1.133000000000000000e+03,-2.252000000000000000e+03,-2.252000000000000000e+03,2.045000000000000000e+03
6.400000000000000000e+01,1.008000000000000000e+03,-5.904000000000000000e+03,-5.904000000000000000e+03,-1.421000000000000000e+03
1.692000000000000000e+03,4.716000000000000000e+03,-6.068000000000000000e+03,-6.068000000000000000e+03,-7.100000000000000000e+02
-4.270000000000000000e+02,4.945000000000000000e+03,-1.681000000000000000e+03,-1.681000000000000000e+03,-2.252000000000000000e+03
-1.535000000000000000e+03,4.402000000000000000e+03,-1.790000000000000000e+02,-1.790000000000000000e+02,-5.904000000000000000e+03
-7.080000000000000000e+02,6.842000000000000000e+03,-1.133000000000000000e+03,-1.133000000000000000e+03,-6.068000000000000000e+03
-1.387000000000000000e+03,6.774000000000000000e+03,1.008000000000000000e+03,1.008000000000000000e+03,-1.681000000000000000e+03
-1.985000000000000000e+03,1.437000000000000000e+03,4.716000000000000000e+03,4.716000000000000000e+03,-1.790000000000000000e+02
-8.650000000000000000e+02,-1.043000000000000000e+03,4.945000000000000000e+03,4.945000000000000000e+03,-1.133000000000000000e+03
3.300000000000000000e+01,9.360000000000000000e+02,4.402000000000000000e+03,4.402000000000000000e+03,1.008000000000000000e+03
6.950000000000000000e+02,-1.625000000000000000e+03,6.842000000000000000e+03,6.842000000000000000e+03,4.716000000000000000e+03
2.696000000000000000e+03,-5.643000000000000000e+03,6.774000000000000000e+03,6.774000000000000000e+03,4.945000000000000000e+03
5.319000000000000000e+03,-5.150000000000000000e+03,1.437000000000000000e+03,1.437000000000000000e+03,4.402000000000000000e+03
5.196000000000000000e+03,-2.530000000000000000e+03,-1.043000000000000000e+03,-1.043000000000000000e+03,6.842000000000000000e+03
1.823000000000000000e+03,-1.145000000000000000e+03,9.360000000000000000e+02,9.360000000000000000e+02,6.774000000000000000e+03
7.360000000000000000e+02,-1.012000000000000000e+03,-1.625000000000000000e+03,-1.625000000000000000e+03,1.437000000000000000e+03
2.390000000000000000e+03,-5.600000000000000000e+01,-5.643000000000000000e+03,-5.643000000000000000e+03,-1.043000000000000000e+03
1.068000000000000000e+03,2.032000000000000000e+03,-5.150000000000000000e+03,-5.150000000000000000e+03,9.360000000000000000e+02
-1.530000000000000000e+03,4.986000000000000000e+03,-2.530000000000000000e+03,-2.530000000000000000e+03,-1.625000000000000000e+03
-1.645000000000000000e+03,6.863000000000000000e+03,-1.145000000000000000e+03,-1.145000000000000000e+03,-5.643000000000000000e+03
-1.693000000000000000e+03,6.744000000000000000e+03,-1.012000000000000000e+03,-1.012000000000000000e+03,-5.150000000000000000e+03
-1.636000000000000000e+03,4.762000000000000000e+03,-5.600000000000000000e+01,-5.600000000000000000e+01,-2.530000000000000000e+03
-8.300000000000000000e+01,1.517000000000000000e+03,2.032000000000000000e+03,2.032000000000000000e+03,-1.145000000000000000e+03
5.880000000000000000e+02,1.380000000000000000e+03,4.986000000000000000e+03,4.986000000000000000e+03,-1.012000000000000000e+03
-6.600000000000000000e+01,-1.785000000000000000e+03,6.863000000000000000e+03,6.863000000000000000e+03,-5.600000000000000000e+01
7.730000000000000000e+02,-5.445000000000000000e+03,6.744000000000000000e+03,6.744000000000000000e+03,2.032000000000000000e+03
3.632000000000000000e+03,-3.140000000000000000e+03,4.762000000000000000e+03,4.762000000000000000e+03,4.986000000000000000e+03
5.765000000000000000e+03,-1.450000000000000000e+03,1.517000000000000000e+03,1.517000000000000000e+03,6.863000000000000000e+03
4.342000000000000000e+03,-3.192000000000000000e+03,1.380000000000000000e+03,1.380000000000000000e+03,6.744000000000000000e+03
1.713000000000000000e+03,-2.547000000000000000e+03,-1.785000000000000000e+03,-1.785000000000000000e+03,4.762000000000000000e+03
1.479000000000000000e+03,-1.910000000000000000e+02,-5.445000000000000000e+03,-5.445000000000000000e+03,1.517000000000000000e+03
8.710000000000000000e+02,5.690000000000000000e+02,-3.140000000000000000e+03,-3.140000000000000000e+03,1.380000000000000000e+03
-1.561000000000000000e+03,1.542000000000000000e+03,-1.450000000000000000e+03,-1.450000000000000000e+03,-1.785000000000000000e+03
-1.966000000000000000e+03,5.179000000000000000e+03,-3.192000000000000000e+03,-3.192000000000000000e+03,-5.445000000000000000e+03
-1.148000000000000000e+03,6.863000000000000000e+03,-2.547000000000000000e+03,-2.547000000000000000e+03,-3.140000000000000000e+03
-1.500000000000000000e+03,6.736000000000000000e+03,-1.910000000000000000e+02,-1.910000000000000000e+02,-1.450000000000000000e+03
-9.160000000000000000e+02,2.003000000000000000e+03,5.690000000000000000e+02,5.690000000000000000e+02,-3.192000000000000000e+03
5.930000000000000000e+02,1.067000000000000000e+03,1.542000000000000000e+03,1.542000000000000000e+03,-2.547000000000000000e+03
6.370000000000000000e+02,1.337000000000000000e+03,5.179000000000000000e+03,5.179000000000000000e+03,-1.910000000000000000e+02
8.020000000000000000e+02,-2.636000000000000000e+03,6.863000000000000000e+03,6.863000000000000000e+03,5.690000000000000000e+02
3.184000000000000000e+03,-3.885000000000000000e+03,6.736000000000000000e+03,6.736000000000000000e+03,1.542000000000000000e+03
5.370000000000000000e+03,-1.535000000000000000e+03,2.003000000000000000e+03,2.003000000000000000e+03,5.179000000000000000e+03
5.021000000000000000e+03,-1.914000000000000000e+03,1.067000000000000000e+03,1.067000000000000000e+03,6.863000000000000000e+03
2.908000000000000000e+03,-3.377000000000000000e+03,1.337000000000000000e+03,1.337000000000000000e+03,6.736000000000000000e+03
8.610000000000000000e+02,-2.043000000000000000e+03,-2.636000000000000000e+03,-2.636000000000000000e+03,2.003000000000000000e+03
-4.300000000000000000e+02,2.690000000000000000e+02,-3.885000000000000000e+03,-3.885000000000000000e+03,1.067000000000000000e+03
-1.813000000000000000e+03,9.700000000000000000e+02,-1.535000000000000000e+03,-1.535000000000000000e+03,1.337000000000000000e+03
-1.625000000000000000e+03,3.283000000000000000e+03,-1.914000000000000000e+03,-1.914000000000000000e+03,-2.636000000000000000e+03
-2.120000000000000000e+02,6.829000000000000000e+03,-3.377000000000000000e+03,-3.377000000000000000e+03,-3.885000000000000000e+03
-6.470000000000000000e+02,6.787000000000000000e+03,-2.043000000000000000e+03,-2.043000000000000000e+03,-1.535000000000000000e+03
-9.930000000000000000e+02,3.301000000000000000e+03,2.690000000000000000e+02,2.690000000000000000e+02,-1.914000000000000000e+03
5.050000000000000000e+02,-1.200000000000000000e+01,9.700000000000000000e+02,9.700000000000000000e+02,-3.377000000000000000e+03
9.340000000000000000e+02,4.670000000000000000e+02,3.283000000000000000e+03,3.283000000000000000e+03,-2.043000000000000000e+03
5.280000000000000000e+02,-7.140000000000000000e+02,6.829000000000000000e+03,6.829000000000000000e+03,2.690000000000000000e+02
1.962000000000000000e+03,-2.148000000000000000e+03,6.787000000000000000e+03,6.787000000000000000e+03,9.700000000000000000e+02
4.727000000000000000e+03,-8.610000000000000000e+02,3.301000000000000000e+03,3.301000000000000000e+03,3.283000000000000000e+03
5.640000000000000000e+03,-1.271000000000000000e+03,-1.200000000000000000e+01,-1.200000000000000000e+01,6.829000000000000000e+03
3.051000000000000000e+03,-3.000000000000000000e+03,4.670000000000000000e+02,4.670000000000000000e+02,6.787000000000000000e+03
-3.500000000000000000e+02,-1.914000000000000000e+03,-7.140000000000000000e+02,-7.140000000000000000e+02,3.301000000000000000e+03
-1.199000000000000000e+03,2.070000000000000000e+02,-2.148000000000000000e+03,-2.148000000000000000e+03,-1.200000000000000000e+01
-1.210000000000000000e+02,8.470000000000000000e+02,-8.610000000000000000e+02,-8.610000000000000000e+02,4.670000000000000000e+02
9.200000000000000000e+01,1.286000000000000000e+03,-1.271000000000000000e+03,-1.271000000000000000e+03,-7.140000000000000000e+02
-6.800000000000000000e+01,4.245000000000000000e+03,-3.000000000000000000e+03,-3.000000000000000000e+03,-2.148000000000000000e+03
-2.490000000000000000e+02,6.799000000000000000e+03,-1.914000000000000000e+03,-1.914000000000000000e+03,-8.610000000000000000e+02
-5.120000000000000000e+02,6.087000000000000000e+03,2.070000000000000000e+02,2.070000000000000000e+02,-1.271000000000000000e+03
8.460000000000000000e+02,-1.690000000000000000e+02,8.470000000000000000e+02,8.470000000000000000e+02,-3.000000000000000000e+03
1.139000000000000000e+03,6.400000000000000000e+01,1.286000000000000000e+03,1.286000000000000000e+03,-1.914000000000000000e+03
-5.630000000000000000e+02,1.692000000000000000e+03,4.245000000000000000e+03,4.245000000000000000e+03,2.070000000000000000e+02
-2.550000000000000000e+02,-4.270000000000000000e+02,6.799000000000000000e+03,6.799000000000000000e+03,8.470000000000000000e+02
2.810000000000000000e+03,-1.535000000000000000e+03,6.087000000000000000e+03,6.087000000000000000e+03,1.286000000000000000e+03
5.515000000000000000e+03,-7.080000000000000000e+02,-1.690000000000000000e+02,-1.690000000000000000e+02,4.245000000000000000e+03
4.569000000000000000e+03,-1.387000000000000000e+03,6.400000000000000000e+01,6.400000000000000000e+01,6.799000000000000000e+03
6.120000000000000000e+02,-1.985000000000000000e+03,1.692000000000000000e+03,1.692000000000000000e+03,6.087000000000000000e+03
-1.642000000000000000e+03,-8.650000000000000000e+02,-4.270000000000000000e+02,-4.270000000000000000e+02,-1.690000000000000000e+02
-4.300000000000000000e+02,3.300000000000000000e+01,-1.535000000000000000e+03,-1.535000000000000000e+03,6.400000000000000000e+01
1.071000000000000000e+03,6.950000000000000000e+02,-7.080000000000000000e+02,-7.080000000000000000e+02,1.692000000000000000e+03
1.365000000000000000e+03,2.696000000000000000e+03,-1.387000000000000000e+03,-1.387000000000000000e+03,-4.270000000000000000e+02
9.310000000000000000e+02,5.319000000000000000e+03,-1.985000000000000000e+03,-1.985000000000000000e+03,-1.535000000000000000e+03
-6.700000000000000000e+01,5.196000000000000000e+03,-8.650000000000000000e+02,-8.650000000000000000e+02,-7.080000000000000000e+02
1.960000000000000000e+02,1.823000000000000000e+03,3.300000000000000000e+01,3.300000000000000000e+01,-1.387000000000000000e+03
9.950000000000000000e+02,7.360000000000000000e+02,6.950000000000000000e+02,6.950000000000000000e+02,-1.985000000000000000e+03
-4.860000000000000000e+02,2.390000000000000000e+03,2.696000000000000000e+03,2.696000000000000000e+03,-8.650000000000000000e+02
-1.712000000000000000e+03,1.068000000000000000e+03,5.319000000000000000e+03,5.319000000000000000e+03,3.300000000000000000e+01
6.920000000000000000e+02,-1.530000000000000000e+03,5.196000000000000000e+03,5.196000000000000000e+03,6.950000000000000000e+02
4.314000000000000000e+03,-1.645000000000000000e+03,1.823000000000000000e+03,1.823000000000000000e+03,2.696000000000000000e+03
4.659000000000000000e+03,-1.693000000000000000e+03,7.360000000000000000e+02,7.360000000000000000e+02,5.319000000000000000e+03
1.871000000000000000e+03,-1.636000000000000000e+03,2.390000000000000000e+03,2.390000000000000000e+03,5.196000000000000000e+03
-2.600000000000000000e+02,-8.300000000000000000e+01,1.068000000000000000e+03,1.068000000000000000e+03,1.823000000000000000e+03
1.740000000000000000e+02,5.880000000000000000e+02,-1.530000000000000000e+03,-1.530000000000000000e+03,7.360000000000000000e+02
1.136000000000000000e+03,-6.600000000000000000e+01,-1.645000000000000000e+03,-1.645000000000000000e+03,2.390000000000000000e+03
8.280000000000000000e+02,7.730000000000000000e+02,-1.693000000000000000e+03,-1.693000000000000000e+03,1.068000000000000000e+03
9.350000000000000000e+02,3.632000000000000000e+03,-1.636000000000000000e+03,-1.636000000000000000e+03,-1.530000000000000000e+03
1.777000000000000000e+03,5.765000000000000000e+03,-8.300000000000000000e+01,-8.300000000000000000e+01,-1.645000000000000000e+03
1.442000000000000000e+03,4.342000000000000000e+03,5.880000000000000000e+02,5.880000000000000000e+02,-1.693000000000000000e+03
1.960000000000000000e+02,1.713000000000000000e+03,-6.600000000000000000e+01,-6.600000000000000000e+01,-1.636000000000000000e+03
-9.990000000000000000e+02,1.479000000000000000e+03,7.730000000000000000e+02,7.730000000000000000e+02,-8.300000000000000000e+01
-2.066000000000000000e+03,8.710000000000000000e+02,3.632000000000000000e+03,3.632000000000000000e+03,5.880000000000000000e+02
-1.862000000000000000e+03,-1.561000000000000000e+03,5.765000000000000000e+03,5.765000000000000000e+03,-6.600000000000000000e+01
1.101000000000000000e+03,-1.966000000000000000e+03,4.342000000000000000e+03,4.342000000000000000e+03,7.730000000000000000e+02
5.268000000000000000e+03,-1.148000000000000000e+03,1.713000000000000000e+03,1.713000000000000000e+03,3.632000000000000000e+03
5.174000000000000000e+03,-1.500000000000000000e+03,1.479000000000000000e+03,1.479000000000000000e+03,5.765000000000000000e+03
1.582000000000000000e+03,-9.160000000000000000e+02,8.710000000000000000e+02,8.710000000000000000e+02,4.342000000000000000e+03
-7.000000000000000000e+01,5.930000000000000000e+02,-1.561000000000000000e+03,-1.561000000000000000e+03,1.713000000000000000e+03
1.133000000000000000e+03,6.370000000000000000e+02,-1.966000000000000000e+03,-1.966000000000000000e+03,1.479000000000000000e+03
1.823000000000000000e+03,8.020000000000000000e+02,-1.148000000000000000e+03,-1.148000000000000000e+03,8.710000000000000000e+02
1.960000000000000000e+02,3.184000000000000000e+03,-1.500000000000000000e+03,-1.500000000000000000e+03,-1.561000000000000000e+03
-6.820000000000000000e+02,5.370000000000000000e+03,-9.160000000000000000e+02,-9.160000000000000000e+02,-1.966000000000000000e+03
1.742000000000000000e+03,5.021000000000000000e+03,5.930000000000000000e+02,5.930000000000000000e+02,-1.148000000000000000e+03
3.283000000000000000e+03,2.908000000000000000e+03,6.370000000000000000e+02,6.370000000000000000e+02,-1.500000000000000000e+03
4.290000000000000000e+02,8.610000000000000000e+02,8.020000000000000000e+02,8.020000000000000000e+02,-9.160000000000000000e+02
-2.839000000000000000e+03,-4.300000000000000000e+02,3.184000000000000000e+03,3.184000000000000000e+03,5.930000000000000000e+02
-2.719000000000000000e+03,-1.813000000000000000e+03,5.370000000000000000e+03,5.370000000000000000e+03,6.370000000000000000e+02
-9.200000000000000000e+02,-1.625000000000000000e+03,5.021000000000000000e+03,5.021000000000000000e+03,8.020000000000000000e+02
1.583000000000000000e+03,-2.120000000000000000e+02,2.908000000000000000e+03,2.908000000000000000e+03,3.184000000000000000e+03
4.085000000000000000e+03,-6.470000000000000000e+02,8.610000000000000000e+02,8.610000000000000000e+02,5.370000000000000000e+03
3.677000000000000000e+03,-9.930000000000000000e+02,-4.300000000000000000e+02,-4.300000000000000000e+02,5.021000000000000000e+03
1.962000000000000000e+03,5.050000000000000000e+02,-1.813000000000000000e+03,-1.813000000000000000e+03,2.908000000000000000e+03
1.890000000000000000e+03,9.340000000000000000e+02,-1.625000000000000000e+03,-1.625000000000000000e+03,8.610000000000000000e+02
2.566000000000000000e+03,5.280000000000000000e+02,-2.120000000000000000e+02,-2.120000000000000000e+02,-4.300000000000000000e+02
2.158000000000000000e+03,1.962000000000000000e+03,-6.470000000000000000e+02,-6.470000000000000000e+02,-1.813000000000000000e+03
2.740000000000000000e+02,4.727000000000000000e+03,-9.930000000000000000e+02,-9.930000000000000000e+02,-1.625000000000000000e+03
-2.650000000000000000e+02,5.640000000000000000e+03,5.050000000000000000e+02,5.050000000000000000e+02,-2.120000000000000000e+02
2.013000000000000000e+03,3.051000000000000000e+03,9.340000000000000000e+02,9.340000000000000000e+02,-6.470000000000000000e+02
2.238000000000000000e+03,-3.500000000000000000e+02,5.280000000000000000e+02,5.280000000000000000e+02,-9.930000000000000000e+02
-1.531000000000000000e+03,-1.199000000000000000e+03,1.962000000000000000e+03,1.962000000000000000e+03,5.050000000000000000e+02
-3.841000000000000000e+03,-1.210000000000000000e+02,4.727000000000000000e+03,4.727000000000000000e+03,9.340000000000000000e+02
-2.564000000000000000e+03,9.200000000000000000e+01,5.640000000000000000e+03,5.640000000000000000e+03,5.280000000000000000e+02
-1.180000000000000000e+02,-6.800000000000000000e+01,3.051000000000000000e+03,3.051000000000000000e+03,1.962000000000000000e+03
2.417000000000000000e+03,-2.490000000000000000e+02,-3.500000000000000000e+02,-3.500000000000000000e+02,4.727000000000000000e+03
3.717000000000000000e+03,-5.120000000000000000e+02,-1.199000000000000000e+03,-1.199000000000000000e+03,5.640000000000000000e+03
3.072000000000000000e+03,8.460000000000000000e+02,-1.210000000000000000e+02,-1.210000000000000000e+02,3.051000000000000000e+03
2.570000000000000000e+03,1.139000000000000000e+03,9.200000000000000000e+01,9.200000000000000000e+01,-3.500000000000000000e+02
2.483000000000000000e+03,-5.630000000000000000e+02,-6.800000000000000000e+01,-6.800000000000000000e+01,-1.199000000000000000e+03
2.339000000000000000e+03,-2.550000000000000000e+02,-2.490000000000000000e+02,-2.490000000000000000e+02,-1.210000000000000000e+02
1.785000000000000000e+03,2.810000000000000000e+03,-5.120000000000000000e+02,-5.120000000000000000e+02,9.200000000000000000e+01
6.290000000000000000e+02,5.515000000000000000e+03,8.460000000000000000e+02,8.460000000000000000e+02,-6.800000000000000000e+01
1.856000000000000000e+03,4.569000000000000000e+03,1.139000000000000000e+03,1.139000000000000000e+03,-2.490000000000000000e+02
3.420000000000000000e+03,6.120000000000000000e+02,-5.630000000000000000e+02,-5.630000000000000000e+02,-5.120000000000000000e+02
-1.540000000000000000e+02,-1.642000000000000000e+03,-2.550000000000000000e+02,-2.550000000000000000e+02,8.460000000000000000e+02
-4.232000000000000000e+03,-4.300000000000000000e+02,2.810000000000000000e+03,2.810000000000000000e+03,1.139000000000000000e+03
-3.105000000000000000e+03,1.071000000000000000e+03,5.515000000000000000e+03,5.515000000000000000e+03,-5.630000000000000000e+02
-1.211000000000000000e+03,1.365000000000000000e+03,4.569000000000000000e+03,4.569000000000000000e+03,-2.550000000000000000e+02
-6.100000000000000000e+02,9.310000000000000000e+02,6.120000000000000000e+02,6.120000000000000000e+02,2.810000000000000000e+03
1.542000000000000000e+03,-6.700000000000000000e+01,-1.642000000000000000e+03,-1.642000000000000000e+03,5.515000000000000000e+03
3.749000000000000000e+03,1.960000000000000000e+02,-4.300000000000000000e+02,-4.300000000000000000e+02,4.569000000000000000e+03
3.695000000000000000e+03,9.950000000000000000e+02,1.071000000000000000e+03,1.071000000000000000e+03,6.120000000000000000e+02
2.532000000000000000e+03,-4.860000000000000000e+02,1.365000000000000000e+03,1.365000000000000000e+03,-1.642000000000000000e+03
2.155000000000000000e+03,-1.712000000000000000e+03,9.310000000000000000e+02,9.310000000000000000e+02,-4.300000000000000000e+02
3.426000000000000000e+03,6.920000000000000000e+02,-6.700000000000000000e+01,-6.700000000000000000e+01,1.071000000000000000e+03
3.082000000000000000e+03,4.314000000000000000e+03,1.960000000000000000e+02,1.960000000000000000e+02,1.365000000000000000e+03
7.870000000000000000e+02,4.659000000000000000e+03,9.950000000000000000e+02,9.950000000000000000e+02,9.310000000000000000e+02
1.549000000000000000e+03,1.871000000000000000e+03,-4.860000000000000000e+02,-4.860000000000000000e+02,-6.700000000000000000e+01
2.154000000000000000e+03,-2.600000000000000000e+02,-1.712000000000000000e+03,-1.712000000000000000e+03,1.960000000000000000e+02
-1.561000000000000000e+03,1.740000000000000000e+02,6.920000000000000000e+02,6.920000000000000000e+02,9.950000000000000000e+02
-3.866000000000000000e+03,1.136000000000000000e+03,4.314000000000000000e+03,4.314000000000000000e+03,-4.860000000000000000e+02
-2.367000000000000000e+03,8.280000000000000000e+02,4.659000000000000000e+03,4.659000000000000000e+03,-1.712000000000000000e+03
-1.003000000000000000e+03,9.350000000000000000e+02,1.871000000000000000e+03,1.871000000000000000e+03,6.920000000000000000e+02
2.090000000000000000e+02,1.777000000000000000e+03,-2.600000000000000000e+02,-2.600000000000000000e+02,4.314000000000000000e+03
1.834000000000000000e+03,1.442000000000000000e+03,1.740000000000000000e+02,1.740000000000000000e+02,4.659000000000000000e+03
1.807000000000000000e+03,1.960000000000000000e+02,1.136000000000000000e+03,1.136000000000000000e+03,1.871000000000000000e+03
1.569000000000000000e+03,-9.990000000000000000e+02,8.280000000000000000e+02,8.280000000000000000e+02,-2.600000000000000000e+02
3.198000000000000000e+03,-2.066000000000000000e+03,9.350000000000000000e+02,9.350000000000000000e+02,1.740000000000000000e+02
4.702000000000000000e+03,-1.862000000000000000e+03,1.777000000000000000e+03,1.777000000000000000e+03,1.136000000000000000e+03
4.705000000000000000e+03,1.101000000000000000e+03,1.442000000000000000e+03,1.442000000000000000e+03,8.280000000000000000e+02
3.360000000000000000e+03,5.268000000000000000e+03,1.960000000000000000e+02,1.960000000000000000e+02,9.350000000000000000e+02
2.254000000000000000e+03,5.174000000000000000e+03,-9.990000000000000000e+02,-9.990000000000000000e+02,1.777000000000000000e+03
1.722000000000000000e+03,1.582000000000000000e+03,-2.066000000000000000e+03,-2.066000000000000000e+03,1.442000000000000000e+03
-9.390000000000000000e+02,-7.000000000000000000e+01,-1.862000000000000000e+03,-1.862000000000000000e+03,1.960000000000000000e+02
-4.290000000000000000e+03,1.133000000000000000e+03,1.101000000000000000e+03,1.101000000000000000e+03,-9.990000000000000000e+02
-4.239000000000000000e+03,1.823000000000000000e+03,5.268000000000000000e+03,5.268000000000000000e+03,-2.066000000000000000e+03
-1.988000000000000000e+03,1.960000000000000000e+02,5.174000000000000000e+03,5.174000000000000000e+03,-1.862000000000000000e+03
-3.000000000000000000e+01,-6.820000000000000000e+02,1.582000000000000000e+03,1.582000000000000000e+03,1.101000000000000000e+03
1.931000000000000000e+03,1.742000000000000000e+03,-7.000000000000000000e+01,-7.000000000000000000e+01,5.268000000000000000e+03
2.991000000000000000e+03,3.283000000000000000e+03,1.133000000000000000e+03,1.133000000000000000e+03,5.174000000000000000e+03
1.612000000000000000e+03,4.290000000000000000e+02,1.823000000000000000e+03,1.823000000000000000e+03,1.582000000000000000e+03
9.030000000000000000e+02,-2.839000000000000000e+03,1.960000000000000000e+02,1.960000000000000000e+02,-7.000000000000000000e+01
3.084000000000000000e+03,-2.719000000000000000e+03,-6.820000000000000000e+02,-6.820000000000000000e+02,1.133000000000000000e+03
5.072000000000000000e+03,-9.200000000000000000e+02,1.742000000000000000e+03,1.742000000000000000e+03,1.823000000000000000e+03
4.330000000000000000e+03,1.583000000000000000e+03,3.283000000000000000e+03,3.283000000000000000e+03,1.960000000000000000e+02
2.739000000000000000e+03,4.085000000000000000e+03,4.290000000000000000e+02,4.290000000000000000e+02,-6.820000000000000000e+02
2.640000000000000000e+03,3.677000000000000000e+03,-2.839000000000000000e+03,-2.839000000000000000e+03,1.742000000000000000e+03
1.889000000000000000e+03,1.962000000000000000e+03,-2.719000000000000000e+03,-2.719000000000000000e+03,3.283000000000000000e+03
-1.285000000000000000e+03,1.890000000000000000e+03,-9.200000000000000000e+02,-9.200000000000000000e+02,4.290000000000000000e+02
-4.444000000000000000e+03,2.566000000000000000e+03,1.583000000000000000e+03,1.583000000000000000e+03,-2.839000000000000000e+03
-4.624000000000000000e+03,2.158000000000000000e+03,4.085000000000000000e+03,4.085000000000000000e+03,-2.719000000000000000e+03
-2.225000000000000000e+03,2.740000000000000000e+02,3.677000000000000000e+03,3.677000000000000000e+03,-9.200000000000000000e+02
1.540000000000000000e+02,-2.650000000000000000e+02,1.962000000000000000e+03,1.962000000000000000e+03,1.583000000000000000e+03
1.929000000000000000e+03,2.013000000000000000e+03,1.890000000000000000e+03,1.890000000000000000e+03,4.085000000000000000e+03
2.528000000000000000e+03,2.238000000000000000e+03,2.566000000000000000e+03,2.566000000000000000e+03,3.677000000000000000e+03
2.162000000000000000e+03,-1.531000000000000000e+03,2.158000000000000000e+03,2.158000000000000000e+03,1.962000000000000000e+03
2.937000000000000000e+03,-3.841000000000000000e+03,2.740000000000000000e+02,2.740000000000000000e+02,1.890000000000000000e+03
4.750000000000000000e+03,-2.564000000000000000e+03,-2.650000000000000000e+02,-2.650000000000000000e+02,2.566000000000000000e+03
4.993000000000000000e+03,-1.180000000000000000e+02,2.013000000000000000e+03,2.013000000000000000e+03,2.158000000000000000e+03
3.106000000000000000e+03,2.417000000000000000e+03,2.238000000000000000e+03,2.238000000000000000e+03,2.740000000000000000e+02
1.276000000000000000e+03,3.717000000000000000e+03,-1.531000000000000000e+03,-1.531000000000000000e+03,-2.650000000000000000e+02
1.218000000000000000e+03,3.072000000000000000e+03,-3.841000000000000000e+03,-3.841000000000000000e+03,2.013000000000000000e+03
6.130000000000000000e+02,2.570000000000000000e+03,-2.564000000000000000e+03,-2.564000000000000000e+03,2.238000000000000000e+03
-2.193000000000000000e+03,2.483000000000000000e+03,-1.180000000000000000e+02,-1.180000000000000000e+02,-1.531000000000000000e+03
-4.274000000000000000e+03,2.339000000000000000e+03,2.417000000000000000e+03,2.417000000000000000e+03,-3.841000000000000000e+03
-3.017000000000000000e+03,1.785000000000000000e+03,3.717000000000000000e+03,3.717000000000000000e+03,-2.564000000000000000e+03
-1.010000000000000000e+02,6.290000000000000000e+02,3.072000000000000000e+03,3.072000000000000000e+03,-1.180000000000000000e+02
1.617000000000000000e+03,1.856000000000000000e+03,2.570000000000000000e+03,2.570000000000000000e+03,2.417000000000000000e+03
2.165000000000000000e+03,3.420000000000000000e+03,2.483000000000000000e+03,2.483000000000000000e+03,3.717000000000000000e+03
2.626000000000000000e+03,-1.540000000000000000e+02,2.339000000000000000e+03,2.339000000000000000e+03,3.072000000000000000e+03
2.284000000000000000e+03,-4.232000000000000000e+03,1.785000000000000000e+03,1.785000000000000000e+03,2.570000000000000000e+03
2.513000000000000000e+03,-3.105000000000000000e+03,6.290000000000000000e+02,6.290000000000000000e+02,2.483000000000000000e+03
3.867000000000000000e+03,-1.211000000000000000e+03,1.856000000000000000e+03,1.856000000000000000e+03,2.339000000000000000e+03
3.796000000000000000e+03,-6.100000000000000000e+02,3.420000000000000000e+03,3.420000000000000000e+03,1.785000000000000000e+03
1.907000000000000000e+03,1.542000000000000000e+03,-1.540000000000000000e+02,-1.540000000000000000e+02,6.290000000000000000e+02
6.330000000000000000e+02,3.749000000000000000e+03,-4.232000000000000000e+03,-4.232000000000000000e+03,1.856000000000000000e+03
7.790000000000000000e+02,3.695000000000000000e+03,-3.105000000000000000e+03,-3.105000000000000000e+03,3.420000000000000000e+03
1.760000000000000000e+02,2.532000000000000000e+03,-1.211000000000000000e+03,-1.211000000000000000e+03,-1.540000000000000000e+02
-2.374000000000000000e+03,2.155000000000000000e+03,-6.100000000000000000e+02,-6.100000000000000000e+02,-4.232000000000000000e+03
-3.377000000000000000e+03,3.426000000000000000e+03,1.542000000000000000e+03,1.542000000000000000e+03,-3.105000000000000000e+03
-2.980000000000000000e+02,3.082000000000000000e+03,3.749000000000000000e+03,3.749000000000000000e+03,-1.211000000000000000e+03
2.772000000000000000e+03,7.870000000000000000e+02,3.695000000000000000e+03,3.695000000000000000e+03,-6.100000000000000000e+02
1.932000000000000000e+03,1.549000000000000000e+03,2.532000000000000000e+03,2.532000000000000000e+03,1.542000000000000000e+03
6.680000000000000000e+02,2.154000000000000000e+03,2.155000000000000000e+03,2.155000000000000000e+03,3.749000000000000000e+03
1.551000000000000000e+03,-1.561000000000000000e+03,3.426000000000000000e+03,3.426000000000000000e+03,3.695000000000000000e+03
2.162000000000000000e+03,-3.866000000000000000e+03,3.082000000000000000e+03,3.082000000000000000e+03,2.532000000000000000e+03
2.054000000000000000e+03,-2.367000000000000000e+03,7.870000000000000000e+02,7.870000000000000000e+02,2.155000000000000000e+03
1.961000000000000000e+03,-1.003000000000000000e+03,1.549000000000000000e+03,1.549000000000000000e+03,3.426000000000000000e+03
2.018000000000000000e+03,2.090000000000000000e+02,2.154000000000000000e+03,2.154000000000000000e+03,3.082000000000000000e+03
2.447000000000000000e+03,1.834000000000000000e+03,-1.561000000000000000e+03,-1.561000000000000000e+03,7.870000000000000000e+02
2.092000000000000000e+03,1.807000000000000000e+03,-3.866000000000000000e+03,-3.866000000000000000e+03,1.549000000000000000e+03
1.198000000000000000e+03,1.569000000000000000e+03,-2.367000000000000000e+03,-2.367000000000000000e+03,2.154000000000000000e+03
5.030000000000000000e+02,3.198000000000000000e+03,-1.003000000000000000e+03,-1.003000000000000000e+03,-1.561000000000000000e+03
-1.297000000000000000e+03,4.702000000000000000e+03,2.090000000000000000e+02,2.090000000000000000e+02,-3.866000000000000000e+03
-2.689000000000000000e+03,4.705000000000000000e+03,1.834000000000000000e+03,1.834000000000000000e+03,-2.367000000000000000e+03
-3.690000000000000000e+02,3.360000000000000000e+03,1.807000000000000000e+03,1.807000000000000000e+03,-1.003000000000000000e+03
2.535000000000000000e+03,2.254000000000000000e+03,1.569000000000000000e+03,1.569000000000000000e+03,2.090000000000000000e+02
1.767000000000000000e+03,1.722000000000000000e+03,3.198000000000000000e+03,3.198000000000000000e+03,1.834000000000000000e+03
7.600000000000000000e+01,-9.390000000000000000e+02,4.702000000000000000e+03,4.702000000000000000e+03,1.807000000000000000e+03
6.640000000000000000e+02,-4.290000000000000000e+03,4.705000000000000000e+03,4.705000000000000000e+03,1.569000000000000000e+03
2.607000000000000000e+03,-4.239000000000000000e+03,3.360000000000000000e+03,3.360000000000000000e+03,3.198000000000000000e+03
3.186000000000000000e+03,-1.988000000000000000e+03,2.254000000000000000e+03,2.254000000000000000e+03,4.702000000000000000e+03
1.019000000000000000e+03,-3.000000000000000000e+01,1.722000000000000000e+03,1.722000000000000000e+03,4.705000000000000000e+03
6.300000000000000000e+01,1.931000000000000000e+03,-9.390000000000000000e+02,-9.390000000000000000e+02,3.360000000000000000e+03
1.995000000000000000e+03,2.991000000000000000e+03,-4.290000000000000000e+03,-4.290000000000000000e+03,2.254000000000000000e+03
2.731000000000000000e+03,1.612000000000000000e+03,-4.239000000000000000e+03,-4.239000000000000000e+03,1.722000000000000000e+03
2.127000000000000000e+03,9.030000000000000000e+02,-1.988000000000000000e+03,-1.988000000000000000e+03,-9.390000000000000000e+02
2.130000000000000000e+03,3.084000000000000000e+03,-3.000000000000000000e+01,-3.000000000000000000e+01,-4.290000000000000000e+03
7.140000000000000000e+02,5.072000000000000000e+03,1.931000000000000000e+03,1.931000000000000000e+03,-4.239000000000000000e+03
-1.439000000000000000e+03,4.330000000000000000e+03,2.991000000000000000e+03,2.991000000000000000e+03,-1.988000000000000000e+03
-1.173000000000000000e+03,2.739000000000000000e+03,1.612000000000000000e+03,1.612000000000000000e+03,-3.000000000000000000e+01
-4.200000000000000000e+02,2.640000000000000000e+03,9.030000000000000000e+02,9.030000000000000000e+02,1.931000000000000000e+03
-1.105000000000000000e+03,1.889000000000000000e+03,3.084000000000000000e+03,3.084000000000000000e+03,2.991000000000000000e+03
-5.590000000000000000e+02,-1.285000000000000000e+03,5.072000000000000000e+03,5.072000000000000000e+03,1.612000000000000000e+03
1.671000000000000000e+03,-4.444000000000000000e+03,4.330000000000000000e+03,4.330000000000000000e+03,9.030000000000000000e+02
3.923000000000000000e+03,-4.624000000000000000e+03,2.739000000000000000e+03,2.739000000000000000e+03,3.084000000000000000e+03
4.263000000000000000e+03,-2.225000000000000000e+03,2.640000000000000000e+03,2.640000000000000000e+03,5.072000000000000000e+03
2.230000000000000000e+03,1.540000000000000000e+02,1.889000000000000000e+03,1.889000000000000000e+03,4.330000000000000000e+03
1.056000000000000000e+03,1.929000000000000000e+03,-1.285000000000000000e+03,-1.285000000000000000e+03,2.739000000000000000e+03
1.198000000000000000e+03,2.528000000000000000e+03,-4.444000000000000000e+03,-4.444000000000000000e+03,2.640000000000000000e+03
1.180000000000000000e+03,2.162000000000000000e+03,-4.624000000000000000e+03,-4.624000000000000000e+03,1.889000000000000000e+03
2.179000000000000000e+03,2.937000000000000000e+03,-2.225000000000000000e+03,-2.225000000000000000e+03,-1.285000000000000000e+03
2.315000000000000000e+03,4.750000000000000000e+03,1.540000000000000000e+02,1.540000000000000000e+02,-4.444000000000000000e+03
2.600000000000000000e+01,4.993000000000000000e+03,1.929000000000000000e+03,1.929000000000000000e+03,-4.624000000000000000e+03
-1.153000000000000000e+03,3.106000000000000000e+03,2.528000000000000000e+03,2.528000000000000000e+03,-2.225000000000000000e+03
-5.270000000000000000e+02,1.276000000000000000e+03,2.162000000000000000e+03,2.162000000000000000e+03,1.540000000000000000e+02
-1.233000000000000000e+03,1.218000000000000000e+03,2.937000000000000000e+03,2.937000000000000000e+03,1.929000000000000000e+03
-2.149000000000000000e+03,6.130000000000000000e+02,4.750000000000000000e+03,4.750000000000000000e+03,2.528000000000000000e+03
-3.390000000000000000e+02,-2.193000000000000000e+03,4.993000000000000000e+03,4.993000000000000000e+03,2.162000000000000000e+03
2.748000000000000000e+03,-4.274000000000000000e+03,3.106000000000000000e+03,3.106000000000000000e+03,2.937000000000000000e+03
4.432000000000000000e+03,-3.017000000000000000e+03,1.276000000000000000e+03,1.276000000000000000e+03,4.750000000000000000e+03
3.901000000000000000e+03,-1.010000000000000000e+02,1.218000000000000000e+03,1.218000000000000000e+03,4.993000000000000000e+03
3.067000000000000000e+03,1.617000000000000000e+03,6.130000000000000000e+02,6.130000000000000000e+02,3.106000000000000000e+03
2.799000000000000000e+03,2.165000000000000000e+03,-2.193000000000000000e+03,-2.193000000000000000e+03,1.276000000000000000e+03
1.170000000000000000e+03,2.626000000000000000e+03,-4.274000000000000000e+03,-4.274000000000000000e+03,1.218000000000000000e+03
2.600000000000000000e+02,2.284000000000000000e+03,-3.017000000000000000e+03,-3.017000000000000000e+03,6.130000000000000000e+02
1.331000000000000000e+03,2.513000000000000000e+03,-1.010000000000000000e+02,-1.010000000000000000e+02,-2.193000000000000000e+03
4.600000000000000000e+02,3.867000000000000000e+03,1.617000000000000000e+03,1.617000000000000000e+03,-4.274000000000000000e+03
-1.503000000000000000e+03,3.796000000000000000e+03,2.165000000000000000e+03,2.165000000000000000e+03,-3.017000000000000000e+03
-7.300000000000000000e+02,1.907000000000000000e+03,2.626000000000000000e+03,2.626000000000000000e+03,-1.010000000000000000e+02
3.460000000000000000e+02,6.330000000000000000e+02,2.284000000000000000e+03,2.284000000000000000e+03,1.617000000000000000e+03
-8.440000000000000000e+02,7.790000000000000000e+02,2.513000000000000000e+03,2.513000000000000000e+03,2.165000000000000000e+03
-1.449000000000000000e+03,1.760000000000000000e+02,3.867000000000000000e+03,3.867000000000000000e+03,2.626000000000000000e+03
3.520000000000000000e+02,-2.374000000000000000e+03,3.796000000000000000e+03,3.796000000000000000e+03,2.284000000000000000e+03
3.051000000000000000e+03,-3.377000000000000000e+03,1.907000000000000000e+03,1.907000000000000000e+03,2.513000000000000000e+03
4.316000000000000000e+03,-2.980000000000000000e+02,6.330000000000000000e+02,6.330000000000000000e+02,3.867000000000000000e+03
3.944000000000000000e+03,2.772000000000000000e+03,7.790000000000000000e+02,7.790000000000000000e+02,3.796000000000000000e+03
4.088000000000000000e+03,1.932000000000000000e+03,1.760000000000000000e+02,1.760000000000000000e+02,1.907000000000000000e+03
3.314000000000000000e+03,6.680000000000000000e+02,-2.374000000000000000e+03,-2.374000000000000000e+03,6.330000000000000000e+02
7.940000000000000000e+02,1.551000000000000000e+03,-3.377000000000000000e+03,-3.377000000000000000e+03,7.790000000000000000e+02
-2.500000000000000000e+02,2.162000000000000000e+03,-2.980000000000000000e+02,-2.980000000000000000e+02,1.760000000000000000e+02
-2.670000000000000000e+02,2.054000000000000000e+03,2.772000000000000000e+03,2.772000000000000000e+03,-2.374000000000000000e+03
-1.398000000000000000e+03,1.961000000000000000e+03,1.932000000000000000e+03,1.932000000000000000e+03,-3.377000000000000000e+03
-1.152000000000000000e+03,2.018000000000000000e+03,6.680000000000000000e+02,6.680000000000000000e+02,-2.980000000000000000e+02
4.880000000000000000e+02,2.447000000000000000e+03,1.551000000000000000e+03,1.551000000000000000e+03,2.772000000000000000e+03
5.640000000000000000e+02,2.092000000000000000e+03,2.162000000000000000e+03,2.162000000000000000e+03,1.932000000000000000e+03
-6.400000000000000000e+02,1.198000000000000000e+03,2.054000000000000000e+03,2.054000000000000000e+03,6.680000000000000000e+02
-1.244000000000000000e+03,5.030000000000000000e+02,1.961000000000000000e+03,1.961000000000000000e+03,1.551000000000000000e+03
6.400000000000000000e+01,-1.297000000000000000e+03,2.018000000000000000e+03,2.018000000000000000e+03,2.162000000000000000e+03
3.199000000000000000e+03,-2.689000000000000000e+03,2.447000000000000000e+03,2.447000000000000000e+03,2.054000000000000000e+03
5.156000000000000000e+03,-3.690000000000000000e+02,2.092000000000000000e+03,2.092000000000000000e+03,1.961000000000000000e+03
4.902000000000000000e+03,2.535000000000000000e+03,1.198000000000000000e+03,1.198000000000000000e+03,2.018000000000000000e+03
3.832000000000000000e+03,1.767000000000000000e+03,5.030000000000000000e+02,5.030000000000000000e+02,2.447000000000000000e+03
2.249000000000000000e+03,7.600000000000000000e+01,-1.297000000000000000e+03,-1.297000000000000000e+03,2.092000000000000000e+03
1.000000000000000000e+03,6.640000000000000000e+02,-2.689000000000000000e+03,-2.689000000000000000e+03,1.198000000000000000e+03
2.010000000000000000e+02,2.607000000000000000e+03,-3.690000000000000000e+02,-3.690000000000000000e+02,5.030000000000000000e+02
-1.788000000000000000e+03,3.186000000000000000e+03,2.535000000000000000e+03,2.535000000000000000e+03,-1.297000000000000000e+03
-2.562000000000000000e+03,1.019000000000000000e+03,1.767000000000000000e+03,1.767000000000000000e+03,-2.689000000000000000e+03
-1.420000000000000000e+02,6.300000000000000000e+01,7.600000000000000000e+01,7.600000000000000000e+01,-3.690000000000000000e+02
1.394000000000000000e+03,1.995000000000000000e+03,6.640000000000000000e+02,6.640000000000000000e+02,2.535000000000000000e+03
5.950000000000000000e+02,2.731000000000000000e+03,2.607000000000000000e+03,2.607000000000000000e+03,1.767000000000000000e+03
2.270000000000000000e+02,2.127000000000000000e+03,3.186000000000000000e+03,3.186000000000000000e+03,7.600000000000000000e+01
-1.500000000000000000e+01,2.130000000000000000e+03,1.019000000000000000e+03,1.019000000000000000e+03,6.640000000000000000e+02
-1.710000000000000000e+02,7.140000000000000000e+02,6.300000000000000000e+01,6.300000000000000000e+01,2.607000000000000000e+03
1.332000000000000000e+03,-1.439000000000000000e+03,1.995000000000000000e+03,1.995000000000000000e+03,3.186000000000000000e+03
3.285000000000000000e+03,-1.173000000000000000e+03,2.731000000000000000e+03,2.731000000000000000e+03,1.019000000000000000e+03
4.133000000000000000e+03,-4.200000000000000000e+02,2.127000000000000000e+03,2.127000000000000000e+03,6.300000000000000000e+01
4.230000000000000000e+03,-1.105000000000000000e+03,2.130000000000000000e+03,2.130000000000000000e+03,1.995000000000000000e+03
4.083000000000000000e+03,-5.590000000000000000e+02,7.140000000000000000e+02,7.140000000000000000e+02,2.731000000000000000e+03
3.259000000000000000e+03,1.671000000000000000e+03,-1.439000000000000000e+03,-1.439000000000000000e+03,2.127000000000000000e+03
4.150000000000000000e+02,3.923000000000000000e+03,-1.173000000000000000e+03,-1.173000000000000000e+03,2.130000000000000000e+03
-3.116000000000000000e+03,4.263000000000000000e+03,-4.200000000000000000e+02,-4.200000000000000000e+02,7.140000000000000000e+02
-3.095000000000000000e+03,2.230000000000000000e+03,-1.105000000000000000e+03,-1.105000000000000000e+03,-1.439000000000000000e+03
-4.210000000000000000e+02,1.056000000000000000e+03,-5.590000000000000000e+02,-5.590000000000000000e+02,-1.173000000000000000e+03
5.070000000000000000e+02,1.198000000000000000e+03,1.671000000000000000e+03,1.671000000000000000e+03,-4.200000000000000000e+02
1.870000000000000000e+02,1.180000000000000000e+03,3.923000000000000000e+03,3.923000000000000000e+03,-1.105000000000000000e+03
5.640000000000000000e+02,2.179000000000000000e+03,4.263000000000000000e+03,4.263000000000000000e+03,-5.590000000000000000e+02
8.580000000000000000e+02,2.315000000000000000e+03,2.230000000000000000e+03,2.230000000000000000e+03,1.671000000000000000e+03
1.218000000000000000e+03,2.600000000000000000e+01,1.056000000000000000e+03,1.056000000000000000e+03,3.923000000000000000e+03
2.243000000000000000e+03,-1.153000000000000000e+03,1.198000000000000000e+03,1.198000000000000000e+03,4.263000000000000000e+03
2.866000000000000000e+03,-5.270000000000000000e+02,1.180000000000000000e+03,1.180000000000000000e+03,2.230000000000000000e+03
2.958000000000000000e+03,-1.233000000000000000e+03,2.179000000000000000e+03,2.179000000000000000e+03,1.056000000000000000e+03
3.342000000000000000e+03,-2.149000000000000000e+03,2.315000000000000000e+03,2.315000000000000000e+03,1.198000000000000000e+03
3.483000000000000000e+03,-3.390000000000000000e+02,2.600000000000000000e+01,2.600000000000000000e+01,1.180000000000000000e+03
2.383000000000000000e+03,2.748000000000000000e+03,-1.153000000000000000e+03,-1.153000000000000000e+03,2.179000000000000000e+03
3.290000000000000000e+02,4.432000000000000000e+03,-5.270000000000000000e+02,-5.270000000000000000e+02,2.315000000000000000e+03
-1.103000000000000000e+03,3.901000000000000000e+03,-1.233000000000000000e+03,-1.233000000000000000e+03,2.600000000000000000e+01
-1.043000000000000000e+03,3.067000000000000000e+03,-2.149000000000000000e+03,-2.149000000000000000e+03,-1.153000000000000000e+03
-9.780000000000000000e+02,2.799000000000000000e+03,-3.390000000000000000e+02,-3.390000000000000000e+02,-5.270000000000000000e+02
-9.840000000000000000e+02,1.170000000000000000e+03,2.748000000000000000e+03,2.748000000000000000e+03,-1.233000000000000000e+03
-6.780000000000000000e+02,2.600000000000000000e+02,4.432000000000000000e+03,4.432000000000000000e+03,-2.149000000000000000e+03
-7.050000000000000000e+02,1.331000000000000000e+03,3.901000000000000000e+03,3.901000000000000000e+03,-3.390000000000000000e+02
4.610000000000000000e+02,4.600000000000000000e+02,3.067000000000000000e+03,3.067000000000000000e+03,2.748000000000000000e+03
3.593000000000000000e+03,-1.503000000000000000e+03,2.799000000000000000e+03,2.799000000000000000e+03,4.432000000000000000e+03
5.111000000000000000e+03,-7.300000000000000000e+02,1.170000000000000000e+03,1.170000000000000000e+03,3.901000000000000000e+03
3.483000000000000000e+03,3.460000000000000000e+02,2.600000000000000000e+02,2.600000000000000000e+02,3.067000000000000000e+03
1.764000000000000000e+03,-8.440000000000000000e+02,1.331000000000000000e+03,1.331000000000000000e+03,2.799000000000000000e+03
1.891000000000000000e+03,-1.449000000000000000e+03,4.600000000000000000e+02,4.600000000000000000e+02,1.170000000000000000e+03
1.974000000000000000e+03,3.520000000000000000e+02,-1.503000000000000000e+03,-1.503000000000000000e+03,2.600000000000000000e+02
1.002000000000000000e+03,3.051000000000000000e+03,-7.300000000000000000e+02,-7.300000000000000000e+02,1.331000000000000000e+03
2.730000000000000000e+02,4.316000000000000000e+03,3.460000000000000000e+02,3.460000000000000000e+02,4.600000000000000000e+02
8.480000000000000000e+02,3.944000000000000000e+03,-8.440000000000000000e+02,-8.440000000000000000e+02,-1.503000000000000000e+03
8.400000000000000000e+02,4.088000000000000000e+03,-1.449000000000000000e+03,-1.449000000000000000e+03,-7.300000000000000000e+02
-1.197000000000000000e+03,3.314000000000000000e+03,3.520000000000000000e+02,3.520000000000000000e+02,3.460000000000000000e+02
-2.325000000000000000e+03,7.940000000000000000e+02,3.051000000000000000e+03,3.051000000000000000e+03,-8.440000000000000000e+02
-1.950000000000000000e+03,-2.500000000000000000e+02,4.316000000000000000e+03,4.316000000000000000e+03,-1.449000000000000000e+03
-1.468000000000000000e+03,-2.670000000000000000e+02,3.944000000000000000e+03,3.944000000000000000e+03,3.520000000000000000e+02
1.435000000000000000e+03,-1.398000000000000000e+03,4.088000000000000000e+03,4.088000000000000000e+03,3.051000000000000000e+03
5.402000000000000000e+03,-1.152000000000000000e+03,3.314000000000000000e+03,3.314000000000000000e+03,4.316000000000000000e+03
5.357000000000000000e+03,4.880000000000000000e+02,7.940000000000000000e+02,7.940000000000000000e+02,3.944000000000000000e+03
2.823000000000000000e+03,5.640000000000000000e+02,-2.500000000000000000e+02,-2.500000000000000000e+02,4.088000000000000000e+03
2.143000000000000000e+03,-6.400000000000000000e+02,-2.670000000000000000e+02,-2.670000000000000000e+02,3.314000000000000000e+03
2.422000000000000000e+03,-1.244000000000000000e+03,-1.398000000000000000e+03,-1.398000000000000000e+03,7.940000000000000000e+02
1.788000000000000000e+03,6.400000000000000000e+01,-1.152000000000000000e+03,-1.152000000000000000e+03,-2.500000000000000000e+02
8.050000000000000000e+02,3.199000000000000000e+03,4.880000000000000000e+02,4.880000000000000000e+02,-2.670000000000000000e+02
5.870000000000000000e+02,5.156000000000000000e+03,5.640000000000000000e+02,5.640000000000000000e+02,-1.398000000000000000e+03
6.200000000000000000e+02,4.902000000000000000e+03,-6.400000000000000000e+02,-6.400000000000000000e+02,-1.152000000000000000e+03
-8.770000000000000000e+02,3.832000000000000000e+03,-1.244000000000000000e+03,-1.244000000000000000e+03,4.880000000000000000e+02
-2.576000000000000000e+03,2.249000000000000000e+03,6.400000000000000000e+01,6.400000000000000000e+01,5.640000000000000000e+02
-2.104000000000000000e+03,1.000000000000000000e+03,3.199000000000000000e+03,3.199000000000000000e+03,-6.400000000000000000e+02
-1.056000000000000000e+03,2.010000000000000000e+02,5.156000000000000000e+03,5.156000000000000000e+03,-1.244000000000000000e+03
-3.590000000000000000e+02,-1.788000000000000000e+03,4.902000000000000000e+03,4.902000000000000000e+03,6.400000000000000000e+01
2.040000000000000000e+03,-2.562000000000000000e+03,3.832000000000000000e+03,3.832000000000000000e+03,3.199000000000000000e+03
4.580000000000000000e+03,-1.420000000000000000e+02,2.249000000000000000e+03,2.249000000000000000e+03,5.156000000000000000e+03
4.283000000000000000e+03,1.394000000000000000e+03,1.000000000000000000e+03,1.000000000000000000e+03,4.902000000000000000e+03
3.317000000000000000e+03,5.950000000000000000e+02,2.010000000000000000e+02,2.010000000000000000e+02,3.832000000000000000e+03
4.124000000000000000e+03,2.270000000000000000e+02,-1.788000000000000000e+03,-1.788000000000000000e+03,2.249000000000000000e+03
4.522000000000000000e+03,-1.500000000000000000e+01,-2.562000000000000000e+03,-2.562000000000000000e+03,1.000000000000000000e+03
1.925000000000000000e+03,-1.710000000000000000e+02,-1.420000000000000000e+02,-1.420000000000000000e+02,2.010000000000000000e+02
-9.840000000000000000e+02,1.332000000000000000e+03,1.394000000000000000e+03,1.394000000000000000e+03,-1.788000000000000000e+03
-9.090000000000000000e+02,3.285000000000000000e+03,5.950000000000000000e+02,5.950000000000000000e+02,-2.562000000000000000e+03
-2.860000000000000000e+02,4.133000000000000000e+03,2.270000000000000000e+02,2.270000000000000000e+02,-1.420000000000000000e+02
-1.671000000000000000e+03,4.230000000000000000e+03,-1.500000000000000000e+01,-1.500000000000000000e+01,1.394000000000000000e+03
-2.729000000000000000e+03,4.083000000000000000e+03,-1.710000000000000000e+02,-1.710000000000000000e+02,5.950000000000000000e+02
-2.229000000000000000e+03,3.259000000000000000e+03,1.332000000000000000e+03,1.332000000000000000e+03,2.270000000000000000e+02
-9.470000000000000000e+02,4.150000000000000000e+02,3.285000000000000000e+03,3.285000000000000000e+03,-1.500000000000000000e+01
8.570000000000000000e+02,-3.116000000000000000e+03,4.133000000000000000e+03,4.133000000000000000e+03,-1.710000000000000000e+02
2.743000000000000000e+03,-3.095000000000000000e+03,4.230000000000000000e+03,4.230000000000000000e+03,1.332000000000000000e+03
4.313000000000000000e+03,-4.210000000000000000e+02,4.083000000000000000e+03,4.083000000000000000e+03,3.285000000000000000e+03
5.077000000000000000e+03,5.070000000000000000e+02,3.259000000000000000e+03,3.259000000000000000e+03,4.133000000000000000e+03
5.101000000000000000e+03,1.870000000000000000e+02,4.150000000000000000e+02,4.150000000000000000e+02,4.230000000000000000e+03
4.686000000000000000e+03,5.640000000000000000e+02,-3.116000000000000000e+03,-3.116000000000000000e+03,4.083000000000000000e+03
3.188000000000000000e+03,8.580000000000000000e+02,-3.095000000000000000e+03,-3.095000000000000000e+03,3.259000000000000000e+03
5.060000000000000000e+02,1.218000000000000000e+03,-4.210000000000000000e+02,-4.210000000000000000e+02,4.150000000000000000e+02
-1.302000000000000000e+03,2.243000000000000000e+03,5.070000000000000000e+02,5.070000000000000000e+02,-3.116000000000000000e+03
-1.250000000000000000e+03,2.866000000000000000e+03,1.870000000000000000e+02,1.870000000000000000e+02,-3.095000000000000000e+03
-1.145000000000000000e+03,2.958000000000000000e+03,5.640000000000000000e+02,5.640000000000000000e+02,-4.210000000000000000e+02
-1.294000000000000000e+03,3.342000000000000000e+03,8.580000000000000000e+02,8.580000000000000000e+02,5.070000000000000000e+02
-1.789000000000000000e+03,3.483000000000000000e+03,1.218000000000000000e+03,1.218000000000000000e+03,1.870000000000000000e+02
-3.113000000000000000e+03,2.383000000000000000e+03,2.243000000000000000e+03,2.243000000000000000e+03,5.640000000000000000e+02
-1.939000000000000000e+03,3.290000000000000000e+02,2.866000000000000000e+03,2.866000000000000000e+03,8.580000000000000000e+02
1.967000000000000000e+03,-1.103000000000000000e+03,2.958000000000000000e+03,2.958000000000000000e+03,1.218000000000000000e+03
4.196000000000000000e+03,-1.043000000000000000e+03,3.342000000000000000e+03,3.342000000000000000e+03,2.243000000000000000e+03
4.224000000000000000e+03,-9.780000000000000000e+02,3.483000000000000000e+03,3.483000000000000000e+03,2.866000000000000000e+03
4.738000000000000000e+03,-9.840000000000000000e+02,2.383000000000000000e+03,2.383000000000000000e+03,2.958000000000000000e+03
5.843000000000000000e+03,-6.780000000000000000e+02,3.290000000000000000e+02,3.290000000000000000e+02,3.342000000000000000e+03
5.336000000000000000e+03,-7.050000000000000000e+02,-1.103000000000000000e+03,-1.103000000000000000e+03,3.483000000000000000e+03
2.618000000000000000e+03,4.610000000000000000e+02,-1.043000000000000000e+03,-1.043000000000000000e+03,2.383000000000000000e+03
-2.420000000000000000e+02,3.593000000000000000e+03,-9.780000000000000000e+02,-9.780000000000000000e+02,3.290000000000000000e+02
-1.089000000000000000e+03,5.111000000000000000e+03,-9.840000000000000000e+02,-9.840000000000000000e+02,-1.103000000000000000e+03
-1.656000000000000000e+03,3.483000000000000000e+03,-6.780000000000000000e+02,-6.780000000000000000e+02,-1.043000000000000000e+03
-2.778000000000000000e+03,1.764000000000000000e+03,-7.050000000000000000e+02,-7.050000000000000000e+02,-9.780000000000000000e+02
-2.124000000000000000e+03,1.891000000000000000e+03,4.610000000000000000e+02,4.610000000000000000e+02,-9.840000000000000000e+02
-1.430000000000000000e+03,1.974000000000000000e+03,3.593000000000000000e+03,3.593000000000000000e+03,-6.780000000000000000e+02
-2.082000000000000000e+03,1.002000000000000000e+03,5.111000000000000000e+03,5.111000000000000000e+03,-7.050000000000000000e+02
-6.260000000000000000e+02,2.730000000000000000e+02,3.483000000000000000e+03,3.483000000000000000e+03,4.610000000000000000e+02
2.708000000000000000e+03,8.480000000000000000e+02,1.764000000000000000e+03,1.764000000000000000e+03,3.593000000000000000e+03
4.149000000000000000e+03,8.400000000000000000e+02,1.891000000000000000e+03,1.891000000000000000e+03,5.111000000000000000e+03
3.967000000000000000e+03,-1.197000000000000000e+03,1.974000000000000000e+03,1.974000000000000000e+03,3.483000000000000000e+03
4.949000000000000000e+03,-2.325000000000000000e+03,1.002000000000000000e+03,1.002000000000000000e+03,1.764000000000000000e+03
6.304000000000000000e+03,-1.950000000000000000e+03,2.730000000000000000e+02,2.730000000000000000e+02,1.891000000000000000e+03
5.225000000000000000e+03,-1.468000000000000000e+03,8.480000000000000000e+02,8.480000000000000000e+02,1.974000000000000000e+03
1.790000000000000000e+03,1.435000000000000000e+03,8.400000000000000000e+02,8.400000000000000000e+02,1.002000000000000000e+03
-7.800000000000000000e+02,5.402000000000000000e+03,-1.197000000000000000e+03,-1.197000000000000000e+03,2.730000000000000000e+02
-1.437000000000000000e+03,5.357000000000000000e+03,-2.325000000000000000e+03,-2.325000000000000000e+03,8.480000000000000000e+02
-2.653000000000000000e+03,2.823000000000000000e+03,-1.950000000000000000e+03,-1.950000000000000000e+03,8.400000000000000000e+02
-3.761000000000000000e+03,2.143000000000000000e+03,-1.468000000000000000e+03,-1.468000000000000000e+03,-1.197000000000000000e+03
-2.863000000000000000e+03,2.422000000000000000e+03,1.435000000000000000e+03,1.435000000000000000e+03,-2.325000000000000000e+03
-1.452000000000000000e+03,1.788000000000000000e+03,5.402000000000000000e+03,5.402000000000000000e+03,-1.950000000000000000e+03
-3.950000000000000000e+02,8.050000000000000000e+02,5.357000000000000000e+03,5.357000000000000000e+03,-1.468000000000000000e+03
1.639000000000000000e+03,5.870000000000000000e+02,2.823000000000000000e+03,2.823000000000000000e+03,1.435000000000000000e+03
4.109000000000000000e+03,6.200000000000000000e+02,2.143000000000000000e+03,2.143000000000000000e+03,5.402000000000000000e+03
4.979000000000000000e+03,-8.770000000000000000e+02,2.422000000000000000e+03,2.422000000000000000e+03,5.357000000000000000e+03
4.647000000000000000e+03,-2.576000000000000000e+03,1.788000000000000000e+03,1.788000000000000000e+03,2.823000000000000000e+03
4.835000000000000000e+03,-2.104000000000000000e+03,8.050000000000000000e+02,8.050000000000000000e+02,2.143000000000000000e+03
5.093000000000000000e+03,-1.056000000000000000e+03,5.870000000000000000e+02,5.870000000000000000e+02,2.422000000000000000e+03
3.065000000000000000e+03,-3.590000000000000000e+02,6.200000000000000000e+02,6.200000000000000000e+02,1.788000000000000000e+03
-6.860000000000000000e+02,2.040000000000000000e+03,-8.770000000000000000e+02,-8.770000000000000000e+02,8.050000000000000000e+02
-2.195000000000000000e+03,4.580000000000000000e+03,-2.576000000000000000e+03,-2.576000000000000000e+03,5.870000000000000000e+02
-1.638000000000000000e+03,4.283000000000000000e+03,-2.104000000000000000e+03,-2.104000000000000000e+03,6.200000000000000000e+02
-1.917000000000000000e+03,3.317000000000000000e+03,-1.056000000000000000e+03,-1.056000000000000000e+03,-8.770000000000000000e+02
-2.710000000000000000e+03,4.124000000000000000e+03,-3.590000000000000000e+02,-3.590000000000000000e+02,-2.576000000000000000e+03
-2.268000000000000000e+03,4.522000000000000000e+03,2.040000000000000000e+03,2.040000000000000000e+03,-2.104000000000000000e+03
-4.280000000000000000e+02,1.925000000000000000e+03,4.580000000000000000e+03,4.580000000000000000e+03,-1.056000000000000000e+03
1.765000000000000000e+03,-9.840000000000000000e+02,4.283000000000000000e+03,4.283000000000000000e+03,-3.590000000000000000e+02
3.268000000000000000e+03,-9.090000000000000000e+02,3.317000000000000000e+03,3.317000000000000000e+03,2.040000000000000000e+03
3.907000000000000000e+03,-2.860000000000000000e+02,4.124000000000000000e+03,4.124000000000000000e+03,4.580000000000000000e+03
4.581000000000000000e+03,-1.671000000000000000e+03,4.522000000000000000e+03,4.522000000000000000e+03,4.283000000000000000e+03
4.647000000000000000e+03,-2.729000000000000000e+03,1.925000000000000000e+03,1.925000000000000000e+03,3.317000000000000000e+03
3.628000000000000000e+03,-2.229000000000000000e+03,-9.840000000000000000e+02,-9.840000000000000000e+02,4.124000000000000000e+03
2.513000000000000000e+03,-9.470000000000000000e+02,-9.090000000000000000e+02,-9.090000000000000000e+02,4.522000000000000000e+03
1.013000000000000000e+03,8.570000000000000000e+02,-2.860000000000000000e+02,-2.860000000000000000e+02,1.925000000000000000e+03
-9.000000000000000000e+02,2.743000000000000000e+03,-1.671000000000000000e+03,-1.671000000000000000e+03,-9.840000000000000000e+02
-1.269000000000000000e+03,4.313000000000000000e+03,-2.729000000000000000e+03,-2.729000000000000000e+03,-9.090000000000000000e+02
-4.900000000000000000e+02,5.077000000000000000e+03,-2.229000000000000000e+03,-2.229000000000000000e+03,-2.860000000000000000e+02
-9.230000000000000000e+02,5.101000000000000000e+03,-9.470000000000000000e+02,-9.470000000000000000e+02,-1.671000000000000000e+03
-2.578000000000000000e+03,4.686000000000000000e+03,8.570000000000000000e+02,8.570000000000000000e+02,-2.729000000000000000e+03
-2.769000000000000000e+03,3.188000000000000000e+03,2.743000000000000000e+03,2.743000000000000000e+03,-2.229000000000000000e+03
-3.360000000000000000e+02,5.060000000000000000e+02,4.313000000000000000e+03,4.313000000000000000e+03,-9.470000000000000000e+02
2.920000000000000000e+03,-1.302000000000000000e+03,5.077000000000000000e+03,5.077000000000000000e+03,8.570000000000000000e+02
4.644000000000000000e+03,-1.250000000000000000e+03,5.101000000000000000e+03,5.101000000000000000e+03,2.743000000000000000e+03
4.718000000000000000e+03,-1.145000000000000000e+03,4.686000000000000000e+03,4.686000000000000000e+03,4.313000000000000000e+03
4.226000000000000000e+03,-1.294000000000000000e+03,3.188000000000000000e+03,3.188000000000000000e+03,5.077000000000000000e+03
